ISO-10303-21;
HEADER;
FILE_DESCRIPTION (( 'STEP AP214' ),
    '1' );
FILE_NAME ('112APCX.STEP',
    '2014-07-01T20:37:26',
    ( '' ),
    ( '' ),
    'SwSTEP 2.0',
    'SolidWorks 2014',
    '' );
FILE_SCHEMA (( 'AUTOMOTIVE_DESIGN' ));
ENDSEC;

DATA;
#1 = CARTESIAN_POINT ( 'NONE',  ( 0.2225206783314024600, -0.1681072205344351600, -0.02200391576254900200 ) ) ;
#2 = ORIENTED_EDGE ( 'NONE', *, *, #4548, .T. ) ;
#3 = DIRECTION ( 'NONE',  ( 1.000000000000000000, 0.0000000000000000000, 0.0000000000000000000 ) ) ;
#4 = VERTEX_POINT ( 'NONE', #6026 ) ;
#5 = CARTESIAN_POINT ( 'NONE',  ( 0.1178794641308282400, 0.07955199298988061000, 0.1495571985219639500 ) ) ;
#6 = ORIENTED_EDGE ( 'NONE', *, *, #4188, .T. ) ;
#7 = CARTESIAN_POINT ( 'NONE',  ( 0.2350164613602518100, -0.1646977943271467900, 0.08961188566482858300 ) ) ;
#8 = CARTESIAN_POINT ( 'NONE',  ( -0.7339999999999998700, 0.01199999999999998500, 0.2605000000000000100 ) ) ;
#9 = DIRECTION ( 'NONE',  ( 0.0000000000000000000, -1.000000000000000000, 0.0000000000000000000 ) ) ;
#10 = EDGE_LOOP ( 'NONE', ( #58, #6445, #1496, #1347 ) ) ;
#11 = CARTESIAN_POINT ( 'NONE',  ( 0.1055411279395999900, -0.1347134990095000000, -0.1173316118238000000 ) ) ;
#12 = CARTESIAN_POINT ( 'NONE',  ( -0.7810000000000001400, -0.2732499999999999900, -0.3075000000000000000 ) ) ;
#13 = DIRECTION ( 'NONE',  ( 1.000000000000000000, -2.574506745554769400E-017, -2.741571226202285400E-017 ) ) ;
#14 = VERTEX_POINT ( 'NONE', #6047 ) ;
#15 = CARTESIAN_POINT ( 'NONE',  ( 0.1191188195976708200, 0.04039060836327623700, 0.1645132631348862600 ) ) ;
#16 = CARTESIAN_POINT ( 'NONE',  ( -0.8939999999999999100, 0.09700000000000001700, 0.2605000000000000100 ) ) ;
#17 = VECTOR ( 'NONE', #1629, 39.37007874015748100 ) ;
#18 = CARTESIAN_POINT ( 'NONE',  ( 0.2164563984472694900, 0.08695241263846829900, -0.1661441901912014400 ) ) ;
#19 = ORIENTED_EDGE ( 'NONE', *, *, #1558, .T. ) ;
#20 = PLANE ( 'NONE',  #1509 ) ;
#21 = ORIENTED_EDGE ( 'NONE', *, *, #3494, .T. ) ;
#22 = CARTESIAN_POINT ( 'NONE',  ( -0.7810000000000001400, 0.3025000000000178700, 0.2390000000000057600 ) ) ;
#23 = CARTESIAN_POINT ( 'NONE',  ( -0.8955000000000000700, 0.2444999999999999700, -0.1004999999999649900 ) ) ;
#24 = PLANE ( 'NONE',  #1715 ) ;
#25 = VECTOR ( 'NONE', #4147, 39.37007874015748100 ) ;
#26 = CARTESIAN_POINT ( 'NONE',  ( 0.1299961100791000000, -0.1422617890710000100, 0.1080553983294000000 ) ) ;
#27 = DIRECTION ( 'NONE',  ( 0.0000000000000000000, -1.000000000000000000, 0.0000000000000000000 ) ) ;
#28 = DIRECTION ( 'NONE',  ( 0.9961946980917389900, 0.08715574274773385500, -5.538169343763048300E-016 ) ) ;
#29 = EDGE_LOOP ( 'NONE', ( #4929, #3777, #6518, #2462 ) ) ;
#30 = CARTESIAN_POINT ( 'NONE',  ( 0.7968750000008981700, -0.2409381711214070300, -0.08268284613506773900 ) ) ;
#31 = DIRECTION ( 'NONE',  ( 3.959199990819038100E-015, 0.0000000000000000000, -1.000000000000000000 ) ) ;
#32 = PLANE ( 'NONE',  #1746 ) ;
#33 = DIRECTION ( 'NONE',  ( 0.0000000000000000000, 1.000000000000000000, 0.0000000000000000000 ) ) ;
#34 = VERTEX_POINT ( 'NONE', #6054 ) ;
#35 = EDGE_LOOP ( 'NONE', ( #1604, #770, #736, #155, #3920 ) ) ;
#36 = DIRECTION ( 'NONE',  ( -0.0000000000000000000, -0.0000000000000000000, 1.000000000000000000 ) ) ;
#37 = CARTESIAN_POINT ( 'NONE',  ( -0.7909999999999906000, 0.2605000000000000100, 0.02199999999997281900 ) ) ;
#38 = CARTESIAN_POINT ( 'NONE',  ( 0.1197226906479485800, 0.01991856239142673200, 0.1681012955698739100 ) ) ;
#39 = VERTEX_POINT ( 'NONE', #6098 ) ;
#40 = ORIENTED_EDGE ( 'NONE', *, *, #855, .T. ) ;
#41 = CARTESIAN_POINT ( 'NONE',  ( 0.2566766455767419700, 0.1425421419401445000, 0.1233029623747122400 ) ) ;
#42 = CYLINDRICAL_SURFACE ( 'NONE', #1153, 0.1874999999999694400 ) ;
#43 = DIRECTION ( 'NONE',  ( 0.0000000000000000000, 0.0000000000000000000, 1.000000000000000000 ) ) ;
#44 = DIRECTION ( 'NONE',  ( 1.000000000000000000, 3.624905497739874100E-015, 3.860132286493112800E-015 ) ) ;
#45 = CARTESIAN_POINT ( 'NONE',  ( -0.8939999999999999100, -0.2033925235483000100, 0.1495392710931000000 ) ) ;
#46 = VERTEX_POINT ( 'NONE', #6031 ) ;
#47 = ORIENTED_EDGE ( 'NONE', *, *, #5710, .F. ) ;
#48 = CARTESIAN_POINT ( 'NONE',  ( 0.1544510922185999800, 0.07689346781097999900, 0.1612505162012999900 ) ) ;
#49 = CARTESIAN_POINT ( 'NONE',  ( -0.8939999999999997900, 0.01200000000000000000, 0.2525500000000500100 ) ) ;
#50 = LINE ( 'NONE', #3971, #2127 ) ;
#51 = DIRECTION ( 'NONE',  ( 0.0000000000000000000, 1.000000000000000000, -0.0000000000000000000 ) ) ;
#52 = CARTESIAN_POINT ( 'NONE',  ( 0.7656250000000357500, -5.405964355899918200E-014, 1.707404996040043700E-017 ) ) ;
#53 = ORIENTED_EDGE ( 'NONE', *, *, #3347, .T. ) ;
#54 = ORIENTED_EDGE ( 'NONE', *, *, #2982, .F. ) ;
#55 = DIRECTION ( 'NONE',  ( -0.9205048534525043200, 0.3907311284891228900, 0.0000000000000000000 ) ) ;
#56 = CARTESIAN_POINT ( 'NONE',  ( 0.09944428132933999500, 0.1729298418124000100, 0.08438873797368999500 ) ) ;
#57 = EDGE_LOOP ( 'NONE', ( #3348, #928, #5142, #427 ) ) ;
#58 = ORIENTED_EDGE ( 'NONE', *, *, #3240, .F. ) ;
#59 = ORIENTED_EDGE ( 'NONE', *, *, #5092, .T. ) ;
#60 = DIRECTION ( 'NONE',  ( -1.000000000000000000, 9.842687624035526300E-015, 0.0000000000000000000 ) ) ;
#61 = FACE_OUTER_BOUND ( 'NONE', #506, .T. ) ;
#62 = CARTESIAN_POINT ( 'NONE',  ( 0.1272575140097446400, -0.1690294235487523300, 0.02971839800829367100 ) ) ;
#63 = VERTEX_POINT ( 'NONE', #6010 ) ;
#64 = DIRECTION ( 'NONE',  ( 0.0000000000000000000, 0.0000000000000000000, 1.000000000000000000 ) ) ;
#65 = VERTEX_POINT ( 'NONE', #6421 ) ;
#66 = DIRECTION ( 'NONE',  ( -1.000000000000000000, -0.0000000000000000000, 0.0000000000000000000 ) ) ;
#67 = DIRECTION ( 'NONE',  ( -0.0000000000000000000, -0.0000000000000000000, 1.000000000000000000 ) ) ;
#68 = CARTESIAN_POINT ( 'NONE',  ( -0.8939999999999997900, -0.2481944801964874900, 0.1279863273947875200 ) ) ;
#69 = EDGE_LOOP ( 'NONE', ( #3987, #6508, #1726, #4297 ) ) ;
#70 = DIRECTION ( 'NONE',  ( -0.0000000000000000000, -0.0000000000000000000, 1.000000000000000000 ) ) ;
#71 = CARTESIAN_POINT ( 'NONE',  ( -0.9639999999985462400, 0.09700000000004639600, 0.2446000000000000100 ) ) ;
#72 = CARTESIAN_POINT ( 'NONE',  ( 0.7788404885582191900, -0.2886751345948362400, -2.714133640958143600E-014 ) ) ;
#73 = FACE_OUTER_BOUND ( 'NONE', #3885, .T. ) ;
#74 = DIRECTION ( 'NONE',  ( 0.0000000000000000000, -0.7071067811855019600, -0.7071067811875929600 ) ) ;
#75 = CARTESIAN_POINT ( 'NONE',  ( 0.1238992634689000000, 0.1177779349002000000, -0.1521657150290000000 ) ) ;
#76 = CARTESIAN_POINT ( 'NONE',  ( -0.8940176194235499600, -0.2481944801964499900, 0.1279863273947499900 ) ) ;
#77 = ORIENTED_EDGE ( 'NONE', *, *, #6180, .F. ) ;
#78 = CIRCLE ( 'NONE', #2192, 0.2500000000001204600 ) ;
#79 = CONICAL_SURFACE ( 'NONE', #1063, 0.2894486372868748100, 1.134464013795892100 ) ;
#80 = DIRECTION ( 'NONE',  ( -0.0000000000000000000, 0.7071067811949580700, -0.7071067811781369700 ) ) ;
#81 = DIRECTION ( 'NONE',  ( 1.000000000000000000, -0.0000000000000000000, -0.0000000000000000000 ) ) ;
#82 = VERTEX_POINT ( 'NONE', #6150 ) ;
#83 = FACE_BOUND ( 'NONE', #3931, .T. ) ;
#84 = LINE ( 'NONE', #3295, #1499 ) ;
#85 = CARTESIAN_POINT ( 'NONE',  ( 0.1203129909907498800, 7.565373023899042200E-008, 0.1680985365446112900 ) ) ;
#86 = ORIENTED_EDGE ( 'NONE', *, *, #5423, .F. ) ;
#87 = CARTESIAN_POINT ( 'NONE',  ( -0.8939999999999999100, -0.1767766952966000100, 0.1767766952966000100 ) ) ;
#88 = FACE_OUTER_BOUND ( 'NONE', #3662, .T. ) ;
#89 = CARTESIAN_POINT ( 'NONE',  ( 0.7968750000000000000, -0.2165063509434214700, -0.1250000000046353200 ) ) ;
#90 = CARTESIAN_POINT ( 'NONE',  ( -0.7339999999999998700, 0.1820000000000000000, 0.2605000000000000100 ) ) ;
#91 = CARTESIAN_POINT ( 'NONE',  ( -1.044524830354337500, -0.1548563850797261300, 0.2100107140125370400 ) ) ;
#92 = VERTEX_POINT ( 'NONE', #6082 ) ;
#93 = CARTESIAN_POINT ( 'NONE',  ( 0.1483542456083999900, -0.1250545513796000000, -0.1462441408676999900 ) ) ;
#94 = VECTOR ( 'NONE', #3746, 39.37007874015748100 ) ;
#95 = ORIENTED_EDGE ( 'NONE', *, *, #4074, .F. ) ;
#96 = EDGE_CURVE ( 'NONE', #567, #6476, #6485, .T. ) ;
#97 = DIRECTION ( 'NONE',  ( -0.0000000000000000000, 1.000000000000000000, -0.0000000000000000000 ) ) ;
#98 = VECTOR ( 'NONE', #2387, 39.37007874015748100 ) ;
#99 = CARTESIAN_POINT ( 'NONE',  ( 0.7211595114417496100, -0.1443375672974235000, 0.2500000000000047200 ) ) ;
#100 = CARTESIAN_POINT ( 'NONE',  ( -0.7339999999999999900, -3.791439708434522900E-015, 4.293497084111607500E-017 ) ) ;
#101 = ORIENTED_EDGE ( 'NONE', *, *, #5406, .F. ) ;
#102 = LINE ( 'NONE', #3639, #171 ) ;
#103 = CARTESIAN_POINT ( 'NONE',  ( -0.8940000000000001300, 0.2605000000000000100, -0.1029999999999999900 ) ) ;
#104 = ORIENTED_EDGE ( 'NONE', *, *, #555, .T. ) ;
#105 = CARTESIAN_POINT ( 'NONE',  ( 0.7100892630251109900, -0.09685711861488079100, 0.2500000000000000000 ) ) ;
#106 = CARTESIAN_POINT ( 'NONE',  ( 0.7012500000000000400, 0.2915618859408000100, -0.005000000000000000100 ) ) ;
#107 = LINE ( 'NONE', #3960, #94 ) ;
#108 = CARTESIAN_POINT ( 'NONE',  ( 0.1728092277479000000, -0.1686029260599999900, 0.09273069858433999300 ) ) ;
#109 = VERTEX_POINT ( 'NONE', #5986 ) ;
#110 = VERTEX_POINT ( 'NONE', #5944 ) ;
#111 = DIRECTION ( 'NONE',  ( 1.000000000000000000, 0.0000000000000000000, 0.0000000000000000000 ) ) ;
#112 = CARTESIAN_POINT ( 'NONE',  ( 0.2879545518564110000, 0.1419309820083707000, 0.1240919661660609300 ) ) ;
#113 = ORIENTED_EDGE ( 'NONE', *, *, #3148, .F. ) ;
#114 = EDGE_LOOP ( 'NONE', ( #4826, #2098, #3839, #6369 ) ) ;
#115 = CARTESIAN_POINT ( 'NONE',  ( -1.039524830353999900, 0.1360000000000000100, 0.2525500000000500100 ) ) ;
#116 = DIRECTION ( 'NONE',  ( 0.0000000000000000000, 1.000000000000000000, 0.0000000000000000000 ) ) ;
#117 = CYLINDRICAL_SURFACE ( 'NONE', #1380, 0.08500000000169270800 ) ;
#118 = PLANE ( 'NONE',  #1480 ) ;
#119 = PLANE ( 'NONE',  #1427 ) ;
#120 = ORIENTED_EDGE ( 'NONE', *, *, #5710, .T. ) ;
#121 = ORIENTED_EDGE ( 'NONE', *, *, #2750, .F. ) ;
#122 = CARTESIAN_POINT ( 'NONE',  ( -0.7339999999999999900, 0.0000000000000000000, -0.3075000000000000000 ) ) ;
#123 = EDGE_CURVE ( 'NONE', #3423, #2491, #908, .T. ) ;
#124 = FACE_OUTER_BOUND ( 'NONE', #3157, .T. ) ;
#125 = CARTESIAN_POINT ( 'NONE',  ( 0.7031250000000360800, -0.04886364035930296200, 0.2500000000000000000 ) ) ;
#126 = DIRECTION ( 'NONE',  ( 0.0000000000000000000, -0.7071067811865470200, -0.7071067811865480200 ) ) ;
#127 = DIRECTION ( 'NONE',  ( 3.959199990819038100E-015, 0.0000000000000000000, -1.000000000000000000 ) ) ;
#128 = EDGE_LOOP ( 'NONE', ( #192, #1340, #6049, #5889 ) ) ;
#129 = PLANE ( 'NONE',  #1769 ) ;
#130 = EDGE_LOOP ( 'NONE', ( #1786, #638, #2083, #3651 ) ) ;
#131 = CARTESIAN_POINT ( 'NONE',  ( 0.1972642098874000100, 0.05654446399078999500, 0.1839255028881000000 ) ) ;
#132 = EDGE_CURVE ( 'NONE', #763, #4900, #5028, .T. ) ;
#133 = CIRCLE ( 'NONE', #1399, 0.06200000000021190600 ) ;
#134 = EDGE_CURVE ( 'NONE', #3408, #412, #870, .T. ) ;
#135 = B_SPLINE_CURVE_WITH_KNOTS ( 'NONE', 3,
 ( #2638, #2704, #2665, #2629 ),
 .UNSPECIFIED., .F., .F.,
 ( 4, 4 ),
 ( 1.170167104082255900E-016, 0.003694680973267752500 ),
 .UNSPECIFIED. ) ;
#136 = CARTESIAN_POINT ( 'NONE',  ( -0.8971999999999998900, -0.2365699737214999900, 0.1163618209198000000 ) ) ;
#137 = ORIENTED_EDGE ( 'NONE', *, *, #3138, .F. ) ;
#138 = CARTESIAN_POINT ( 'NONE',  ( 0.7500000000000001100, 0.1443375672973999900, 0.2500000000000000000 ) ) ;
#139 = DIRECTION ( 'NONE',  ( 1.000000000000000000, 3.624905497739874100E-015, 3.860132286493112800E-015 ) ) ;
#140 = CARTESIAN_POINT ( 'NONE',  ( 0.7656250000000357500, -5.405964355899918200E-014, 1.707404996040043700E-017 ) ) ;
#141 = VERTEX_POINT ( 'NONE', #5998 ) ;
#142 = AXIS2_PLACEMENT_3D ( 'NONE', #3625, #3694, #3764 ) ;
#143 = DIRECTION ( 'NONE',  ( 0.0000000000000000000, 0.0000000000000000000, -1.000000000000000000 ) ) ;
#144 = ORIENTED_EDGE ( 'NONE', *, *, #4179, .T. ) ;
#145 = CIRCLE ( 'NONE', #1079, 0.1892431148550480500 ) ;
#146 = CARTESIAN_POINT ( 'NONE',  ( -0.6047765226829781000, 0.01790468961681117000, 0.06772510085587071800 ) ) ;
#147 = CARTESIAN_POINT ( 'NONE',  ( 0.1789060743582000000, 0.1735094498734000000, -0.04252942442678999500 ) ) ;
#149 = ORIENTED_EDGE ( 'NONE', *, *, #4830, .T. ) ;
#148 = CARTESIAN_POINT ( 'NONE',  ( -0.9689999999986324000, -0.1880904037955999400, 0.1880904037955999600 ) ) ;
#150 = CARTESIAN_POINT ( 'NONE',  ( 0.3009999999999998200, 1.646744320780200300E-017, 0.1272500000000277300 ) ) ;
#151 = CARTESIAN_POINT ( 'NONE',  ( -1.044524830354213800, -0.2156675682618999800, 0.1605132393292999500 ) ) ;
#152 = CARTESIAN_POINT ( 'NONE',  ( 0.2217191920268999900, 0.1915766138252000000, -0.01800571459796999900 ) ) ;
#153 = CARTESIAN_POINT ( 'NONE',  ( -0.8940176194235499600, -0.1166726188957500200, 0.2368807716974499800 ) ) ;
#154 = AXIS2_PLACEMENT_3D ( 'NONE', #3332, #3339, #3386 ) ;
#155 = ORIENTED_EDGE ( 'NONE', *, *, #1144, .T. ) ;
#156 = DIRECTION ( 'NONE',  ( 0.0000000000000000000, -0.7071067811865471300, 0.7071067811865480200 ) ) ;
#157 = FACE_OUTER_BOUND ( 'NONE', #128, .T. ) ;
#158 = DIRECTION ( 'NONE',  ( -0.0000000000000000000, -1.000000000000000000, -0.0000000000000000000 ) ) ;
#159 = EDGE_LOOP ( 'NONE', ( #2046, #876, #5657, #734 ) ) ;
#160 = CARTESIAN_POINT ( 'NONE',  ( -0.6816944748691142800, -0.001670121333283640600, 0.05454266999531225800 ) ) ;
#161 = ORIENTED_EDGE ( 'NONE', *, *, #3621, .F. ) ;
#162 = CARTESIAN_POINT ( 'NONE',  ( 0.2033610564977000000, -0.006397080453517000300, -0.1785309628934000100 ) ) ;
#163 = CARTESIAN_POINT ( 'NONE',  ( -0.7340000000000001000, 0.0000000000000000000, 0.2389999999999999900 ) ) ;
#164 = DIRECTION ( 'NONE',  ( 0.0000000000000000000, -0.7071067811865479100, -0.7071067811865470200 ) ) ;
#165 = CARTESIAN_POINT ( 'NONE',  ( 0.7968750000000300900, -2.656640782414118100E-018, -0.2499999999999521800 ) ) ;
#166 = LINE ( 'NONE', #4603, #5826 ) ;
#167 = DIRECTION ( 'NONE',  ( -1.000000000000000000, 2.410454112010823400E-015, 0.0000000000000000000 ) ) ;
#168 = CARTESIAN_POINT ( 'NONE',  ( 0.2461741741663999700, 0.02127892793453000200, -0.1912405578807999900 ) ) ;
#169 = EDGE_LOOP ( 'NONE', ( #1645, #4226, #792, #657 ) ) ;
#170 = CARTESIAN_POINT ( 'NONE',  ( -0.8139999999999999500, 0.01200000000000000000, 0.2446000000000000100 ) ) ;
#171 = VECTOR ( 'NONE', #3551, 39.37007874015748100 ) ;
#172 = DIRECTION ( 'NONE',  ( -0.0000000000000000000, 0.8660254037844425900, 0.4999999999999933400 ) ) ;
#173 = ORIENTED_EDGE ( 'NONE', *, *, #3409, .T. ) ;
#174 = ORIENTED_EDGE ( 'NONE', *, *, #4477, .T. ) ;
#175 = AXIS2_PLACEMENT_3D ( 'NONE', #3228, #3252, #3265 ) ;
#176 = CARTESIAN_POINT ( 'NONE',  ( -0.6754427768132851300, 0.01305795632194710000, -0.01054266999527625100 ) ) ;
#177 = DIRECTION ( 'NONE',  ( 0.9961946980917387700, -0.08715574274773500700, -5.431434342379724500E-016 ) ) ;
#178 = DIRECTION ( 'NONE',  ( 0.0000000000000000000, 1.000000000000000000, 0.0000000000000000000 ) ) ;
#179 = ORIENTED_EDGE ( 'NONE', *, *, #5365, .F. ) ;
#180 = ORIENTED_EDGE ( 'NONE', *, *, #651, .T. ) ;
#181 = DIRECTION ( 'NONE',  ( -2.449490783530942700E-015, -1.000000000000000000, -1.178340830472019000E-031 ) ) ;
#182 = CARTESIAN_POINT ( 'NONE',  ( -0.7339999999999999900, 0.0000000000000000000, 0.3075000000000000500 ) ) ;
#183 = CARTESIAN_POINT ( 'NONE',  ( 0.2278160386372000100, -0.1761088783691999700, -0.02999728764031999900 ) ) ;
#184 = LINE ( 'NONE', #3412, #204 ) ;
#185 = CARTESIAN_POINT ( 'NONE',  ( 0.7031250000000229800, -4.173827970016320400E-014, 0.2499999999999778000 ) ) ;
#186 = DIRECTION ( 'NONE',  ( 0.0000000000000000000, -0.4999999999999933400, 0.8660254037844425900 ) ) ;
#187 = ORIENTED_EDGE ( 'NONE', *, *, #4555, .F. ) ;
#188 = ORIENTED_EDGE ( 'NONE', *, *, #5258, .T. ) ;
#189 = CARTESIAN_POINT ( 'NONE',  ( -0.9689999999986234100, 0.2604999999999998400, 0.02200000000000684700 ) ) ;
#190 = CARTESIAN_POINT ( 'NONE',  ( 0.2706291563059000100, -0.1829339821747000000, -0.05967280607872999700 ) ) ;
#191 = DIRECTION ( 'NONE',  ( -1.000000000000000000, -0.0000000000000000000, -0.0000000000000000000 ) ) ;
#192 = ORIENTED_EDGE ( 'NONE', *, *, #5236, .T. ) ;
#193 = ORIENTED_EDGE ( 'NONE', *, *, #802, .T. ) ;
#194 = DIRECTION ( 'NONE',  ( -0.0000000000000000000, -0.0000000000000000000, 1.000000000000000000 ) ) ;
#195 = DIRECTION ( 'NONE',  ( 0.3907311284891226100, 0.9205048534525045500, -3.460223342576345200E-013 ) ) ;
#196 = EDGE_CURVE ( 'NONE', #3246, #696, #873, .T. ) ;
#197 = FACE_OUTER_BOUND ( 'NONE', #5157, .T. ) ;
#198 = DIRECTION ( 'NONE',  ( 1.000000000000000000, -1.109835952963532300E-015, -1.181855250411386300E-015 ) ) ;
#199 = ORIENTED_EDGE ( 'NONE', *, *, #464, .F. ) ;
#200 = ORIENTED_EDGE ( 'NONE', *, *, #4882, .F. ) ;
#201 = VERTEX_POINT ( 'NONE', #5756 ) ;
#202 = CARTESIAN_POINT ( 'NONE',  ( 0.3849082746835997300, -0.1874616920256570700, -7.841522808197496300E-014 ) ) ;
#203 = CARTESIAN_POINT ( 'NONE',  ( 0.7815670747688998600, -1.184320132940809500E-013, -0.1878043917781492500 ) ) ;
#204 = VECTOR ( 'NONE', #3405, 39.37007874015748100 ) ;
#205 = DIRECTION ( 'NONE',  ( 0.0000000000000000000, 0.0000000000000000000, -1.000000000000000000 ) ) ;
#206 = CARTESIAN_POINT ( 'NONE',  ( -0.7339999999999998700, 0.3025000000000371800, 0.2439999999999628900 ) ) ;
#207 = EDGE_CURVE ( 'NONE', #2240, #3731, #980, .T. ) ;
#208 = VERTEX_POINT ( 'NONE', #5840 ) ;
#209 = CARTESIAN_POINT ( 'NONE',  ( 0.2522710207766999900, -0.06513748124477999900, 0.1663467217734000100 ) ) ;
#210 = CARTESIAN_POINT ( 'NONE',  ( -0.8929999999999536100, 0.2605000000000000100, -0.1029999999999999900 ) ) ;
#211 = CARTESIAN_POINT ( 'NONE',  ( -0.7339999999999999900, 0.1910000000000000900, 0.0000000000000000000 ) ) ;
#212 = FACE_OUTER_BOUND ( 'NONE', #130, .T. ) ;
#213 = CARTESIAN_POINT ( 'NONE',  ( -0.6775697575410475300, -0.003898453059481760700, 0.02217749680795068000 ) ) ;
#214 =( BOUNDED_CURVE ( )  B_SPLINE_CURVE ( 3, ( #3785, #3607, #3590, #3574 ),
 .UNSPECIFIED., .F., .F. ) 
 B_SPLINE_CURVE_WITH_KNOTS ( ( 4, 4 ),
 ( 2.829463659137428700, 3.822108242520987400 ),
 .UNSPECIFIED. ) 
 CURVE ( )  GEOMETRIC_REPRESENTATION_ITEM ( )  RATIONAL_B_SPLINE_CURVE ( ( 1.000000000000000000, 0.9195598735470440500, 0.9195598735470440500, 1.000000000000000000 ) ) 
 REPRESENTATION_ITEM ( '' )  );
#215 = CARTESIAN_POINT ( 'NONE',  ( 0.2950841384455000200, -0.09557711153862999400, 0.1670049328124999800 ) ) ;
#216 = CARTESIAN_POINT ( 'NONE',  ( 0.1000000000000000100, -0.03281878067765108000, -0.1699883351510395900 ) ) ;
#217 = ORIENTED_EDGE ( 'NONE', *, *, #2444, .T. ) ;
#218 = EDGE_CURVE ( 'NONE', #5472, #2938, #929, .T. ) ;
#219 = CIRCLE ( 'NONE', #1146, 0.3075000000000286400 ) ;
#220 = CARTESIAN_POINT ( 'NONE',  ( -0.8979999999999999100, 0.2444999999999999700, -0.05749999999998999700 ) ) ;
#221 = DIRECTION ( 'NONE',  ( 2.185478394931743900E-015, 0.0000000000000000000, -1.000000000000000000 ) ) ;
#222 = CARTESIAN_POINT ( 'NONE',  ( 0.1659404546633200500, -0.04181373942012939200, -0.1642254514906501300 ) ) ;
#223 = ORIENTED_EDGE ( 'NONE', *, *, #4646, .F. ) ;
#224 = CONICAL_SURFACE ( 'NONE', #983, 0.1721956082217836200, 0.7649928327132601300 ) ;
#225 = CARTESIAN_POINT ( 'NONE',  ( -0.8929999999999768100, 0.2444999999999999700, -0.1029999999999768200 ) ) ;
#226 = EDGE_CURVE ( 'NONE', #1696, #3744, #1006, .T. ) ;
#227 = DIRECTION ( 'NONE',  ( 1.000000000000000000, 2.223275371944979700E-015, 2.367547802382034900E-015 ) ) ;
#228 = VERTEX_POINT ( 'NONE', #5559 ) ;
#229 = CARTESIAN_POINT ( 'NONE',  ( -0.7340000000000579400, 0.09699999999999951700, 0.2445999999999999300 ) ) ;
#230 = CARTESIAN_POINT ( 'NONE',  ( 0.2767260029161999800, 0.1496531714968999900, 0.09756025787508000600 ) ) ;
#231 = FACE_OUTER_BOUND ( 'NONE', #752, .T. ) ;
#232 = FACE_OUTER_BOUND ( 'NONE', #5634, .T. ) ;
#233 = CARTESIAN_POINT ( 'NONE',  ( 0.7031250000000333100, 1.184630794308264400E-013, 0.1724999999999651300 ) ) ;
#234 = DIRECTION ( 'NONE',  ( 0.7213873210293195700, 8.854322735606132900E-016, 0.6925318281914132300 ) ) ;
#235 = CARTESIAN_POINT ( 'NONE',  ( 0.7187500000000008900, -1.140258412761748100E-013, -1.707404996040213800E-017 ) ) ;
#236 = ORIENTED_EDGE ( 'NONE', *, *, #3148, .T. ) ;
#237 = CARTESIAN_POINT ( 'NONE',  ( 0.3195391205850000000, 0.1441182211436999900, 0.1274971460183000100 ) ) ;
#238 = CARTESIAN_POINT ( 'NONE',  ( -0.6655731808528739800, -0.008513204647884287800, -0.01306836142172985500 ) ) ;
#239 = AXIS2_PLACEMENT_3D ( 'NONE', #423, #483, #514 ) ;
#240 = FACE_OUTER_BOUND ( 'NONE', #4149, .T. ) ;
#241 = ORIENTED_EDGE ( 'NONE', *, *, #2564, .F. ) ;
#242 = CARTESIAN_POINT ( 'NONE',  ( 0.1828098434927970000, -1.933905452462242500E-008, 0.1680978880106452900 ) ) ;
#243 = CARTESIAN_POINT ( 'NONE',  ( -1.055299999999999900, 0.1854000000000000100, 0.2605000000000000100 ) ) ;
#244 = DIRECTION ( 'NONE',  ( -0.9110794801765064200, 0.3867302948990171100, 0.1427370302641403900 ) ) ;
#245 = EDGE_CURVE ( 'NONE', #4796, #228, #921, .T. ) ;
#246 = CARTESIAN_POINT ( 'NONE',  ( 0.7788404885582191900, 0.2886751345948362400, 2.714133640958143600E-014 ) ) ;
#247 = EDGE_CURVE ( 'NONE', #4, #4375, #1020, .T. ) ;
#248 = CARTESIAN_POINT ( 'NONE',  ( 0.3157498778097959100, -0.1682505209331175700, 4.653589761059703200E-008 ) ) ;
#249 = B_SPLINE_CURVE_WITH_KNOTS ( 'NONE', 3,
 ( #6362, #5845, #5320, #4797, #4314, #3816, #3306, #2769, #2229, #1729, #1234, #730, #259, #6321, #5796, #5276, #4753, #4270, #3772, #3255, #2720, #2177, #1683, #1189, #689, #216, #6269, #5749, #5230, #4705, #4229, #3718, #3213, #2670 ),
 .UNSPECIFIED., .F., .F.,
 ( 4, 2, 2, 2, 2, 2, 2, 2, 2, 2, 2, 2, 2, 2, 2, 2, 4 ),
 ( 4.336808689942017700E-019, 0.0008850594493888103400, 0.001770118898777620900, 0.002655178348166431200, 0.003540237797555242200, 0.004425297246944051900, 0.005310356696332863300, 0.006195416145721674800, 0.007080475595110486200, 0.007965535044499297600, 0.008850594493888105600, 0.009735653943276917000, 0.01062071339266572500, 0.01150577284205453600, 0.01239083229144334600, 0.01327589174083215600, 0.01416095119022096700 ),
 .UNSPECIFIED. ) ;
#250 = CARTESIAN_POINT ( 'NONE',  ( 0.3011809850557000100, 0.1259159616564000100, -0.1267249117261000100 ) ) ;
#251 = EDGE_LOOP ( 'NONE', ( #1170, #6431, #1481, #5389 ) ) ;
#252 = CARTESIAN_POINT ( 'NONE',  ( 0.2103971940475743400, -0.1258682084106666800, -0.1389818922596131900 ) ) ;
#253 = CARTESIAN_POINT ( 'NONE',  ( 0.2588265782274999900, 0.1836165378617000100, 0.02222714003779999500 ) ) ;
#254 = DIRECTION ( 'NONE',  ( 0.0000000000000000000, 1.000000000000000000, 0.0000000000000000000 ) ) ;
#255 = AXIS2_PLACEMENT_3D ( 'NONE', #4590, #4572, #4535 ) ;
#256 = DIRECTION ( 'NONE',  ( 0.7213873210293213500, 8.006215848903857000E-016, -0.6925318281914115700 ) ) ;
#257 = EDGE_CURVE ( 'NONE', #2247, #5445, #974, .T. ) ;
#258 = CARTESIAN_POINT ( 'NONE',  ( 0.09214636603699999400, 0.1850014437842000000, 0.01404074335027000000 ) ) ;
#259 = CARTESIAN_POINT ( 'NONE',  ( 0.1000000000000000100, 0.1634834253765696000, -0.07821288998624295600 ) ) ;
#260 = ORIENTED_EDGE ( 'NONE', *, *, #817, .T. ) ;
#261 = ORIENTED_EDGE ( 'NONE', *, *, #3691, .F. ) ;
#262 = CARTESIAN_POINT ( 'NONE',  ( -0.7574999999999997300, 0.1950000000000115800, -0.3025000000000001000 ) ) ;
#263 = VECTOR ( 'NONE', #2772, 39.37007874015748900 ) ;
#264 = EDGE_CURVE ( 'NONE', #5556, #3993, #1046, .T. ) ;
#265 = EDGE_CURVE ( 'NONE', #412, #3092, #1062, .T. ) ;
#266 = ORIENTED_EDGE ( 'NONE', *, *, #3166, .F. ) ;
#267 = CARTESIAN_POINT ( 'NONE',  ( -0.6773980176467185900, -0.003493859223120627200, 0.02217749680795052700 ) ) ;
#268 = LINE ( 'NONE', #2556, #461 ) ;
#269 = ORIENTED_EDGE ( 'NONE', *, *, #1863, .F. ) ;
#270 = EDGE_LOOP ( 'NONE', ( #798, #476, #193, #5439, #4382, #3384, #3631, #3991, #2949, #2388, #3109, #2316, #5508, #5615, #1704 ) ) ;
#271 = DIRECTION ( 'NONE',  ( 0.3907303786414319000, 0.9205051717435996900, 9.591758180735772700E-008 ) ) ;
#272 = CARTESIAN_POINT ( 'NONE',  ( 0.3250089163712000000, -0.1145420243952999800, -0.1333857427118000100 ) ) ;
#273 = LINE ( 'NONE', #2839, #263 ) ;
#274 = DIRECTION ( 'NONE',  ( 0.3907311284891226100, 0.9205048534525045500, -3.460223342576345200E-013 ) ) ;
#275 = DIRECTION ( 'NONE',  ( -1.000000000000000000, -0.0000000000000000000, -0.0000000000000000000 ) ) ;
#276 = DIRECTION ( 'NONE',  ( 1.000000000000000000, 0.0000000000000000000, 0.0000000000000000000 ) ) ;
#277 = VERTEX_POINT ( 'NONE', #5351 ) ;
#278 = VERTEX_POINT ( 'NONE', #5163 ) ;
#279 = CARTESIAN_POINT ( 'NONE',  ( 0.1166013481765000000, 0.05135465107757999900, -0.1782848733514999800 ) ) ;
#280 = CARTESIAN_POINT ( 'NONE',  ( -0.7339999999999999900, -0.1223294731452500000, 0.2425376259469500000 ) ) ;
#281 = ORIENTED_EDGE ( 'NONE', *, *, #4160, .F. ) ;
#282 = CARTESIAN_POINT ( 'NONE',  ( -0.7339999999999976500, 0.2525000000000500200, 0.1101935541909824200 ) ) ;
#283 = VERTEX_POINT ( 'NONE', #5176 ) ;
#284 = CARTESIAN_POINT ( 'NONE',  ( 0.2633350859769890700, -0.08768290856116471600, 0.1668541673166297500 ) ) ;
#285 = B_SPLINE_CURVE_WITH_KNOTS ( 'NONE', 3,
 ( #1096, #624, #4566, #4550 ),
 .UNSPECIFIED., .F., .F.,
 ( 4, 4 ),
 ( 2.317658082098721700E-017, 0.003694680973268076000 ),
 .UNSPECIFIED. ) ;
#286 = SHAPE_DEFINITION_REPRESENTATION ( #675, #2818 ) ;
#287 = DIRECTION ( 'NONE',  ( -0.9205048534525043200, 0.3907311284891228900, 0.0000000000000000000 ) ) ;
#288 = CARTESIAN_POINT ( 'NONE',  ( 0.7499999999999998900, -0.1443375672974360500, -0.2500000000000208200 ) ) ;
#289 = DIRECTION ( 'NONE',  ( -1.000000000000000000, 0.0000000000000000000, 0.0000000000000000000 ) ) ;
#290 = ORIENTED_EDGE ( 'NONE', *, *, #5554, .T. ) ;
#291 = CARTESIAN_POINT ( 'NONE',  ( -0.7810000000000002500, 0.1999999999999823600, -0.3075000000000000000 ) ) ;
#292 = CARTESIAN_POINT ( 'NONE',  ( 0.09824321264726999800, -0.1620227657475999700, -0.05700498549169000200 ) ) ;
#293 = ORIENTED_EDGE ( 'NONE', *, *, #3240, .T. ) ;
#294 = CARTESIAN_POINT ( 'NONE',  ( -0.8939999999999997900, 0.01200000000000000000, 0.2446000000000000100 ) ) ;
#295 = ORIENTED_EDGE ( 'NONE', *, *, #3504, .F. ) ;
#296 = DIRECTION ( 'NONE',  ( -1.000000000000000000, 2.574506745554769400E-017, 2.741571226202285400E-017 ) ) ;
#297 = DIRECTION ( 'NONE',  ( 0.0000000000000000000, 0.7071067811865474600, 0.7071067811865474600 ) ) ;
#298 = FACE_OUTER_BOUND ( 'NONE', #5775, .T. ) ;
#299 = CARTESIAN_POINT ( 'NONE',  ( 0.1410563303160000100, -0.1641273277138000100, -0.08651568436019999000 ) ) ;
#300 = CARTESIAN_POINT ( 'NONE',  ( 2.561107494060246800E-017, -0.2951257157822319600, 0.1678464951687319600 ) ) ;
#301 = EDGE_LOOP ( 'NONE', ( #5877, #3016, #4820, #780 ) ) ;
#302 = FACE_OUTER_BOUND ( 'NONE', #4437, .T. ) ;
#303 = DIRECTION ( 'NONE',  ( 1.000000000000000000, 0.0000000000000000000, 0.0000000000000000000 ) ) ;
#304 = VECTOR ( 'NONE', #2992, 39.37007874015748100 ) ;
#305 = CARTESIAN_POINT ( 'NONE',  ( 0.3153911633028431100, -0.1686145785307794900, 0.02202553972615191700 ) ) ;
#306 = ORIENTED_EDGE ( 'NONE', *, *, #3767, .T. ) ;
#307 = CARTESIAN_POINT ( 'NONE',  ( -0.6186555718706712200, 0.02776264978033798200, -0.02469961882353444900 ) ) ;
#308 = DIRECTION ( 'NONE',  ( 0.0000000000000000000, -0.7071067811865475700, 0.7071067811865475700 ) ) ;
#309 = LINE ( 'NONE', #2722, #314 ) ;
#310 = CARTESIAN_POINT ( 'NONE',  ( 0.2588564450375892000, 0.07614418390311589200, 0.1714414033224673500 ) ) ;
#311 = ORIENTED_EDGE ( 'NONE', *, *, #3304, .T. ) ;
#312 = CARTESIAN_POINT ( 'NONE',  ( 0.1226981947868000000, -0.08874508950678000600, 0.1470551250105000000 ) ) ;
#313 = CARTESIAN_POINT ( 'NONE',  ( -0.8979999999999999100, 0.2444999999999999700, -0.01699999999999000600 ) ) ;
#314 = VECTOR ( 'NONE', #2706, 39.37007874015748100 ) ;
#315 = CARTESIAN_POINT ( 'NONE',  ( 0.1655113124554999900, -0.1180600051884000000, 0.1431241507300000100 ) ) ;
#316 = ORIENTED_EDGE ( 'NONE', *, *, #2990, .F. ) ;
#317 = CARTESIAN_POINT ( 'NONE',  ( 0.3094310115051121500, -0.1726450603111451500, 0.03422215599509072900 ) ) ;
#318 = AXIS2_PLACEMENT_3D ( 'NONE', #37, #51, #64 ) ;
#319 = LINE ( 'NONE', #2936, #304 ) ;
#320 = CARTESIAN_POINT ( 'NONE',  ( 0.0000000000000000000, -0.3075000000000000500, 0.0000000000000000000 ) ) ;
#321 = VERTEX_POINT ( 'NONE', #5211 ) ;
#322 = EDGE_CURVE ( 'NONE', #3911, #6276, #1115, .T. ) ;
#323 = VECTOR ( 'NONE', #3037, 39.37007874015748100 ) ;
#324 = DIRECTION ( 'NONE',  ( -0.3907311284852654200, -0.9205048534541417900, -0.0000000000000000000 ) ) ;
#325 = DIRECTION ( 'NONE',  ( 3.374318173992058700E-017, 0.0000000000000000000, 1.000000000000000000 ) ) ;
#326 = CARTESIAN_POINT ( 'NONE',  ( -0.7330600000000000400, -0.2606395595454000200, 0.1282691701071999900 ) ) ;
#327 = VERTEX_POINT ( 'NONE', #4237 ) ;
#328 = VERTEX_POINT ( 'NONE', #5532 ) ;
#329 = PLANE ( 'NONE',  #1492 ) ;
#330 = CARTESIAN_POINT ( 'NONE',  ( 0.3029641926720356700, -0.1644640576943399700, 0.07892807236653146000 ) ) ;
#331 = CARTESIAN_POINT ( 'NONE',  ( 0.1471531769263000100, 0.1259537447873000100, 0.1167754579254000100 ) ) ;
#332 = DIRECTION ( 'NONE',  ( -1.000000000000000000, -0.0000000000000000000, -0.0000000000000000000 ) ) ;
#333 = CARTESIAN_POINT ( 'NONE',  ( -0.7043726773266939500, 0.01664708750609542400, 0.02217749680798000000 ) ) ;
#334 = ORIENTED_EDGE ( 'NONE', *, *, #5661, .F. ) ;
#335 = ORIENTED_EDGE ( 'NONE', *, *, #976, .F. ) ;
#336 = CARTESIAN_POINT ( 'NONE',  ( 0.3150303991471591300, -0.1645845479994921500, 0.04418015923440538100 ) ) ;
#337 = AXIS2_PLACEMENT_3D ( 'NONE', #753, #756, #765 ) ;
#338 = CARTESIAN_POINT ( 'NONE',  ( 0.1899662945949999700, 0.1161546588741999800, 0.1446745481838999900 ) ) ;
#339 = VECTOR ( 'NONE', #80, 39.37007874015748100 ) ;
#340 = CARTESIAN_POINT ( 'NONE',  ( -0.8939999999999997900, -0.2156675682619326700, 0.1605132393293327000 ) ) ;
#341 = ORIENTED_EDGE ( 'NONE', *, *, #5055, .F. ) ;
#342 = VERTEX_POINT ( 'NONE', #4258 ) ;
#343 = DIRECTION ( 'NONE',  ( -0.0000000000000000000, -0.0000000000000000000, 1.000000000000000000 ) ) ;
#344 = ADVANCED_FACE ( 'NONE', ( #1108 ), #1155, .T. ) ;
#345 = EDGE_CURVE ( 'NONE', #6377, #575, #1073, .T. ) ;
#346 = LINE ( 'NONE', #3061, #323 ) ;
#347 = CARTESIAN_POINT ( 'NONE',  ( -0.3905000000000000700, -0.2955706345359500100, 0.1682914139223499500 ) ) ;
#348 = ORIENTED_EDGE ( 'NONE', *, *, #1231, .T. ) ;
#349 = EDGE_LOOP ( 'NONE', ( #4439, #426, #5964, #1866 ) ) ;
#350 = CARTESIAN_POINT ( 'NONE',  ( 0.4052700307959145000, 2.134231029990606800E-016, 0.1892431148549629800 ) ) ;
#351 = CARTESIAN_POINT ( 'NONE',  ( 0.3143088708357814600, -0.1482977038386861000, 0.08542016088894656400 ) ) ;
#352 = ADVANCED_FACE ( 'NONE', ( #1149 ), #1217, .T. ) ;
#353 = FACE_OUTER_BOUND ( 'NONE', #3206, .T. ) ;
#354 = ORIENTED_EDGE ( 'NONE', *, *, #2124, .F. ) ;
#355 = FILL_AREA_STYLE_COLOUR ( '', #5324 ) ;
#356 = ORIENTED_EDGE ( 'NONE', *, *, #1452, .T. ) ;
#357 = ORIENTED_EDGE ( 'NONE', *, *, #3502, .F. ) ;
#358 = CARTESIAN_POINT ( 'NONE',  ( 0.7499999999999998900, 0.1443375672974360500, -0.2500000000000208200 ) ) ;
#359 = AXIS2_PLACEMENT_3D ( 'NONE', #1511, #1487, #1486 ) ;
#360 = CARTESIAN_POINT ( 'NONE',  ( 0.2921864066667903500, 1.466325257502587600E-007, -0.1680989288776854300 ) ) ;
#361 = CONICAL_SURFACE ( 'NONE', #518, 0.2894486372865390800, 1.134464013796779000 ) ;
#362 = CARTESIAN_POINT ( 'NONE',  ( 0.3139481066800883200, -0.1360133251826740300, 0.1044652843305085700 ) ) ;
#363 = CARTESIAN_POINT ( 'NONE',  ( 0.2144212767346000100, 0.1652524782442999800, -0.08434565875063000700 ) ) ;
#364 = EDGE_LOOP ( 'NONE', ( #850, #6118, #1005, #4894 ) ) ;
#365 = DIRECTION ( 'NONE',  ( -0.3907275848004902500, -0.9205063576510053000, 2.345532553244150400E-007 ) ) ;
#366 = EDGE_LOOP ( 'NONE', ( #3738, #1334, #4212, #1791 ) ) ;
#367 = EDGE_CURVE ( 'NONE', #639, #2721, #1187, .T. ) ;
#368 = CARTESIAN_POINT ( 'NONE',  ( 0.3126644209216507000, -0.1722456400597876800, 0.01170036726384218000 ) ) ;
#369 = VERTEX_POINT ( 'NONE', #4193 ) ;
#370 = CARTESIAN_POINT ( 'NONE',  ( 0.2927594496058420500, 0.01937523188186973700, -0.1680978349649050200 ) ) ;
#371 = LINE ( 'NONE', #3047, #397 ) ;
#372 = CARTESIAN_POINT ( 'NONE',  ( 0.3132265783687112100, -0.1049865865674329700, 0.1365349942152070400 ) ) ;
#373 = DIRECTION ( 'NONE',  ( 1.000000000000000000, -9.341392738283457200E-015, 2.805651445712314900E-014 ) ) ;
#374 = ORIENTED_EDGE ( 'NONE', *, *, #3872, .F. ) ;
#375 = EDGE_CURVE ( 'NONE', #6364, #5965, #1199, .T. ) ;
#376 = CARTESIAN_POINT ( 'NONE',  ( 0.2964992073019803200, -0.1430028537833860900, 0.1212666237302449100 ) ) ;
#377 = FACE_OUTER_BOUND ( 'NONE', #4668, .T. ) ;
#378 = EDGE_CURVE ( 'NONE', #6386, #2721, #1233, .T. ) ;
#379 = LINE ( 'NONE', #4191, #3577 ) ;
#380 = CARTESIAN_POINT ( 'NONE',  ( 0.2939174944301383200, 0.05851207078575217800, -0.1612653565701378500 ) ) ;
#381 = CARTESIAN_POINT ( 'NONE',  ( 0.3128658142130317200, -0.08622698133040035400, 0.1495082112445727000 ) ) ;
#382 = ORIENTED_EDGE ( 'NONE', *, *, #226, .T. ) ;
#383 = CARTESIAN_POINT ( 'NONE',  ( 0.2388762588740999900, -0.04902443038008999500, -0.1789388725614000100 ) ) ;
#384 = CARTESIAN_POINT ( 'NONE',  ( -0.6652643492658998300, -0.002981857380183999800, -0.01279940877223000000 ) ) ;
#385 = ADVANCED_FACE ( 'NONE', ( #1236 ), #5503, .T. ) ;
#386 = EDGE_CURVE ( 'NONE', #2671, #1741, #1287, .T. ) ;
#387 = CONICAL_SURFACE ( 'NONE', #1783, 0.2894486372868087000, 1.134464013796606900 ) ;
#388 = EDGE_CURVE ( 'NONE', #5038, #757, #1256, .T. ) ;
#389 = PRODUCT_RELATED_PRODUCT_CATEGORY ( 'part', '', ( #3391 ) ) ;
#390 = EDGE_LOOP ( 'NONE', ( #6132, #3278, #5066, #6294 ) ) ;
#391 = CARTESIAN_POINT ( 'NONE',  ( -0.7486799999999982400, -0.1306808075914037700, 0.2454999999997350400 ) ) ;
#392 = CARTESIAN_POINT ( 'NONE',  ( -1.054000000000241200, 0.2444999999999999700, 0.02200000000000684700 ) ) ;
#393 = VECTOR ( 'NONE', #3403, 39.37007874015748100 ) ;
#394 = CARTESIAN_POINT ( 'NONE',  ( 0.2956602694389002300, 0.1103646934574096400, -0.1314277449259171900 ) ) ;
#395 = EDGE_LOOP ( 'NONE', ( #6029, #2573, #4985, #3670 ) ) ;
#396 = CARTESIAN_POINT ( 'NONE',  ( 0.3121442859016715400, -0.04502944379546303800, 0.1673733324520050900 ) ) ;
#397 = VECTOR ( 'NONE', #3036, 39.37007874015748100 ) ;
#398 = ORIENTED_EDGE ( 'NONE', *, *, #3518, .T. ) ;
#399 = CARTESIAN_POINT ( 'NONE',  ( 0.2974144599925001600, 0.1489700206027498000, -0.08521471492521372200 ) ) ;
#400 = DIRECTION ( 'NONE',  ( 2.864034186896294000E-014, 0.0000000000000000000, -1.000000000000000000 ) ) ;
#401 = CARTESIAN_POINT ( 'NONE',  ( 0.2633312410136000000, -0.1851659351629000000, 0.01166349194605999900 ) ) ;
#402 = DIRECTION ( 'NONE',  ( -1.000000000000000000, -0.0000000000000000000, -0.0000000000000000000 ) ) ;
#403 = PRODUCT_DEFINITION_FORMATION_WITH_SPECIFIED_SOURCE ( 'ANY', '', #3391, .NOT_KNOWN. ) ;
#404 = DIRECTION ( 'NONE',  ( -0.0000000000000000000, 0.7071067811865474600, -0.7071067811865474600 ) ) ;
#405 = EDGE_CURVE ( 'NONE', #4998, #14, #1264, .T. ) ;
#406 = VERTEX_POINT ( 'NONE', #6126 ) ;
#407 = B_SPLINE_CURVE_WITH_KNOTS ( 'NONE', 3,
 ( #3070, #3082, #3073, #3014 ),
 .UNSPECIFIED., .F., .F.,
 ( 4, 4 ),
 ( 1.387549688844457200E-016, 0.003694680973803121100 ),
 .UNSPECIFIED. ) ;
#408 = CARTESIAN_POINT ( 'NONE',  ( 0.2991686505461002600, 0.1692357410300927600, -0.02851097393565901700 ) ) ;
#409 = ADVANCED_FACE ( 'NONE', ( #1294 ), #1375, .F. ) ;
#410 = CYLINDRICAL_SURFACE ( 'NONE', #1200, 0.004999999999953676000 ) ;
#411 = ORIENTED_EDGE ( 'NONE', *, *, #4860, .T. ) ;
#412 = VERTEX_POINT ( 'NONE', #4769 ) ;
#413 = CARTESIAN_POINT ( 'NONE',  ( -0.7810000000000001400, -0.2389999999999999900, -0.1910000000000000000 ) ) ;
#414 = EDGE_CURVE ( 'NONE', #3732, #6042, #1345, .T. ) ;
#415 = FACE_OUTER_BOUND ( 'NONE', #1184, .T. ) ;
#416 = ADVANCED_FACE ( 'NONE', ( #1369 ), #4763, .T. ) ;
#417 = DIRECTION ( 'NONE',  ( 1.000000000000000000, 0.0000000000000000000, 0.0000000000000000000 ) ) ;
#418 = ORIENTED_EDGE ( 'NONE', *, *, #4914, .T. ) ;
#419 = EDGE_LOOP ( 'NONE', ( #6363, #3654, #2588, #3832 ) ) ;
#420 = CARTESIAN_POINT ( 'NONE',  ( -0.6628476334222673800, -0.0009788773639237428800, 0.05700563257591570500 ) ) ;
#421 = LINE ( 'NONE', #1998, #473 ) ;
#422 = CARTESIAN_POINT ( 'NONE',  ( 0.3009228410997002400, 0.1686669692016797800, 0.03170271590262092200 ) ) ;
#423 = CARTESIAN_POINT ( 'NONE',  ( 0.0000000000000000000, -0.2454999999997350400, 0.1306808075914037700 ) ) ;
#424 = EDGE_CURVE ( 'NONE', #4135, #6285, #1353, .T. ) ;
#425 = CARTESIAN_POINT ( 'NONE',  ( 0.7027643097711999700, -8.349797351103793100E-014, 7.833574121832274700E-014 ) ) ;
#426 = ORIENTED_EDGE ( 'NONE', *, *, #3389, .T. ) ;
#427 = ORIENTED_EDGE ( 'NONE', *, *, #5793, .F. ) ;
#428 = CARTESIAN_POINT ( 'NONE',  ( 0.2877862231530999800, -0.02618057174828999900, 0.1836763128090999900 ) ) ;
#429 = DIRECTION ( 'NONE',  ( 0.0000000000000000000, 0.0000000000000000000, -1.000000000000000000 ) ) ;
#430 = CARTESIAN_POINT ( 'NONE',  ( -0.6133446287502000200, 0.02790757235993000100, -0.02487582759684000100 ) ) ;
#431 = FACE_BOUND ( 'NONE', #2958, .T. ) ;
#432 = CARTESIAN_POINT ( 'NONE',  ( 0.3153770212865915100, -0.1688134578996196800, 0.008202040952007745900 ) ) ;
#433 = ORIENTED_EDGE ( 'NONE', *, *, #3292, .T. ) ;
#434 = ORIENTED_EDGE ( 'NONE', *, *, #1958, .F. ) ;
#435 = CARTESIAN_POINT ( 'NONE',  ( 0.3117835217459886100, -0.02259024244574441400, 0.1722068842377034700 ) ) ;
#436 = EDGE_CURVE ( 'NONE', #2938, #4, #1323, .T. ) ;
#437 = ADVANCED_FACE ( 'NONE', ( #1381 ), #1463, .F. ) ;
#438 = LINE ( 'NONE', #4508, #3782 ) ;
#439 = CARTESIAN_POINT ( 'NONE',  ( 0.3026770316533002300, 0.1473337396524803700, 0.08801349267027811000 ) ) ;
#440 = EDGE_LOOP ( 'NONE', ( #4649, #4503, #920, #774 ) ) ;
#441 = VERTEX_POINT ( 'NONE', #4896 ) ;
#442 = ORIENTED_EDGE ( 'NONE', *, *, #5834, .T. ) ;
#443 = DIRECTION ( 'NONE',  ( 0.0000000000000000000, 0.7071067811865475700, 0.7071067811865473500 ) ) ;
#444 = CARTESIAN_POINT ( 'NONE',  ( 0.2356091362067937200, -0.1751459685228768700, 0.06974932455546899200 ) ) ;
#445 = EDGE_CURVE ( 'NONE', #2610, #648, #1396, .T. ) ;
#446 = ORIENTED_EDGE ( 'NONE', *, *, #3930, .T. ) ;
#447 = CARTESIAN_POINT ( 'NONE',  ( 0.2532042312166137800, -0.1680807292118558200, -0.002786810949533235300 ) ) ;
#448 = DIRECTION ( 'NONE',  ( 1.000000000000000000, 0.0000000000000000000, 0.0000000000000000000 ) ) ;
#449 = CARTESIAN_POINT ( 'NONE',  ( 0.3122412052925999700, 0.1745335692607999900, 0.06293169627267999900 ) ) ;
#450 = CARTESIAN_POINT ( 'NONE',  ( 0.3114226428695745500, 2.972138026994860000E-009, 0.1725774041012495300 ) ) ;
#451 = CARTESIAN_POINT ( 'NONE',  ( 0.7187500000000004400, 1.184553273225432800E-013, 0.1875000000000043300 ) ) ;
#452 = ORIENTED_EDGE ( 'NONE', *, *, #5888, .F. ) ;
#453 = FACE_OUTER_BOUND ( 'NONE', #5241, .T. ) ;
#454 = CARTESIAN_POINT ( 'NONE',  ( 0.3044312222069002200, 0.1078623816027810300, 0.1334889861597729500 ) ) ;
#455 = EDGE_CURVE ( 'NONE', #954, #2335, #1454, .T. ) ;
#456 = CONICAL_SURFACE ( 'NONE', #939, 0.1419724318643595100, 0.5235987756003381800 ) ;
#457 = CARTESIAN_POINT ( 'NONE',  ( -0.8134999999999998900, 0.2444999999999999700, 0.1469999999999999900 ) ) ;
#458 = CARTESIAN_POINT ( 'NONE',  ( 0.2290312840559842500, -0.02200500397183739000, -0.1681012974242741000 ) ) ;
#459 = ORIENTED_EDGE ( 'NONE', *, *, #3118, .F. ) ;
#460 = CARTESIAN_POINT ( 'NONE',  ( 0.3061426791901915600, 0.05639722974660126000, 0.1618232729719903100 ) ) ;
#461 = VECTOR ( 'NONE', #2656, 39.37007874015748100 ) ;
#462 = FACE_BOUND ( 'NONE', #2110, .T. ) ;
#463 = CARTESIAN_POINT ( 'NONE',  ( -0.3905000000000000700, 0.2000000000000000400, -0.3075000000000000000 ) ) ;
#464 = EDGE_CURVE ( 'NONE', #283, #3301, #1414, .T. ) ;
#465 = EDGE_CURVE ( 'NONE', #1225, #4039, #1404, .T. ) ;
#466 = EDGE_LOOP ( 'NONE', ( #3008, #2849, #3177, #490 ) ) ;
#467 = CARTESIAN_POINT ( 'NONE',  ( 0.01467999999999999300, -3.810714525537142400E-015, 2.240937538478480200E-017 ) ) ;
#468 = CARTESIAN_POINT ( 'NONE',  ( 0.08547550156873999500, 0.1730691139906999900, -0.03096885023926000000 ) ) ;
#469 = CARTESIAN_POINT ( 'NONE',  ( 0.7815670747688994200, -1.184090138893552600E-013, 0.1878043917781492500 ) ) ;
#470 = ORIENTED_EDGE ( 'NONE', *, *, #5305, .F. ) ;
#471 = CARTESIAN_POINT ( 'NONE',  ( 0.7031250000000229800, -4.173827970016320400E-014, 0.2499999999999778000 ) ) ;
#472 = EDGE_CURVE ( 'NONE', #4377, #5543, #1305, .T. ) ;
#473 = VECTOR ( 'NONE', #1431, 39.37007874015748100 ) ;
#474 = CARTESIAN_POINT ( 'NONE',  ( 0.3072694059889623000, 0.01831680398819418600, 0.1680946850320775600 ) ) ;
#475 = CARTESIAN_POINT ( 'NONE',  ( -0.7339999999999999900, -0.2580939751330999500, 0.1308147545195000300 ) ) ;
#476 = ORIENTED_EDGE ( 'NONE', *, *, #1845, .T. ) ;
#477 = CARTESIAN_POINT ( 'NONE',  ( 0.2205674966140242500, -0.1637332251117319700, 0.04400246710098361400 ) ) ;
#478 = DIRECTION ( 'NONE',  ( -0.0000000000000000000, -0.0000000000000000000, 1.000000000000000000 ) ) ;
#479 = ORIENTED_EDGE ( 'NONE', *, *, #3807, .F. ) ;
#480 = DIRECTION ( 'NONE',  ( -1.000000000000000000, 0.0000000000000000000, 0.0000000000000000000 ) ) ;
#481 = CARTESIAN_POINT ( 'NONE',  ( 0.2269074853559573700, 0.09957594867724105200, 0.1600443500133948100 ) ) ;
#482 = FACE_OUTER_BOUND ( 'NONE', #6011, .T. ) ;
#483 = DIRECTION ( 'NONE',  ( -1.000000000000000000, 0.0000000000000000000, 0.0000000000000000000 ) ) ;
#484 = ORIENTED_EDGE ( 'NONE', *, *, #4736, .F. ) ;
#485 = VERTEX_POINT ( 'NONE', #4447 ) ;
#486 = CARTESIAN_POINT ( 'NONE',  ( -0.7339999999999993200, 0.2444999999999999700, -0.06619355419097190700 ) ) ;
#487 = CARTESIAN_POINT ( 'NONE',  ( 0.1093034328842000000, -0.01744015813428000100, -0.1777927660876000000 ) ) ;
#488 = B_SPLINE_CURVE_WITH_KNOTS ( 'NONE', 3,
 ( #3239, #2971, #2927, #2917 ),
 .UNSPECIFIED., .F., .F.,
 ( 4, 4 ),
 ( 2.554925122489629400E-016, 0.003694680973267642800 ),
 .UNSPECIFIED. ) ;
#489 = DIRECTION ( 'NONE',  ( -1.000000000000000000, 0.0000000000000000000, 0.0000000000000000000 ) ) ;
#490 = ORIENTED_EDGE ( 'NONE', *, *, #5365, .T. ) ;
#491 = ORIENTED_EDGE ( 'NONE', *, *, #3528, .T. ) ;
#492 = CARTESIAN_POINT ( 'NONE',  ( 0.3078127296317212900, 4.062929549639075200E-008, 0.1680977908734097000 ) ) ;
#493 = CARTESIAN_POINT ( 'NONE',  ( -0.7810000000000001400, -0.3088699999999999800, -0.1886700000000000000 ) ) ;
#494 = CARTESIAN_POINT ( 'NONE',  ( 0.1353816999325645500, -0.01871349444320369000, -0.1680969413786050100 ) ) ;
#495 = ORIENTED_EDGE ( 'NONE', *, *, #2330, .F. ) ;
#496 = ORIENTED_EDGE ( 'NONE', *, *, #5738, .F. ) ;
#497 = DIRECTION ( 'NONE',  ( 0.0000000000000000000, -1.000000000000000000, 0.0000000000000000000 ) ) ;
#498 = PLANE ( 'NONE',  #1535 ) ;
#499 = CARTESIAN_POINT ( 'NONE',  ( -0.8914999999999998500, 0.1820000000000000000, 0.2605000000000000100 ) ) ;
#500 = ADVANCED_FACE ( 'NONE', ( #1495 ), #4330, .T. ) ;
#501 = ORIENTED_EDGE ( 'NONE', *, *, #414, .F. ) ;
#502 = ORIENTED_EDGE ( 'NONE', *, *, #4706, .T. ) ;
#503 = CARTESIAN_POINT ( 'NONE',  ( 0.2156857361059193500, 0.06046872573736649500, -0.1777236665692996100 ) ) ;
#504 = AXIS2_PLACEMENT_3D ( 'NONE', #3790, #4078, #4092 ) ;
#505 = DIRECTION ( 'NONE',  ( 0.0000000000000000000, 0.0000000000000000000, -1.000000000000000000 ) ) ;
#506 = EDGE_LOOP ( 'NONE', ( #411, #260, #3256, #4427 ) ) ;
#507 = CARTESIAN_POINT ( 'NONE',  ( 0.1337584150237000100, -0.1776265811823999900, -0.01905716834193000100 ) ) ;
#508 = CARTESIAN_POINT ( 'NONE',  ( -0.3904999999999999600, 0.2455000000000000000, 0.3075000000000218100 ) ) ;
#509 = ORIENTED_EDGE ( 'NONE', *, *, #1567, .T. ) ;
#510 = EDGE_LOOP ( 'NONE', ( #5149, #3505 ) ) ;
#511 = CARTESIAN_POINT ( 'NONE',  ( 0.05099999999999996200, 3.681698735523857500E-014, 0.2343750000000291200 ) ) ;
#512 = PRESENTATION_STYLE_ASSIGNMENT (( #2621 ) ) ;
#513 = CARTESIAN_POINT ( 'NONE',  ( -0.7810000000000001400, 0.3075000000000000000, 0.0000000000000000000 ) ) ;
#514 = DIRECTION ( 'NONE',  ( 0.0000000000000000000, 0.0000000000000000000, 1.000000000000000000 ) ) ;
#515 = PLANE ( 'NONE',  #1406 ) ;
#516 = ORIENTED_EDGE ( 'NONE', *, *, #3719, .T. ) ;
#517 = EDGE_CURVE ( 'NONE', #441, #1029, #1503, .T. ) ;
#518 = AXIS2_PLACEMENT_3D ( 'NONE', #3236, #3215, #3308 ) ;
#519 = ORIENTED_EDGE ( 'NONE', *, *, #3985, .T. ) ;
#520 = CARTESIAN_POINT ( 'NONE',  ( -0.7809999999999999200, -0.2454999999999766000, -0.3075000000000000000 ) ) ;
#521 = ORIENTED_EDGE ( 'NONE', *, *, #6094, .F. ) ;
#522 = CARTESIAN_POINT ( 'NONE',  ( 0.2343636978278569000, -0.1515590434016276500, 0.1105226000142124100 ) ) ;
#523 = B_SPLINE_CURVE_WITH_KNOTS ( 'NONE', 3,
 ( #2087, #2120, #2123, #2079, #2067, #2059 ),
 .UNSPECIFIED., .F., .F.,
 ( 4, 2, 4 ),
 ( 0.0000000000000000000, 0.4999999696638650600, 0.9999999393277299000 ),
 .UNSPECIFIED. ) ;
#524 = VECTOR ( 'NONE', #2597, 39.37007874015748100 ) ;
#525 = CARTESIAN_POINT ( 'NONE',  ( 0.2609368261529528800, 1.248008587758740200E-008, -0.1680971861311023100 ) ) ;
#526 = CARTESIAN_POINT ( 'NONE',  ( -0.7909999999999906000, 0.2444999999999999400, 0.02199999999997281900 ) ) ;
#527 = CARTESIAN_POINT ( 'NONE',  ( 0.7012500000000000400, 0.1414508159515000000, -0.2550000000000000000 ) ) ;
#528 = CARTESIAN_POINT ( 'NONE',  ( 0.1582133971631999900, -0.05475220398960999700, 0.1700485884231000000 ) ) ;
#529 = CARTESIAN_POINT ( 'NONE',  ( 0.7346920747688997500, -4.978686255640867500E-014, 6.189280072996081000E-017 ) ) ;
#530 = DIRECTION ( 'NONE',  ( 0.0000000000000000000, 0.0000000000000000000, -1.000000000000000000 ) ) ;
#531 = CARTESIAN_POINT ( 'NONE',  ( -0.6030052102993649400, 0.02443606253704718200, -0.02469962017143317500 ) ) ;
#533 = ORIENTED_EDGE ( 'NONE', *, *, #3544, .T. ) ;
#532 = DIRECTION ( 'NONE',  ( -1.000000000000000000, 0.0000000000000000000, 0.0000000000000000000 ) ) ;
#534 = CARTESIAN_POINT ( 'NONE',  ( -0.6044231824583993200, 0.01776502756457911500, -0.02371603524029668500 ) ) ;
#535 = ADVANCED_FACE ( 'NONE', ( #1548 ), #1593, .T. ) ;
#536 = DIRECTION ( 'NONE',  ( 0.0000000000000000000, 1.000000000000000000, 0.0000000000000000000 ) ) ;
#537 = EDGE_CURVE ( 'NONE', #3914, #3408, #1583, .T. ) ;
#538 = CARTESIAN_POINT ( 'NONE',  ( 0.1032065862739000000, 0.06784337441592999700, 0.1800649258565000000 ) ) ;
#539 = SURFACE_STYLE_FILL_AREA ( #2633 ) ;
#540 = PLANE ( 'NONE',  #2702 ) ;
#541 = DIRECTION ( 'NONE',  ( 0.0000000000000000000, 1.000000000000000000, -0.0000000000000000000 ) ) ;
#542 = EDGE_LOOP ( 'NONE', ( #2006, #4576, #3566, #3419 ) ) ;
#543 = DIRECTION ( 'NONE',  ( 0.0000000000000000000, 0.0000000000000000000, -1.000000000000000000 ) ) ;
#544 = AXIS2_PLACEMENT_3D ( 'NONE', #267, #274, #287 ) ;
#545 = COLOUR_RGB ( '',0.7529411764705882200, 0.7529411764705882200, 0.7529411764705882200 ) ;
#546 = CARTESIAN_POINT ( 'NONE',  ( 0.2485100680535291500, 0.1134257595197862200, -0.1507209298907536700 ) ) ;
#547 = EDGE_CURVE ( 'NONE', #6307, #39, #1530, .T. ) ;
#548 = EDGE_LOOP ( 'NONE', ( #998, #1163, #4046, #334 ) ) ;
#549 = CARTESIAN_POINT ( 'NONE',  ( -0.6072963282284213900, 0.01152445314501122100, -0.02274944492371076800 ) ) ;
#550 = DIRECTION ( 'NONE',  ( 0.0000000000000000000, 0.0000000000000000000, 1.000000000000000000 ) ) ;
#551 = DIRECTION ( 'NONE',  ( 0.0000000000000000000, 0.8660254037844425900, -0.4999999999999933400 ) ) ;
#552 = FACE_OUTER_BOUND ( 'NONE', #57, .T. ) ;
#553 = PLANE ( 'NONE',  #1568 ) ;
#554 = ORIENTED_EDGE ( 'NONE', *, *, #3571, .F. ) ;
#555 = EDGE_CURVE ( 'NONE', #3534, #2205, #1541, .T. ) ;
#556 = EDGE_CURVE ( 'NONE', #2138, #4751, #1611, .T. ) ;
#557 = DIRECTION ( 'NONE',  ( -1.000000000000000000, 0.0000000000000000000, 0.0000000000000000000 ) ) ;
#558 = DIRECTION ( 'NONE',  ( 0.0000000000000000000, 0.4999999999999933400, 0.8660254037844425900 ) ) ;
#559 = CARTESIAN_POINT ( 'NONE',  ( 0.2531602636396443900, -0.1680978282311117700, -0.001309503791349951800 ) ) ;
#560 = LINE ( 'NONE', #2458, #635 ) ;
#561 = CARTESIAN_POINT ( 'NONE',  ( 0.2500556254595000000, -0.01334572348732000100, -0.1844749019885000000 ) ) ;
#562 = CARTESIAN_POINT ( 'NONE',  ( 0.1276615684134000100, 0.1900958064108999600, -0.02982654238010000100 ) ) ;
#563 = VERTEX_POINT ( 'NONE', #2867 ) ;
#564 = DIRECTION ( 'NONE',  ( 1.000000000000000000, 0.0000000000000000000, 0.0000000000000000000 ) ) ;
#565 = PRODUCT_DEFINITION ( 'UNKNOWN', '', #403, #776 ) ;
#566 = DIRECTION ( 'NONE',  ( 0.9205048534524606900, -0.3907311284892255900, 4.438208705302222300E-015 ) ) ;
#567 = VERTEX_POINT ( 'NONE', #2884 ) ;
#568 = ORIENTED_EDGE ( 'NONE', *, *, #2557, .T. ) ;
#569 = CARTESIAN_POINT ( 'NONE',  ( 0.1000000000000000100, -6.430407353524017400E-014, 6.189280072995864100E-017 ) ) ;
#570 = UNCERTAINTY_MEASURE_WITH_UNIT (LENGTH_MEASURE( 1.000000000000000100E-005 ), #806, 'distance_accuracy_value', 'NONE');
#571 = LENGTH_MEASURE_WITH_UNIT ( LENGTH_MEASURE( 0.02539999999999999900 ), #2607 );
#572 = CARTESIAN_POINT ( 'NONE',  ( -0.6134556110138184000, 0.003435805832635196600, -0.02128275323578043100 ) ) ;
#573 = CARTESIAN_POINT ( 'NONE',  ( 0.3853461368340989600, 0.1875000000000201000, 1.669626652687810100E-015 ) ) ;
#574 = DIRECTION ( 'NONE',  ( 0.3907311284892256400, 0.9205048534524608000, 4.429919553973452000E-013 ) ) ;
#575 = VERTEX_POINT ( 'NONE', #2873 ) ;
#576 = ORIENTED_EDGE ( 'NONE', *, *, #2235, .T. ) ;
#577 = CARTESIAN_POINT ( 'NONE',  ( -0.7340000000000001000, 0.1959999999999814700, 0.3075000000000000000 ) ) ;
#578 = CARTESIAN_POINT ( 'NONE',  ( -0.6157748402992993000, 0.001001019431477390200, -0.02080074098959020700 ) ) ;
#579 = CARTESIAN_POINT ( 'NONE',  ( -0.9639999999985462400, 0.09700000000004639600, 0.2609395347128000100 ) ) ;
#580 = CARTESIAN_POINT ( 'NONE',  ( -0.6209369603045191700, -0.003349504932982372500, -0.01982745209133597900 ) ) ;
#581 = VERTEX_POINT ( 'NONE', #2837 ) ;
#582 = EDGE_LOOP ( 'NONE', ( #2648, #2808 ) ) ;
#583 = CARTESIAN_POINT ( 'NONE',  ( -0.6711463195908856600, 0.01123421843210139000, 0.02182250319206736200 ) ) ;
#584 = CARTESIAN_POINT ( 'NONE',  ( 0.1521165505528999900, 0.009427212476884999300, -0.1921902913744000000 ) ) ;
#585 = CARTESIAN_POINT ( 'NONE',  ( -0.8939999999999997900, 0.09700000000000001700, 0.2605000000000000100 ) ) ;
#586 = ORIENTED_EDGE ( 'NONE', *, *, #1310, .F. ) ;
#587 = AXIS2_PLACEMENT_3D ( 'NONE', #598, #611, #617 ) ;
#588 = ORIENTED_EDGE ( 'NONE', *, *, #5408, .T. ) ;
#589 = ORIENTED_EDGE ( 'NONE', *, *, #5026, .F. ) ;
#590 = DIRECTION ( 'NONE',  ( 1.000000000000000000, 0.0000000000000000000, 0.0000000000000000000 ) ) ;
#591 = ORIENTED_EDGE ( 'NONE', *, *, #1774, .F. ) ;
#592 = ORIENTED_EDGE ( 'NONE', *, *, #3552, .F. ) ;
#593 = CARTESIAN_POINT ( 'NONE',  ( 0.3159018322300940500, -0.1678359380240408100, -0.009352362540219750400 ) ) ;
#594 = CARTESIAN_POINT ( 'NONE',  ( -0.6237923519573728100, -0.005259386983039785400, -0.01933505330205131200 ) ) ;
#595 = DIRECTION ( 'NONE',  ( -1.000000000000000000, -1.210437758967410500E-015, -1.288985292745839900E-015 ) ) ;
#596 = CARTESIAN_POINT ( 'NONE',  ( -0.7810000000000001400, 0.1949999999999999800, -0.2605000000000000100 ) ) ;
#597 = EDGE_LOOP ( 'NONE', ( #5695, #4201, #3171, #484 ) ) ;
#598 = CARTESIAN_POINT ( 'NONE',  ( 1.707404996040164500E-017, 3.681415267913933400E-014, -3.018623448037659300E-018 ) ) ;
#599 = CARTESIAN_POINT ( 'NONE',  ( -0.6327432467974946100, -0.009914351206389591200, -0.01787975253710348900 ) ) ;
#600 = DIRECTION ( 'NONE',  ( 0.0000000000000000000, 0.0000000000000000000, -1.000000000000000000 ) ) ;
#601 = CARTESIAN_POINT ( 'NONE',  ( 0.1765715326924000000, -0.1862657594379000000, -0.04828029114538000300 ) ) ;
#602 = ORIENTED_EDGE ( 'NONE', *, *, #2004, .T. ) ;
#603 = DIRECTION ( 'NONE',  ( 2.731847993689610700E-014, 0.0000000000000000000, -1.000000000000000000 ) ) ;
#604 = ORIENTED_EDGE ( 'NONE', *, *, #4469, .F. ) ;
#605 = CARTESIAN_POINT ( 'NONE',  ( 0.2453094239879928300, -1.058706441877371700E-008, 0.1680983007247106900 ) ) ;
#606 = CARTESIAN_POINT ( 'NONE',  ( 0.2895171278659119400, 0.09667153964519614700, 0.1618259453433345800 ) ) ;
#607 = ORIENTED_EDGE ( 'NONE', *, *, #2414, .T. ) ;
#608 = VECTOR ( 'NONE', #2418, 39.37007874015748900 ) ;
#609 = CARTESIAN_POINT ( 'NONE',  ( -0.6394530835812128900, -0.01169871551245583500, -0.01690239261214972500 ) ) ;
#610 = VECTOR ( 'NONE', #3619, 39.37007874015748100 ) ;
#611 = DIRECTION ( 'NONE',  ( 1.000000000000000000, 5.558188429870848700E-017, 5.918869505956197600E-017 ) ) ;
#612 = DIRECTION ( 'NONE',  ( -1.000000000000000000, -0.0000000000000000000, -0.0000000000000000000 ) ) ;
#613 = ORIENTED_EDGE ( 'NONE', *, *, #5092, .F. ) ;
#614 = DIRECTION ( 'NONE',  ( 1.000000000000000000, -3.756177236531211600E-014, 3.756177236531380100E-014 ) ) ;
#615 = CARTESIAN_POINT ( 'NONE',  ( -0.6495546517074543000, -0.01209705688011324500, -0.01544397339771366600 ) ) ;
#616 = CARTESIAN_POINT ( 'NONE',  ( 0.7968750000000000000, 4.978686255640867500E-014, -6.189280072996085900E-017 ) ) ;
#617 = DIRECTION ( 'NONE',  ( -5.918869505956197600E-017, 0.0000000000000000000, 1.000000000000000000 ) ) ;
#618 = AXIS2_PLACEMENT_3D ( 'NONE', #140, #139, #127 ) ;
#619 = VERTEX_POINT ( 'NONE', #2779 ) ;
#620 = CARTESIAN_POINT ( 'NONE',  ( 0.2010265148319000100, -0.08511330197876999800, 0.1725734140495000000 ) ) ;
#621 = CARTESIAN_POINT ( 'NONE',  ( -0.7339999999999998700, -0.3025000000000372900, -0.1959999999999629000 ) ) ;
#622 = VERTEX_POINT ( 'NONE', #2827 ) ;
#623 = DIRECTION ( 'NONE',  ( -1.586479482186160900E-015, 0.0000000000000000000, 1.000000000000000000 ) ) ;
#624 = CARTESIAN_POINT ( 'NONE',  ( 0.7968749999989980200, 0.1920745307629762900, 0.1673171538786444000 ) ) ;
#625 = CARTESIAN_POINT ( 'NONE',  ( -0.6529864416062508600, -0.01185262714293833400, -0.01495077300472574500 ) ) ;
#626 = CARTESIAN_POINT ( 'NONE',  ( -0.6596074637710365200, -0.01063849012461786300, -0.01398014478052743800 ) ) ;
#627 = EDGE_LOOP ( 'NONE', ( #5043, #4887, #179, #5214 ) ) ;
#628 = FACE_OUTER_BOUND ( 'NONE', #4356, .T. ) ;
#629 = DIRECTION ( 'NONE',  ( 0.0000000000000000000, 0.0000000000000000000, 1.000000000000000000 ) ) ;
#630 = CARTESIAN_POINT ( 'NONE',  ( 0.1826683793027000000, 0.1553787846665000100, 0.08815728070740000400 ) ) ;
#631 = ORIENTED_EDGE ( 'NONE', *, *, #4225, .T. ) ;
#632 = ORIENTED_EDGE ( 'NONE', *, *, #5130, .F. ) ;
#633 = CARTESIAN_POINT ( 'NONE',  ( -0.7810000000000001400, -0.1491995308302289900, 0.2043538597629708800 ) ) ;
#634 = CARTESIAN_POINT ( 'NONE',  ( 0.7012500000000000400, -0.1501110699892999900, -0.2500000000000000000 ) ) ;
#635 = VECTOR ( 'NONE', #2386, 39.37007874015748100 ) ;
#636 = CARTESIAN_POINT ( 'NONE',  ( 0.2254814969715000000, 0.1516874238301000000, 0.1183922323061999800 ) ) ;
#637 = PLANE ( 'NONE',  #2647 ) ;
#638 = ORIENTED_EDGE ( 'NONE', *, *, #5976, .T. ) ;
#639 = VERTEX_POINT ( 'NONE', #2763 ) ;
#640 = CARTESIAN_POINT ( 'NONE',  ( -0.7810000000000001400, -0.2156675682618569000, 0.1605132393293429400 ) ) ;
#641 = FACE_OUTER_BOUND ( 'NONE', #1243, .T. ) ;
#642 = CARTESIAN_POINT ( 'NONE',  ( -0.7339999999999999900, -0.2580939751330749700, 0.1308147545195250100 ) ) ;
#643 = ORIENTED_EDGE ( 'NONE', *, *, #264, .F. ) ;
#644 = EDGE_LOOP ( 'NONE', ( #3334, #631, #3482, #769 ) ) ;
#645 = CARTESIAN_POINT ( 'NONE',  ( -0.6628346809601650700, -0.009675629132235250400, -0.01349741900729025200 ) ) ;
#646 = CARTESIAN_POINT ( 'NONE',  ( 0.0000000000000000000, 0.0000000000000000000, -0.3075000000000000000 ) ) ;
#647 = CARTESIAN_POINT ( 'NONE',  ( -0.7339999999999999900, -0.2454999999997350400, 0.1306808075914037700 ) ) ;
#648 = VERTEX_POINT ( 'NONE', #2754 ) ;
#649 = ORIENTED_EDGE ( 'NONE', *, *, #264, .T. ) ;
#650 = CARTESIAN_POINT ( 'NONE',  ( -0.7574999999999999500, 0.1949999999999999800, -0.2605000000000000100 ) ) ;
#651 = EDGE_CURVE ( 'NONE', #2796, #34, #1562, .T. ) ;
#652 = CARTESIAN_POINT ( 'NONE',  ( 0.2071233614422000000, 0.1178812904021000100, -0.1342319652004000100 ) ) ;
#653 = LINE ( 'NONE', #2488, #608 ) ;
#654 = CARTESIAN_POINT ( 'NONE',  ( -1.049000000000239100, 0.09700000000004639600, 0.2609395347128000100 ) ) ;
#655 = CARTESIAN_POINT ( 'NONE',  ( -0.6659736378617034900, -0.008343220732666939400, -0.01300562577294110200 ) ) ;
#656 = ORIENTED_EDGE ( 'NONE', *, *, #1477, .F. ) ;
#657 = ORIENTED_EDGE ( 'NONE', *, *, #3691, .T. ) ;
#658 = ORIENTED_EDGE ( 'NONE', *, *, #5541, .F. ) ;
#659 = CARTESIAN_POINT ( 'NONE',  ( 0.2499364791110000000, 0.1467319845203000100, -0.1244807587754000100 ) ) ;
#660 = CARTESIAN_POINT ( 'NONE',  ( 0.2104528583727005900, -0.1242927435867574600, -0.1403816812604285500 ) ) ;
#661 = DIRECTION ( 'NONE',  ( 1.000000000000000000, -0.0000000000000000000, -0.0000000000000000000 ) ) ;
#662 = ORIENTED_EDGE ( 'NONE', *, *, #1269, .T. ) ;
#663 = CARTESIAN_POINT ( 'NONE',  ( -0.7340000000000001000, 0.3075000000000000500, 0.2439999999999814300 ) ) ;
#664 = CARTESIAN_POINT ( 'NONE',  ( 0.7343750000000365300, -4.977465925828800400E-014, -0.1724999999999448600 ) ) ;
#665 = EDGE_CURVE ( 'NONE', #4573, #3534, #6123, .T. ) ;
#666 = ORIENTED_EDGE ( 'NONE', *, *, #436, .F. ) ;
#667 = DIRECTION ( 'NONE',  ( 0.0000000000000000000, 1.101551610344728300E-015, 1.000000000000000000 ) ) ;
#668 = CARTESIAN_POINT ( 'NONE',  ( -0.7809999999999999200, -0.2319310242291499600, 0.2319310242291499600 ) ) ;
#669 = CARTESIAN_POINT ( 'NONE',  ( 0.2315783435817000100, -0.1074918885949000000, -0.1426872810761999900 ) ) ;
#671 = ORIENTED_EDGE ( 'NONE', *, *, #1537, .F. ) ;
#670 = DIRECTION ( 'NONE',  ( -1.000000000000000000, 4.094932536742629700E-016, 4.360660245055356500E-016 ) ) ;
#672 = DIRECTION ( 'NONE',  ( 1.456985596621163600E-015, 0.0000000000000000000, -1.000000000000000000 ) ) ;
#673 = FACE_BOUND ( 'NONE', #2027, .T. ) ;
#674 = CARTESIAN_POINT ( 'NONE',  ( 0.2743914612505000100, -0.09208871486922999600, -0.1689536789117999900 ) ) ;
#675 = PRODUCT_DEFINITION_SHAPE ( 'NONE', 'NONE',  #565 ) ;
#676 = EDGE_LOOP ( 'NONE', ( #5370, #5195, #3956, #5520 ) ) ;
#677 = DIRECTION ( 'NONE',  ( 0.0000000000000000000, 0.0000000000000000000, -1.000000000000000000 ) ) ;
#678 = ORIENTED_EDGE ( 'NONE', *, *, #5613, .T. ) ;
#679 = DIRECTION ( 'NONE',  ( 1.000000000000000000, 1.111637685972489500E-015, 1.183773901191018600E-015 ) ) ;
#680 = CARTESIAN_POINT ( 'NONE',  ( 0.7812500000000011100, -1.141549637790003400E-013, 4.481875076955716200E-017 ) ) ;
#681 = CARTESIAN_POINT ( 'NONE',  ( 0.3070199999999999000, -5.653217941888984800E-014, 5.335577574977952400E-017 ) ) ;
#682 = ORIENTED_EDGE ( 'NONE', *, *, #3870, .F. ) ;
#683 = CARTESIAN_POINT ( 'NONE',  ( 0.2560333257212000200, -0.1615436067238000000, 0.07627436563396999800 ) ) ;
#684 = CARTESIAN_POINT ( 'NONE',  ( -0.7810000000000001400, 0.1927500000000000000, -0.1927500000000000000 ) ) ;
#685 = CARTESIAN_POINT ( 'NONE',  ( 0.1000001396367947600, 0.1517489156479767400, 0.1101236844791322600 ) ) ;
#686 = EDGE_CURVE ( 'NONE', #5311, #2635, #135, .T. ) ;
#687 = CARTESIAN_POINT ( 'NONE',  ( 0.2988464433899999900, -0.1841333776986000000, 0.05586164389283000000 ) ) ;
#688 = EDGE_LOOP ( 'NONE', ( #1075, #6357, #5303, #1250 ) ) ;
#689 = CARTESIAN_POINT ( 'NONE',  ( 0.1000000000000000100, -0.009769486614136688500, -0.1736914323819370400 ) ) ;
#690 = CARTESIAN_POINT ( 'NONE',  ( 0.1000000000000000200, 0.1445389967600331200, 0.1193957755166088200 ) ) ;
#691 = EDGE_LOOP ( 'NONE', ( #6043, #1027, #6406, #6232 ) ) ;
#692 = CARTESIAN_POINT ( 'NONE',  ( 0.2221770216944213600, 0.1872414423494167300, 0.01150488342038971500 ) ) ;
#693 = CARTESIAN_POINT ( 'NONE',  ( 0.04999999999999999600, 3.684424488560181800E-014, -0.2343750000000291200 ) ) ;
#694 = CARTESIAN_POINT ( 'NONE',  ( 0.2446191080535816100, 0.02341513757995460400, 0.1681003119919035100 ) ) ;
#695 = ORIENTED_EDGE ( 'NONE', *, *, #4828, .F. ) ;
#696 = VERTEX_POINT ( 'NONE', #2587 ) ;
#697 = CARTESIAN_POINT ( 'NONE',  ( 0.1000000000000000500, 0.1365253235402989800, 0.1279334434856055100 ) ) ;
#698 = CARTESIAN_POINT ( 'NONE',  ( -0.6655731808528684300, -0.008513204647871664200, 0.05706836142175985400 ) ) ;
#699 = CARTESIAN_POINT ( 'NONE',  ( 0.2804883078607999800, 0.04188080616487999800, 0.1736665390326999900 ) ) ;
#700 = DIRECTION ( 'NONE',  ( 1.000000000000000000, 0.0000000000000000000, 0.0000000000000000000 ) ) ;
#701 = CARTESIAN_POINT ( 'NONE',  ( 0.1000000000000000600, 0.1189105322920754500, 0.1434508713882632600 ) ) ;
#702 = CARTESIAN_POINT ( 'NONE',  ( -0.3905000000000000700, -0.3075000000000000000, 0.1306808075911999600 ) ) ;
#703 = VERTEX_POINT ( 'NONE', #2613 ) ;
#704 = ORIENTED_EDGE ( 'NONE', *, *, #2235, .F. ) ;
#705 = CARTESIAN_POINT ( 'NONE',  ( 0.3853461368340985200, -0.1875000000000200100, 1.639423379410329900E-015 ) ) ;
#706 = CARTESIAN_POINT ( 'NONE',  ( 0.3233014255294999800, 0.01730884393841999900, 0.1916402384238999600 ) ) ;
#707 = VECTOR ( 'NONE', #2590, 39.37007874015748100 ) ;
#708 = ORIENTED_EDGE ( 'NONE', *, *, #1048, .T. ) ;
#709 = ORIENTED_EDGE ( 'NONE', *, *, #1260, .T. ) ;
#710 = CARTESIAN_POINT ( 'NONE',  ( 0.2115916214847101100, -0.08947911825739840500, -0.1659657636120378800 ) ) ;
#711 = ADVANCED_FACE ( 'NONE', ( #1651, #1710 ), #2577, .F. ) ;
#712 = CARTESIAN_POINT ( 'NONE',  ( 0.09999999999999999200, 0.1095046239919986700, 0.1502548303410098700 ) ) ;
#713 = VERTEX_POINT ( 'NONE', #2605 ) ;
#714 = VERTEX_POINT ( 'NONE', #2528 ) ;
#715 = ORIENTED_EDGE ( 'NONE', *, *, #2990, .T. ) ;
#716 = DIRECTION ( 'NONE',  ( 0.0000000000000000000, 0.0000000000000000000, -1.000000000000000000 ) ) ;
#717 = CARTESIAN_POINT ( 'NONE',  ( 0.7031249999990882800, -0.2409381711213976800, -0.08268284613508397600 ) ) ;
#718 = CARTESIAN_POINT ( 'NONE',  ( 0.7968750000000000000, -2.244170441670291100E-013, -1.820947428276835500E-014 ) ) ;
#719 = COLOUR_RGB ( '',0.7529411764705882200, 0.7529411764705882200, 0.7529411764705882200 ) ;
#720 = CARTESIAN_POINT ( 'NONE',  ( 0.09999999999999999200, 0.08955682137364816300, 0.1620506089673420000 ) ) ;
#721 = ORIENTED_EDGE ( 'NONE', *, *, #1327, .T. ) ;
#722 = ORIENTED_EDGE ( 'NONE', *, *, #1218, .T. ) ;
#723 = CARTESIAN_POINT ( 'NONE',  ( 0.3049432900003000200, 0.1785526010263999700, -0.005744144730076000200 ) ) ;
#724 = ORIENTED_EDGE ( 'NONE', *, *, #3936, .T. ) ;
#725 = DIRECTION ( 'NONE',  ( 0.0000000000000000000, 1.000000000000000000, 0.0000000000000000000 ) ) ;
#726 = DIRECTION ( 'NONE',  ( 0.0000000000000000000, 0.0000000000000000000, -1.000000000000000000 ) ) ;
#727 = CARTESIAN_POINT ( 'NONE',  ( -0.7339999999999999900, 0.09700000000000001700, 0.2446000000000000100 ) ) ;
#728 = CARTESIAN_POINT ( 'NONE',  ( 0.09590867098154000300, 0.1249060773346000000, 0.1371906695497000000 ) ) ;
#729 = VERTEX_POINT ( 'NONE', #2653 ) ;
#730 = CARTESIAN_POINT ( 'NONE',  ( 0.09999999999999990800, 0.1685032311940500600, -0.06777779503189276800 ) ) ;
#731 = EDGE_LOOP ( 'NONE', ( #3929, #3803, #961, #3040 ) ) ;
#732 = CARTESIAN_POINT ( 'NONE',  ( -0.8939999999999997900, 0.01199999999999999200, 0.2605000000000000100 ) ) ;
#733 = DIRECTION ( 'NONE',  ( 1.000000000000000000, 0.0000000000000000000, 0.0000000000000000000 ) ) ;
#734 = ORIENTED_EDGE ( 'NONE', *, *, #3502, .T. ) ;
#735 = CARTESIAN_POINT ( 'NONE',  ( -1.054000000000241200, 0.2605000000000000100, 0.02200000000000684700 ) ) ;
#736 = ORIENTED_EDGE ( 'NONE', *, *, #3417, .T. ) ;
#737 = ADVANCED_FACE ( 'NONE', ( #1751 ), #2495, .T. ) ;
#738 = DIRECTION ( 'NONE',  ( 1.000000000000000000, 0.0000000000000000000, 0.0000000000000000000 ) ) ;
#739 = CARTESIAN_POINT ( 'NONE',  ( 0.1000000000000000200, 0.07890096778852057100, 0.1670799456600132700 ) ) ;
#740 = DIRECTION ( 'NONE',  ( 0.0000000000000000000, 0.0000000000000000000, -1.000000000000000000 ) ) ;
#741 = ORIENTED_EDGE ( 'NONE', *, *, #96, .F. ) ;
#742 = CARTESIAN_POINT ( 'NONE',  ( -0.6628476675297941800, -0.0009788629049238561700, -0.01300562723636334800 ) ) ;
#743 = B_SPLINE_CURVE_WITH_KNOTS ( 'NONE', 3,
 ( #4591, #4598, #4575, #4570 ),
 .UNSPECIFIED., .F., .F.,
 ( 4, 4 ),
 ( 0.0000000000000000000, 0.003694680973268197500 ),
 .UNSPECIFIED. ) ;
#744 = CARTESIAN_POINT ( 'NONE',  ( 0.07943168792457000500, 0.1600974634308999800, -0.04995991484172999900 ) ) ;
#745 = LINE ( 'NONE', #4902, #2390 ) ;
#746 = CARTESIAN_POINT ( 'NONE',  ( 0.7899107369752699200, -0.2649349102526806200, -0.04111927474372490500 ) ) ;
#747 = CARTESIAN_POINT ( 'NONE',  ( 0.1000000000000000100, -6.430407353524017400E-014, 6.189280072995864100E-017 ) ) ;
#748 = CARTESIAN_POINT ( 'NONE',  ( 0.1000000000000000100, 0.05694503203253631400, 0.1749627815544613200 ) ) ;
#749 = VERTEX_POINT ( 'NONE', #2520 ) ;
#750 = AXIS2_PLACEMENT_3D ( 'NONE', #2383, #2150, #2132 ) ;
#751 = CARTESIAN_POINT ( 'NONE',  ( 0.1203636531209999900, 0.1597157842451000000, -0.09441216358725998400 ) ) ;
#752 = EDGE_LOOP ( 'NONE', ( #2496, #991, #5375, #1322 ) ) ;
#753 = CARTESIAN_POINT ( 'NONE',  ( 0.1000000000000000100, -6.430407353524017400E-014, 6.189280072995864100E-017 ) ) ;
#754 = CARTESIAN_POINT ( 'NONE',  ( 0.1000000000000000500, 0.04571540679624999700, 0.1778127771763048400 ) ) ;
#755 = CARTESIAN_POINT ( 'NONE',  ( 0.2790887266557379200, 0.09222632815368712900, -0.1643914608319706500 ) ) ;
#756 = DIRECTION ( 'NONE',  ( 1.000000000000000000, 0.0000000000000000000, 0.0000000000000000000 ) ) ;
#757 = VERTEX_POINT ( 'NONE', #2455 ) ;
#758 = CARTESIAN_POINT ( 'NONE',  ( -0.8983107979760000000, 0.2605000000000000100, -0.09768920202403000300 ) ) ;
#759 = CARTESIAN_POINT ( 'NONE',  ( 0.1000000000000000500, 0.02276613340122724700, 0.1813875694544887000 ) ) ;
#760 = LENGTH_MEASURE_WITH_UNIT ( LENGTH_MEASURE( 0.02539999999999999900 ), #2337 );
#761 = CARTESIAN_POINT ( 'NONE',  ( -0.5873002854795057500, 0.09832192471132225600, 0.07959302181136090900 ) ) ;
#762 = CARTESIAN_POINT ( 'NONE',  ( 0.1020055175918000000, -0.07870686002193999500, -0.1526635798380000000 ) ) ;
#763 = VERTEX_POINT ( 'NONE', #2448 ) ;
#764 = CARTESIAN_POINT ( 'NONE',  ( -0.3670000000000000500, -0.1678464951687353400, 0.2951257157822471700 ) ) ;
#765 = DIRECTION ( 'NONE',  ( 0.0000000000000000000, 0.0000000000000000000, -1.000000000000000000 ) ) ;
#766 = CARTESIAN_POINT ( 'NONE',  ( 0.2439395308296289100, 0.04643319156214996400, 0.1631329498620282000 ) ) ;
#767 = CARTESIAN_POINT ( 'NONE',  ( 0.1448186352605999900, -0.05998393538669000200, -0.1755695371904999700 ) ) ;
#768 = CARTESIAN_POINT ( 'NONE',  ( 0.7656250000000364200, -4.976481891402338600E-014, -0.1724999999999448600 ) ) ;
#769 = ORIENTED_EDGE ( 'NONE', *, *, #2824, .F. ) ;
#770 = ORIENTED_EDGE ( 'NONE', *, *, #2277, .T. ) ;
#771 = CARTESIAN_POINT ( 'NONE',  ( 0.1000000000000001200, 0.01094982850378180800, 0.1820924466675742100 ) ) ;
#772 = EDGE_CURVE ( 'NONE', #3731, #277, #1644, .T. ) ;
#773 = DIRECTION ( 'NONE',  ( -0.1313901291254635500, 0.05577180091246963800, -0.9897606479302831800 ) ) ;
#774 = ORIENTED_EDGE ( 'NONE', *, *, #3730, .T. ) ;
#775 = ORIENTED_EDGE ( 'NONE', *, *, #3518, .F. ) ;
#776 = PRODUCT_DEFINITION_CONTEXT ( 'detailed design', #2116, 'design' ) ;
#777 = CARTESIAN_POINT ( 'NONE',  ( 0.7968749999999652500, 0.2165063509407895200, 0.1250000000091939500 ) ) ;
#778 = CARTESIAN_POINT ( 'NONE',  ( 0.2425994732300227100, 0.08805874824650408700, 0.1449734232912171500 ) ) ;
#779 = CARTESIAN_POINT ( 'NONE',  ( 0.1000000000000000700, -0.01225419632834326800, 0.1812238003347924600 ) ) ;
#780 = ORIENTED_EDGE ( 'NONE', *, *, #1819, .T. ) ;
#781 = ORIENTED_EDGE ( 'NONE', *, *, #5036, .F. ) ;
#782 = SURFACE_SIDE_STYLE ('',( #5304 ) ) ;
#783 = CARTESIAN_POINT ( 'NONE',  ( 0.1264604997313000000, -0.1654734126682000100, 0.04603741187252999300 ) ) ;
#784 =( NAMED_UNIT ( * ) SI_UNIT ( $, .STERADIAN. ) SOLID_ANGLE_UNIT ( ) );
#785 = CARTESIAN_POINT ( 'NONE',  ( 0.1000000000000000100, -0.02373730646062505500, 0.1796774097103680000 ) ) ;
#786 = CLOSED_SHELL ( 'NONE', ( #437, #4441, #5632, #5292, #5125, #5569, #5949, #5810, #5013, #5918, #5768, #4852, #4408, #4911, #4625, #4757, #416, #4539, #5377, #5425, #5118, #4460, #3299, #5337, #5156, #4681, #5640, #4159, #4190, #4153, #4884, #3321 ) ) ;
#787 = ORIENTED_EDGE ( 'NONE', *, *, #245, .T. ) ;
#788 = CARTESIAN_POINT ( 'NONE',  ( 0.1692736174001000000, -0.1840949188274000100, 0.02305947549575999800 ) ) ;
#789 = DIRECTION ( 'NONE',  ( 1.000000000000000000, -0.0000000000000000000, -0.0000000000000000000 ) ) ;
#790 = EDGE_LOOP ( 'NONE', ( #589, #261, #491, #805 ) ) ;
#791 = CARTESIAN_POINT ( 'NONE',  ( 0.7100892630247255300, -0.2649349102526907300, -0.04111927474370739900 ) ) ;
#792 = ORIENTED_EDGE ( 'NONE', *, *, #1198, .F. ) ;
#793 = VERTEX_POINT ( 'NONE', #2540 ) ;
#794 = CARTESIAN_POINT ( 'NONE',  ( 0.2419389928543700100, 0.1066499939577674200, 0.1317707056303645500 ) ) ;
#795 =( NAMED_UNIT ( * ) PLANE_ANGLE_UNIT ( ) SI_UNIT ( $, .RADIAN. ) );
#796 = ORIENTED_EDGE ( 'NONE', *, *, #5103, .T. ) ;
#797 = CARTESIAN_POINT ( 'NONE',  ( 0.09999999999999999200, -0.04646516399657468800, 0.1743552731853013900 ) ) ;
#798 = ORIENTED_EDGE ( 'NONE', *, *, #5750, .T. ) ;
#799 = CARTESIAN_POINT ( 'NONE',  ( 0.09999999999999999200, -0.05761081873648153000, 0.1705775380801991300 ) ) ;
#800 = EDGE_CURVE ( 'NONE', #1315, #1696, #1691, .T. ) ;
#801 = CARTESIAN_POINT ( 'NONE',  ( 0.3749999999999968400, -0.3057568851448452300, 1.641173065019245300E-015 ) ) ;
#802 = EDGE_CURVE ( 'NONE', #5126, #5711, #1762, .T. ) ;
#803 = ADVANCED_FACE ( 'NONE', ( #1738 ), #2285, .T. ) ;
#804 = CARTESIAN_POINT ( 'NONE',  ( 0.7100892630259330000, 0.1680777916369621500, -0.2088807252608775900 ) ) ;
#805 = ORIENTED_EDGE ( 'NONE', *, *, #4841, .T. ) ;
#806 =( CONVERSION_BASED_UNIT ( 'INCH', #2483 ) LENGTH_UNIT ( ) NAMED_UNIT ( #3977 ) );
#807 = CARTESIAN_POINT ( 'NONE',  ( 0.2406371289513562800, 0.1369706254706033200, 0.09988316477076182600 ) ) ;
#808 = CARTESIAN_POINT ( 'NONE',  ( 0.1937285995396000000, -0.01482063741802999900, 0.1849404483713000000 ) ) ;
#809 = CARTESIAN_POINT ( 'NONE',  ( 0.1000000000000000100, -0.07872354598778590100, 0.1610369541717391900 ) ) ;
#810 = CARTESIAN_POINT ( 'NONE',  ( -0.5989355881578630700, 0.1205378789138863800, -0.03837798518609034800 ) ) ;
#811 = ORIENTED_EDGE ( 'NONE', *, *, #247, .F. ) ;
#812 =( LENGTH_UNIT ( ) NAMED_UNIT ( * ) SI_UNIT ( $, .METRE. ) );
#813 = CARTESIAN_POINT ( 'NONE',  ( 0.2399957454239955200, 0.1487081739187450500, 0.08120913385004213700 ) ) ;
#814 = CARTESIAN_POINT ( 'NONE',  ( 0.7031250000000193200, 3.964380975180757000E-014, -0.2499999999999777700 ) ) ;
#815 = ORIENTED_EDGE ( 'NONE', *, *, #3517, .T. ) ;
#816 = CARTESIAN_POINT ( 'NONE',  ( 0.3149021843492942300, -0.1669691668229588700, 0.02429813994807814400 ) ) ;
#817 = EDGE_CURVE ( 'NONE', #2450, #342, #1771, .T. ) ;
#818 = CARTESIAN_POINT ( 'NONE',  ( 0.1000000000000000500, -0.08884052555727280100, 0.1552214327738371000 ) ) ;
#819 = CARTESIAN_POINT ( 'NONE',  ( 0.1000000000000000600, -0.1079181976564021600, 0.1416005610814827800 ) ) ;
#820 = FILL_AREA_STYLE ('',( #355 ) ) ;
#821 = EDGE_LOOP ( 'NONE', ( #4440, #4455, #4361, #4540 ) ) ;
#822 = SURFACE_STYLE_USAGE ( .BOTH. , #829 ) ;
#823 = ADVANCED_FACE ( 'NONE', ( #1810 ), #1850, .T. ) ;
#824 = SURFACE_STYLE_FILL_AREA ( #2230 ) ;
#825 = CARTESIAN_POINT ( 'NONE',  ( 0.2390479927691841500, 0.1603685322693337000, 0.05146871059052166000 ) ) ;
#826 = CARTESIAN_POINT ( 'NONE',  ( 0.2181835816791000100, 0.1780744578492000100, 0.05207734945659999600 ) ) ;
#827 = CARTESIAN_POINT ( 'NONE',  ( 0.2483014349059000100, -0.07624730633076999600, -0.1685094950601999900 ) ) ;
#828 = ORIENTED_EDGE ( 'NONE', *, *, #2865, .T. ) ;
#829 = SURFACE_SIDE_STYLE ('',( #2380 ) ) ;
#830 = ADVANCED_FACE ( 'NONE', ( #1803 ), #2171, .T. ) ;
#831 = CARTESIAN_POINT ( 'NONE',  ( 0.1000000000000000500, -0.1166546050069672300, 0.1339669737074338000 ) ) ;
#832 = CARTESIAN_POINT ( 'NONE',  ( -0.8915000000000000700, 0.05800000000000001000, 0.2605000000000000100 ) ) ;
#833 = CARTESIAN_POINT ( 'NONE',  ( 0.3140444547032520400, -0.1603415133595248500, 0.05250320758486291100 ) ) ;
#834 = CARTESIAN_POINT ( 'NONE',  ( 0.2387344623236180900, 0.1632766163859164200, 0.04126691810724738400 ) ) ;
#835 = ORIENTED_EDGE ( 'NONE', *, *, #2124, .T. ) ;
#836 = ADVANCED_FACE ( 'NONE', ( #1824 ), #1881, .T. ) ;
#837 = CARTESIAN_POINT ( 'NONE',  ( 0.1000000000000000500, -0.1325319313911619300, 0.1170631069424293700 ) ) ;
#838 = DIRECTION ( 'NONE',  ( 0.0000000000000000000, 0.0000000000000000000, -1.000000000000000000 ) ) ;
#839 = FACE_OUTER_BOUND ( 'NONE', #3288, .T. ) ;
#840 = DIRECTION ( 'NONE',  ( -1.000000000000000000, 2.410454112010823400E-015, 0.0000000000000000000 ) ) ;
#841 = CARTESIAN_POINT ( 'NONE',  ( 0.3136615619945074000, -0.1555950847341889300, 0.06463920356722376000 ) ) ;
#842 = ORIENTED_EDGE ( 'NONE', *, *, #3966, .T. ) ;
#843 = EDGE_LOOP ( 'NONE', ( #4748, #3100, #5135, #4839 ) ) ;
#844 = EDGE_CURVE ( 'NONE', #2784, #2610, #1875, .T. ) ;
#845 = CARTESIAN_POINT ( 'NONE',  ( 0.2382677473143253200, 0.1661773331738663500, 0.02582739809651993600 ) ) ;
#846 = AXIS2_PLACEMENT_3D ( 'NONE', #3612, #3510, #3499 ) ;
#847 = CARTESIAN_POINT ( 'NONE',  ( 0.2426385638185999900, 0.08715867104937000100, -0.1637860567787000100 ) ) ;
#848 = CARTESIAN_POINT ( 'NONE',  ( 0.1000000000000000600, -0.1397351853349710300, 0.1076788756676921000 ) ) ;
#849 = CARTESIAN_POINT ( 'NONE',  ( -0.6596005074981999800, -0.005625923680195999900, -0.01368604460204000100 ) ) ;
#850 = ORIENTED_EDGE ( 'NONE', *, *, #1945, .T. ) ;
#851 = ORIENTED_EDGE ( 'NONE', *, *, #2072, .F. ) ;
#852 = DIRECTION ( 'NONE',  ( -2.449490783530942700E-015, -1.000000000000000000, -1.178340830472019000E-031 ) ) ;
#853 = CARTESIAN_POINT ( 'NONE',  ( 0.2381127724210703700, 0.1669007251820561500, 0.02065779427002083600 ) ) ;
#854 = CARTESIAN_POINT ( 'NONE',  ( 0.7968750000009152700, 0.2409381711222928800, -0.08268284613353336900 ) ) ;
#855 = EDGE_CURVE ( 'NONE', #2883, #6250, #523, .T. ) ;
#856 = ORIENTED_EDGE ( 'NONE', *, *, #772, .F. ) ;
#857 = CARTESIAN_POINT ( 'NONE',  ( -0.9689999999986234100, 0.2604999999999998400, 0.02200000000000684700 ) ) ;
#858 = CYLINDRICAL_SURFACE ( 'NONE', #1428, 0.03270000000001886000 ) ;
#859 = CARTESIAN_POINT ( 'NONE',  ( 0.1000000000000000600, -0.1520076744936788000, 0.08790910948744157200 ) ) ;
#860 = EDGE_LOOP ( 'NONE', ( #4735, #5160, #1385, #266 ) ) ;
#861 = CARTESIAN_POINT ( 'NONE',  ( 0.2166646069346283000, 0.09378022241416168700, -0.1623613019364467100 ) ) ;
#862 = ORIENTED_EDGE ( 'NONE', *, *, #1101, .T. ) ;
#863 = EDGE_LOOP ( 'NONE', ( #4608, #1893, #4675, #2960, #1435, #5168, #5579, #3684, #5652, #1666, #1886 ) ) ;
#864 = CARTESIAN_POINT ( 'NONE',  ( 0.3129877208055700800, -0.1454562218320139800, 0.08504164226657282000 ) ) ;
#865 = EDGE_CURVE ( 'NONE', #999, #5972, #1840, .T. ) ;
#866 = CARTESIAN_POINT ( 'NONE',  ( 0.09999999999999999200, -0.1571242733410059300, 0.07751278944372334800 ) ) ;
#867 = CARTESIAN_POINT ( 'NONE',  ( 0.2670935459580999800, -0.1426728448586999900, -0.1186040129567000100 ) ) ;
#868 = CARTESIAN_POINT ( 'NONE',  ( 0.2378812052459517200, 0.1676218537376518700, 0.01290312036607999700 ) ) ;
#869 = ORIENTED_EDGE ( 'NONE', *, *, #2801, .F. ) ;
#870 = CIRCLE ( 'NONE', #1730, 0.3057568851450139200 ) ;
#871 = CARTESIAN_POINT ( 'NONE',  ( -0.8915000000000000700, 0.1360000000000000100, 0.2605000000000000100 ) ) ;
#872 = CARTESIAN_POINT ( 'NONE',  ( 0.1000000000000000500, -0.1652512314792054200, 0.05566369542483099600 ) ) ;
#873 = LINE ( 'NONE', #5767, #968 ) ;
#874 = CARTESIAN_POINT ( 'NONE',  ( 0.3126967723253774600, -0.1400588643278202500, 0.09332492928530017300 ) ) ;
#875 = FACE_OUTER_BOUND ( 'NONE', #3459, .T. ) ;
#876 = ORIENTED_EDGE ( 'NONE', *, *, #2453, .T. ) ;
#877 = CARTESIAN_POINT ( 'NONE',  ( 0.2378041653817061200, 0.1678015431906449400, 0.01031816507251991300 ) ) ;
#878 = ORIENTED_EDGE ( 'NONE', *, *, #1469, .F. ) ;
#879 =( GEOMETRIC_REPRESENTATION_CONTEXT ( 3 ) GLOBAL_UNCERTAINTY_ASSIGNED_CONTEXT ( ( #4794 ) ) GLOBAL_UNIT_ASSIGNED_CONTEXT ( ( #2193, #2191, #2176 ) ) REPRESENTATION_CONTEXT ( 'NONE', 'WORKASPACE' ) );
#880 = FILL_AREA_STYLE_COLOUR ( '', #2373 ) ;
#881 = CARTESIAN_POINT ( 'NONE',  ( 0.3123293077765029700, -0.1326525242641683200, 0.1033285412287935200 ) ) ;
#882 = CARTESIAN_POINT ( 'NONE',  ( 0.1000000000000000500, -0.1682269451720909100, 0.04423743500683054900 ) ) ;
#883 = B_SPLINE_CURVE_WITH_KNOTS ( 'NONE', 3,
 ( #2302, #3241, #222, #2266, #2252, #2219, #2204, #2166, #2152, #2130, #2118, #2082, #2073, #2063, #2038, #1643, #5209, #2136, #2030, #2024, #2008, #1995, #1988, #1983 ),
 .UNSPECIFIED., .F., .F.,
 ( 4, 2, 2, 2, 2, 2, 2, 2, 2, 2, 2, 4 ),
 ( 0.0000000000000000000, 0.1249999999999999400, 0.2500000000000000000, 0.3750000000000000600, 0.4375000000000000600, 0.4687500000000001100, 0.4843750000000001100, 0.5000000000000001100, 0.6250000000000001100, 0.7500000000000001100, 0.8750000000000000000, 1.000000000000000000 ),
 .UNSPECIFIED. ) ;
#884 = EDGE_LOOP ( 'NONE', ( #6313, #6151, #2617, #4768 ) ) ;
#885 = CARTESIAN_POINT ( 'NONE',  ( 0.2915485280976999900, -0.1451046768179999900, 0.1156158971764000000 ) ) ;
#886 = CARTESIAN_POINT ( 'NONE',  ( 0.1000000000000000200, -0.1718080196086435600, 0.02133013055814254200 ) ) ;
#887 = PRESENTATION_STYLE_ASSIGNMENT (( #2216 ) ) ;
#888 = CARTESIAN_POINT ( 'NONE',  ( -0.6605082223128999600, 0.007216320593152999800, -0.01285942792283000000 ) ) ;
#889 = EDGE_CURVE ( 'NONE', #3057, #6284, #1882, .T. ) ;
#890 = EDGE_CURVE ( 'NONE', #749, #3514, #1897, .T. ) ;
#891 = ORIENTED_EDGE ( 'NONE', *, *, #5173, .F. ) ;
#892 = FILL_AREA_STYLE ('',( #880 ) ) ;
#893 = ADVANCED_FACE ( 'NONE', ( #1923 ), #1990, .F. ) ;
#894 = CARTESIAN_POINT ( 'NONE',  ( 0.2376888293765288500, 0.1679803867604761900, 0.006444784206559544100 ) ) ;
#895 = DIRECTION ( 'NONE',  ( 1.000000000000000000, 0.0000000000000000000, -0.0000000000000000000 ) ) ;
#896 = FACE_OUTER_BOUND ( 'NONE', #542, .T. ) ;
#897 = EDGE_LOOP ( 'NONE', ( #3717, #180, #632, #217, #4936, #1097 ) ) ;
#898 = ADVANCED_FACE ( 'NONE', ( #1937 ), #2013, .T. ) ;
#899 = CARTESIAN_POINT ( 'NONE',  ( 0.1000000000000000100, -0.1724593102375294200, 0.009685558422444192800 ) ) ;
#900 = ORIENTED_EDGE ( 'NONE', *, *, #3930, .F. ) ;
#901 = CARTESIAN_POINT ( 'NONE',  ( 0.3122183126221139100, -0.1302925865824552900, 0.1062613289919727300 ) ) ;
#902 = CARTESIAN_POINT ( 'NONE',  ( -0.7330600000000000400, -0.2389999999999999900, -0.1887699999999999900 ) ) ;
#903 = CARTESIAN_POINT ( 'NONE',  ( 0.1000000000000000100, -0.1713299474687909600, -0.01375489916783890700 ) ) ;
#904 = CARTESIAN_POINT ( 'NONE',  ( 0.3160035102372000200, 0.08374306514247000000, 0.1655580196734999800 ) ) ;
#905 = CARTESIAN_POINT ( 'NONE',  ( 0.2376312173217378900, 0.1680471824701392500, 0.004509107719939224600 ) ) ;
#906 = CARTESIAN_POINT ( 'NONE',  ( 0.3157498778097959100, -0.1682505209331175700, 4.653589761059703200E-008 ) ) ;
#907 = EDGE_CURVE ( 'NONE', #278, #639, #2002, .T. ) ;
#908 = LINE ( 'NONE', #5966, #914 ) ;
#909 = CARTESIAN_POINT ( 'NONE',  ( 0.0000000000000000000, 0.3075000000000000000, 0.2454999999999766000 ) ) ;
#910 = VECTOR ( 'NONE', #4313, 39.37007874015748100 ) ;
#911 = CARTESIAN_POINT ( 'NONE',  ( 0.09999999999999989500, -0.1695853430741274800, -0.02524551171817780400 ) ) ;
#912 = DIRECTION ( 'NONE',  ( 0.9914466781300418400, 0.0000000000000000000, 0.1305123918442425700 ) ) ;
#913 = ORIENTED_EDGE ( 'NONE', *, *, #2902, .T. ) ;
#914 = VECTOR ( 'NONE', #5908, 39.37007874015748100 ) ;
#915 = EDGE_CURVE ( 'NONE', #1403, #2279, #1989, .T. ) ;
#916 = PLANE ( 'NONE',  #1151 ) ;
#917 = EDGE_CURVE ( 'NONE', #4960, #46, #1835, .T. ) ;
#918 = LINE ( 'NONE', #2615, #707 ) ;
#919 = CARTESIAN_POINT ( 'NONE',  ( 0.2375641011664612100, 0.1680858756248442800, 0.002253498811980293800 ) ) ;
#920 = ORIENTED_EDGE ( 'NONE', *, *, #4707, .T. ) ;
#921 = CIRCLE ( 'NONE', #4075, 0.06200000000006851400 ) ;
#922 = CARTESIAN_POINT ( 'NONE',  ( 0.3158031588029052200, -0.1681971559993744000, -0.003121739418747983400 ) ) ;
#923 = DIRECTION ( 'NONE',  ( -2.731847993689573100E-014, 1.000000000000000000, 0.0000000000000000000 ) ) ;
#924 = DIRECTION ( 'NONE',  ( -1.000000000000000000, -3.756177236531334700E-014, 3.756177236531292400E-014 ) ) ;
#925 = CARTESIAN_POINT ( 'NONE',  ( 0.09999999999999990800, -0.1637968528109018900, -0.04777929035567658100 ) ) ;
#926 = EDGE_CURVE ( 'NONE', #2209, #6285, #1961, .T. ) ;
#927 = MECHANICAL_DESIGN_GEOMETRIC_PRESENTATION_REPRESENTATION (  '', ( #969 ), #879 ) ;
#928 = ORIENTED_EDGE ( 'NONE', *, *, #4347, .F. ) ;
#929 = CIRCLE ( 'NONE', #4416, 0.2499999999999558700 ) ;
#930 = CARTESIAN_POINT ( 'NONE',  ( 0.08861075568918999600, 0.1605497916558000200, 0.07834734686495999100 ) ) ;
#931 = CARTESIAN_POINT ( 'NONE',  ( 0.2375353580803383200, 0.1680940892995316000, 0.001287479592511722400 ) ) ;
#932 = B_SPLINE_CURVE_WITH_KNOTS ( 'NONE', 3,
 ( #492, #474, #460, #454, #439, #422, #408, #399, #394, #380, #370, #360 ),
 .UNSPECIFIED., .F., .F.,
 ( 4, 1, 1, 1, 1, 1, 1, 1, 1, 4 ),
 ( 0.0000000000000000000, 0.1040615674861824600, 0.2163278399351493700, 0.3285941123804772000, 0.4408603848294441200, 0.5531266572747699500, 0.6653929297237388700, 0.7776592021727057900, 0.8899254746180316200, 1.000000000000000000 ),
 .UNSPECIFIED. ) ;
#933 = FACE_OUTER_BOUND ( 'NONE', #5096, .T. ) ;
#934 = CARTESIAN_POINT ( 'NONE',  ( -0.7809999999999999200, -0.2439999999999646600, -0.3025000000000354100 ) ) ;
#935 = ORIENTED_EDGE ( 'NONE', *, *, #4736, .T. ) ;
#936 = VERTEX_POINT ( 'NONE', #1744 ) ;
#937 = CARTESIAN_POINT ( 'NONE',  ( 0.1000000000000000200, -0.1596860408981596900, -0.05889140847231209800 ) ) ;
#938 = CARTESIAN_POINT ( 'NONE',  ( 0.2186143148966590600, -0.1344293091502336300, 0.1033082987984437200 ) ) ;
#939 = AXIS2_PLACEMENT_3D ( 'NONE', #3598, #3469, #3458 ) ;
#940 = DIRECTION ( 'NONE',  ( 7.286416665038868300E-016, 1.000000000000000000, 0.0000000000000000000 ) ) ;
#941 = EDGE_LOOP ( 'NONE', ( #2663, #942, #2842, #5207 ) ) ;
#942 = ORIENTED_EDGE ( 'NONE', *, *, #3210, .T. ) ;
#943 = ORIENTED_EDGE ( 'NONE', *, *, #1558, .F. ) ;
#944 = CARTESIAN_POINT ( 'NONE',  ( 0.2375162006852394300, 0.1680977095463998800, 0.0006436263701282321100 ) ) ;
#945 = CIRCLE ( 'NONE', #1416, 0.2500000000001477200 ) ;
#946 = CARTESIAN_POINT ( 'NONE',  ( 0.2572230354005350900, 0.1282269021182334500, 0.1385448902093295000 ) ) ;
#947 = EDGE_CURVE ( 'NONE', #1951, #2437, #5536, .T. ) ;
#948 = CARTESIAN_POINT ( 'NONE',  ( 0.3849082746835998900, 1.168129268917719200E-032, -7.843818551808515400E-014 ) ) ;
#949 = CARTESIAN_POINT ( 'NONE',  ( 0.1000000000000000500, -0.1493976267740067500, -0.07973558639806925500 ) ) ;
#950 = CONICAL_SURFACE ( 'NONE', #1461, 0.1878043917781492500, 0.7649928327132695700 ) ;
#951 = CARTESIAN_POINT ( 'NONE',  ( 0.1130657378287000000, 0.1093462106465000100, -0.1412721690427999900 ) ) ;
#952 = CARTESIAN_POINT ( 'NONE',  ( 0.2375052038096727400, 0.1680985854803661900, 0.0002740394497611259800 ) ) ;
#953 = DIRECTION ( 'NONE',  ( -1.000000000000000000, 0.0000000000000000000, 0.0000000000000000000 ) ) ;
#954 = VERTEX_POINT ( 'NONE', #1723 ) ;
#955 = ORIENTED_EDGE ( 'NONE', *, *, #1559, .T. ) ;
#956 = PRESENTATION_LAYER_ASSIGNMENT (  '', '', ( #969 ) ) ;
#957 = CARTESIAN_POINT ( 'NONE',  ( 0.7971920747688999700, -4.978686255640867500E-014, 0.1721956082217837000 ) ) ;
#958 = AXIS2_PLACEMENT_3D ( 'NONE', #2101, #2093, #2092 ) ;
#959 = DIRECTION ( 'NONE',  ( -0.0000000000000000000, -0.0000000000000000000, 1.000000000000000000 ) ) ;
#960 = DIRECTION ( 'NONE',  ( -1.000000000000000000, -0.0000000000000000000, -0.0000000000000000000 ) ) ;
#961 = ORIENTED_EDGE ( 'NONE', *, *, #1567, .F. ) ;
#962 = ADVANCED_FACE ( 'NONE', ( #2064 ), #1515, .T. ) ;
#963 = CARTESIAN_POINT ( 'NONE',  ( 0.2369752246159357900, 0.1680961895550078500, -0.01753736509377852200 ) ) ;
#964 = AXIS2_PLACEMENT_3D ( 'NONE', #2826, #2812, #2802 ) ;
#965 = CARTESIAN_POINT ( 'NONE',  ( 0.3159018322300940500, -0.1678359380240408100, -0.009352362540219750400 ) ) ;
#966 = AXIS2_PLACEMENT_3D ( 'NONE', #3712, #3541, #3558 ) ;
#967 = B_SPLINE_CURVE_WITH_KNOTS ( 'NONE', 3,
 ( #5997, #6488, #3362, #3879 ),
 .UNSPECIFIED., .F., .F.,
 ( 4, 4 ),
 ( 3.438955301360119500E-017, 0.003694680973804415200 ),
 .UNSPECIFIED. ) ;
#968 = VECTOR ( 'NONE', #5848, 39.37007874015748100 ) ;
#969 = STYLED_ITEM ( 'NONE', ( #887 ), #2818 ) ;
#970 = DIRECTION ( 'NONE',  ( -0.0000000000000000000, -1.000000000000000000, -0.0000000000000000000 ) ) ;
#971 = DIRECTION ( 'NONE',  ( -0.7213873210293241200, 0.0000000000000000000, 0.6925318281914086800 ) ) ;
#972 = CARTESIAN_POINT ( 'NONE',  ( 0.1375207199682000100, -0.1161018940351000000, -0.1357745204710000000 ) ) ;
#973 = CARTESIAN_POINT ( 'NONE',  ( 0.09999968334695028000, -0.1359696096524040700, -0.09883672460703169000 ) ) ;
#974 = CIRCLE ( 'NONE', #4400, 0.1875000000000200700 ) ;
#975 = CARTESIAN_POINT ( 'NONE',  ( 0.3849082746836000000, 0.1874616920256570700, -7.843818551808515400E-014 ) ) ;
#976 = EDGE_CURVE ( 'NONE', #5556, #5859, #2055, .T. ) ;
#977 = DIRECTION ( 'NONE',  ( 1.000000000000000000, -5.920079032546733600E-016, -5.559324250943807000E-016 ) ) ;
#978 = CARTESIAN_POINT ( 'NONE',  ( 0.2131563925203315600, -0.03363185114231799500, -0.1854814303150502700 ) ) ;
#979 = CARTESIAN_POINT ( 'NONE',  ( 0.1000000000000001600, -0.1432212347661092300, -0.08958459010947991700 ) ) ;
#980 = LINE ( 'NONE', #5757, #984 ) ;
#981 = CARTESIAN_POINT ( 'NONE',  ( 0.7211595114417742600, 0.2886751345948361200, 3.195979788088966700E-015 ) ) ;
#982 = CARTESIAN_POINT ( 'NONE',  ( -0.7810000000000001400, 0.2512500000000000300, -0.3075000000000000000 ) ) ;
#983 = AXIS2_PLACEMENT_3D ( 'NONE', #3659, #3687, #3677 ) ;
#984 = VECTOR ( 'NONE', #5729, 39.37007874015748100 ) ;
#985 = DIRECTION ( 'NONE',  ( 0.0000000000000000000, 0.0000000000000000000, 1.000000000000000000 ) ) ;
#986 = CARTESIAN_POINT ( 'NONE',  ( 0.2596121762680430000, 0.04919150386739656900, 0.1809292677022976700 ) ) ;
#987 = ADVANCED_FACE ( 'NONE', ( #2099 ), #1439, .F. ) ;
#988 = VECTOR ( 'NONE', #4704, 39.37007874015748100 ) ;
#989 = DIRECTION ( 'NONE',  ( -0.08715574274815635100, 0.9961946980917019100, 1.514773294352335800E-016 ) ) ;
#990 = CARTESIAN_POINT ( 'NONE',  ( 0.3120690594333833700, -0.1270148894021676800, 0.1101200689201559700 ) ) ;
#991 = ORIENTED_EDGE ( 'NONE', *, *, #1479, .F. ) ;
#992 = EDGE_LOOP ( 'NONE', ( #6214, #1779, #6056, #5704, #5245 ) ) ;
#993 = DIRECTION ( 'NONE',  ( 0.0000000000000000000, -1.000000000000000000, 0.0000000000000000000 ) ) ;
#994 = CARTESIAN_POINT ( 'NONE',  ( 0.1619757021076999600, -0.1565326398716999900, 0.08609210638132000500 ) ) ;
#995 = CARTESIAN_POINT ( 'NONE',  ( 0.2364210489973578300, 0.1653417600809757600, -0.03625472177737849200 ) ) ;
#996 = CARTESIAN_POINT ( 'NONE',  ( 0.3158543901472936100, -0.1680590147954590900, -0.006240786593635453200 ) ) ;
#997 = AXIS2_PLACEMENT_3D ( 'NONE', #3065, #3041, #3043 ) ;
#998 = ORIENTED_EDGE ( 'NONE', *, *, #3027, .F. ) ;
#999 = VERTEX_POINT ( 'NONE', #1393 ) ;
#1000 = PLANE ( 'NONE',  #1667 ) ;
#1001 = CARTESIAN_POINT ( 'NONE',  ( 0.2352479978584136600, 0.1524128015227208300, -0.07362294011924526400 ) ) ;
#1002 = CARTESIAN_POINT ( 'NONE',  ( 0.1069688912183999900, -0.07425023786498000100, 0.1775189748138999700 ) ) ;
#1003 = DIRECTION ( 'NONE',  ( -0.7071067811859973500, 8.659560562361670200E-017, -0.7071067811870976900 ) ) ;
#1004 = B_SPLINE_CURVE_WITH_KNOTS ( 'NONE', 3,
 ( #605, #694, #766, #778, #794, #807, #813, #825, #834, #845, #853, #868, #877, #894, #905, #919, #931, #944, #952, #963, #995, #1001, #1015, #1023, #1032, #1042, #1049, #1060 ),
 .UNSPECIFIED., .F., .F.,
 ( 4, 2, 2, 2, 2, 2, 2, 1, 1, 2, 2, 2, 2, 2, 4 ),
 ( 0.0000000000000000000, 0.1250000000000002200, 0.2500000000000004400, 0.3750000000000006700, 0.4375000000000008300, 0.4687500000000008900, 0.4843750000000009400, 0.4921875000000009400, 0.4960937500000009400, 0.4980468750000009400, 0.5000000000000008900, 0.6250000000000007800, 0.7500000000000005600, 0.8750000000000003300, 1.000000000000000000 ),
 .UNSPECIFIED. ) ;
#1005 = ORIENTED_EDGE ( 'NONE', *, *, #5683, .T. ) ;
#1006 = LINE ( 'NONE', #5744, #1017 ) ;
#1007 = AXIS2_PLACEMENT_3D ( 'NONE', #1065, #1022, #1013 ) ;
#1008 = CARTESIAN_POINT ( 'NONE',  ( 0.3120221816276155800, -0.1259657245370696100, 0.1113162223157612000 ) ) ;
#1009 = DIRECTION ( 'NONE',  ( 5.367088396195814000E-016, 0.0000000000000000000, 1.000000000000000000 ) ) ;
#1010 = CARTESIAN_POINT ( 'NONE',  ( 0.1307658951169446400, -0.1479568989871298000, -0.08696481868253307100 ) ) ;
#1011 = VERTEX_POINT ( 'NONE', #1417 ) ;
#1012 = ORIENTED_EDGE ( 'NONE', *, *, #405, .F. ) ;
#1013 = DIRECTION ( 'NONE',  ( 0.0000000000000000000, -0.7071067811865474600, 0.7071067811865474600 ) ) ;
#1014 = CARTESIAN_POINT ( 'NONE',  ( 0.3119561748046771900, -0.1244669366634850200, 0.1129826575841002300 ) ) ;
#1015 = CARTESIAN_POINT ( 'NONE',  ( 0.2346291223380473100, 0.1422357986896088400, -0.09228557872744658200 ) ) ;
#1016 = AXIS2_PLACEMENT_3D ( 'NONE', #1366, #1324, #1316 ) ;
#1017 = VECTOR ( 'NONE', #5687, 39.37007874015748100 ) ;
#1018 = DIRECTION ( 'NONE',  ( 1.000000000000000000, -0.0000000000000000000, -0.0000000000000000000 ) ) ;
#1019 = ORIENTED_EDGE ( 'NONE', *, *, #1101, .F. ) ;
#1020 = CIRCLE ( 'NONE', #1720, 0.2500000000001205100 ) ;
#1021 = DIRECTION ( 'NONE',  ( 0.0000000000000000000, 0.0000000000000000000, -1.000000000000000000 ) ) ;
#1022 = DIRECTION ( 'NONE',  ( -0.0000000000000000000, -0.7071067811865475700, -0.7071067811865475700 ) ) ;
#1023 = CARTESIAN_POINT ( 'NONE',  ( 0.2333266713955198200, 0.1136820674498446300, -0.1257741412514573300 ) ) ;
#1024 = DIRECTION ( 'NONE',  ( -1.082673996788498500E-015, -1.000000000000000000, 0.0000000000000000000 ) ) ;
#1025 = ADVANCED_FACE ( 'NONE', ( #2106 ), #2163, .F. ) ;
#1026 = CARTESIAN_POINT ( 'NONE',  ( -0.3905000000000000700, -0.2439999999999999700, -0.3075000000000000000 ) ) ;
#1027 = ORIENTED_EDGE ( 'NONE', *, *, #2212, .T. ) ;
#1028 = CARTESIAN_POINT ( 'NONE',  ( 0.1314238733579000100, 0.1587214430141999900, 0.1087820441641000100 ) ) ;
#1029 = VERTEX_POINT ( 'NONE', #1352 ) ;
#1030 = DIRECTION ( 'NONE',  ( 0.0000000000000000000, 0.0000000000000000000, 1.000000000000000000 ) ) ;
#1031 = ADVANCED_FACE ( 'NONE', ( #2131 ), #1331, .T. ) ;
#1032 = CARTESIAN_POINT ( 'NONE',  ( 0.2326430959733590800, 0.09529810551644112000, -0.1405981477103979400 ) ) ;
#1033 = ORIENTED_EDGE ( 'NONE', *, *, #367, .T. ) ;
#1034 = CARTESIAN_POINT ( 'NONE',  ( -0.7574999999999999500, 0.2605000000000000100, -0.1949999999999999800 ) ) ;
#1035 =( GEOMETRIC_REPRESENTATION_CONTEXT ( 3 ) GLOBAL_UNCERTAINTY_ASSIGNED_CONTEXT ( ( #5496 ) ) GLOBAL_UNIT_ASSIGNED_CONTEXT ( ( #2323, #2314, #2312 ) ) REPRESENTATION_CONTEXT ( 'NONE', 'WORKASPACE' ) );
#1036 = CARTESIAN_POINT ( 'NONE',  ( 0.3119242488646366600, -0.1237362580105133100, 0.1137839200400409500 ) ) ;
#1037 = AXIS2_PLACEMENT_3D ( 'NONE', #2965, #2981, #4491 ) ;
#1038 = CARTESIAN_POINT ( 'NONE',  ( 0.2524981501836571200, -0.1680949430632938700, 0.02093585438958379300 ) ) ;
#1039 = ORIENTED_EDGE ( 'NONE', *, *, #3702, .F. ) ;
#1040 = DIRECTION ( 'NONE',  ( 0.0000000000000000000, 0.0000000000000000000, -1.000000000000000000 ) ) ;
#1041 = ORIENTED_EDGE ( 'NONE', *, *, #3400, .F. ) ;
#1042 = CARTESIAN_POINT ( 'NONE',  ( 0.2312112452272433200, 0.05169178344176268000, -0.1617771472018448800 ) ) ;
#1043 = CARTESIAN_POINT ( 'NONE',  ( 0.3070199999999998500, -5.651659578837069700E-014, -0.1272500000000276200 ) ) ;
#1044 = DIRECTION ( 'NONE',  ( -1.000000000000000000, 1.172870181530256900E-015, 1.101398411666896200E-015 ) ) ;
#1046 = LINE ( 'NONE', #5497, #1068 ) ;
#1045 = DIRECTION ( 'NONE',  ( 1.000000000000000000, 0.0000000000000000000, 0.0000000000000000000 ) ) ;
#1047 = CARTESIAN_POINT ( 'NONE',  ( 0.4052700307959143400, 6.189280072998427900E-017, -8.505651413398584300E-014 ) ) ;
#1048 = EDGE_CURVE ( 'NONE', #5038, #6291, #2103, .T. ) ;
#1049 = CARTESIAN_POINT ( 'NONE',  ( 0.2304629699032891000, 0.02647128258807532000, -0.1680947966833563600 ) ) ;
#1050 = EDGE_CURVE ( 'NONE', #1126, #4335, #2157, .T. ) ;
#1051 = CARTESIAN_POINT ( 'NONE',  ( 0.1558788554973999900, 0.1387666039241000100, -0.1333034165862000100 ) ) ;
#1052 = DIRECTION ( 'NONE',  ( 0.0000000000000000000, 0.0000000000000000000, -1.000000000000000000 ) ) ;
#1053 = VERTEX_POINT ( 'NONE', #1265 ) ;
#1054 = CARTESIAN_POINT ( 'NONE',  ( 0.7031250000000154300, 4.210354007422793300E-015, 3.267973162420875000E-014 ) ) ;
#1055 = CARTESIAN_POINT ( 'NONE',  ( 0.2816505463427312300, 0.1611111131187055500, -0.09785356610441876800 ) ) ;
#1056 = AXIS2_PLACEMENT_3D ( 'NONE', #2238, #2213, #2248 ) ;
#1057 = VECTOR ( 'NONE', #5012, 39.37007874015748100 ) ;
#1058 = CARTESIAN_POINT ( 'NONE',  ( 0.3118888875095883800, -0.1229184576964426900, 0.1146643309542833300 ) ) ;
#1059 = PLANE ( 'NONE',  #1007 ) ;
#1060 = CARTESIAN_POINT ( 'NONE',  ( 0.2296854282223822500, 5.720046240245896100E-008, -0.1680968956553264800 ) ) ;
#1061 = CARTESIAN_POINT ( 'NONE',  ( -0.6659736096355277600, -0.008343232713955060800, 0.05700562899729088400 ) ) ;
#1062 = CIRCLE ( 'NONE', #3708, 0.3057568851450139200 ) ;
#1063 = AXIS2_PLACEMENT_3D ( 'NONE', #3918, #3926, #4035 ) ;
#1064 =( GEOMETRIC_REPRESENTATION_CONTEXT ( 3 ) GLOBAL_UNCERTAINTY_ASSIGNED_CONTEXT ( ( #6206 ) ) GLOBAL_UNIT_ASSIGNED_CONTEXT ( ( #2596, #2582, #2571 ) ) REPRESENTATION_CONTEXT ( 'NONE', 'WORKASPACE' ) );
#1065 = CARTESIAN_POINT ( 'NONE',  ( 0.01562000000000000000, -0.2573444419450000000, 0.1300652213315000000 ) ) ;
#1066 = CARTESIAN_POINT ( 'NONE',  ( 0.3118716782258141900, -0.1225184425240699200, 0.1150911213345933900 ) ) ;
#1067 = CARTESIAN_POINT ( 'NONE',  ( 0.1803338376370000100, -0.1023286420992000100, -0.1629563105247000000 ) ) ;
#1068 = VECTOR ( 'NONE', #5345, 39.37007874015748900 ) ;
#1069 = CARTESIAN_POINT ( 'NONE',  ( 0.1359359335602048600, 1.594679665864693200E-008, -0.1680997772876501300 ) ) ;
#1070 = AXIS2_PLACEMENT_3D ( 'NONE', #4021, #3994, #3982 ) ;
#1071 = AXIS2_PLACEMENT_3D ( 'NONE', #3757, #3720, #3706 ) ;
#1072 = ORIENTED_EDGE ( 'NONE', *, *, #1364, .T. ) ;
#1073 = LINE ( 'NONE', #3747, #1057 ) ;
#1074 = CARTESIAN_POINT ( 'NONE',  ( 0.2910562228825964700, 0.04279913441644944000, 0.1835568907808916800 ) ) ;
#1075 = ORIENTED_EDGE ( 'NONE', *, *, #4904, .F. ) ;
#1076 = EDGE_LOOP ( 'NONE', ( #568, #5039 ) ) ;
#1077 = MECHANICAL_DESIGN_GEOMETRIC_PRESENTATION_REPRESENTATION (  '', ( #1111 ), #1064 ) ;
#1078 = PLANE ( 'NONE',  #1328 ) ;
#1079 = AXIS2_PLACEMENT_3D ( 'NONE', #3907, #3897, #3894 ) ;
#1080 = EDGE_CURVE ( 'NONE', #1011, #3824, #2980, .T. ) ;
#1081 = CARTESIAN_POINT ( 'NONE',  ( 0.1365335549181881900, 0.02015969190086830400, -0.1681014302547727800 ) ) ;
#1082 = AXIS2_PLACEMENT_3D ( 'NONE', #1963, #1916, #1911 ) ;
#1083 = CARTESIAN_POINT ( 'NONE',  ( 0.3118644038314289900, -0.1223489346032634700, 0.1152711763177137700 ) ) ;
#1084 = DIRECTION ( 'NONE',  ( -0.9110794801760944100, 0.3867302948997278200, 0.1427370302648449400 ) ) ;
#1085 = ORIENTED_EDGE ( 'NONE', *, *, #2604, .T. ) ;
#1086 = ORIENTED_EDGE ( 'NONE', *, *, #5432, .T. ) ;
#1087 = DIRECTION ( 'NONE',  ( 0.7071067811947181500, 0.0000000000000000000, -0.7071067811783766600 ) ) ;
#1088 = CARTESIAN_POINT ( 'NONE',  ( 0.2047888197764999600, -0.1803458577165000000, 0.06709112762442000200 ) ) ;
#1089 = CARTESIAN_POINT ( 'NONE',  ( 0.1371448575798535900, 0.04080848946615873300, -0.1644243263716201300 ) ) ;
#1090 = EDGE_CURVE ( 'NONE', #1741, #6377, #2151, .T. ) ;
#1091 = EDGE_CURVE ( 'NONE', #2798, #2208, #2031, .T. ) ;
#1092 = ORIENTED_EDGE ( 'NONE', *, *, #1602, .T. ) ;
#1093 = ORIENTED_EDGE ( 'NONE', *, *, #907, .T. ) ;
#1094 = ADVANCED_FACE ( 'NONE', ( #2254 ), #1059, .T. ) ;
#1095 = CARTESIAN_POINT ( 'NONE',  ( 0.2535640065666999700, 0.1094402524745000000, -0.1491037265566000100 ) ) ;
#1096 = CARTESIAN_POINT ( 'NONE',  ( 0.7968749999999652500, 0.2165063509407895200, 0.1250000000091939500 ) ) ;
#1097 = ORIENTED_EDGE ( 'NONE', *, *, #3819, .F. ) ;
#1098 = ORIENTED_EDGE ( 'NONE', *, *, #4677, .F. ) ;
#1099 = ORIENTED_EDGE ( 'NONE', *, *, #4469, .T. ) ;
#1100 = CARTESIAN_POINT ( 'NONE',  ( 0.3118595766824936400, -0.1222363601127004900, 0.1153905806325855600 ) ) ;
#1101 = EDGE_CURVE ( 'NONE', #2247, #3092, #2197, .T. ) ;
#1102 = CARTESIAN_POINT ( 'NONE',  ( -0.6597219338546975700, 0.006384854396439942200, -0.01300562354213000100 ) ) ;
#1103 = EDGE_CURVE ( 'NONE', #4796, #3514, #2272, .T. ) ;
#1104 = CYLINDRICAL_SURFACE ( 'NONE', #1137, 0.1272500000000276700 ) ;
#1105 = CARTESIAN_POINT ( 'NONE',  ( 0.01562000000000000000, -0.1382044237430999900, 0.3075000000000000000 ) ) ;
#1106 = CARTESIAN_POINT ( 'NONE',  ( -0.8979999999999999100, 0.2605000000000000100, 0.1420000000000472600 ) ) ;
#1107 = CARTESIAN_POINT ( 'NONE',  ( 0.1864306842472000000, 0.05249644490429999200, 0.1707582731783000000 ) ) ;
#1108 = FACE_OUTER_BOUND ( 'NONE', #941, .T. ) ;
#1109 = CARTESIAN_POINT ( 'NONE',  ( 0.3747930772633000200, 0.3081220228479097900, 1.678977117346358100E-015 ) ) ;
#1110 = CARTESIAN_POINT ( 'NONE',  ( 0.1984338297757837500, 9.018309094250816200E-008, -0.1680981337563035300 ) ) ;
#1111 = STYLED_ITEM ( 'NONE', ( #512 ), #6293 ) ;
#1112 = CARTESIAN_POINT ( 'NONE',  ( 0.2292438019160000000, 0.02906117639404000000, 0.1902136529744999600 ) ) ;
#1113 = AXIS2_PLACEMENT_3D ( 'NONE', #4094, #4070, #4060 ) ;
#1114 = EDGE_CURVE ( 'NONE', #1578, #713, #2303, .T. ) ;
#1115 = LINE ( 'NONE', #5002, #1118 ) ;
#1116 = CARTESIAN_POINT ( 'NONE',  ( 0.3118590808156017100, -0.1222248225072648800, 0.1154028684598732800 ) ) ;
#1117 = DIRECTION ( 'NONE',  ( 0.0000000000000000000, 0.0000000000000000000, 1.000000000000000000 ) ) ;
#1118 = VECTOR ( 'NONE', #4247, 39.37007874015748900 ) ;
#1119 = ADVANCED_FACE ( 'NONE', ( #2265 ), #2407, .F. ) ;
#1120 = AXIS2_PLACEMENT_3D ( 'NONE', #3146, #3102, #3101 ) ;
#1121 = CARTESIAN_POINT ( 'NONE',  ( 0.1986800453246918600, 0.008388902262706722900, -0.1680982887214787500 ) ) ;
#1122 = FACE_OUTER_BOUND ( 'NONE', #897, .T. ) ;
#1123 = DIRECTION ( 'NONE',  ( 0.7071067811928326600, 0.0000000000000000000, 0.7071067811802624900 ) ) ;
#1124 = CARTESIAN_POINT ( 'NONE',  ( -0.7330600000000000400, 0.1950000000000000100, -0.3033400000000000000 ) ) ;
#1125 = DIRECTION ( 'NONE',  ( 0.0000000000000000000, -0.0000000000000000000, 1.000000000000000000 ) ) ;
#1126 = VERTEX_POINT ( 'NONE', #909 ) ;
#1127 = CARTESIAN_POINT ( 'NONE',  ( 0.1383937819636847100, 0.08014606435725427100, -0.1492555242173638800 ) ) ;
#1128 = CARTESIAN_POINT ( 'NONE',  ( 0.2108856663868000100, 0.1778616409602999900, -0.01671668520031999900 ) ) ;
#1129 = LENGTH_MEASURE_WITH_UNIT ( LENGTH_MEASURE( 0.02539999999999999900 ), #2202 );
#1130 = CARTESIAN_POINT ( 'NONE',  ( 0.3113046889886482100, -0.1092745847134468900, 0.1290986753261324800 ) ) ;
#1131 = CARTESIAN_POINT ( 'NONE',  ( -0.7809999999999999200, -0.1682914139223499500, 0.2955706345359500100 ) ) ;
#1132 = CARTESIAN_POINT ( 'NONE',  ( 0.1995129613291434200, 0.03654113380700667300, -0.1660053192175064700 ) ) ;
#1133 = DIRECTION ( 'NONE',  ( 0.0000000000000000000, 1.000000000000000000, 0.0000000000000000000 ) ) ;
#1134 = EDGE_CURVE ( 'NONE', #63, #2602, #2325, .T. ) ;
#1135 = MANIFOLD_SOLID_BREP ( 'Imported4', #6380 ) ;
#1136 = ORIENTED_EDGE ( 'NONE', *, *, #3591, .F. ) ;
#1137 = AXIS2_PLACEMENT_3D ( 'NONE', #4231, #4187, #4249 ) ;
#1138 = CARTESIAN_POINT ( 'NONE',  ( 0.2536987840555000000, 0.1921514479433000000, 0.01017578235355000000 ) ) ;
#1139 = CARTESIAN_POINT ( 'NONE',  ( 0.1390314036858503700, 0.09882972797826854200, -0.1377467556804797000 ) ) ;
#1140 = FACE_OUTER_BOUND ( 'NONE', #1618, .T. ) ;
#1141 = VECTOR ( 'NONE', #5072, 39.37007874015748100 ) ;
#1142 = CARTESIAN_POINT ( 'NONE',  ( 0.3106926934972541500, -0.09263657395092739200, 0.1420905764476829700 ) ) ;
#1143 = DIRECTION ( 'NONE',  ( 0.0000000000000000000, 0.0000000000000000000, -1.000000000000000000 ) ) ;
#1144 = EDGE_CURVE ( 'NONE', #6207, #4847, #2574, .T. ) ;
#1145 = AXIS2_PLACEMENT_3D ( 'NONE', #4525, #4516, #4506 ) ;
#1146 = AXIS2_PLACEMENT_3D ( 'NONE', #2925, #2913, #2903 ) ;
#1147 = CARTESIAN_POINT ( 'NONE',  ( 0.2009306075181346900, 0.08264316258738153800, -0.1504173240436922900 ) ) ;
#1148 = CARTESIAN_POINT ( 'NONE',  ( 0.2026847980717402500, 0.1295151167703529300, -0.1126103673818729800 ) ) ;
#1149 = FACE_OUTER_BOUND ( 'NONE', #4407, .T. ) ;
#1150 = CARTESIAN_POINT ( 'NONE',  ( 0.2353406485262999900, 0.01975556914147999800, -0.1775496432663999900 ) ) ;
#1151 = AXIS2_PLACEMENT_3D ( 'NONE', #902, #725, #716 ) ;
#1152 = PRESENTATION_LAYER_ASSIGNMENT (  '', '', ( #1111 ) ) ;
#1153 = AXIS2_PLACEMENT_3D ( 'NONE', #4324, #4384, #4302 ) ;
#1154 = ORIENTED_EDGE ( 'NONE', *, *, #405, .T. ) ;
#1155 = CYLINDRICAL_SURFACE ( 'NONE', #3942, 0.2343750000000291200 ) ;
#1156 = CARTESIAN_POINT ( 'NONE',  ( 0.3093448999634685900, -0.05147739965320358900, 0.1616373149872775400 ) ) ;
#1157 = CARTESIAN_POINT ( 'NONE',  ( -0.7308200000000000300, 0.2609395347128000100, -0.1029999999999999900 ) ) ;
#1158 = CARTESIAN_POINT ( 'NONE',  ( 0.2044389886253403000, 0.1604419723157080600, -0.06093956389154995400 ) ) ;
#1159 = ADVANCED_FACE ( 'NONE', ( #2360 ), #916, .T. ) ;
#1160 = CARTESIAN_POINT ( 'NONE',  ( -0.9639999999985462400, 0.09700000000004639600, 0.2609395347128000100 ) ) ;
#1161 = CARTESIAN_POINT ( 'NONE',  ( 0.2781537661949999900, 0.04898504104695999800, -0.1860809885255000100 ) ) ;
#1162 = CARTESIAN_POINT ( 'NONE',  ( 0.1403329661906895000, 0.1309450641419752100, -0.1076644582929222300 ) ) ;
#1163 = ORIENTED_EDGE ( 'NONE', *, *, #1877, .F. ) ;
#1164 = ORIENTED_EDGE ( 'NONE', *, *, #3667, .T. ) ;
#1165 = AXIS2_PLACEMENT_3D ( 'NONE', #3179, #3202, #3153 ) ;
#1166 = CARTESIAN_POINT ( 'NONE',  ( 0.3086091019210797600, -0.02686287835438076800, 0.1681009702054509200 ) ) ;
#1167 = DIRECTION ( 'NONE',  ( -1.000000000000000000, 0.0000000000000000000, 0.0000000000000000000 ) ) ;
#1168 = EDGE_CURVE ( 'NONE', #1922, #5989, #2400, .T. ) ;
#1169 = CARTESIAN_POINT ( 'NONE',  ( -0.7339999999999983200, 0.2444999999999999700, 0.1101935541909882800 ) ) ;
#1170 = ORIENTED_EDGE ( 'NONE', *, *, #6025, .T. ) ;
#1171 = VECTOR ( 'NONE', #6209, 39.37007874015748100 ) ;
#1172 = CARTESIAN_POINT ( 'NONE',  ( 0.2061931791789402800, 0.1716162396108358600, -0.001766306594797336900 ) ) ;
#1173 = CARTESIAN_POINT ( 'NONE',  ( -0.7810000000000001400, -0.2043538597628570300, 0.1491995308303430700 ) ) ;
#1174 = VECTOR ( 'NONE', #443, 39.37007874015748900 ) ;
#1175 = DIRECTION ( 'NONE',  ( -1.000000000000000000, -0.0000000000000000000, -0.0000000000000000000 ) ) ;
#1176 = ORIENTED_EDGE ( 'NONE', *, *, #3282, .F. ) ;
#1177 = ORIENTED_EDGE ( 'NONE', *, *, #2499, .T. ) ;
#1178 = EDGE_CURVE ( 'NONE', #441, #328, #2627, .T. ) ;
#1179 = CARTESIAN_POINT ( 'NONE',  ( 0.1409969069733622000, 0.1443783912442995500, -0.08909839321000544200 ) ) ;
#1180 = CARTESIAN_POINT ( 'NONE',  ( 0.2597956306658000300, -0.1698377354487000100, -0.05540082893184999900 ) ) ;
#1181 = CARTESIAN_POINT ( 'NONE',  ( 0.3078127296317212900, 4.062929549639075200E-008, 0.1680977908734097000 ) ) ;
#1182 = PLANE ( 'NONE',  #1291 ) ;
#1183 = CARTESIAN_POINT ( 'NONE',  ( 0.2079473697325402200, 0.1616622455555203600, 0.05762437421993119000 ) ) ;
#1184 = EDGE_LOOP ( 'NONE', ( #4655, #5550, #173, #120, #5049, #1329, #4481, #3185, #2854, #2162, #5356, #4209, #5608, #815, #433, #1413, #3572, #3191, #4217, #2352, #6201, #3722 ) ) ;
#1185 = DIRECTION ( 'NONE',  ( 0.0000000000000000000, 0.0000000000000000000, 1.000000000000000000 ) ) ;
#1186 = VERTEX_POINT ( 'NONE', #663 ) ;
#1187 = LINE ( 'NONE', #5107, #1141 ) ;
#1188 = CARTESIAN_POINT ( 'NONE',  ( 0.3026087483345000200, -0.1722570188816000300, -0.08575042762908000000 ) ) ;
#1189 = CARTESIAN_POINT ( 'NONE',  ( 0.1000000000000000500, 0.001983495675804147900, -0.1743595242844934200 ) ) ;
#1190 = AXIS2_PLACEMENT_3D ( 'NONE', #4482, #4369, #4354 ) ;
#1191 = ORIENTED_EDGE ( 'NONE', *, *, #5372, .T. ) ;
#1192 = DIRECTION ( 'NONE',  ( -1.000000000000000000, 0.0000000000000000000, 0.0000000000000000000 ) ) ;
#1193 = ORIENTED_EDGE ( 'NONE', *, *, #1768, .F. ) ;
#1194 = CARTESIAN_POINT ( 'NONE',  ( 0.2993726617508755100, -0.1748685220686419800, -0.06173908718566822900 ) ) ;
#1195 = CARTESIAN_POINT ( 'NONE',  ( 0.2097015602861403100, 0.1318054892097896800, 0.1099206975862698900 ) ) ;
#1196 = CARTESIAN_POINT ( 'NONE',  ( 0.2114557508397402800, 0.08572175841518056600, 0.1486843081027110800 ) ) ;
#1197 = DIRECTION ( 'NONE',  ( 0.0000000000000000000, 1.000000000000000000, 0.0000000000000000000 ) ) ;
#1198 = EDGE_CURVE ( 'NONE', #4396, #39, #3243, .T. ) ;
#1199 = CIRCLE ( 'NONE', #2614, 0.08500000000161384000 ) ;
#1200 = AXIS2_PLACEMENT_3D ( 'NONE', #3258, #3394, #3268 ) ;
#1201 = CARTESIAN_POINT ( 'NONE',  ( -0.6205309387324881000, 0.01893972893228656700, 0.06739868658994360700 ) ) ;
#1202 = CARTESIAN_POINT ( 'NONE',  ( -0.7810000000000001400, -0.3025000000000177500, -0.1910000000000000000 ) ) ;
#1203 = CARTESIAN_POINT ( 'NONE',  ( 0.2842506128053000100, -0.08873474458643000600, 0.1550490469865999900 ) ) ;
#1204 = CARTESIAN_POINT ( 'NONE',  ( 0.7211595114417742600, -0.2886751345948361200, -3.196651316724173200E-015 ) ) ;
#1205 = VERTEX_POINT ( 'NONE', #525 ) ;
#1206 = CARTESIAN_POINT ( 'NONE',  ( 0.2105104997445254600, -0.1226500421051645200, -0.1418184825059093700 ) ) ;
#1207 = CARTESIAN_POINT ( 'NONE',  ( 0.7031250000000154300, -0.2165063509434527500, -0.1250000000046127500 ) ) ;
#1208 = CARTESIAN_POINT ( 'NONE',  ( 0.3270637304741000300, -0.1189412916695000000, 0.1512565281638000000 ) ) ;
#1209 = CARTESIAN_POINT ( 'NONE',  ( 0.1423511075992040200, 0.1629514211878689300, -0.04717924285166740600 ) ) ;
#1210 = ORIENTED_EDGE ( 'NONE', *, *, #3494, .F. ) ;
#1211 = CARTESIAN_POINT ( 'NONE',  ( 0.2129075277075292400, 0.03884855042134195700, 0.1656159562790780500 ) ) ;
#1212 = VECTOR ( 'NONE', #3632, 39.37007874015748100 ) ;
#1213 = DIRECTION ( 'NONE',  ( 1.000000000000000000, 0.0000000000000000000, 0.0000000000000000000 ) ) ;
#1214 = B_SPLINE_CURVE_WITH_KNOTS ( 'NONE', 3,
 ( #4268, #4281, #4215, #4197 ),
 .UNSPECIFIED., .F., .F.,
 ( 4, 4 ),
 ( 4.220764384040162200E-017, 0.003694680973535680600 ),
 .UNSPECIFIED. ) ;
#1215 = AXIS2_PLACEMENT_3D ( 'NONE', #3382, #3326, #3315 ) ;
#1216 = AXIS2_PLACEMENT_3D ( 'NONE', #4500, #4461, #4452 ) ;
#1217 = CYLINDRICAL_SURFACE ( 'NONE', #3950, 0.2343750000000291200 ) ;
#1218 = EDGE_CURVE ( 'NONE', #369, #4728, #2581, .T. ) ;
#1219 = DIRECTION ( 'NONE',  ( -0.0000000000000000000, -0.0000000000000000000, 1.000000000000000000 ) ) ;
#1220 = CARTESIAN_POINT ( 'NONE',  ( 0.1000001396367947600, 0.1517489156479767400, 0.1101236844791322600 ) ) ;
#1221 = CARTESIAN_POINT ( 'NONE',  ( -0.6186555675493543600, 0.02776267011060884800, 0.06869962093880845100 ) ) ;
#1222 = LINE ( 'NONE', #1102, #3303 ) ;
#1223 = CARTESIAN_POINT ( 'NONE',  ( 0.7784797983293999500, 1.089324387473624900E-013, 5.543944022142414500E-014 ) ) ;
#1224 = CARTESIAN_POINT ( 'NONE',  ( 0.1430413674423741400, 0.1680991798135281800, -0.02384897109484989500 ) ) ;
#1225 = VERTEX_POINT ( 'NONE', #693 ) ;
#1226 = CARTESIAN_POINT ( 'NONE',  ( 0.3087055949447999900, 0.1338007953742000000, 0.1183696232844000000 ) ) ;
#1227 = CARTESIAN_POINT ( 'NONE',  ( 0.2137745743907785400, 0.009542243801157302600, 0.1680970849891063000 ) ) ;
#1228 = CARTESIAN_POINT ( 'NONE',  ( 0.7031250000000154300, -0.2165063509434527500, -0.1250000000046127500 ) ) ;
#1229 = EDGE_CURVE ( 'NONE', #228, #5945, #2677, .T. ) ;
#1230 = CARTESIAN_POINT ( 'NONE',  ( 0.1359359335602048600, 1.594679665864693200E-008, -0.1680997772876501300 ) ) ;
#1231 = EDGE_CURVE ( 'NONE', #110, #1951, #932, .T. ) ;
#1232 = CARTESIAN_POINT ( 'NONE',  ( 0.09967097592607999900, -0.003323730758494999900, 0.1855041264404999900 ) ) ;
#1233 = LINE ( 'NONE', #5438, #1251 ) ;
#1234 = CARTESIAN_POINT ( 'NONE',  ( 0.09999999999999993600, 0.1765656096226505800, -0.04585419689826380300 ) ) ;
#1235 = CARTESIAN_POINT ( 'NONE',  ( -0.7339999999999999900, 0.2605000000000000600, 0.0000000000000000000 ) ) ;
#1236 = FACE_OUTER_BOUND ( 'NONE', #821, .T. ) ;
#1237 = EDGE_CURVE ( 'NONE', #619, #208, #2736, .T. ) ;
#1238 = CARTESIAN_POINT ( 'NONE',  ( 0.3017220254039466600, -0.06767738260622170600, -0.1701303186592744400 ) ) ;
#1239 = CARTESIAN_POINT ( 'NONE',  ( 0.2140606878154199800, -3.225167470687423200E-008, 0.1680964471710961200 ) ) ;
#1240 = CARTESIAN_POINT ( 'NONE',  ( 0.1005579933897877000, 0.1391632990171586800, 0.1274353339635043200 ) ) ;
#1241 = DIRECTION ( 'NONE',  ( 0.0000000000000000000, 1.000000000000000000, 0.0000000000000000000 ) ) ;
#1242 = ORIENTED_EDGE ( 'NONE', *, *, #665, .T. ) ;
#1243 = EDGE_LOOP ( 'NONE', ( #5231, #4064, #2860, #3025, #935, #1092, #5316, #842 ) ) ;
#1244 = DIRECTION ( 'NONE',  ( -1.000000000000000000, 0.0000000000000000000, 0.0000000000000000000 ) ) ;
#1245 =( NAMED_UNIT ( * ) PLANE_ANGLE_UNIT ( ) SI_UNIT ( $, .RADIAN. ) );
#1246 = CARTESIAN_POINT ( 'NONE',  ( 0.08131284039684000300, 0.1712655095728000100, 0.01299825025944000000 ) ) ;
#1247 = AXIS2_PLACEMENT_3D ( 'NONE', #4012, #4001, #3999 ) ;
#1248 = DIRECTION ( 'NONE',  ( 0.0000000000000000000, 0.0000000000000000000, -1.000000000000000000 ) ) ;
#1249 = CARTESIAN_POINT ( 'NONE',  ( 0.7211595114417496100, 0.1443375672974235000, -0.2500000000000047200 ) ) ;
#1250 = ORIENTED_EDGE ( 'NONE', *, *, #1134, .T. ) ;
#1251 = VECTOR ( 'NONE', #5422, 39.37007874015748100 ) ;
#1252 = DIRECTION ( 'NONE',  ( 0.0000000000000000000, 0.0000000000000000000, -1.000000000000000000 ) ) ;
#1253 = CARTESIAN_POINT ( 'NONE',  ( 0.1241259580656000100, 0.1809560051122000000, 0.04095979247873999400 ) ) ;
#1254 = CARTESIAN_POINT ( 'NONE',  ( 0.1437557777435060900, 0.1680975733732801800, 0.0003720469846600591200 ) ) ;
#1255 = ORIENTED_EDGE ( 'NONE', *, *, #4179, .F. ) ;
#1256 = LINE ( 'NONE', #5679, #1300 ) ;
#1257 = AXIS2_PLACEMENT_3D ( 'NONE', #1266, #1343, #1354 ) ;
#1258 = AXIS2_PLACEMENT_3D ( 'NONE', #1373, #1398, #1362 ) ;
#1259 = CARTESIAN_POINT ( 'NONE',  ( -1.049000000000239100, 0.09700000000004639600, 0.2446000000000000100 ) ) ;
#1260 = EDGE_CURVE ( 'NONE', #1447, #4760, #2700, .T. ) ;
#1261 = CARTESIAN_POINT ( 'NONE',  ( 0.7899107369756768200, 0.2649349102518244200, -0.04111927474520783000 ) ) ;
#1262 = ADVANCED_FACE ( 'NONE', ( #2751 ), #2819, .F. ) ;
#1263 = ORIENTED_EDGE ( 'NONE', *, *, #1974, .T. ) ;
#1264 = CIRCLE ( 'NONE', #4819, 0.08500000000169270800 ) ;
#1265 = CARTESIAN_POINT ( 'NONE',  ( -0.7810000000000002500, 0.3075000000000000000, 0.2439999999999823100 ) ) ;
#1266 = CARTESIAN_POINT ( 'NONE',  ( -0.7275992952230999600, -0.1142684558397000100, 0.2392849347534999900 ) ) ;
#1267 = VECTOR ( 'NONE', #4079, 39.37007874015748100 ) ;
#1268 = CARTESIAN_POINT ( 'NONE',  ( -0.8939999999999999100, 0.01108000000000000000, 0.2609395347128000100 ) ) ;
#1269 = EDGE_CURVE ( 'NONE', #1571, #141, #2814, .T. ) ;
#1270 = EDGE_LOOP ( 'NONE', ( #781, #811, #666, #6024, #604, #496 ) ) ;
#1271 = CARTESIAN_POINT ( 'NONE',  ( 0.1437694409641836500, 0.1680959901759993500, 0.0008352745463183420200 ) ) ;
#1272 = EDGE_CURVE ( 'NONE', #3497, #278, #2793, .T. ) ;
#1273 = ORIENTED_EDGE ( 'NONE', *, *, #4967, .T. ) ;
#1274 = VERTEX_POINT ( 'NONE', #242 ) ;
#1275 = CARTESIAN_POINT ( 'NONE',  ( 0.1057678225363999900, 0.04754168565297999700, -0.1650476291379000000 ) ) ;
#1276 = CARTESIAN_POINT ( 'NONE',  ( 0.0000000000000000000, 0.3075000000000000500, 0.0000000000000000000 ) ) ;
#1277 = CARTESIAN_POINT ( 'NONE',  ( -0.6264042594466398000, 0.01142170899981345200, 0.06512219556929377300 ) ) ;
#1278 = CARTESIAN_POINT ( 'NONE',  ( 0.1485809402050999900, 0.07687847094980000700, -0.1688562319880999900 ) ) ;
#1279 = CARTESIAN_POINT ( 'NONE',  ( -0.5934919279150819800, 0.1204881447295138400, -0.03853419070508049700 ) ) ;
#1280 = VERTEX_POINT ( 'NONE', #225 ) ;
#1281 = EDGE_CURVE ( 'NONE', #92, #749, #2869, .T. ) ;
#1282 = EDGE_CURVE ( 'NONE', #5445, #2798, #2835, .T. ) ;
#1283 = AXIS2_PLACEMENT_3D ( 'NONE', #4833, #4856, #4709 ) ;
#1284 = FACE_OUTER_BOUND ( 'NONE', #364, .T. ) ;
#1285 = CARTESIAN_POINT ( 'NONE',  ( -0.8979999999999999100, 0.2525000000000500200, 0.06100000000000999800 ) ) ;
#1286 = ORIENTED_EDGE ( 'NONE', *, *, #6094, .T. ) ;
#1287 = LINE ( 'NONE', #6162, #1171 ) ;
#1288 = CARTESIAN_POINT ( 'NONE',  ( -0.7810000000000001400, 0.1910000000000000000, 0.3025000000000177500 ) ) ;
#1289 = DIRECTION ( 'NONE',  ( 0.0000000000000000000, 0.7071067811865464600, -0.7071067811865484600 ) ) ;
#1290 = EDGE_CURVE ( 'NONE', #2594, #2209, #2855, .T. ) ;
#1291 = AXIS2_PLACEMENT_3D ( 'NONE', #1157, #1117, #1192 ) ;
#1292 = CARTESIAN_POINT ( 'NONE',  ( -0.6418846775543893800, 0.003360840972330483800, 0.06058485178680506100 ) ) ;
#1293 = PLANE ( 'NONE',  #1748 ) ;
#1294 = FACE_OUTER_BOUND ( 'NONE', #4715, .T. ) ;
#1295 = SURFACE_STYLE_USAGE ( .BOTH. , #782 ) ;
#1296 = CARTESIAN_POINT ( 'NONE',  ( 0.1302228046759000000, -0.1519412488938000100, -0.08009209260699000400 ) ) ;
#1297 = FACE_OUTER_BOUND ( 'NONE', #3329, .T. ) ;
#1298 = CARTESIAN_POINT ( 'NONE',  ( 0.7031250000010105200, 0.1920745307629795300, -0.1673171538786387400 ) ) ;
#1299 = CARTESIAN_POINT ( 'NONE',  ( -0.8939999999999999100, -0.2043538597628666900, 0.1491995308303333300 ) ) ;
#1300 = VECTOR ( 'NONE', #5221, 39.37007874015748100 ) ;
#1301 = AXIS2_PLACEMENT_3D ( 'NONE', #4660, #4648, #4674 ) ;
#1302 = CARTESIAN_POINT ( 'NONE',  ( 0.1730359223446000000, -0.1497138264850000100, -0.1095830273064999900 ) ) ;
#1303 = CARTESIAN_POINT ( 'NONE',  ( 0.1440881764032347600, 0.1677525771571157500, 0.01163481783503691300 ) ) ;
#1304 = B_SPLINE_CURVE_WITH_KNOTS ( 'NONE', 3,
 ( #1962, #494, #2516, #4571, #1010, #4089, #62, #5459, #2403, #5988, #2935, #6481 ),
 .UNSPECIFIED., .F., .F.,
 ( 4, 1, 1, 1, 1, 1, 1, 1, 1, 4 ),
 ( 0.0000000000000000000, 0.1063152953726730900, 0.2185862569013528300, 0.3308572184300326300, 0.4431281799587123400, 0.5553991414873926700, 0.6676701030160724400, 0.7799410645447520900, 0.8922120260734318600, 1.000000000000000000 ),
 .UNSPECIFIED. ) ;
#1305 = CIRCLE ( 'NONE', #4844, 0.1265000000000135500 ) ;
#1306 = CARTESIAN_POINT ( 'NONE',  ( -0.6514187984219024200, 0.002860381393861334100, 0.05830658414930927500 ) ) ;
#1307 = DIRECTION ( 'NONE',  ( -1.000000000000000000, 0.0000000000000000000, 0.0000000000000000000 ) ) ;
#1308 = AXIS2_PLACEMENT_3D ( 'NONE', #4549, #4538, #4557 ) ;
#1309 = CARTESIAN_POINT ( 'NONE',  ( 0.7031250000000230900, 0.2165063509434593800, -0.1250000000046165800 ) ) ;
#1310 = EDGE_CURVE ( 'NONE', #4072, #1703, #2911, .T. ) ;
#1311 = EDGE_LOOP ( 'NONE', ( #3555, #4274, #4551, #5232, #5019, #3753 ) ) ;
#1312 = DIRECTION ( 'NONE',  ( -7.918399981637147900E-016, 0.0000000000000000000, -1.000000000000000000 ) ) ;
#1313 = DIRECTION ( 'NONE',  ( -1.000000000000000000, 1.109835952963532300E-015, 1.181855250411386300E-015 ) ) ;
#1314 = CARTESIAN_POINT ( 'NONE',  ( 0.1442337264641510900, 0.1673156287125733600, 0.01655092215859433100 ) ) ;
#1315 = VERTEX_POINT ( 'NONE', #150 ) ;
#1316 = DIRECTION ( 'NONE',  ( 1.000000000000000000, 0.0000000000000000000, 0.0000000000000000000 ) ) ;
#1317 = CARTESIAN_POINT ( 'NONE',  ( -0.6597219399292096900, 0.006384856974905584600, 0.05700562712086483500 ) ) ;
#1318 = AXIS2_PLACEMENT_3D ( 'NONE', #4585, #4633, #4610 ) ;
#1319 = FACE_OUTER_BOUND ( 'NONE', #4326, .T. ) ;
#1320 = CARTESIAN_POINT ( 'NONE',  ( 0.1974909044841000000, -0.1377118760505000000, 0.1243304105893000000 ) ) ;
#1321 = CARTESIAN_POINT ( 'NONE',  ( 0.7031250000000332000, 1.184497063818242800E-013, 1.884122476803584800E-017 ) ) ;
#1322 = ORIENTED_EDGE ( 'NONE', *, *, #1602, .F. ) ;
#1323 = CIRCLE ( 'NONE', #5139, 0.2499999999998772100 ) ;
#1324 = DIRECTION ( 'NONE',  ( -0.0000000000000000000, 1.000000000000000000, 0.0000000000000000000 ) ) ;
#1325 = FACE_OUTER_BOUND ( 'NONE', #4341, .T. ) ;
#1326 = DIRECTION ( 'NONE',  ( -1.000000000000000000, 0.0000000000000000000, 0.0000000000000000000 ) ) ;
#1327 = EDGE_CURVE ( 'NONE', #3996, #5311, #1846, .T. ) ;
#1328 = AXIS2_PLACEMENT_3D ( 'NONE', #1105, #1125, #1133 ) ;
#1329 = ORIENTED_EDGE ( 'NONE', *, *, #6478, .F. ) ;
#1330 = ORIENTED_EDGE ( 'NONE', *, *, #4646, .T. ) ;
#1331 = PLANE ( 'NONE',  #1016 ) ;
#1332 = CIRCLE ( 'NONE', #2086, 0.06200000000021190600 ) ;
#1333 = PLANE ( 'NONE',  #1257 ) ;
#1334 = ORIENTED_EDGE ( 'NONE', *, *, #4098, .F. ) ;
#1335 = ORIENTED_EDGE ( 'NONE', *, *, #4933, .T. ) ;
#1336 = DIRECTION ( 'NONE',  ( -0.0000000000000000000, 0.7071067811865489100, -0.7071067811865461300 ) ) ;
#1337 = AXIS2_PLACEMENT_3D ( 'NONE', #5006, #4997, #4994 ) ;
#1338 = VECTOR ( 'NONE', #256, 39.37007874015748100 ) ;
#1339 = DIRECTION ( 'NONE',  ( 0.0000000000000000000, 0.0000000000000000000, -1.000000000000000000 ) ) ;
#1340 = ORIENTED_EDGE ( 'NONE', *, *, #375, .T. ) ;
#1341 = VERTEX_POINT ( 'NONE', #90 ) ;
#1342 = CARTESIAN_POINT ( 'NONE',  ( 0.2219458866235999900, 0.09376659781024999900, 0.1600949067906000100 ) ) ;
#1343 = DIRECTION ( 'NONE',  ( 0.0000000000000000000, -0.7071067811865475700, 0.7071067811865475700 ) ) ;
#1344 = CARTESIAN_POINT ( 'NONE',  ( 0.1445232096808547500, 0.1661644684567077100, 0.02629394373006267400 ) ) ;
#1345 = CIRCLE ( 'NONE', #255, 0.1892431148550480500 ) ;
#1346 = CARTESIAN_POINT ( 'NONE',  ( -0.7340000000000001000, 0.1359999999999818000, 0.2445999999999999600 ) ) ;
#1347 = ORIENTED_EDGE ( 'NONE', *, *, #1525, .F. ) ;
#1348 = VERTEX_POINT ( 'NONE', #165 ) ;
#1349 = EDGE_CURVE ( 'NONE', #1703, #4072, #2923, .T. ) ;
#1350 = DIRECTION ( 'NONE',  ( 1.000000000000000000, 0.0000000000000000000, -0.0000000000000000000 ) ) ;
#1351 = CYLINDRICAL_SURFACE ( 'NONE', #1838, 0.03270000000000705700 ) ;
#1352 = CARTESIAN_POINT ( 'NONE',  ( -0.7339999999999999900, -0.1308147545195249800, 0.2580939751330749700 ) ) ;
#1353 = LINE ( 'NONE', #4357, #1365 ) ;
#1354 = DIRECTION ( 'NONE',  ( -1.000000000000000000, 0.0000000000000000000, 0.0000000000000000000 ) ) ;
#1355 = ORIENTED_EDGE ( 'NONE', *, *, #1524, .T. ) ;
#1356 = DIRECTION ( 'NONE',  ( 1.000000000000000000, -0.0000000000000000000, 0.0000000000000000000 ) ) ;
#1357 = CARTESIAN_POINT ( 'NONE',  ( 0.1447140426184855300, 0.1650269626234536800, 0.03266991920571538800 ) ) ;
#1358 = CARTESIAN_POINT ( 'NONE',  ( -0.7810000000000001400, -0.1682914139223999400, 0.2955706345360000200 ) ) ;
#1359 = ORIENTED_EDGE ( 'NONE', *, *, #3292, .F. ) ;
#1360 = CARTESIAN_POINT ( 'NONE',  ( 0.1011069365080264600, 0.1240411513962438300, 0.1420728186157811400 ) ) ;
#1361 = CARTESIAN_POINT ( 'NONE',  ( 0.2464008687631999700, 0.1758018134018000100, -0.05929772550792999200 ) ) ;
#1362 = DIRECTION ( 'NONE',  ( 0.0000000000000000000, 0.0000000000000000000, 1.000000000000000000 ) ) ;
#1363 = CARTESIAN_POINT ( 'NONE',  ( -0.6470642629470999600, -0.008255093155321999900, -0.01564266606694000200 ) ) ;
#1364 = EDGE_CURVE ( 'NONE', #2430, #2497, #2777, .T. ) ;
#1365 = VECTOR ( 'NONE', #4679, 39.37007874015748100 ) ;
#1366 = CARTESIAN_POINT ( 'NONE',  ( -0.8971999999999998900, 0.1820000000000000000, 0.2609395347128000100 ) ) ;
#1367 = CARTESIAN_POINT ( 'NONE',  ( -0.7966199999999999900, -0.2454999999999532600, -0.2454999999999532300 ) ) ;
#1368 = DIRECTION ( 'NONE',  ( -1.000000000000000000, -0.0000000000000000000, -0.0000000000000000000 ) ) ;
#1369 = FACE_OUTER_BOUND ( 'NONE', #4246, .T. ) ;
#1370 = DIRECTION ( 'NONE',  ( -1.000000000000000000, 3.601780950641121700E-016, 3.382297444915110300E-016 ) ) ;
#1371 = AXIS2_PLACEMENT_3D ( 'NONE', #4910, #4898, #4892 ) ;
#1372 = VECTOR ( 'NONE', #143, 39.37007874015748100 ) ;
#1373 = CARTESIAN_POINT ( 'NONE',  ( -0.7909999999999906000, 0.2440604652872999700, 0.02199999999997281900 ) ) ;
#1374 = CARTESIAN_POINT ( 'NONE',  ( 0.2523661463511677700, 0.1855815033421615300, -0.02825121590383565900 ) ) ;
#1375 = CONICAL_SURFACE ( 'NONE', #6153, 0.1419724318643595100, 0.5235987756003381800 ) ;
#1376 = CARTESIAN_POINT ( 'NONE',  ( 0.1021801391390132100, 0.09080394371830377600, 0.1652933441909855400 ) ) ;
#1377 = CARTESIAN_POINT ( 'NONE',  ( 0.2623349593347000200, 0.1253872889223000000, 0.1359672716945000100 ) ) ;
#1378 = CARTESIAN_POINT ( 'NONE',  ( 0.2708558509026999800, -0.02236077401294999900, -0.1841804560578000100 ) ) ;
#1379 = DIRECTION ( 'NONE',  ( 1.000000000000000000, 0.0000000000000000000, 0.0000000000000000000 ) ) ;
#1380 = AXIS2_PLACEMENT_3D ( 'NONE', #579, #505, #532 ) ;
#1381 = FACE_OUTER_BOUND ( 'NONE', #4702, .T. ) ;
#1382 = CARTESIAN_POINT ( 'NONE',  ( 0.1452800738108623900, 0.1605892305590092000, 0.05132439138858679900 ) ) ;
#1383 = CARTESIAN_POINT ( 'NONE',  ( 0.1027043986517499900, 0.07272403239869680600, 0.1739129159173130900 ) ) ;
#1384 = DIRECTION ( 'NONE',  ( 0.0000000000000000000, -1.000000000000000000, 0.0000000000000000000 ) ) ;
#1385 = ORIENTED_EDGE ( 'NONE', *, *, #4631, .T. ) ;
#1386 = CARTESIAN_POINT ( 'NONE',  ( -0.7810000000000001400, -0.1880904037956571100, 0.1880904037955428400 ) ) ;
#1387 = AXIS2_PLACEMENT_3D ( 'NONE', #1510, #1527, #1498 ) ;
#1388 = LINE ( 'NONE', #211, #1372 ) ;
#1389 = CARTESIAN_POINT ( 'NONE',  ( -0.7339999999999999900, 0.2525000000000500200, 0.1469999999999999900 ) ) ;
#1390 = ORIENTED_EDGE ( 'NONE', *, *, #5225, .F. ) ;
#1391 = DIRECTION ( 'NONE',  ( -1.000000000000000000, 0.0000000000000000000, 0.0000000000000000000 ) ) ;
#1392 = CARTESIAN_POINT ( 'NONE',  ( 0.1456488044450932300, 0.1562742771003277400, 0.06312623598801427000 ) ) ;
#1393 = CARTESIAN_POINT ( 'NONE',  ( 0.05000000000000000300, -6.428111140775616900E-014, 0.1874999999999695200 ) ) ;
#1394 = CARTESIAN_POINT ( 'NONE',  ( 0.1037282340716656300, 0.03578656869578691900, 0.1850631197386340100 ) ) ;
#1395 = VERTEX_POINT ( 'NONE', #22 ) ;
#1396 = CIRCLE ( 'NONE', #3779, 0.08500000000161785100 ) ;
#1397 = EDGE_CURVE ( 'NONE', #2594, #1280, #2997, .T. ) ;
#1398 = DIRECTION ( 'NONE',  ( 0.0000000000000000000, 1.000000000000000000, -0.0000000000000000000 ) ) ;
#1399 = AXIS2_PLACEMENT_3D ( 'NONE', #647, #661, #667 ) ;
#1400 = CARTESIAN_POINT ( 'NONE',  ( 0.2953108330422000200, -0.1848836941555999900, -0.01550533364056999900 ) ) ;
#1401 = DIRECTION ( 'NONE',  ( 0.0000000000000000000, 0.0000000000000000000, -1.000000000000000000 ) ) ;
#1402 = CARTESIAN_POINT ( 'NONE',  ( -0.6563884896341000100, 0.005292367896693000300, -0.01347087790853999900 ) ) ;
#1403 = VERTEX_POINT ( 'NONE', #8 ) ;
#1404 = CIRCLE ( 'NONE', #1145, 0.2343750000000291200 ) ;
#1405 = CARTESIAN_POINT ( 'NONE',  ( 0.3747930772632998600, 8.963750153913175300E-017, 1.641243052443608100E-015 ) ) ;
#1406 = AXIS2_PLACEMENT_3D ( 'NONE', #527, #551, #558 ) ;
#1407 = ORIENTED_EDGE ( 'NONE', *, *, #4244, .T. ) ;
#1408 = VECTOR ( 'NONE', #4804, 39.37007874015748100 ) ;
#1409 = CARTESIAN_POINT ( 'NONE',  ( 0.1042278099788503500, 0.01694563988430445500, 0.1876422119964894500 ) ) ;
#1410 = LINE ( 'NONE', #957, #6505 ) ;
#1411 = CARTESIAN_POINT ( 'NONE',  ( -0.9639999999985462400, 0.09700000000004639600, 0.2605000000000000100 ) ) ;
#1412 =( LENGTH_UNIT ( ) NAMED_UNIT ( * ) SI_UNIT ( $, .METRE. ) );
#1413 = ORIENTED_EDGE ( 'NONE', *, *, #3027, .T. ) ;
#1414 = LINE ( 'NONE', #4831, #1473 ) ;
#1415 = AXIS2_PLACEMENT_3D ( 'NONE', #1423, #1484, #1252 ) ;
#1416 = AXIS2_PLACEMENT_3D ( 'NONE', #718, #733, #740 ) ;
#1417 = CARTESIAN_POINT ( 'NONE',  ( 0.2140606878154199800, -3.225167470687423200E-008, 0.1680964471710961200 ) ) ;
#1418 = CARTESIAN_POINT ( 'NONE',  ( 0.2518680034359396800, -0.1641501363835375600, 0.04215403937238082500 ) ) ;
#1419 = CONICAL_SURFACE ( 'NONE', #1668, 0.1878043917781492500, 0.7649928327132612400 ) ;
#1420 = CARTESIAN_POINT ( 'NONE',  ( -0.7339999999999999900, -0.2390000000000058500, -0.3025000000000187500 ) ) ;
#1421 = EDGE_LOOP ( 'NONE', ( #2770, #1716, #3270, #708 ) ) ;
#1422 = CARTESIAN_POINT ( 'NONE',  ( 0.3197658151817000000, -0.05272359213142000000, 0.1778836022426000000 ) ) ;
#1423 = CARTESIAN_POINT ( 'NONE',  ( 0.3745621378494999900, 1.237856014599149100E-016, 6.396579392039971000E-014 ) ) ;
#1424 = UNCERTAINTY_MEASURE_WITH_UNIT (LENGTH_MEASURE( 1.000000000000000100E-005 ), #1901, 'distance_accuracy_value', 'NONE');
#1425 = EDGE_LOOP ( 'NONE', ( #3286, #1536 ) ) ;
#1426 = CARTESIAN_POINT ( 'NONE',  ( 0.1467291258657249500, 0.1401717663280679100, 0.09596253069833003700 ) ) ;
#1427 = AXIS2_PLACEMENT_3D ( 'NONE', #243, #205, #276 ) ;
#1428 = AXIS2_PLACEMENT_3D ( 'NONE', #213, #195, #55 ) ;
#1429 = DIRECTION ( 'NONE',  ( 1.000000000000000000, 0.0000000000000000000, 0.0000000000000000000 ) ) ;
#1430 = EDGE_CURVE ( 'NONE', #1315, #1842, #2961, .T. ) ;
#1431 = DIRECTION ( 'NONE',  ( 1.000000000000000000, -0.0000000000000000000, -0.0000000000000000000 ) ) ;
#1432 = EDGE_CURVE ( 'NONE', #406, #5627, #3032, .T. ) ;
#1433 = CARTESIAN_POINT ( 'NONE',  ( 0.3745621378494999900, 1.237856014599149100E-016, 6.396579392039971000E-014 ) ) ;
#1434 = DIRECTION ( 'NONE',  ( 0.0000000000000000000, -1.000000000000000000, 0.0000000000000000000 ) ) ;
#1435 = ORIENTED_EDGE ( 'NONE', *, *, #3539, .F. ) ;
#1436 = ORIENTED_EDGE ( 'NONE', *, *, #5434, .F. ) ;
#1437 = CARTESIAN_POINT ( 'NONE',  ( 0.1474148461700614000, 0.1251946566636705500, 0.1143217273045838700 ) ) ;
#1438 = AXIS2_PLACEMENT_3D ( 'NONE', #71, #67, #60 ) ;
#1439 = PLANE ( 'NONE',  #1565 ) ;
#1440 = DIRECTION ( 'NONE',  ( 0.0000000000000000000, 0.7071067811865474600, 0.7071067811865474600 ) ) ;
#1441 = ORIENTED_EDGE ( 'NONE', *, *, #1679, .F. ) ;
#1442 = CARTESIAN_POINT ( 'NONE',  ( 0.09237306063373000600, 0.06298646615038999700, 0.1671740749185000000 ) ) ;
#1443 = VECTOR ( 'NONE', #1197, 39.37007874015748100 ) ;
#1444 = CARTESIAN_POINT ( 'NONE',  ( -1.060400000000000000, 0.2444999999999999700, -0.1080000000000000000 ) ) ;
#1445 = CARTESIAN_POINT ( 'NONE',  ( -0.7339999999999999900, -0.2481944801964750300, 0.1279863273947750000 ) ) ;
#1446 = AXIS2_PLACEMENT_3D ( 'NONE', #4546, #5510, #3481 ) ;
#1447 = VERTEX_POINT ( 'NONE', #3058 ) ;
#1448 = DIRECTION ( 'NONE',  ( 0.0000000000000000000, -1.000000000000000000, 0.0000000000000000000 ) ) ;
#1449 = CARTESIAN_POINT ( 'NONE',  ( 0.2166611331793065800, -0.08466045404523912800, 0.1468836299873452200 ) ) ;
#1450 = CARTESIAN_POINT ( 'NONE',  ( 0.2141802828695290900, 0.004838416519205516200, -0.1884296918041731600 ) ) ;
#1451 = EDGE_LOOP ( 'NONE', ( #2524, #2692, #5240, #200, #3595 ) ) ;
#1452 = EDGE_CURVE ( 'NONE', #2180, #2290, #407, .T. ) ;
#1453 = CARTESIAN_POINT ( 'NONE',  ( 0.2336567460788207300, -0.1344470596008368900, 0.1310871957941414900 ) ) ;
#1454 = LINE ( 'NONE', #4922, #1408 ) ;
#1455 = CARTESIAN_POINT ( 'NONE',  ( -0.7339999999999999900, -0.2368807716974999600, 0.1166726188958000000 ) ) ;
#1456 = CARTESIAN_POINT ( 'NONE',  ( 0.1049586611354835200, -0.01051942231766105400, 0.1874343647416367200 ) ) ;
#1457 = CARTESIAN_POINT ( 'NONE',  ( -0.7810000000000001400, -0.2040430617869570000, 0.1488887328544430400 ) ) ;
#1458 = LINE ( 'NONE', #727, #5547 ) ;
#1459 = CARTESIAN_POINT ( 'NONE',  ( 0.1168280427732000000, 0.1764868445726999700, -0.02769125973141000100 ) ) ;
#1460 = CARTESIAN_POINT ( 'NONE',  ( 0.7211595114417496100, 0.1443375672974235000, -0.2500000000000047200 ) ) ;
#1461 = AXIS2_PLACEMENT_3D ( 'NONE', #4917, #4972, #4870 ) ;
#1462 = CARTESIAN_POINT ( 'NONE',  ( 0.1487172988266100800, 0.09156063420793279800, 0.1427036844998737200 ) ) ;
#1463 = CONICAL_SURFACE ( 'NONE', #4890, 0.1721956082217836200, 0.7649928327132601300 ) ;
#1464 = CARTESIAN_POINT ( 'NONE',  ( 0.7100892630251107700, 0.09685711861487997200, -0.2500000000000000000 ) ) ;
#1465 = ORIENTED_EDGE ( 'NONE', *, *, #2626, .F. ) ;
#1466 = CARTESIAN_POINT ( 'NONE',  ( -0.9667624151769499400, 0.1360000000000000100, 0.2446000000000000100 ) ) ;
#1467 = EDGE_CURVE ( 'NONE', #5689, #109, #2983, .T. ) ;
#1468 = CARTESIAN_POINT ( 'NONE',  ( 0.1051991927370036400, -0.01954586082088649200, 0.1866909036875314400 ) ) ;
#1469 = EDGE_CURVE ( 'NONE', #4, #4288, #3071, .T. ) ;
#1470 = LINE ( 'NONE', #1026, #3480 ) ;
#1471 = DIRECTION ( 'NONE',  ( 0.0000000000000000000, -0.7071067811865461300, 0.7071067811865489100 ) ) ;
#1472 = ORIENTED_EDGE ( 'NONE', *, *, #4495, .T. ) ;
#1473 = VECTOR ( 'NONE', #4883, 39.37007874015748100 ) ;
#1474 = CARTESIAN_POINT ( 'NONE',  ( 0.1493340311788272900, 0.07290598435331611900, 0.1527401514334092400 ) ) ;
#1475 = CARTESIAN_POINT ( 'NONE',  ( -1.060400000000000000, 0.2605000000000000100, -0.1080000000000000000 ) ) ;
#1476 = CARTESIAN_POINT ( 'NONE',  ( 0.1055553619632475800, -0.03275840809406215700, 0.1846667828866818400 ) ) ;
#1477 = EDGE_CURVE ( 'NONE', #1395, #1053, #3050, .T. ) ;
#1478 = PLANE ( 'NONE',  #1801 ) ;
#1479 = EDGE_CURVE ( 'NONE', #6284, #4428, #3064, .T. ) ;
#1480 = AXIS2_PLACEMENT_3D ( 'NONE', #106, #172, #186 ) ;
#1481 = ORIENTED_EDGE ( 'NONE', *, *, #1975, .T. ) ;
#1482 = EDGE_LOOP ( 'NONE', ( #6230, #4813, #5416, #5870 ) ) ;
#1483 = CARTESIAN_POINT ( 'NONE',  ( 0.1412830249127000100, 0.008752318184051999600, -0.1784313853239999600 ) ) ;
#1484 = DIRECTION ( 'NONE',  ( 1.000000000000000000, 0.0000000000000000000, -0.0000000000000000000 ) ) ;
#1485 = CARTESIAN_POINT ( 'NONE',  ( 0.7968750000000300900, 2.656640782411016600E-018, 0.2499999999999521800 ) ) ;
#1486 = DIRECTION ( 'NONE',  ( 0.0000000000000000000, 0.7071067811865474600, -0.7071067811865474600 ) ) ;
#1487 = DIRECTION ( 'NONE',  ( 0.0000000000000000000, 0.7071067811865475700, 0.7071067811865475700 ) ) ;
#1488 = ORIENTED_EDGE ( 'NONE', *, *, #947, .T. ) ;
#1489 = VERTEX_POINT ( 'NONE', #3421 ) ;
#1490 = EDGE_CURVE ( 'NONE', #65, #2091, #3113, .T. ) ;
#1491 = CARTESIAN_POINT ( 'NONE',  ( -0.7339999999999998700, 0.1999999999999628700, -0.3025000000000372900 ) ) ;
#1492 = AXIS2_PLACEMENT_3D ( 'NONE', #326, #308, #297 ) ;
#1493 = CARTESIAN_POINT ( 'NONE',  ( 0.1504985079310622300, 0.03575820268641439300, 0.1654326835865698500 ) ) ;
#1494 = CARTESIAN_POINT ( 'NONE',  ( 0.1056733136759895200, -0.03710831011547743200, 0.1838405264413486600 ) ) ;
#1495 = FACE_OUTER_BOUND ( 'NONE', #35, .T. ) ;
#1496 = ORIENTED_EDGE ( 'NONE', *, *, #2856, .F. ) ;
#1497 = EDGE_LOOP ( 'NONE', ( #4355, #4497, #4642, #913 ) ) ;
#1498 = DIRECTION ( 'NONE',  ( 2.731847993689610700E-014, 1.000000000000000000, 0.0000000000000000000 ) ) ;
#1499 = VECTOR ( 'NONE', #3277, 39.37007874015748100 ) ;
#1500 = DIRECTION ( 'NONE',  ( -1.454624126623917100E-015, 0.0000000000000000000, -1.000000000000000000 ) ) ;
#1501 = AXIS2_PLACEMENT_3D ( 'NONE', #391, #373, #400 ) ;
#1502 = EDGE_CURVE ( 'NONE', #4130, #6207, #3084, .T. ) ;
#1503 = LINE ( 'NONE', #2989, #1518 ) ;
#1504 = CARTESIAN_POINT ( 'NONE',  ( 0.1058490842010933500, -0.04353704047740298400, 0.1823860684251434300 ) ) ;
#1505 = DIRECTION ( 'NONE',  ( 1.000000000000000000, -0.0000000000000000000, 0.0000000000000000000 ) ) ;
#1506 = CARTESIAN_POINT ( 'NONE',  ( 0.1657380070522999900, -0.1729309907241000100, -0.04482390432581000200 ) ) ;
#1507 = CARTESIAN_POINT ( 'NONE',  ( 0.7031250000000193200, 3.964380975180757000E-014, -0.2499999999999777700 ) ) ;
#1508 = ORIENTED_EDGE ( 'NONE', *, *, #2406, .T. ) ;
#1509 = AXIS2_PLACEMENT_3D ( 'NONE', #45, #66, #74 ) ;
#1510 = CARTESIAN_POINT ( 'NONE',  ( -0.7819399999999997500, 0.1999999999999646800, -0.3025000000000354600 ) ) ;
#1511 = CARTESIAN_POINT ( 'NONE',  ( 0.01562000000000000000, -0.1690409471104999900, 0.2963201677239999900 ) ) ;
#1512 = CARTESIAN_POINT ( 'NONE',  ( 0.7031250000000360800, 0.04886364035930381600, -0.2500000000000000000 ) ) ;
#1513 = CARTESIAN_POINT ( 'NONE',  ( 0.1107311961630000100, -0.1758415413249000100, 0.07813979834503000100 ) ) ;
#1514 = VERTEX_POINT ( 'NONE', #3115 ) ;
#1515 = PLANE ( 'NONE',  #359 ) ;
#1516 = CIRCLE ( 'NONE', #2331, 0.1875000000000200700 ) ;
#1517 = EDGE_CURVE ( 'NONE', #4370, #1489, #3035, .T. ) ;
#1518 = VECTOR ( 'NONE', #4578, 39.37007874015748900 ) ;
#1519 = AXIS2_PLACEMENT_3D ( 'NONE', #189, #181, #167 ) ;
#1520 = CARTESIAN_POINT ( 'NONE',  ( 0.1059366802026429500, -0.04672739611007618900, 0.1816050655239656900 ) ) ;
#1521 = CARTESIAN_POINT ( 'NONE',  ( 0.2765627883634395600, 9.159556350185321500E-008, 0.1680972335167085200 ) ) ;
#1522 = ORIENTED_EDGE ( 'NONE', *, *, #378, .F. ) ;
#1523 = CARTESIAN_POINT ( 'NONE',  ( 0.3749999999999968400, 1.613367555323105400E-016, 0.3057568851450759300 ) ) ;
#1524 = EDGE_CURVE ( 'NONE', #6000, #4782, #3127, .T. ) ;
#1525 = EDGE_CURVE ( 'NONE', #729, #2205, #4406, .T. ) ;
#1526 = CARTESIAN_POINT ( 'NONE',  ( 0.2770064706474351700, -0.01514330630917192100, 0.1680969033984738800 ) ) ;
#1527 = DIRECTION ( 'NONE',  ( 1.000000000000000000, -3.756177236531380100E-014, -3.756177236531211600E-014 ) ) ;
#1528 = CARTESIAN_POINT ( 'NONE',  ( 0.1060383693310302200, -0.05040446445612510600, 0.1806024129263808800 ) ) ;
#1529 = DIRECTION ( 'NONE',  ( -0.3907311284892256400, -0.9205048534524608000, -4.429919553973452000E-013 ) ) ;
#1530 = LINE ( 'NONE', #2959, #1600 ) ;
#1531 = CARTESIAN_POINT ( 'NONE',  ( 0.1351861783024999900, 0.04076907128597000200, 0.1880529278970999600 ) ) ;
#1532 = CARTESIAN_POINT ( 'NONE',  ( 0.1515607012512157900, -1.284915817032589900E-008, 0.1680990885697625200 ) ) ;
#1533 =( BOUNDED_CURVE ( )  B_SPLINE_CURVE ( 3, ( #2912, #5962, #5776, #761 ),
 .UNSPECIFIED., .F., .F. ) 
 B_SPLINE_CURVE_WITH_KNOTS ( ( 4, 4 ),
 ( 2.106723719301956300, 2.111174276880876100 ),
 .UNSPECIFIED. ) 
 CURVE ( )  GEOMETRIC_REPRESENTATION_ITEM ( )  RATIONAL_B_SPLINE_CURVE ( ( 1.000000000000000000, 0.9999983493787842900, 0.9999983493787842900, 1.000000000000000000 ) ) 
 REPRESENTATION_ITEM ( '' )  );
#1534 = AXIS2_PLACEMENT_3D ( 'NONE', #148, #156, #164 ) ;
#1535 = AXIS2_PLACEMENT_3D ( 'NONE', #684, #289, #178 ) ;
#1536 = ORIENTED_EDGE ( 'NONE', *, *, #1432, .F. ) ;
#1537 = EDGE_CURVE ( 'NONE', #2253, #2090, #3150, .T. ) ;
#1538 = CARTESIAN_POINT ( 'NONE',  ( -0.7810000000000001400, -0.2955706345359500100, 0.1682914139223499500 ) ) ;
#1539 = CARTESIAN_POINT ( 'NONE',  ( 0.2775036223359885200, -0.03208068207633074000, 0.1660546405228671400 ) ) ;
#1540 = CARTESIAN_POINT ( 'NONE',  ( 0.2786003743864152700, -0.06756081638490041300, 0.1550525823719311200 ) ) ;
#1541 = LINE ( 'NONE', #2946, #1640 ) ;
#1542 = CARTESIAN_POINT ( 'NONE',  ( -0.6709745796965587200, 0.01163881226845815900, 0.02182250319206756000 ) ) ;
#1543 = AXIS2_PLACEMENT_3D ( 'NONE', #425, #417, #429 ) ;
#1544 = DIRECTION ( 'NONE',  ( 0.0000000000000000000, -0.7071067811865471300, 0.7071067811865480200 ) ) ;
#1545 = EDGE_CURVE ( 'NONE', #1315, #5689, #3122, .T. ) ;
#1546 = CARTESIAN_POINT ( 'NONE',  ( 0.7190670747688996400, 1.184320132940809500E-013, 4.663990808304729800E-032 ) ) ;
#1547 = ORIENTED_EDGE ( 'NONE', *, *, #4486, .T. ) ;
#1548 = FACE_OUTER_BOUND ( 'NONE', #992, .T. ) ;
#1549 = CARTESIAN_POINT ( 'NONE',  ( 0.1060890873435353700, -0.05223138682305790400, 0.1800785394268911200 ) ) ;
#1550 = DIRECTION ( 'NONE',  ( 0.9205048534524606900, -0.3907311284892255900, 0.0000000000000000000 ) ) ;
#1551 = CARTESIAN_POINT ( 'NONE',  ( 0.2791999747482891100, -0.08612224546141757100, 0.1460386733622985000 ) ) ;
#1552 = CARTESIAN_POINT ( 'NONE',  ( 0.09599530486052000600, -0.1629179424050999900, 0.03981079427314000000 ) ) ;
#1553 = LINE ( 'NONE', #2838, #6310 ) ;
#1554 = CARTESIAN_POINT ( 'NONE',  ( 0.1596411604420000000, 0.1924137641780999900, -0.001704503642117000000 ) ) ;
#1555 = DIRECTION ( 'NONE',  ( 1.000000000000000000, 0.0000000000000000000, 0.0000000000000000000 ) ) ;
#1556 = ORIENTED_EDGE ( 'NONE', *, *, #4338, .T. ) ;
#1557 = ORIENTED_EDGE ( 'NONE', *, *, #5699, .T. ) ;
#1558 = EDGE_CURVE ( 'NONE', #4900, #4161, #3133, .T. ) ;
#1559 = EDGE_CURVE ( 'NONE', #46, #2240, #3186, .T. ) ;
#1560 = CARTESIAN_POINT ( 'NONE',  ( 0.2829328157056587600, 0.1800002226866534700, -0.05338003260673589900 ) ) ;
#1561 = ORIENTED_EDGE ( 'NONE', *, *, #1080, .F. ) ;
#1562 = LINE ( 'NONE', #2740, #1672 ) ;
#1563 = CARTESIAN_POINT ( 'NONE',  ( 0.1061107965163900100, -0.05301182726598553000, 0.1798492252238714200 ) ) ;
#1564 = CARTESIAN_POINT ( 'NONE',  ( 0.2805016241453586200, -0.1208080462707250000, 0.1189553609622767500 ) ) ;
#1565 = AXIS2_PLACEMENT_3D ( 'NONE', #1475, #1434, #1429 ) ;
#1566 = CARTESIAN_POINT ( 'NONE',  ( -0.3905000000000000700, 0.3075000000000000000, 0.2439999999999999700 ) ) ;
#1567 = EDGE_CURVE ( 'NONE', #1578, #4960, #3164, .T. ) ;
#1568 = AXIS2_PLACEMENT_3D ( 'NONE', #634, #543, #536 ) ;
#1569 = DIRECTION ( 'NONE',  ( 0.0000000000000000000, 0.0000000000000000000, -1.000000000000000000 ) ) ;
#1570 = VERTEX_POINT ( 'NONE', #3200 ) ;
#1571 = VERTEX_POINT ( 'NONE', #3161 ) ;
#1572 = CARTESIAN_POINT ( 'NONE',  ( -0.6596957079214647000, -0.01100804084002749200, 0.05798921317950665700 ) ) ;
#1573 = CARTESIAN_POINT ( 'NONE',  ( 0.2812036731805540600, -0.1369180766715387700, 0.1008117494288693200 ) ) ;
#1574 = DIRECTION ( 'NONE',  ( 1.000000000000000000, -0.0000000000000000000, 0.0000000000000000000 ) ) ;
#1575 = CARTESIAN_POINT ( 'NONE',  ( 0.1061252632720222500, -0.05353155531391785200, 0.1796952869188014100 ) ) ;
#1576 = ORIENTED_EDGE ( 'NONE', *, *, #1090, .F. ) ;
#1577 = CARTESIAN_POINT ( 'NONE',  ( -0.7340000000000001000, 0.1910000000000000600, 0.2389999999999999900 ) ) ;
#1578 = VERTEX_POINT ( 'NONE', #3174 ) ;
#1579 = CARTESIAN_POINT ( 'NONE',  ( 0.1840961425815000100, 0.03742413047919000000, -0.1887467484332000000 ) ) ;
#1580 = CARTESIAN_POINT ( 'NONE',  ( 0.1510462523310788500, 0.01725209720320039500, 0.1680971084493234600 ) ) ;
#1581 = CYLINDRICAL_SURFACE ( 'NONE', #1861, 0.08500000000161384000 ) ;
#1582 = CARTESIAN_POINT ( 'NONE',  ( -0.7809999999999999200, -0.2454999999999532600, -0.2454999999999532300 ) ) ;
#1583 = CIRCLE ( 'NONE', #5631, 0.3057568851450139200 ) ;
#1584 = CARTESIAN_POINT ( 'NONE',  ( 0.2945561296161350300, -0.08636806754101596100, 0.1674287447541172600 ) ) ;
#1585 = CARTESIAN_POINT ( 'NONE',  ( 0.2823335832383385700, -0.1546749693646894400, 0.06704446943423016100 ) ) ;
#1586 = CARTESIAN_POINT ( 'NONE',  ( 0.2827230260084321300, -0.1595216155376377700, 0.05472542112697517000 ) ) ;
#1587 = ORIENTED_EDGE ( 'NONE', *, *, #1490, .T. ) ;
#1588 = ORIENTED_EDGE ( 'NONE', *, *, #4860, .F. ) ;
#1589 = VECTOR ( 'NONE', #4169, 39.37007874015748100 ) ;
#1590 = DIRECTION ( 'NONE',  ( 0.0000000000000000000, -0.7071067811865479100, -0.7071067811865470200 ) ) ;
#1591 = DIRECTION ( 'NONE',  ( 0.0000000000000000000, 0.0000000000000000000, -1.000000000000000000 ) ) ;
#1592 = CARTESIAN_POINT ( 'NONE',  ( 0.1061337207242358900, -0.05383516087829277200, 0.1796045385486419700 ) ) ;
#1593 = CYLINDRICAL_SURFACE ( 'NONE', #1037, 0.1874999999999694400 ) ;
#1594 = CARTESIAN_POINT ( 'NONE',  ( 0.2835275237169522800, -0.1662428808271339500, 0.02842205668565947800 ) ) ;
#1595 = AXIS2_PLACEMENT_3D ( 'NONE', #934, #924, #923 ) ;
#1596 = EDGE_CURVE ( 'NONE', #65, #5110, #3192, .T. ) ;
#1597 = AXIS2_PLACEMENT_3D ( 'NONE', #529, #595, #623 ) ;
#1598 = CARTESIAN_POINT ( 'NONE',  ( 0.2085511247209999900, -0.1772087982007000100, -0.07498586559726000400 ) ) ;
#1599 = DIRECTION ( 'NONE',  ( -0.08715574274735243800, 0.0000000000000000000, 0.9961946980917723000 ) ) ;
#1600 = VECTOR ( 'NONE', #2964, 39.37007874015748900 ) ;
#1601 = CARTESIAN_POINT ( 'NONE',  ( 0.7027643097711999700, -4.210354007422793300E-015, -3.267973162420875000E-014 ) ) ;
#1602 = EDGE_CURVE ( 'NONE', #3843, #3246, #3237, .T. ) ;
#1603 = CARTESIAN_POINT ( 'NONE',  ( -0.7339999999999999900, 0.05800000000001584400, 0.2605000000000001200 ) ) ;
#1604 = ORIENTED_EDGE ( 'NONE', *, *, #5055, .T. ) ;
#1605 = CARTESIAN_POINT ( 'NONE',  ( 0.1065237378850339300, -0.06782784263437843800, 0.1753937555235908800 ) ) ;
#1606 = CARTESIAN_POINT ( 'NONE',  ( 0.2839425786553792000, -0.1680957144643500100, 0.01443173166151879400 ) ) ;
#1607 = CARTESIAN_POINT ( 'NONE',  ( -0.9689999999986324000, -0.1764658973209682900, 0.1764658973209682900 ) ) ;
#1608 = CYLINDRICAL_SURFACE ( 'NONE', #1283, 0.03000000000006592900 ) ;
#1609 = DIRECTION ( 'NONE',  ( -1.000000000000000000, 0.0000000000000000000, 0.0000000000000000000 ) ) ;
#1610 = CARTESIAN_POINT ( 'NONE',  ( -0.6030052107517454000, 0.02443606040884082100, 0.06869962017146885600 ) ) ;
#1611 = CIRCLE ( 'NONE', #964, 0.1724999999999651000 ) ;
#1612 = CARTESIAN_POINT ( 'NONE',  ( 0.1901929891918000000, -0.07902003932124999900, 0.1602188805622999900 ) ) ;
#1613 = AXIS2_PLACEMENT_3D ( 'NONE', #2372, #1890, #1821 ) ;
#1614 = CARTESIAN_POINT ( 'NONE',  ( 0.2843771250064494600, -0.1680963454632576900, -0.0002265511832538659100 ) ) ;
#1615 = CARTESIAN_POINT ( 'NONE',  ( 0.1069396268916061500, -0.08233003534023285200, 0.1692818491566900900 ) ) ;
#1616 = CARTESIAN_POINT ( 'NONE',  ( 0.09658003504505999200, -0.1675985506183000100, 0.02065631284223000100 ) ) ;
#1617 = CARTESIAN_POINT ( 'NONE',  ( 0.2330061068605000000, -0.1094162077731000000, 0.1582841426137000000 ) ) ;
#1618 = EDGE_LOOP ( 'NONE', ( #2012, #3880, #4734, #2676, #2512 ) ) ;
#1619 = AXIS2_PLACEMENT_3D ( 'NONE', #235, #227, #221 ) ;
#1620 = AXIS2_PLACEMENT_3D ( 'NONE', #1601, #1505, #1698 ) ;
#1621 = CARTESIAN_POINT ( 'NONE',  ( 0.2843806778501558100, -0.1680960859129458100, -0.0003463974821880904200 ) ) ;
#1622 = CARTESIAN_POINT ( 'NONE',  ( 3.414809992080329000E-017, -0.1495530842210000000, 0.2768323048345000000 ) ) ;
#1623 = ORIENTED_EDGE ( 'NONE', *, *, #976, .T. ) ;
#1624 = CARTESIAN_POINT ( 'NONE',  ( -0.9712624151769498900, 0.2444999999999999700, 0.06100000000000999800 ) ) ;
#1625 = CARTESIAN_POINT ( 'NONE',  ( 0.1078351491243229200, -0.1111798923115290000, 0.1519026449449965300 ) ) ;
#1626 = ORIENTED_EDGE ( 'NONE', *, *, #2659, .F. ) ;
#1627 = ORIENTED_EDGE ( 'NONE', *, *, #4706, .F. ) ;
#1628 = AXIS2_PLACEMENT_3D ( 'NONE', #681, #670, #1009 ) ;
#1629 = DIRECTION ( 'NONE',  ( 0.0000000000000000000, 0.7071067811865472400, -0.7071067811865479100 ) ) ;
#1630 = DIRECTION ( 'NONE',  ( 1.000000000000000000, 0.0000000000000000000, 0.0000000000000000000 ) ) ;
#1631 = CARTESIAN_POINT ( 'NONE',  ( 0.2146479713313000100, 0.1408281187185000100, 0.1099165304913000000 ) ) ;
#1632 = CARTESIAN_POINT ( 'NONE',  ( 0.2843909158428163400, -0.1680950419315455900, -0.0006917493916501998700 ) ) ;
#1633 = CARTESIAN_POINT ( 'NONE',  ( 0.09774949541413000000, -0.1701319654877999900, -0.01931494559414000100 ) ) ;
#1634 = CARTESIAN_POINT ( 'NONE',  ( 0.1083147823504676700, -0.1255171192987194800, 0.1406049685849777000 ) ) ;
#1635 = VERTEX_POINT ( 'NONE', #3245 ) ;
#1636 = EDGE_LOOP ( 'NONE', ( #709, #835, #47, #3075, #6237, #316 ) ) ;
#1637 = CARTESIAN_POINT ( 'NONE',  ( 0.2574610889999999800, 0.1327639021823000000, 0.1392819541626000000 ) ) ;
#1638 = DIRECTION ( 'NONE',  ( 0.0000000000000000000, 0.0000000000000000000, -1.000000000000000000 ) ) ;
#1639 = VERTEX_POINT ( 'NONE', #3219 ) ;
#1640 = VECTOR ( 'NONE', #2932, 39.37007874015748100 ) ;
#1641 = CARTESIAN_POINT ( 'NONE',  ( 0.2844062726522829700, -0.1680926818154522800, -0.001209769998978974700 ) ) ;
#1642 = CARTESIAN_POINT ( 'NONE',  ( 0.09950368596773000200, -0.1529861213037999900, -0.07689823913092998200 ) ) ;
#1643 = CARTESIAN_POINT ( 'NONE',  ( 0.1586746577231686600, -0.1681009114680481200, 0.02363381042869902600 ) ) ;
#1644 = LINE ( 'NONE', #2433, #1732 ) ;
#1645 = ORIENTED_EDGE ( 'NONE', *, *, #1525, .T. ) ;
#1646 = CARTESIAN_POINT ( 'NONE',  ( 0.2844421039510381900, -0.1680816157601541200, -0.002418416656058785000 ) ) ;
#1647 = CARTESIAN_POINT ( 'NONE',  ( 0.1093377930223296400, -0.1515137577320643500, 0.1120953646869582800 ) ) ;
#1648 = DIRECTION ( 'NONE',  ( -1.000000000000000000, 0.0000000000000000000, -0.0000000000000000000 ) ) ;
#1649 = CARTESIAN_POINT ( 'NONE',  ( 0.7784797983293999500, 2.244170441670291100E-013, 1.820947428276835500E-014 ) ) ;
#1650 = DIRECTION ( 'NONE',  ( -0.0000000000000000000, 1.000000000000000000, -0.0000000000000000000 ) ) ;
#1651 = FACE_BOUND ( 'NONE', #3671, .T. ) ;
#1652 = CARTESIAN_POINT ( 'NONE',  ( 0.2391029534707999900, 0.1362274393886999900, -0.1155691792526999900 ) ) ;
#1653 = ORIENTED_EDGE ( 'NONE', *, *, #5528, .T. ) ;
#1654 = CARTESIAN_POINT ( 'NONE',  ( 0.2845137615218784100, -0.1680372463003592700, -0.004835299258171097700 ) ) ;
#1655 = CARTESIAN_POINT ( 'NONE',  ( 0.1012578765213000000, -0.1170039828897000000, -0.1250123735604999900 ) ) ;
#1656 = CARTESIAN_POINT ( 'NONE',  ( 0.2846570565568792800, -0.1678595509610114300, -0.009666315265812514300 ) ) ;
#1657 = LINE ( 'NONE', #3784, #610 ) ;
#1658 = AXIS2_PLACEMENT_3D ( 'NONE', #616, #612, #600 ) ;
#1659 = CARTESIAN_POINT ( 'NONE',  ( 0.2819160711395999900, 0.1633405101522000000, -0.1017130173920999900 ) ) ;
#1660 = AXIS2_PLACEMENT_3D ( 'NONE', #2563, #2503, #2708 ) ;
#1661 = CARTESIAN_POINT ( 'NONE',  ( 0.7027643097711999700, 1.580032583335568400E-013, 1.499955289021284700E-014 ) ) ;
#1662 = EDGE_CURVE ( 'NONE', #4595, #1635, #3257, .T. ) ;
#1663 = EDGE_LOOP ( 'NONE', ( #2866, #3679, #3763, #3655, #4082 ) ) ;
#1664 = CARTESIAN_POINT ( 'NONE',  ( 0.2847798464040013900, -0.1675547198813472400, -0.01379868129917922700 ) ) ;
#1665 = CARTESIAN_POINT ( 'NONE',  ( 0.1030120670748999900, -0.06661617028694000200, -0.1577350036226999900 ) ) ;
#1666 = ORIENTED_EDGE ( 'NONE', *, *, #5585, .F. ) ;
#1667 = AXIS2_PLACEMENT_3D ( 'NONE', #1124, #993, #985 ) ;
#1668 = AXIS2_PLACEMENT_3D ( 'NONE', #3493, #4020, #4013 ) ;
#1669 = CARTESIAN_POINT ( 'NONE',  ( 0.2850253801401209700, -0.1667416325993897600, -0.02204197701384147400 ) ) ;
#1670 = CARTESIAN_POINT ( 'NONE',  ( 0.2447930537987000100, -0.1673017249772999800, -0.07886217215596999500 ) ) ;
#1671 = CARTESIAN_POINT ( 'NONE',  ( -1.054000000000241200, 0.2440604652872999900, 0.02200000000000684700 ) ) ;
#1672 = VECTOR ( 'NONE', #2712, 39.37007874015748100 ) ;
#1673 = PLANE ( 'NONE',  #2919 ) ;
#1674 = CARTESIAN_POINT ( 'NONE',  ( 0.2635579356103000000, -0.08549608229067999500, -0.1568582823213000000 ) ) ;
#1675 = CARTESIAN_POINT ( 'NONE',  ( 0.2851890080200351100, -0.1659273108971665300, -0.02750876110258512800 ) ) ;
#1676 = CARTESIAN_POINT ( 'NONE',  ( 0.1047662576285000000, -0.008026461783308000400, -0.1710368745817999700 ) ) ;
#1677 = CARTESIAN_POINT ( 'NONE',  ( 0.2856797078272791900, -0.1626788069254895300, -0.04374412069948575800 ) ) ;
#1678 = DIRECTION ( 'NONE',  ( 2.449490783530942700E-015, 1.000000000000000000, 1.178340830472019000E-031 ) ) ;
#1679 = EDGE_CURVE ( 'NONE', #141, #1348, #3033, .T. ) ;
#1680 = EDGE_LOOP ( 'NONE', ( #5159, #4983, #787, #4293 ) ) ;
#1681 = AXIS2_PLACEMENT_3D ( 'NONE', #583, #574, #566 ) ;
#1682 = CARTESIAN_POINT ( 'NONE',  ( 0.3063710532791000300, -0.06642590246464000200, -0.1805912743611999800 ) ) ;
#1683 = CARTESIAN_POINT ( 'NONE',  ( 0.1000000000000000700, 0.02512055624422135000, -0.1733721187950919000 ) ) ;
#1684 = CARTESIAN_POINT ( 'NONE',  ( 0.2860065959221118600, -0.1594442310050414000, -0.05434840847843829000 ) ) ;
#1685 = CARTESIAN_POINT ( 'NONE',  ( 0.1065204481820999900, 0.05155142699339000000, -0.1632803914399000000 ) ) ;
#1686 = CARTESIAN_POINT ( 'NONE',  ( 0.2985895405331988100, -0.1859609214914426100, -0.01026124292636654600 ) ) ;
#1687 = B_SPLINE_CURVE_WITH_KNOTS ( 'NONE', 3,
 ( #1221, #1201, #1277, #1292, #1306, #1317 ),
 .UNSPECIFIED., .F., .F.,
 ( 4, 2, 4 ),
 ( 0.0000000000000000000, 0.0006868904086179960000, 0.001373780817235992000 ),
 .UNSPECIFIED. ) ;
#1688 = AXIS2_PLACEMENT_3D ( 'NONE', #3390, #3108, #3052 ) ;
#1689 = CARTESIAN_POINT ( 'NONE',  ( 0.2869865248766220200, -0.1467527995473642500, -0.08489652029791861000 ) ) ;
#1690 = CARTESIAN_POINT ( 'NONE',  ( 0.2876388304063115000, -0.1342325316826480100, -0.1035320546400542400 ) ) ;
#1691 = CIRCLE ( 'NONE', #4718, 0.1272500000000276700 ) ;
#1692 = CARTESIAN_POINT ( 'NONE',  ( 0.1082746387358000000, 0.1047821753978000100, -0.1354205625051999900 ) ) ;
#1693 = CARTESIAN_POINT ( 'NONE',  ( -1.044524830354000000, 0.2525000000000500200, -0.01699999999998999900 ) ) ;
#1694 = CARTESIAN_POINT ( 'NONE',  ( 0.2880129177497999800, -0.1709512662277999900, 0.05186250790811999800 ) ) ;
#1695 = AXIS2_PLACEMENT_3D ( 'NONE', #1160, #1143, #1167 ) ;
#1696 = VERTEX_POINT ( 'NONE', #3852 ) ;
#1697 = CARTESIAN_POINT ( 'NONE',  ( 0.2154369973965711800, 0.05153003271636016900, -0.1805315215515790600 ) ) ;
#1698 = DIRECTION ( 'NONE',  ( 0.0000000000000000000, 0.0000000000000000000, -1.000000000000000000 ) ) ;
#1699 = CARTESIAN_POINT ( 'NONE',  ( 0.2889414805857247700, -0.1030718510232946500, -0.1346052789318446000 ) ) ;
#1700 = CARTESIAN_POINT ( 'NONE',  ( 0.7968749999999452700, -0.2165063509407882700, 0.1250000000091932000 ) ) ;
#1701 = CARTESIAN_POINT ( 'NONE',  ( 0.3308260354185999500, -0.1903169131323000100, 0.02837260855330999900 ) ) ;
#1702 = CARTESIAN_POINT ( 'NONE',  ( -0.6186555719780204600, 0.02776264927547430700, 0.06869962240226998300 ) ) ;
#1703 = VERTEX_POINT ( 'NONE', #3498 ) ;
#1704 = ORIENTED_EDGE ( 'NONE', *, *, #1397, .T. ) ;
#1705 = CARTESIAN_POINT ( 'NONE',  ( 0.1098811704680468700, -0.1631720901545674600, 0.09487758907547716400 ) ) ;
#1706 = CARTESIAN_POINT ( 'NONE',  ( 0.1100288292894000000, 0.1451119496322000000, -0.09088758281228999400 ) ) ;
#1707 = EDGE_CURVE ( 'NONE', #1348, #6443, #3276, .T. ) ;
#1708 = CARTESIAN_POINT ( 'NONE',  ( 0.7659420747688999700, -4.978686255640867500E-014, 0.1721956082217837000 ) ) ;
#1709 = VERTEX_POINT ( 'NONE', #3285 ) ;
#1710 = FACE_OUTER_BOUND ( 'NONE', #3444, .T. ) ;
#1711 = CARTESIAN_POINT ( 'NONE',  ( 0.2895918252354481900, -0.08441470271700569900, -0.1470052221187522200 ) ) ;
#1712 = DIRECTION ( 'NONE',  ( -4.433061889595465500E-016, -1.000000000000000000, 0.0000000000000000000 ) ) ;
#1713 = DIRECTION ( 'NONE',  ( -1.082673996788498500E-015, -1.000000000000000000, 0.0000000000000000000 ) ) ;
#1714 = CARTESIAN_POINT ( 'NONE',  ( 0.1117830198430000000, 0.1675753264411999900, -0.03516444369736999900 ) ) ;
#1715 = AXIS2_PLACEMENT_3D ( 'NONE', #5855, #5481, #3584 ) ;
#1716 = ORIENTED_EDGE ( 'NONE', *, *, #464, .T. ) ;
#1717 = ORIENTED_EDGE ( 'NONE', *, *, #345, .F. ) ;
#1718 = EDGE_CURVE ( 'NONE', #2180, #4288, #3302, .T. ) ;
#1719 = DIRECTION ( 'NONE',  ( 0.2057828098167511800, 0.9681320030735396400, 0.1427370302645342700 ) ) ;
#1720 = AXIS2_PLACEMENT_3D ( 'NONE', #5381, #5367, #5359 ) ;
#1721 = CARTESIAN_POINT ( 'NONE',  ( 0.3124678998893999900, 0.01606970352248000100, 0.1779207106730000000 ) ) ;
#1722 = CARTESIAN_POINT ( 'NONE',  ( 0.1107440448013021200, -0.1762029761442390800, 0.06497969834169907400 ) ) ;
#1723 = CARTESIAN_POINT ( 'NONE',  ( -0.7339999999999999900, 0.1910000000000000300, 0.3025000000000186400 ) ) ;
#1724 = EDGE_LOOP ( 'NONE', ( #6035, #6061, #1556, #3372 ) ) ;
#1725 = DIRECTION ( 'NONE',  ( -1.000000000000000000, 1.172870181530256900E-015, 1.101398411666896200E-015 ) ) ;
#1726 = ORIENTED_EDGE ( 'NONE', *, *, #5650, .F. ) ;
#1727 = ORIENTED_EDGE ( 'NONE', *, *, #4310, .T. ) ;
#1728 = CARTESIAN_POINT ( 'NONE',  ( 0.1034332808706000000, -0.1297403469954999900, 0.1326282973403999900 ) ) ;
#1729 = CARTESIAN_POINT ( 'NONE',  ( 0.1000000000000000100, 0.1795274601699457500, -0.03450265298315154800 ) ) ;
#1730 = AXIS2_PLACEMENT_3D ( 'NONE', #5799, #5787, #5773 ) ;
#1731 = AXIS2_PLACEMENT_3D ( 'NONE', #1054, #1045, #1040 ) ;
#1732 = VECTOR ( 'NONE', #2405, 39.37007874015748100 ) ;
#1733 = CARTESIAN_POINT ( 'NONE',  ( 0.7500000000000013300, -1.184090511665969400E-013, 0.1875000000000051600 ) ) ;
#1734 = CARTESIAN_POINT ( 'NONE',  ( 0.1135372103966000000, 0.1694066299531999700, 0.02488813646136000000 ) ) ;
#1735 = DIRECTION ( 'NONE',  ( -2.731847993689573100E-014, 0.0000000000000000000, -1.000000000000000000 ) ) ;
#1736 = CARTESIAN_POINT ( 'NONE',  ( 0.1110396376065005500, -0.1798081062538141000, 0.05435126606040904100 ) ) ;
#1737 = CARTESIAN_POINT ( 'NONE',  ( 0.4052700307959143400, 6.189280072998427900E-017, -8.505651413398584300E-014 ) ) ;
#1738 = FACE_OUTER_BOUND ( 'NONE', #1780, .T. ) ;
#1739 = CARTESIAN_POINT ( 'NONE',  ( 0.7346920747688997500, -4.978686255640867500E-014, 6.189280072996081000E-017 ) ) ;
#1740 = CARTESIAN_POINT ( 'NONE',  ( 0.08507514534137999900, 0.1156320866793000000, 0.1270045760101000100 ) ) ;
#1741 = VERTEX_POINT ( 'NONE', #3448 ) ;
#1742 = CARTESIAN_POINT ( 'NONE',  ( 0.1114949788554679100, -0.1837826555812494500, 0.03759032748178830300 ) ) ;
#1743 = ORIENTED_EDGE ( 'NONE', *, *, #1707, .F. ) ;
#1744 = CARTESIAN_POINT ( 'NONE',  ( -0.8980000000000081300, 0.2605000000000000100, -0.09800000000001465900 ) ) ;
#1745 = CARTESIAN_POINT ( 'NONE',  ( 0.1152914009502000000, 0.1503804337741999900, 0.08187642027614999700 ) ) ;
#1746 = AXIS2_PLACEMENT_3D ( 'NONE', #5452, #5519, #5514 ) ;
#1747 = CARTESIAN_POINT ( 'NONE',  ( 0.1278882630101000100, 0.1034897001860000000, 0.1539891368288000000 ) ) ;
#1748 = AXIS2_PLACEMENT_3D ( 'NONE', #1268, #1244, #1241 ) ;
#1749 = CARTESIAN_POINT ( 'NONE',  ( -0.8950695033928999200, 0.2440604652872999900, -0.01699999999998999900 ) ) ;
#1750 = EDGE_CURVE ( 'NONE', #5627, #406, #3218, .T. ) ;
#1751 = FACE_OUTER_BOUND ( 'NONE', #644, .T. ) ;
#1752 = CARTESIAN_POINT ( 'NONE',  ( 0.2921864066667903500, 1.466325257502587600E-007, -0.1680989288776854300 ) ) ;
#1753 = DIRECTION ( 'NONE',  ( -1.000000000000000000, -1.210437758967410500E-015, -1.288985292745839900E-015 ) ) ;
#1754 = CARTESIAN_POINT ( 'NONE',  ( -0.7330600000000000400, 0.2596600000000000000, -0.1950000000000000100 ) ) ;
#1755 = AXIS2_PLACEMENT_3D ( 'NONE', #1367, #1356, #1339 ) ;
#1756 = ORIENTED_EDGE ( 'NONE', *, *, #4019, .F. ) ;
#1757 = EDGE_CURVE ( 'NONE', #5543, #201, #3232, .T. ) ;
#1758 = CARTESIAN_POINT ( 'NONE',  ( 0.1116487512786520100, -0.1848674198967454300, 0.03186763949396073700 ) ) ;
#1759 = EDGE_CURVE ( 'NONE', #5543, #4377, #3324, .T. ) ;
#1760 = CARTESIAN_POINT ( 'NONE',  ( 0.1170455915038000100, 0.1128393026119999900, 0.1287839751965000100 ) ) ;
#1761 = CARTESIAN_POINT ( 'NONE',  ( 0.3947169712252000000, 2.134231029990791500E-016, 0.3098651377028564000 ) ) ;
#1762 = LINE ( 'NONE', #2401, #1773 ) ;
#1763 = CARTESIAN_POINT ( 'NONE',  ( 0.1095301274809000100, 0.1478572524410000100, -0.08740227630605000600 ) ) ;
#1764 = CARTESIAN_POINT ( 'NONE',  ( -0.3905000000000000700, -0.2454999999999999400, -0.3075000000000000000 ) ) ;
#1765 = CARTESIAN_POINT ( 'NONE',  ( 0.1118823979237205900, -0.1860937681938876200, 0.02311049710800912000 ) ) ;
#1766 = EDGE_CURVE ( 'NONE', #5223, #5965, #3349, .T. ) ;
#1767 = CARTESIAN_POINT ( 'NONE',  ( 0.1187997820573999800, 0.06140536168949999700, 0.1598355387052000100 ) ) ;
#1768 = EDGE_CURVE ( 'NONE', #5445, #3408, #3317, .T. ) ;
#1769 = AXIS2_PLACEMENT_3D ( 'NONE', #136, #126, #111 ) ;
#1770 = CARTESIAN_POINT ( 'NONE',  ( 0.1523432451495999900, 0.1718062879599999700, -0.07003796980547999400 ) ) ;
#1771 = LINE ( 'NONE', #2412, #1798 ) ;
#1772 = DIRECTION ( 'NONE',  ( -0.0000000000000000000, 1.000000000000000000, -0.0000000000000000000 ) ) ;
#1773 = VECTOR ( 'NONE', #2391, 39.37007874015748900 ) ;
#1774 = EDGE_CURVE ( 'NONE', #3363, #321, #3397, .T. ) ;
#1775 = CARTESIAN_POINT ( 'NONE',  ( 0.2967622576918989000, -0.1542981249277913800, 0.1075528020775679800 ) ) ;
#1776 = CARTESIAN_POINT ( 'NONE',  ( 0.1119999682488279900, -0.1866071944147407500, 0.01868882075834231400 ) ) ;
#1777 = CARTESIAN_POINT ( 'NONE',  ( 0.2915389374246836800, -0.02190426374677431300, -0.1680995204275054500 ) ) ;
#1778 = CARTESIAN_POINT ( 'NONE',  ( 0.1205539726110000000, 0.002411207711064000100, 0.1712080644257000000 ) ) ;
#1779 = ORIENTED_EDGE ( 'NONE', *, *, #865, .T. ) ;
#1780 = EDGE_LOOP ( 'NONE', ( #656, #2429, #2580, #5466, #3099, #3263, #2172 ) ) ;
#1781 = CARTESIAN_POINT ( 'NONE',  ( 0.2227685616689639700, 0.1844431146921710900, 0.03370437137842748800 ) ) ;
#1782 = CARTESIAN_POINT ( 'NONE',  ( 0.1339851096204000000, -0.05553026533224000200, -0.1625339004784000000 ) ) ;
#1783 = AXIS2_PLACEMENT_3D ( 'NONE', #1223, #1175, #1185 ) ;
#1784 = DIRECTION ( 'NONE',  ( -1.000000000000000000, 0.0000000000000000000, 0.0000000000000000000 ) ) ;
#1785 = CARTESIAN_POINT ( 'NONE',  ( 0.1121384408826229100, -0.1870245255492820600, 0.01346275297706563800 ) ) ;
#1786 = ORIENTED_EDGE ( 'NONE', *, *, #3517, .F. ) ;
#1787 = EDGE_LOOP ( 'NONE', ( #4750, #862, #3283, #2565, #1193 ) ) ;
#1788 = CARTESIAN_POINT ( 'NONE',  ( 0.1223081631645999800, -0.05687977003368999800, 0.1615014066557000100 ) ) ;
#1789 = CARTESIAN_POINT ( 'NONE',  ( 0.1767982272892000000, -0.03367042351894000000, -0.1824526333906000000 ) ) ;
#1790 = DIRECTION ( 'NONE',  ( -0.9205048534525718300, 0.3907311284889636300, 0.0000000000000000000 ) ) ;
#1791 = ORIENTED_EDGE ( 'NONE', *, *, #455, .F. ) ;
#1792 = ORIENTED_EDGE ( 'NONE', *, *, #2993, .T. ) ;
#1793 = ORIENTED_EDGE ( 'NONE', *, *, #414, .T. ) ;
#1794 = ORIENTED_EDGE ( 'NONE', *, *, #4390, .F. ) ;
#1795 = CARTESIAN_POINT ( 'NONE',  ( 0.1122080040131461500, -0.1871868759396401200, 0.01083393270832868300 ) ) ;
#1796 = DIRECTION ( 'NONE',  ( 0.0000000000000000000, 0.0000000000000000000, 1.000000000000000000 ) ) ;
#1797 = CARTESIAN_POINT ( 'NONE',  ( 0.1240623537182000000, -0.1091676628145999800, 0.1319106944299000000 ) ) ;
#1798 = VECTOR ( 'NONE', #2249, 39.37007874015748100 ) ;
#1799 = DIRECTION ( 'NONE',  ( 0.3907311284889636900, 0.9205048534525719400, -0.0000000000000000000 ) ) ;
#1800 = EDGE_CURVE ( 'NONE', #1696, #1315, #3354, .T. ) ;
#1801 = AXIS2_PLACEMENT_3D ( 'NONE', #1444, #1384, #1379 ) ;
#1802 = ORIENTED_EDGE ( 'NONE', *, *, #132, .T. ) ;
#1803 = FACE_OUTER_BOUND ( 'NONE', #5105, .T. ) ;
#1804 = DIRECTION ( 'NONE',  ( -0.0000000000000000000, -0.0000000000000000000, 1.000000000000000000 ) ) ;
#1805 = CARTESIAN_POINT ( 'NONE',  ( 0.2908905536549287200, -0.04383268568280993700, -0.1637650669625329600 ) ) ;
#1806 = CARTESIAN_POINT ( 'NONE',  ( -0.7810000000000001400, -0.1944543648262999900, 0.1944543648262999900 ) ) ;
#1807 = CARTESIAN_POINT ( 'NONE',  ( 0.2012532094287000100, -0.1854880838473000100, -0.004095561299841000300 ) ) ;
#1808 = DIRECTION ( 'NONE',  ( 0.0000000000000000000, 1.000000000000000000, 0.0000000000000000000 ) ) ;
#1809 = CARTESIAN_POINT ( 'NONE',  ( -0.7819399999999997500, 0.1959999999999647000, 0.3025000000000354600 ) ) ;
#1810 = FACE_OUTER_BOUND ( 'NONE', #2007, .T. ) ;
#1811 = EDGE_CURVE ( 'NONE', #4377, #3620, #3435, .T. ) ;
#1812 = B_SPLINE_CURVE_WITH_KNOTS ( 'NONE', 3,
 ( #1532, #1580, #1493, #1474, #1462, #1437, #1426, #1392, #1382, #1357, #1344, #1314, #1303, #1837, #5417, #2358, #1271, #1254, #1224, #1209, #1179, #1162, #1139, #1127, #1089, #1081, #1069 ),
 .UNSPECIFIED., .F., .F.,
 ( 4, 2, 2, 2, 2, 2, 1, 1, 1, 2, 2, 2, 2, 2, 4 ),
 ( 0.0000000000000000000, 0.1250000000000000300, 0.2500000000000000600, 0.3750000000000000000, 0.4375000000000000000, 0.4687499999999999400, 0.4843749999999998900, 0.4921874999999998900, 0.4960937499999998900, 0.4980468749999998900, 0.4999999999999998900, 0.6249999999999998900, 0.7499999999999998900, 0.8750000000000000000, 1.000000000000000000 ),
 .UNSPECIFIED. ) ;
#1813 = CARTESIAN_POINT ( 'NONE',  ( 0.1122378868148616200, -0.1872464334708790800, 0.009704029754737508000 ) ) ;
#1814 = DIRECTION ( 'NONE',  ( 0.0000000000000000000, -0.0000000000000000000, 1.000000000000000000 ) ) ;
#1815 = CARTESIAN_POINT ( 'NONE',  ( 0.05099999999999999700, 3.684569001459359400E-014, -0.2343750000000291200 ) ) ;
#1816 = ORIENTED_EDGE ( 'NONE', *, *, #2311, .T. ) ;
#1817 = CARTESIAN_POINT ( 'NONE',  ( -0.8979999999999999100, 0.2525000000000500200, -0.01699999999999000900 ) ) ;
#1818 = VECTOR ( 'NONE', #4626, 39.37007874015748900 ) ;
#1819 = EDGE_CURVE ( 'NONE', #5853, #4454, #3420, .T. ) ;
#1820 = AXIS2_PLACEMENT_3D ( 'NONE', #3748, #3640, #3602 ) ;
#1821 = DIRECTION ( 'NONE',  ( 1.000000000000000000, 0.0000000000000000000, 0.0000000000000000000 ) ) ;
#1822 = AXIS2_PLACEMENT_3D ( 'NONE', #2472, #2461, #2457 ) ;
#1823 = DIRECTION ( 'NONE',  ( -0.0000000000000000000, -0.7071067811865474600, -0.7071067811865474600 ) ) ;
#1824 = FACE_OUTER_BOUND ( 'NONE', #1680, .T. ) ;
#1825 = DIRECTION ( 'NONE',  ( 0.0000000000000000000, -0.7071067811865461300, -0.7071067811865487900 ) ) ;
#1826 = VECTOR ( 'NONE', #2070, 39.37007874015748900 ) ;
#1827 = CARTESIAN_POINT ( 'NONE',  ( 0.7346920747688999700, -4.976577467636507000E-014, -0.1721956082217835600 ) ) ;
#1828 = CARTESIAN_POINT ( 'NONE',  ( 0.1122578242452254700, -0.1872839008038155700, 0.008950048630792080400 ) ) ;
#1829 = DIRECTION ( 'NONE',  ( 1.000000000000000000, -0.0000000000000000000, -0.0000000000000000000 ) ) ;
#1830 = ORIENTED_EDGE ( 'NONE', *, *, #2144, .F. ) ;
#1831 = CARTESIAN_POINT ( 'NONE',  ( 0.2257081915681999900, -0.04168564165500000800, 0.1807895255329000100 ) ) ;
#1832 = CARTESIAN_POINT ( 'NONE',  ( -0.9667624151769501600, 0.05800000000000000300, 0.2446000000000000100 ) ) ;
#1833 = AXIS2_PLACEMENT_3D ( 'NONE', #2724, #2691, #2682 ) ;
#1834 = PLANE ( 'NONE',  #2845 ) ;
#1835 = LINE ( 'NONE', #1843, #2033 ) ;
#1836 = CARTESIAN_POINT ( 'NONE',  ( 0.1258165442718000000, -0.1480148062648999900, 0.08607917477142999800 ) ) ;
#1837 = CARTESIAN_POINT ( 'NONE',  ( 0.1439169532068448300, 0.1680107112104357900, 0.005835516583453218700 ) ) ;
#1838 = AXIS2_PLACEMENT_3D ( 'NONE', #1542, #1529, #1550 ) ;
#1839 = CARTESIAN_POINT ( 'NONE',  ( 0.1122698813139668700, -0.1873049520183457700, 0.008493995604564911000 ) ) ;
#1840 = LINE ( 'NONE', #2040, #1859 ) ;
#1841 = PLANE ( 'NONE',  #1967 ) ;
#1842 = VERTEX_POINT ( 'NONE', #3964 ) ;
#1843 = CARTESIAN_POINT ( 'NONE',  ( -0.7340000000000001000, -0.2389999999999999900, 0.0000000000000000000 ) ) ;
#1844 = CARTESIAN_POINT ( 'NONE',  ( 0.1127836221684103800, -0.1881534754059011300, -0.01094036654957077800 ) ) ;
#1845 = EDGE_CURVE ( 'NONE', #2671, #5126, #3490, .T. ) ;
#1846 = B_SPLINE_CURVE_WITH_KNOTS ( 'NONE', 3,
 ( #185, #125, #105, #99 ),
 .UNSPECIFIED., .F., .F.,
 ( 4, 4 ),
 ( 9.865456060692729800E-016, 0.003694680973536137200 ),
 .UNSPECIFIED. ) ;
#1847 = CYLINDRICAL_SURFACE ( 'NONE', #1387, 0.004999999999953607500 ) ;
#1848 = CARTESIAN_POINT ( 'NONE',  ( 0.2501631737077000300, 0.1685555964292000100, 0.07753386576095999700 ) ) ;
#1849 = CARTESIAN_POINT ( 'NONE',  ( -0.6284849488878000400, -0.003488064393548999700, -0.01885262297219000200 ) ) ;
#1850 = CYLINDRICAL_SURFACE ( 'NONE', #1056, 0.06200000000006851400 ) ;
#1851 = CARTESIAN_POINT ( 'NONE',  ( 0.1275707348253999900, -0.1686383793720999900, 0.02964964544299000100 ) ) ;
#1852 = EDGE_CURVE ( 'NONE', #1514, #4436, #3463, .T. ) ;
#1853 = CARTESIAN_POINT ( 'NONE',  ( 0.2719127530028014300, -0.1507367189015418100, -0.1115056198261834100 ) ) ;
#1854 = ORIENTED_EDGE ( 'NONE', *, *, #1596, .F. ) ;
#1855 = ORIENTED_EDGE ( 'NONE', *, *, #4345, .T. ) ;
#1856 = CARTESIAN_POINT ( 'NONE',  ( 0.1132909793040637300, -0.1860528250795677500, -0.03023877301812222900 ) ) ;
#1857 = DIRECTION ( 'NONE',  ( -1.586479482186160900E-015, 0.0000000000000000000, 1.000000000000000000 ) ) ;
#1858 = ORIENTED_EDGE ( 'NONE', *, *, #3380, .F. ) ;
#1859 = VECTOR ( 'NONE', #2133, 39.37007874015748100 ) ;
#1860 = DIRECTION ( 'NONE',  ( -0.0000000000000000000, -1.000000000000000000, -0.0000000000000000000 ) ) ;
#1861 = AXIS2_PLACEMENT_3D ( 'NONE', #1607, #1544, #1590 ) ;
#1862 = CARTESIAN_POINT ( 'NONE',  ( -0.8915000000000000700, 0.01199999999999998800, 0.2605000000000000100 ) ) ;
#1863 = EDGE_CURVE ( 'NONE', #4055, #3911, #3474, .T. ) ;
#1864 = CARTESIAN_POINT ( 'NONE',  ( 0.1143087335486955800, -0.1760366441523995300, -0.06735650360457023900 ) ) ;
#1865 = CARTESIAN_POINT ( 'NONE',  ( 0.1293249253790000100, -0.1684992551155999600, -0.03043029317563000100 ) ) ;
#1866 = ORIENTED_EDGE ( 'NONE', *, *, #4623, .F. ) ;
#1867 = ORIENTED_EDGE ( 'NONE', *, *, #651, .F. ) ;
#1868 = CARTESIAN_POINT ( 'NONE',  ( 0.2746181558472000100, 0.1101476021420000100, -0.1492981664736000000 ) ) ;
#1869 = DIRECTION ( 'NONE',  ( -1.000000000000000000, -0.0000000000000000000, 0.0000000000000000000 ) ) ;
#1870 = FACE_OUTER_BOUND ( 'NONE', #863, .T. ) ;
#1871 = EDGE_LOOP ( 'NONE', ( #1019, #4906, #3752, #3353, #3567 ) ) ;
#1872 = AXIS2_PLACEMENT_3D ( 'NONE', #2805, #2756, #2742 ) ;
#1873 = DIRECTION ( 'NONE',  ( -1.000000000000000000, -0.0000000000000000000, -0.0000000000000000000 ) ) ;
#1874 = ORIENTED_EDGE ( 'NONE', *, *, #1114, .T. ) ;
#1875 = CIRCLE ( 'NONE', #958, 0.08500000000161785100 ) ;
#1876 = CARTESIAN_POINT ( 'NONE',  ( -0.7330600000000000400, -0.3037699999999999800, -0.1910000000000000000 ) ) ;
#1877 = EDGE_CURVE ( 'NONE', #5945, #82, #3442, .T. ) ;
#1878 = DIRECTION ( 'NONE',  ( 0.0000000000000000000, -0.7071067811865461300, -0.7071067811865487900 ) ) ;
#1879 = CARTESIAN_POINT ( 'NONE',  ( 0.1148191306576743000, -0.1681621168574634300, -0.08518156661004226700 ) ) ;
#1880 = ORIENTED_EDGE ( 'NONE', *, *, #6135, .T. ) ;
#1881 = CYLINDRICAL_SURFACE ( 'NONE', #5054, 0.06200000000006851400 ) ;
#1882 = LINE ( 'NONE', #1997, #1913 ) ;
#1883 = CARTESIAN_POINT ( 'NONE',  ( 0.1310791159325999900, -0.1476146054234999900, -0.08676362835006999600 ) ) ;
#1884 = DIRECTION ( 'NONE',  ( 0.0000000000000000000, 0.0000000000000000000, -1.000000000000000000 ) ) ;
#1885 = CARTESIAN_POINT ( 'NONE',  ( -0.7339999999999999900, 0.2604999999999999000, 0.0000000000000000000 ) ) ;
#1886 = ORIENTED_EDGE ( 'NONE', *, *, #3475, .F. ) ;
#1887 = DIRECTION ( 'NONE',  ( -0.0000000000000000000, -0.0000000000000000000, 1.000000000000000000 ) ) ;
#1888 = DIRECTION ( 'NONE',  ( 0.0000000000000000000, 0.7071067811865474600, 0.7071067811865474600 ) ) ;
#1889 = CARTESIAN_POINT ( 'NONE',  ( 0.2990731379866999900, -0.1238208902974000000, -0.1381693736687000000 ) ) ;
#1890 = DIRECTION ( 'NONE',  ( 0.0000000000000000000, 0.0000000000000000000, 1.000000000000000000 ) ) ;
#1891 = B_SPLINE_CURVE_WITH_KNOTS ( 'NONE', 3,
 ( #3854, #3862, #3815, #3804 ),
 .UNSPECIFIED., .F., .F.,
 ( 4, 4 ),
 ( 0.0000000000000000000, 0.003694680973267970200 ),
 .UNSPECIFIED. ) ;
#1892 = CARTESIAN_POINT ( 'NONE',  ( -0.6472946322710000400, 0.003397600494252999800, -0.01527490166373000000 ) ) ;
#1893 = ORIENTED_EDGE ( 'NONE', *, *, #2165, .F. ) ;
#1894 = EDGE_LOOP ( 'NONE', ( #6271, #5299, #5254, #4202, #5396, #418 ) ) ;
#1895 = AXIS2_PLACEMENT_3D ( 'NONE', #2957, #3203, #2910 ) ;
#1896 = DIRECTION ( 'NONE',  ( 0.0000000000000000000, 0.0000000000000000000, -1.000000000000000000 ) ) ;
#1897 = CIRCLE ( 'NONE', #5518, 0.004999999999953607500 ) ;
#1898 = CARTESIAN_POINT ( 'NONE',  ( 0.2126386602433587800, -0.05288315710304758400, -0.1809712446825974800 ) ) ;
#1899 = AXIS2_PLACEMENT_3D ( 'NONE', #1321, #1313, #1312 ) ;
#1900 = CARTESIAN_POINT ( 'NONE',  ( 0.1328333064862000100, -0.1085557748625000000, -0.1324146513088000100 ) ) ;
#1901 =( CONVERSION_BASED_UNIT ( 'INCH', #5418 ) LENGTH_UNIT ( ) NAMED_UNIT ( #3937 ) );
#1902 = EDGE_LOOP ( 'NONE', ( #1136, #3447, #3478, #5058, #3912 ) ) ;
#1903 = CARTESIAN_POINT ( 'NONE',  ( 0.3947169712252000000, 2.134231029990791500E-016, -3.994900839484974600E-014 ) ) ;
#1904 = CARTESIAN_POINT ( 'NONE',  ( 0.2146864409417595100, 0.02405164045713274700, -0.1869119628869438700 ) ) ;
#1905 = CARTESIAN_POINT ( 'NONE',  ( 0.7784797983293999500, -1.089324387473624900E-013, -5.543944022142414500E-014 ) ) ;
#1906 = CARTESIAN_POINT ( 'NONE',  ( 0.3235281201263000000, -0.1604330792797999900, 0.09318574145980000600 ) ) ;
#1907 = CARTESIAN_POINT ( 'NONE',  ( 0.1345874970398000000, -0.05613168718253999700, -0.1617628727705000300 ) ) ;
#1908 = AXIS2_PLACEMENT_3D ( 'NONE', #1411, #1401, #1391 ) ;
#1909 = ORIENTED_EDGE ( 'NONE', *, *, #2726, .T. ) ;
#1910 = CARTESIAN_POINT ( 'NONE',  ( -0.7810000000000001400, 0.2605000000000000100, -0.1949999999999999800 ) ) ;
#1911 = DIRECTION ( 'NONE',  ( 0.0000000000000000000, -1.000000000000000000, 0.0000000000000000000 ) ) ;
#1912 = CARTESIAN_POINT ( 'NONE',  ( -2.731847993664263200E-016, -0.2981162189482000100, 0.1657458295100999700 ) ) ;
#1913 = VECTOR ( 'NONE', #2017, 39.37007874015748100 ) ;
#1914 = CARTESIAN_POINT ( 'NONE',  ( 0.2270781023386190300, -0.08466101748698338900, -0.1468891664091023500 ) ) ;
#1915 = FACE_OUTER_BOUND ( 'NONE', #5090, .T. ) ;
#1916 = DIRECTION ( 'NONE',  ( 0.7071067811783767800, 0.0000000000000000000, 0.7071067811947182600 ) ) ;
#1917 = EDGE_CURVE ( 'NONE', #1205, #6184, #4708, .T. ) ;
#1918 = VERTEX_POINT ( 'NONE', #4112 ) ;
#1919 = B_SPLINE_CURVE_WITH_KNOTS ( 'NONE', 3,
 ( #5809, #2831, #3272, #2735 ),
 .UNSPECIFIED., .F., .F.,
 ( 4, 4 ),
 ( 1.334914225833041300E-013, 0.003694680973803870500 ),
 .UNSPECIFIED. ) ;
#1920 = CARTESIAN_POINT ( 'NONE',  ( 0.1158429648489571300, -0.1472868032503300800, -0.1176289656377444000 ) ) ;
#1921 = DIRECTION ( 'NONE',  ( 2.731847993689610700E-014, 1.000000000000000000, 0.0000000000000000000 ) ) ;
#1922 = VERTEX_POINT ( 'NONE', #6136 ) ;
#1923 = FACE_OUTER_BOUND ( 'NONE', #627, .T. ) ;
#1924 = CARTESIAN_POINT ( 'NONE',  ( 0.1363416875934000100, 0.003203234368296000200, -0.1711950050556000100 ) ) ;
#1925 = CARTESIAN_POINT ( 'NONE',  ( 0.09613536557827000200, -0.06893466214209000000, 0.1648103885520000000 ) ) ;
#1926 = CARTESIAN_POINT ( 'NONE',  ( 0.1000001396367947600, 0.1517489156479767400, 0.1101236844791322600 ) ) ;
#1927 = FACE_OUTER_BOUND ( 'NONE', #3997, .T. ) ;
#1928 = VERTEX_POINT ( 'NONE', #5734 ) ;
#1929 = ORIENTED_EDGE ( 'NONE', *, *, #4716, .T. ) ;
#1930 = CARTESIAN_POINT ( 'NONE',  ( 0.1163564019312612300, -0.1343129659788628600, -0.1322671387148199300 ) ) ;
#1931 = DIRECTION ( 'NONE',  ( 1.000000000000000000, -3.756177236531380100E-014, -3.756177236531211600E-014 ) ) ;
#1932 = CARTESIAN_POINT ( 'NONE',  ( 0.1380958781470000000, 0.06214373491053999000, -0.1595498160745000000 ) ) ;
#1933 = CARTESIAN_POINT ( 'NONE',  ( 0.2147079514619569800, -0.02200569103622567600, 0.1680960092060012600 ) ) ;
#1934 = AXIS2_PLACEMENT_3D ( 'NONE', #1649, #1648, #1796 ) ;
#1935 = DIRECTION ( 'NONE',  ( 1.000000000000000000, -0.0000000000000000000, -0.0000000000000000000 ) ) ;
#1936 = VERTEX_POINT ( 'NONE', #3837 ) ;
#1937 = FACE_OUTER_BOUND ( 'NONE', #1663, .T. ) ;
#1938 = CARTESIAN_POINT ( 'NONE',  ( 0.1171288375347114100, -0.1119186323165233800, -0.1507550647573445100 ) ) ;
#1939 = PLANE ( 'NONE',  #1613 ) ;
#1940 = CARTESIAN_POINT ( 'NONE',  ( 0.2350531816990874300, -0.1653576480950364200, 0.08838801401551359100 ) ) ;
#1941 = VERTEX_POINT ( 'NONE', #5827 ) ;
#1942 = EDGE_LOOP ( 'NONE', ( #828, #722, #3112, #161, #3335, #533, #588, #3511 ) ) ;
#1943 = AXIS2_PLACEMENT_3D ( 'NONE', #1582, #1574, #1569 ) ;
#1944 = CARTESIAN_POINT ( 'NONE',  ( -0.7809999999999999200, 0.1999999999999646500, -0.3025000000000355200 ) ) ;
#1945 = EDGE_CURVE ( 'NONE', #3889, #3005, #3582, .T. ) ;
#1946 = CARTESIAN_POINT ( 'NONE',  ( 0.1173866960658605200, -0.1039645501230780600, -0.1563385426680966900 ) ) ;
#1947 = DIRECTION ( 'NONE',  ( 0.0000000000000000000, 0.0000000000000000000, 1.000000000000000000 ) ) ;
#1948 = VERTEX_POINT ( 'NONE', #5262 ) ;
#1949 = CARTESIAN_POINT ( 'NONE',  ( 0.1205903477177999900, 0.1473585723562000100, 0.1009943358729000100 ) ) ;
#1950 = CARTESIAN_POINT ( 'NONE',  ( 0.1398500687005999900, 0.1134331442195000000, -0.1282610872431000100 ) ) ;
#1951 = VERTEX_POINT ( 'NONE', #4731 ) ;
#1952 = VECTOR ( 'NONE', #1873, 39.37007874015748100 ) ;
#1953 = CARTESIAN_POINT ( 'NONE',  ( -0.6597219338547030100, 0.006384854396426749600, 0.02200000000001575000 ) ) ;
#1954 = VECTOR ( 'NONE', #2847, 39.37007874015748100 ) ;
#1955 = DIRECTION ( 'NONE',  ( 0.0000000000000000000, 0.0000000000000000000, 1.000000000000000000 ) ) ;
#1956 = AXIS2_PLACEMENT_3D ( 'NONE', #1739, #1753, #1857 ) ;
#1957 = CARTESIAN_POINT ( 'NONE',  ( 0.1177740538575826600, -0.09144925304272320800, -0.1637542206407103500 ) ) ;
#1958 = EDGE_CURVE ( 'NONE', #763, #5311, #3529, .T. ) ;
#1959 = CARTESIAN_POINT ( 'NONE',  ( 0.7031250000000229800, -4.173827970016320400E-014, 0.2499999999999778000 ) ) ;
#1960 = EDGE_CURVE ( 'NONE', #703, #563, #3589, .T. ) ;
#1961 = LINE ( 'NONE', #1817, #2050 ) ;
#1962 = CARTESIAN_POINT ( 'NONE',  ( 0.1359359335602048600, 1.594679665864693200E-008, -0.1680997772876501300 ) ) ;
#1963 = CARTESIAN_POINT ( 'NONE',  ( -0.8983107979760000000, 0.2609395347128000100, -0.09768920202403000300 ) ) ;
#1964 = CARTESIAN_POINT ( 'NONE',  ( 0.1416042592542000000, 0.1507568060624000000, -0.08118107675760000100 ) ) ;
#1965 = ORIENTED_EDGE ( 'NONE', *, *, #4631, .F. ) ;
#1966 = CARTESIAN_POINT ( 'NONE',  ( -0.3905000000000000700, -0.1306808075911999900, 0.3075000000000000000 ) ) ;
#1967 = AXIS2_PLACEMENT_3D ( 'NONE', #1876, #1814, #1808 ) ;
#1968 = CARTESIAN_POINT ( 'NONE',  ( 0.1179678752521935000, -0.08504559165587127800, -0.1672221668633188400 ) ) ;
#1969 = CARTESIAN_POINT ( 'NONE',  ( 0.7031250000000204300, 0.04886364035931222600, 0.2500000000000000000 ) ) ;
#1970 = VECTOR ( 'NONE', #1887, 39.37007874015748100 ) ;
#1971 = CARTESIAN_POINT ( 'NONE',  ( 0.1450453298573000100, 0.1288323005173999900, -0.1237602228489000000 ) ) ;
#1972 = CARTESIAN_POINT ( 'NONE',  ( 0.1433584498077999900, 0.1695195232534000000, -0.02410622538841000100 ) ) ;
#1973 = DIRECTION ( 'NONE',  ( -0.7213873210293250100, -8.731944522142389700E-016, 0.6925318281914077900 ) ) ;
#1974 = EDGE_CURVE ( 'NONE', #2437, #1205, #3557, .T. ) ;
#1975 = EDGE_CURVE ( 'NONE', #6063, #6386, #3627, .T. ) ;
#1976 = AXIS2_PLACEMENT_3D ( 'NONE', #3269, #3261, #3251 ) ;
#1977 = CARTESIAN_POINT ( 'NONE',  ( 0.1181942495853844500, -0.07735218086189536700, -0.1708282996087320300 ) ) ;
#1978 = ORIENTED_EDGE ( 'NONE', *, *, #1502, .T. ) ;
#1979 = DIRECTION ( 'NONE',  ( -1.000000000000000000, -0.0000000000000000000, 0.0000000000000000000 ) ) ;
#1980 = DIRECTION ( 'NONE',  ( 0.3907311284902657600, 0.9205048534520191600, 0.0000000000000000000 ) ) ;
#1981 = DIRECTION ( 'NONE',  ( 2.731847993689610700E-014, 1.000000000000000000, 0.0000000000000000000 ) ) ;
#1982 = FACE_OUTER_BOUND ( 'NONE', #270, .T. ) ;
#1983 = CARTESIAN_POINT ( 'NONE',  ( 0.1515607012512157900, -1.284915817032589900E-008, 0.1680990885697625200 ) ) ;
#1984 = CARTESIAN_POINT ( 'NONE',  ( 0.1183074990951828600, -0.07345400888001689400, -0.1725189048928311400 ) ) ;
#1985 = ORIENTED_EDGE ( 'NONE', *, *, #1269, .F. ) ;
#1986 = AXIS2_PLACEMENT_3D ( 'NONE', #1737, #1725, #1713 ) ;
#1987 = AXIS2_PLACEMENT_3D ( 'NONE', #3470, #3427, #3422 ) ;
#1988 = CARTESIAN_POINT ( 'NONE',  ( 0.1521656359803170200, -0.02037431115374205300, 0.1681020299347320000 ) ) ;
#1989 = LINE ( 'NONE', #1862, #1952 ) ;
#1990 = PLANE ( 'NONE',  #1082 ) ;
#1991 = CARTESIAN_POINT ( 'NONE',  ( 0.1183560479586400500, -0.07177278048087298900, -0.1732190820261049800 ) ) ;
#1992 = CARTESIAN_POINT ( 'NONE',  ( 0.1451126403614000100, 0.1674113017664999900, 0.03593649894138999800 ) ) ;
#1993 = AXIS2_PLACEMENT_3D ( 'NONE', #2096, #2044, #2054 ) ;
#1994 = CARTESIAN_POINT ( 'NONE',  ( 0.2605807687810999800, 0.1646360966229999900, 0.08428541181359001900 ) ) ;
#1995 = CARTESIAN_POINT ( 'NONE',  ( 0.1527829614428654900, -0.04117680383269518200, 0.1643375397526902500 ) ) ;
#1996 = ORIENTED_EDGE ( 'NONE', *, *, #6341, .F. ) ;
#1997 = CARTESIAN_POINT ( 'NONE',  ( -0.7339999999999999900, 0.0000000000000000000, -0.1949999999999999800 ) ) ;
#1998 = CARTESIAN_POINT ( 'NONE',  ( -0.8940176194235499600, -0.2368807716974499800, 0.1166726188957500200 ) ) ;
#1999 = CARTESIAN_POINT ( 'NONE',  ( 0.1183884168363354000, -0.07064965924319799300, -0.1736804217341814700 ) ) ;
#2000 = CARTESIAN_POINT ( 'NONE',  ( -0.6785686258411863800, 0.005693917494314277600, -0.01054266999528405900 ) ) ;
#2001 = CARTESIAN_POINT ( 'NONE',  ( 0.1144935011075000100, -0.1815147293363000000, -0.06386290509604999900 ) ) ;
#2002 = LINE ( 'NONE', #1885, #1970 ) ;
#2003 = CARTESIAN_POINT ( 'NONE',  ( 0.3265899843067000000, -1.065782852480903200E-013, -0.1574100156934874200 ) ) ;
#2004 = EDGE_CURVE ( 'NONE', #5110, #5565, #3615, .T. ) ;
#2005 = CARTESIAN_POINT ( 'NONE',  ( 0.1468668309150000000, 0.1446917421962999900, 0.09155475238756000100 ) ) ;
#2006 = ORIENTED_EDGE ( 'NONE', *, *, #4236, .T. ) ;
#2007 = EDGE_LOOP ( 'NONE', ( #1355, #6193, #5890, #2939 ) ) ;
#2008 = CARTESIAN_POINT ( 'NONE',  ( 0.1540399968424531500, -0.08067257342837538800, 0.1489854967074273100 ) ) ;
#2009 = LINE ( 'NONE', #4692, #988 ) ;
#2010 = CARTESIAN_POINT ( 'NONE',  ( 0.1184067111036713900, -0.07001350983927086300, -0.1739377017323213400 ) ) ;
#2011 = AXIS2_PLACEMENT_3D ( 'NONE', #3229, #3223, #3222 ) ;
#2012 = ORIENTED_EDGE ( 'NONE', *, *, #1750, .T. ) ;
#2013 = CONICAL_SURFACE ( 'NONE', #3851, 0.3098651377028963600, 1.483529864195487000 ) ;
#2014 = CARTESIAN_POINT ( 'NONE',  ( 0.1486210214686000100, 0.1041580669063000000, 0.1359009457395999900 ) ) ;
#2015 = DIRECTION ( 'NONE',  ( 1.583679996327615400E-015, 0.0000000000000000000, -1.000000000000000000 ) ) ;
#2016 = FACE_OUTER_BOUND ( 'NONE', #3392, .T. ) ;
#2017 = DIRECTION ( 'NONE',  ( -0.0000000000000000000, -1.000000000000000000, -0.0000000000000000000 ) ) ;
#2018 = CARTESIAN_POINT ( 'NONE',  ( 0.7211595114417815900, 0.1443375672974181200, 0.2500000000000014400 ) ) ;
#2019 = CARTESIAN_POINT ( 'NONE',  ( 0.1188713201973657500, -0.05383029277511743000, -0.1804016481736675800 ) ) ;
#2020 = ORIENTED_EDGE ( 'NONE', *, *, #3409, .F. ) ;
#2021 = ORIENTED_EDGE ( 'NONE', *, *, #5554, .F. ) ;
#2022 = CARTESIAN_POINT ( 'NONE',  ( 0.1503752120223000000, 0.05080072147953999800, 0.1635153009446999900 ) ) ;
#2023 = CARTESIAN_POINT ( 'NONE',  ( 0.1389484832469999900, -0.09942146603543999800, 0.1647464236931000000 ) ) ;
#2024 = CARTESIAN_POINT ( 'NONE',  ( 0.1546797067794917800, -0.09934895520816652800, 0.1373599087127526700 ) ) ;
#2025 = ORIENTED_EDGE ( 'NONE', *, *, #3560, .T. ) ;
#2026 = ORIENTED_EDGE ( 'NONE', *, *, #3621, .T. ) ;
#2027 = EDGE_LOOP ( 'NONE', ( #643, #1623, #775, #2600 ) ) ;
#2028 = CARTESIAN_POINT ( 'NONE',  ( 0.7100892630251136600, 0.09685711861486383200, 0.2500000000000000000 ) ) ;
#2029 = CIRCLE ( 'NONE', #1534, 0.08500000000161384000 ) ;
#2030 = CARTESIAN_POINT ( 'NONE',  ( 0.1559815111280588300, -0.1313548062238128200, 0.1071637686968830200 ) ) ;
#2031 = CIRCLE ( 'NONE', #4949, 0.1892431148550480500 ) ;
#2032 = AXIS2_PLACEMENT_3D ( 'NONE', #3369, #3358, #3351 ) ;
#2033 = VECTOR ( 'NONE', #1804, 39.37007874015748100 ) ;
#2034 = ORIENTED_EDGE ( 'NONE', *, *, #4114, .F. ) ;
#2035 = CARTESIAN_POINT ( 'NONE',  ( 0.1193370912642078800, -0.03670401102661621100, -0.1847451732455818500 ) ) ;
#2036 = CARTESIAN_POINT ( 'NONE',  ( 0.1521294025758999900, -0.008811045931672000000, 0.1709980391363999900 ) ) ;
#2037 = CARTESIAN_POINT ( 'NONE',  ( -0.7339999999999988800, 0.2525000000000500200, -0.06619355419097190700 ) ) ;
#2038 = CARTESIAN_POINT ( 'NONE',  ( 0.1594572877368417600, -0.1680976374342328700, -0.002954291527352492800 ) ) ;
#2039 = ORIENTED_EDGE ( 'NONE', *, *, #3728, .T. ) ;
#2040 = CARTESIAN_POINT ( 'NONE',  ( 0.04900000000000000200, -6.428111140775616900E-014, 0.1874999999999695200 ) ) ;
#2041 = AXIS2_PLACEMENT_3D ( 'NONE', #1905, #1869, #1947 ) ;
#2042 = CARTESIAN_POINT ( 'NONE',  ( 0.1538835931294999800, -0.06733797972997999900, 0.1574279433899999900 ) ) ;
#2043 = CARTESIAN_POINT ( 'NONE',  ( 0.1202991154710791300, -0.0006950268873183256500, -0.1883620898882154000 ) ) ;
#2044 = DIRECTION ( 'NONE',  ( 1.000000000000000000, 3.756177236531334700E-014, -3.756177236531292400E-014 ) ) ;
#2045 = CARTESIAN_POINT ( 'NONE',  ( 0.1634034653865000000, 0.1411064660480000100, 0.1308239958789000100 ) ) ;
#2046 = ORIENTED_EDGE ( 'NONE', *, *, #3828, .F. ) ;
#2047 = CARTESIAN_POINT ( 'NONE',  ( 0.05000000000000000300, -6.430407353524017400E-014, 6.189280072995864100E-017 ) ) ;
#2048 = VECTOR ( 'NONE', #1440, 39.37007874015748900 ) ;
#2049 = CARTESIAN_POINT ( 'NONE',  ( 0.2838950667645218600, 0.1866651931040870800, -0.01785267629294428500 ) ) ;
#2050 = VECTOR ( 'NONE', #1772, 39.37007874015748100 ) ;
#2051 = CARTESIAN_POINT ( 'NONE',  ( 0.2537837722508886600, -0.1667152453871718600, -0.02221139228050311000 ) ) ;
#2052 = LINE ( 'NONE', #203, #1338 ) ;
#2053 = CARTESIAN_POINT ( 'NONE',  ( 0.1556377836831000000, -0.1175744086452000000, 0.1244757656881000000 ) ) ;
#2054 = DIRECTION ( 'NONE',  ( -2.731847993689573100E-014, 1.000000000000000000, 0.0000000000000000000 ) ) ;
#2055 = LINE ( 'NONE', #1455, #2048 ) ;
#2056 = CARTESIAN_POINT ( 'NONE',  ( -0.6529357568685711900, -0.01223394173684978900, 0.05895580389059580000 ) ) ;
#2057 = AXIS2_PLACEMENT_3D ( 'NONE', #2428, #2080, #2071 ) ;
#2058 = AXIS2_PLACEMENT_3D ( 'NONE', #3550, #3575, #3559 ) ;
#2059 = CARTESIAN_POINT ( 'NONE',  ( 0.09999968334695028000, -0.1359696096524040700, -0.09883672460703169000 ) ) ;
#2060 = CARTESIAN_POINT ( 'NONE',  ( 0.1573919742367000100, -0.1533353860464000100, 0.07619851782495999600 ) ) ;
#2061 = CARTESIAN_POINT ( 'NONE',  ( 0.1207953686111084000, 0.01818840685886010200, -0.1875949215974084500 ) ) ;
#2062 = CARTESIAN_POINT ( 'NONE',  ( 0.1878584475260000100, 0.1567635860335999900, -0.1115843587117000000 ) ) ;
#2063 = CARTESIAN_POINT ( 'NONE',  ( 0.1595414282095145000, -0.1680220016775966800, -0.005812393915020418700 ) ) ;
#2064 = FACE_OUTER_BOUND ( 'NONE', #1894, .T. ) ;
#2065 = CARTESIAN_POINT ( 'NONE',  ( 0.1591461647903000000, -0.1702181570164000000, 0.01853997462210000100 ) ) ;
#2066 = CARTESIAN_POINT ( 'NONE',  ( 0.2960169546567746900, -0.1312449673626483500, 0.1351323059518079700 ) ) ;
#2067 = CARTESIAN_POINT ( 'NONE',  ( 0.1007781263998394300, -0.1204459936272168400, -0.1201906107434835800 ) ) ;
#2068 = CARTESIAN_POINT ( 'NONE',  ( 0.1218183569643540600, 0.05600881243212541000, -0.1799616891590563000 ) ) ;
#2069 = ORIENTED_EDGE ( 'NONE', *, *, #2974, .T. ) ;
#2070 = DIRECTION ( 'NONE',  ( -0.0000000000000000000, 0.7071067811865484600, -0.7071067811865464600 ) ) ;
#2071 = DIRECTION ( 'NONE',  ( 0.0000000000000000000, 0.0000000000000000000, 1.000000000000000000 ) ) ;
#2072 = EDGE_CURVE ( 'NONE', #639, #2595, #3644, .T. ) ;
#2073 = CARTESIAN_POINT ( 'NONE',  ( 0.1597121310735029900, -0.1677222081710681700, -0.01160232829076889700 ) ) ;
#2074 = CARTESIAN_POINT ( 'NONE',  ( 0.1695003119967999900, -0.09500293296554998500, -0.1512902656334000100 ) ) ;
#2075 = ORIENTED_EDGE ( 'NONE', *, *, #2135, .F. ) ;
#2076 = EDGE_LOOP ( 'NONE', ( #1793, #5395, #4662, #2517, #6436 ) ) ;
#2077 = CARTESIAN_POINT ( 'NONE',  ( 0.2609368261529528800, 1.248008587758740200E-008, -0.1680971861311023100 ) ) ;
#2078 = CARTESIAN_POINT ( 'NONE',  ( 0.1609003553438999900, -0.1661442037270000100, -0.04140111222166000000 ) ) ;
#2079 = CARTESIAN_POINT ( 'NONE',  ( 0.1015595989402813300, -0.09981540938225873200, -0.1377982540576414000 ) ) ;
#2080 = DIRECTION ( 'NONE',  ( -1.000000000000000000, 0.0000000000000000000, 0.0000000000000000000 ) ) ;
#2081 = CARTESIAN_POINT ( 'NONE',  ( 0.2123134296655999900, -0.07741348554419000300, -0.1761618030813000000 ) ) ;
#2082 = CARTESIAN_POINT ( 'NONE',  ( 0.1597973503391330900, -0.1674980560373500200, -0.01448853063504268800 ) ) ;
#2083 = ORIENTED_EDGE ( 'NONE', *, *, #1477, .T. ) ;
#2084 = ORIENTED_EDGE ( 'NONE', *, *, #5576, .T. ) ;
#2085 = EDGE_CURVE ( 'NONE', #4760, #4073, #3668, .T. ) ;
#2086 = AXIS2_PLACEMENT_3D ( 'NONE', #3532, #3527, #3513 ) ;
#2087 = CARTESIAN_POINT ( 'NONE',  ( 0.1046871833027734600, -1.618567888573413100E-008, -0.1680991218989395800 ) ) ;
#2088 = CARTESIAN_POINT ( 'NONE',  ( 0.1626545458975000000, -0.1416151358108000100, -0.09624499315371000400 ) ) ;
#2089 = CARTESIAN_POINT ( 'NONE',  ( -1.039524830354235900, 0.1360000000000000100, 0.2446000000000000100 ) ) ;
#2090 = VERTEX_POINT ( 'NONE', #1173 ) ;
#2091 = VERTEX_POINT ( 'NONE', #1733 ) ;
#2092 = DIRECTION ( 'NONE',  ( -1.000000000000000000, 2.410454112010823400E-015, 0.0000000000000000000 ) ) ;
#2093 = DIRECTION ( 'NONE',  ( 2.449490783530942700E-015, 1.000000000000000000, 1.178340830472019000E-031 ) ) ;
#2094 = EDGE_CURVE ( 'NONE', #4728, #2258, #3739, .T. ) ;
#2095 = FACE_OUTER_BOUND ( 'NONE', #4858, .T. ) ;
#2096 = CARTESIAN_POINT ( 'NONE',  ( -0.7819399999999997500, -0.2439999999999647200, -0.3025000000000353500 ) ) ;
#2097 = AXIS2_PLACEMENT_3D ( 'NONE', #2527, #2445, #2435 ) ;
#2098 = ORIENTED_EDGE ( 'NONE', *, *, #3138, .T. ) ;
#2099 = FACE_OUTER_BOUND ( 'NONE', #4729, .T. ) ;
#2100 = CARTESIAN_POINT ( 'NONE',  ( 0.1939552941362999700, -0.1674348948622000100, 0.06228807271877000200 ) ) ;
#2101 = CARTESIAN_POINT ( 'NONE',  ( -0.9689999999986234100, 0.2444999999999997700, 0.02200000000000684700 ) ) ;
#2102 = CARTESIAN_POINT ( 'NONE',  ( 0.1644087364510999900, -0.09965092328946000000, -0.1392394906011000000 ) ) ;
#2103 = LINE ( 'NONE', #1358, #2115 ) ;
#2104 = CARTESIAN_POINT ( 'NONE',  ( 0.1671865952668472900, -3.973920153760026800E-008, -0.1680973602015729500 ) ) ;
#2105 = ORIENTED_EDGE ( 'NONE', *, *, #3872, .T. ) ;
#2106 = FACE_OUTER_BOUND ( 'NONE', #1871, .T. ) ;
#2107 = CARTESIAN_POINT ( 'NONE',  ( 0.2367684118050999700, -0.1882131599641000400, 0.04001966223924000000 ) ) ;
#2108 = AXIS2_PLACEMENT_3D ( 'NONE', #3658, #3624, #3613 ) ;
#2109 = CARTESIAN_POINT ( 'NONE',  ( 0.1661629270047000100, -0.04541807863801000000, -0.1650912996821999900 ) ) ;
#2110 = EDGE_LOOP ( 'NONE', ( #2034, #2513 ) ) ;
#2111 = AXIS2_PLACEMENT_3D ( 'NONE', #3853, #3678, #3665 ) ;
#2112 = CARTESIAN_POINT ( 'NONE',  ( -0.8955000000000000700, 0.2444999999999999700, 0.1445000000000500100 ) ) ;
#2113 = CARTESIAN_POINT ( 'NONE',  ( 0.1678413434317301600, 0.02210585008326752100, -0.1681015617915611000 ) ) ;
#2114 = APPLICATION_PROTOCOL_DEFINITION ( 'draft international standard', 'automotive_design', 1998, #2116 ) ;
#2115 = VECTOR ( 'NONE', #1289, 39.37007874015748900 ) ;
#2116 = APPLICATION_CONTEXT ( 'automotive_design' ) ;
#2117 = CARTESIAN_POINT ( 'NONE',  ( 0.1679171175582999900, 0.01440643325539999900, -0.1706176737830000000 ) ) ;
#2118 = CARTESIAN_POINT ( 'NONE',  ( 0.1600526116369312700, -0.1666058939373872800, -0.02310940168864362600 ) ) ;
#2119 = CARTESIAN_POINT ( 'NONE',  ( 0.2184102762758000100, 0.02698068630860000000, 0.1765962544989000100 ) ) ;
#2120 = CARTESIAN_POINT ( 'NONE',  ( 0.1039040165616217900, -0.02639709335198901100, -0.1681088701888113200 ) ) ;
#2122 = ORIENTED_EDGE ( 'NONE', *, *, #2726, .F. ) ;
#2121 = CARTESIAN_POINT ( 'NONE',  ( 0.1684975454473370500, 0.04417259521348859000, -0.1636701477064715100 ) ) ;
#2123 = CARTESIAN_POINT ( 'NONE',  ( 0.1031225440211750000, -0.05277889255237191300, -0.1617774250418976300 ) ) ;
#2124 = EDGE_CURVE ( 'NONE', #4760, #1941, #3703, .T. ) ;
#2125 = CARTESIAN_POINT ( 'NONE',  ( 0.1696713081119000100, 0.07245724271600000000, -0.1551382632323000100 ) ) ;
#2126 = AXIS2_PLACEMENT_3D ( 'NONE', #2568, #2548, #2541 ) ;
#2127 = VECTOR ( 'NONE', #4043, 39.37007874015748100 ) ;
#2128 = CARTESIAN_POINT ( 'NONE',  ( 0.2612233939445999800, 0.0009618089833318999300, 0.1924182487964999900 ) ) ;
#2129 = PRODUCT_CONTEXT ( 'NONE', #2242, 'mechanical' ) ;
#2130 = CARTESIAN_POINT ( 'NONE',  ( 0.1602222571700069300, -0.1657181858733015600, -0.02880625656340652200 ) ) ;
#2131 = FACE_OUTER_BOUND ( 'NONE', #4474, .T. ) ;
#2132 = DIRECTION ( 'NONE',  ( 1.000000000000000000, 0.0000000000000000000, 0.0000000000000000000 ) ) ;
#2133 = DIRECTION ( 'NONE',  ( 1.000000000000000000, 0.0000000000000000000, 0.0000000000000000000 ) ) ;
#2134 = CARTESIAN_POINT ( 'NONE',  ( 0.1698065210250831200, 0.08490069085193909000, -0.1467442869498922800 ) ) ;
#2135 = EDGE_CURVE ( 'NONE', #201, #3620, #3710, .T. ) ;
#2136 = CARTESIAN_POINT ( 'NONE',  ( 0.1566436055395875000, -0.1446723158645600000, 0.08858295047386388600 ) ) ;
#2137 = AXIS2_PLACEMENT_3D ( 'NONE', #3847, #3831, #3822 ) ;
#2138 = VERTEX_POINT ( 'NONE', #233 ) ;
#2139 = DIRECTION ( 'NONE',  ( -1.000000000000000000, -0.0000000000000000000, -0.0000000000000000000 ) ) ;
#2140 = CARTESIAN_POINT ( 'NONE',  ( 0.01562000000000000200, 0.2454999999999532600, -0.2454999999999532300 ) ) ;
#2141 = CARTESIAN_POINT ( 'NONE',  ( 0.1714254986655000000, 0.1215873722455999800, -0.1205588671654000000 ) ) ;
#2142 = ORIENTED_EDGE ( 'NONE', *, *, #1877, .T. ) ;
#2143 = CARTESIAN_POINT ( 'NONE',  ( 0.2428652584153999900, 0.1783953226946999600, 0.009447297931208999100 ) ) ;
#2144 = EDGE_CURVE ( 'NONE', #575, #5853, #3699, .T. ) ;
#2145 = DIRECTION ( 'NONE',  ( 0.0000000000000000000, 0.0000000000000000000, 1.000000000000000000 ) ) ;
#2146 = CARTESIAN_POINT ( 'NONE',  ( 0.1704592945872229500, 0.1035421616843813500, -0.1342249022828301800 ) ) ;
#2147 = CARTESIAN_POINT ( 'NONE',  ( 0.2160566740065578400, 0.07341210096971179100, -0.1725892965433564200 ) ) ;
#2148 = CARTESIAN_POINT ( 'NONE',  ( 0.1731796892191000100, 0.1557481413506000000, -0.07113678932644000600 ) ) ;
#2149 = CARTESIAN_POINT ( 'NONE',  ( 0.2856783760841000200, 0.1886041918391999900, 0.03813280386541000000 ) ) ;
#2150 = DIRECTION ( 'NONE',  ( 0.0000000000000000000, 0.0000000000000000000, 1.000000000000000000 ) ) ;
#2151 = LINE ( 'NONE', #1235, #2218 ) ;
#2152 = CARTESIAN_POINT ( 'NONE',  ( 0.1607296077728653500, -0.1622004703231746400, -0.04565693590338781200 ) ) ;
#2153 = AXIS2_PLACEMENT_3D ( 'NONE', #4924, #4908, #4946 ) ;
#2154 = DIRECTION ( 'NONE',  ( 1.000000000000000000, 0.0000000000000000000, 0.0000000000000000000 ) ) ;
#2155 = CARTESIAN_POINT ( 'NONE',  ( 0.2518098160130999900, 0.05119883375687999500, -0.1777294949721000000 ) ) ;
#2156 = EDGE_CURVE ( 'NONE', #4742, #4161, #5335, .T. ) ;
#2157 = LINE ( 'NONE', #1276, #2195 ) ;
#2158 = DIRECTION ( 'NONE',  ( 2.731847993689610700E-014, 0.0000000000000000000, -1.000000000000000000 ) ) ;
#2159 = B_SPLINE_CURVE_WITH_KNOTS ( 'NONE', 3,
 ( #85, #38, #15, #5, #5332, #5341, #5369, #5334, #5347, #5373, #5352, #5378, #5354, #5383, #5361, #5386, #5325, #5315, #5441, #5428, #5426, #5475, #5415, #5471, #5407, #5465, #5399, #5458, #5392 ),
 .UNSPECIFIED., .F., .F.,
 ( 4, 2, 2, 2, 2, 2, 1, 1, 1, 2, 2, 2, 2, 2, 2, 4 ),
 ( 0.0000000000000000000, 0.1249999999999998600, 0.2499999999999997200, 0.3749999999999995600, 0.4374999999999995000, 0.4687499999999995000, 0.4843749999999994400, 0.4921874999999994400, 0.4960937499999994400, 0.4980468749999994400, 0.4999999999999994400, 0.5624999999999994400, 0.6249999999999995600, 0.7499999999999996700, 0.8749999999999998900, 1.000000000000000000 ),
 .UNSPECIFIED. ) ;
#2160 = CARTESIAN_POINT ( 'NONE',  ( 0.1223450921775701000, 0.07493427833716927200, -0.1730816393045389900 ) ) ;
#2161 = CARTESIAN_POINT ( 'NONE',  ( 0.1717614132580364800, 0.1346001753375687900, -0.1030555661363644800 ) ) ;
#2162 = ORIENTED_EDGE ( 'NONE', *, *, #3819, .T. ) ;
#2163 = CONICAL_SURFACE ( 'NONE', #2578, 0.3081220228479096800, 1.483529864194679700 ) ;
#2164 = CARTESIAN_POINT ( 'NONE',  ( 0.1749338797727000000, 0.1707338494207999700, -0.01295668813004999900 ) ) ;
#2165 = EDGE_CURVE ( 'NONE', #2497, #4446, #3761, .T. ) ;
#2166 = CARTESIAN_POINT ( 'NONE',  ( 0.1610657268462793200, -0.1587063939189318800, -0.05656727079029071100 ) ) ;
#2167 = EDGE_CURVE ( 'NONE', #1635, #5208, #3780, .T. ) ;
#2168 = CARTESIAN_POINT ( 'NONE',  ( 0.2673202405549000000, 0.04547820117060000200, -0.1727594475642000000 ) ) ;
#2169 = CARTESIAN_POINT ( 'NONE',  ( 0.1231580565522835000, 0.1016421168593249100, -0.1578786442444132000 ) ) ;
#2170 = CARTESIAN_POINT ( 'NONE',  ( 0.1724107583667104600, 0.1470129544188806500, -0.08440725064601305200 ) ) ;
#2171 = PLANE ( 'NONE',  #5100 ) ;
#2172 = ORIENTED_EDGE ( 'NONE', *, *, #3226, .T. ) ;
#2173 = ORIENTED_EDGE ( 'NONE', *, *, #2319, .T. ) ;
#2174 = CARTESIAN_POINT ( 'NONE',  ( 0.1737060201305918600, 0.1637512987070441400, -0.04382204169723029300 ) ) ;
#2175 = CARTESIAN_POINT ( 'NONE',  ( 0.3101333582236000000, 0.07563606914031000000, -0.1769315873292000000 ) ) ;
#2176 =( NAMED_UNIT ( * ) SI_UNIT ( $, .STERADIAN. ) SOLID_ANGLE_UNIT ( ) );
#2177 = CARTESIAN_POINT ( 'NONE',  ( 0.1000000000000000900, 0.03667716023892420000, -0.1717331109443968100 ) ) ;
#2178 = AXIS2_PLACEMENT_3D ( 'NONE', #4783, #4854, #4832 ) ;
#2179 = ORIENTED_EDGE ( 'NONE', *, *, #2933, .T. ) ;
#2180 = VERTEX_POINT ( 'NONE', #246 ) ;
#2181 = CARTESIAN_POINT ( 'NONE',  ( 0.1234328549363363400, 0.1102637285361420700, -0.1520099592080166000 ) ) ;
#2182 = CARTESIAN_POINT ( 'NONE',  ( 0.1766880703262999600, 0.1646995555291999900, 0.04681854629575000300 ) ) ;
#2183 = FACE_OUTER_BOUND ( 'NONE', #5833, .T. ) ;
#2184 = CARTESIAN_POINT ( 'NONE',  ( -0.6657449207471999300, -0.008917798484239999900, -0.01306836142173000000 ) ) ;
#2185 = EDGE_LOOP ( 'NONE', ( #6425, #4002, #5993, #6108 ) ) ;
#2186 = VERTEX_POINT ( 'NONE', #294 ) ;
#2187 = VERTEX_POINT ( 'NONE', #210 ) ;
#2188 = CARTESIAN_POINT ( 'NONE',  ( 0.1238507679011382600, 0.1225267328062689000, -0.1420261789952921600 ) ) ;
#2189 = EDGE_CURVE ( 'NONE', #5515, #5819, #3846, .T. ) ;
#2190 = CARTESIAN_POINT ( 'NONE',  ( 0.1743519367858004700, 0.1681016571142402400, -0.02190320342410324500 ) ) ;
#2191 =( NAMED_UNIT ( * ) PLANE_ANGLE_UNIT ( ) SI_UNIT ( $, .RADIAN. ) );
#2192 = AXIS2_PLACEMENT_3D ( 'NONE', #4634, #4627, #4615 ) ;
#2193 =( CONVERSION_BASED_UNIT ( 'INCH', #1129 ) LENGTH_UNIT ( ) NAMED_UNIT ( #3868 ) );
#2194 = CARTESIAN_POINT ( 'NONE',  ( 0.1784422608799000100, 0.1383882099154999900, 0.1008296582206000000 ) ) ;
#2195 = VECTOR ( 'NONE', #1248, 39.37007874015748100 ) ;
#2196 = CARTESIAN_POINT ( 'NONE',  ( 0.2917752226943999800, -0.1599251361294999900, -0.07961155313600999700 ) ) ;
#2197 = LINE ( 'NONE', #1109, #2231 ) ;
#2198 = CARTESIAN_POINT ( 'NONE',  ( 0.1750162705401695800, 0.1680985113615198500, 0.0006832821005887573800 ) ) ;
#2199 = CARTESIAN_POINT ( 'NONE',  ( -1.055299999999999900, 0.1854000000000000100, 0.2446000000000000100 ) ) ;
#2200 = CARTESIAN_POINT ( 'NONE',  ( 0.1801964514334999900, 0.09503917557044999600, 0.1424270636779000100 ) ) ;
#2201 = CARTESIAN_POINT ( 'NONE',  ( 0.3345883403630999800, -0.1578866189516000000, -0.1099872396070000100 ) ) ;
#2202 =( LENGTH_UNIT ( ) NAMED_UNIT ( * ) SI_UNIT ( $, .METRE. ) );
#2203 = AXIS2_PLACEMENT_3D ( 'NONE', #4536, #4521, #4507 ) ;
#2204 = CARTESIAN_POINT ( 'NONE',  ( 0.1620677400810458500, -0.1451832513118745900, -0.08771655094140748400 ) ) ;
#2205 = VERTEX_POINT ( 'NONE', #307 ) ;
#2206 = CARTESIAN_POINT ( 'NONE',  ( 0.1239910247875259500, 0.1265018887819610300, -0.1385009621633021300 ) ) ;
#2207 = CARTESIAN_POINT ( 'NONE',  ( 0.1750329557406536700, 0.1680949391690462800, 0.001250530139067115400 ) ) ;
#2208 = VERTEX_POINT ( 'NONE', #350 ) ;
#2209 = VERTEX_POINT ( 'NONE', #313 ) ;
#2210 = LINE ( 'NONE', #2734, #5746 ) ;
#2211 = B_SPLINE_CURVE_WITH_KNOTS ( 'NONE', 3,
 ( #3488, #3509, #3452, #3445 ),
 .UNSPECIFIED., .F., .F.,
 ( 4, 4 ),
 ( 2.351214105499947600E-016, 0.003694680973536693200 ),
 .UNSPECIFIED. ) ;
#2212 = EDGE_CURVE ( 'NONE', #4370, #1635, #3825, .T. ) ;
#2213 = DIRECTION ( 'NONE',  ( 1.000000000000000000, 0.0000000000000000000, -0.0000000000000000000 ) ) ;
#2214 = CARTESIAN_POINT ( 'NONE',  ( 0.1242028389642883100, 0.1322652614410443400, -0.1329255346213674700 ) ) ;
#2215 = CARTESIAN_POINT ( 'NONE',  ( 0.1819506419871000100, 0.03998940418993000200, 0.1664895121119999700 ) ) ;
#2216 = SURFACE_STYLE_USAGE ( .BOTH. , #2228 ) ;
#2217 = CARTESIAN_POINT ( 'NONE',  ( 0.1750698177689496100, 0.1680807672616049500, 0.002503604365794498800 ) ) ;
#2218 = VECTOR ( 'NONE', #1219, 39.37007874015748100 ) ;
#2219 = CARTESIAN_POINT ( 'NONE',  ( 0.1627272902569234200, -0.1320645426142546500, -0.1063143441252446300 ) ) ;
#2220 = CARTESIAN_POINT ( 'NONE',  ( 0.3162302048339000200, -0.1104262826859999800, 0.1404280708799000000 ) ) ;
#2221 = FACE_OUTER_BOUND ( 'NONE', #10, .T. ) ;
#2222 = DIRECTION ( 'NONE',  ( 0.0000000000000000000, 0.0000000000000000000, -1.000000000000000000 ) ) ;
#2223 = CARTESIAN_POINT ( 'NONE',  ( 0.1243091032644646500, 0.1350972781271494700, -0.1300661697417077600 ) ) ;
#2224 = EDGE_CURVE ( 'NONE', #5711, #4454, #3860, .T. ) ;
#2225 = CARTESIAN_POINT ( 'NONE',  ( 0.1837048325406999700, -0.01998363049388000200, 0.1700545833619999900 ) ) ;
#2226 = EDGE_LOOP ( 'NONE', ( #4947, #4690, #5333, #5246 ) ) ;
#2227 = CARTESIAN_POINT ( 'NONE',  ( 0.1071955858151999900, -0.1853859774998999600, 0.007406404962978000400 ) ) ;
#2228 = SURFACE_SIDE_STYLE ('',( #824 ) ) ;
#2229 = CARTESIAN_POINT ( 'NONE',  ( 0.1000000000000000200, 0.1832132266002949900, -0.01166103605484754100 ) ) ;
#2230 = FILL_AREA_STYLE ('',( #2439 ) ) ;
#2231 = VECTOR ( 'NONE', #989, 39.37007874015748900 ) ;
#2232 = CARTESIAN_POINT ( 'NONE',  ( 0.2639566733880479600, 0.09720339630403301800, -0.1389199064772740900 ) ) ;
#2233 = CARTESIAN_POINT ( 'NONE',  ( 0.1751251563133158200, 0.1680489927078271400, 0.004384563556476284500 ) ) ;
#2234 = CARTESIAN_POINT ( 'NONE',  ( 0.2472257623063289200, 0.07053539529371104200, -0.1737366104838505800 ) ) ;
#2235 = EDGE_CURVE ( 'NONE', #6476, #567, #3873, .T. ) ;
#2236 = AXIS2_PLACEMENT_3D ( 'NONE', #4476, #4214, #4210 ) ;
#2237 = VECTOR ( 'NONE', #28, 39.37007874015748900 ) ;
#2238 = CARTESIAN_POINT ( 'NONE',  ( -0.7966199999999999900, 0.2454999999999532600, 0.2454999999999532300 ) ) ;
#2239 = CARTESIAN_POINT ( 'NONE',  ( 0.1244337034019784800, 0.1383080811601033200, -0.1266077332349471500 ) ) ;
#2240 = VERTEX_POINT ( 'NONE', #413 ) ;
#2241 = CARTESIAN_POINT ( 'NONE',  ( 0.1854590230943000100, -0.07749634586693998600, 0.1526833975811000000 ) ) ;
#2242 = APPLICATION_CONTEXT ( 'automotive_design' ) ;
#2243 = CARTESIAN_POINT ( 'NONE',  ( 0.1752545980969566800, 0.1679009769883422500, 0.008782072485738787900 ) ) ;
#2244 = CARTESIAN_POINT ( 'NONE',  ( 0.2174655768896375200, 0.1189909274864517200, -0.1458562396031431500 ) ) ;
#2245 = CARTESIAN_POINT ( 'NONE',  ( 0.08883745028591999400, -0.003076951349095999600, 0.1717308691912000100 ) ) ;
#2246 = AXIS2_PLACEMENT_3D ( 'NONE', #3893, #3883, #3878 ) ;
#2247 = VERTEX_POINT ( 'NONE', #573 ) ;
#2248 = DIRECTION ( 'NONE',  ( 0.0000000000000000000, 0.0000000000000000000, -1.000000000000000000 ) ) ;
#2249 = DIRECTION ( 'NONE',  ( -0.0000000000000000000, -0.0000000000000000000, 1.000000000000000000 ) ) ;
#2250 = CARTESIAN_POINT ( 'NONE',  ( 0.1872132136479999800, -0.1254680805477000100, 0.1165146384938999800 ) ) ;
#2251 = CARTESIAN_POINT ( 'NONE',  ( 0.1316505679547000100, -0.03042713213045000100, 0.1830217303082999900 ) ) ;
#2252 = CARTESIAN_POINT ( 'NONE',  ( 0.1640294733140796300, -0.1002533242564484800, -0.1367320451295230800 ) ) ;
#2253 = VERTEX_POINT ( 'NONE', #633 ) ;
#2254 = FACE_OUTER_BOUND ( 'NONE', #5916, .T. ) ;
#2255 = CARTESIAN_POINT ( 'NONE',  ( 0.1244872374153362000, 0.1396634723013971700, -0.1250996214292710600 ) ) ;
#2256 = CARTESIAN_POINT ( 'NONE',  ( 0.1753660942202842600, 0.1676465786836495200, 0.01256324467314246100 ) ) ;
#2257 = CARTESIAN_POINT ( 'NONE',  ( 0.2645820991283949800, -0.1257948137151157500, 0.1393574428549384000 ) ) ;
#2258 = VERTEX_POINT ( 'NONE', #520 ) ;
#2259 = VERTEX_POINT ( 'NONE', #640 ) ;
#2260 = CARTESIAN_POINT ( 'NONE',  ( 0.1245229565252242300, 0.1405623962359221800, -0.1240884894405377300 ) ) ;
#2261 = FACE_OUTER_BOUND ( 'NONE', #3980, .T. ) ;
#2262 = CARTESIAN_POINT ( 'NONE',  ( -0.8939999999999999100, -0.1223294731452509400, 0.2425376259469509700 ) ) ;
#2263 = CARTESIAN_POINT ( 'NONE',  ( 0.1889674042015999900, -0.1579928262064999600, 0.06600124073056999600 ) ) ;
#2264 = ORIENTED_EDGE ( 'NONE', *, *, #5258, .F. ) ;
#2265 = FACE_OUTER_BOUND ( 'NONE', #3145, .T. ) ;
#2266 = CARTESIAN_POINT ( 'NONE',  ( 0.1646721061953584100, -0.08157488770925100400, -0.1485293351996806700 ) ) ;
#2267 = CARTESIAN_POINT ( 'NONE',  ( 0.1132924324254000100, 0.1675204354727000100, 0.03791862153818000000 ) ) ;
#2268 = DIRECTION ( 'NONE',  ( 0.0000000000000000000, 1.000000000000000000, 0.0000000000000000000 ) ) ;
#2269 = DIRECTION ( 'NONE',  ( -1.000000000000000000, 0.0000000000000000000, 0.0000000000000000000 ) ) ;
#2270 = CARTESIAN_POINT ( 'NONE',  ( 0.1755898144976903200, 0.1669653948955438500, 0.02013351569334032000 ) ) ;
#2271 = ORIENTED_EDGE ( 'NONE', *, *, #865, .F. ) ;
#2272 = LINE ( 'NONE', #982, #2309 ) ;
#2273 = CARTESIAN_POINT ( 'NONE',  ( 0.1561055500941999900, 0.1730200884837999900, 0.06698326761740000500 ) ) ;
#2274 = DIRECTION ( 'NONE',  ( 0.0000000000000000000, 0.7071067811865474600, 0.7071067811865474600 ) ) ;
#2275 = EDGE_CURVE ( 'NONE', #5782, #4998, #3798, .T. ) ;
#2276 = CONICAL_SURFACE ( 'NONE', #1597, 0.1721956082217836200, 0.7649928327132601300 ) ;
#2277 = EDGE_CURVE ( 'NONE', #4847, #5972, #3922, .T. ) ;
#2278 = AXIS2_PLACEMENT_3D ( 'NONE', #4198, #4119, #4093 ) ;
#2279 = VERTEX_POINT ( 'NONE', #732 ) ;
#2280 = CARTESIAN_POINT ( 'NONE',  ( 0.1245425064218151100, 0.1410511773319239300, -0.1235321772576027700 ) ) ;
#2281 = ORIENTED_EDGE ( 'NONE', *, *, #5408, .F. ) ;
#2282 = CARTESIAN_POINT ( 'NONE',  ( 0.1907215947552000100, -0.1710663385473000000, 0.007362160631251999900 ) ) ;
#2283 = CARTESIAN_POINT ( 'NONE',  ( -0.8979999999999999100, 0.2444999999999999700, -0.09799999999999409200 ) ) ;
#2284 = LINE ( 'NONE', #511, #3789 ) ;
#2285 = PLANE ( 'NONE',  #4872 ) ;
#2286 = CARTESIAN_POINT ( 'NONE',  ( 0.2633251015603146300, 0.07851508223204950500, -0.1500811182004512500 ) ) ;
#2287 = AXIS2_PLACEMENT_3D ( 'NONE', #3961, #3957, #3949 ) ;
#2288 = CARTESIAN_POINT ( 'NONE',  ( 0.1757399320569627800, 0.1662814192151814100, 0.02519102941217769500 ) ) ;
#2289 = APPLICATION_PROTOCOL_DEFINITION ( 'draft international standard', 'automotive_design', 1998, #2242 ) ;
#2290 = VERTEX_POINT ( 'NONE', #777 ) ;
#2291 = AXIS2_PLACEMENT_3D ( 'NONE', #4163, #4156, #4144 ) ;
#2292 = CARTESIAN_POINT ( 'NONE',  ( 0.1761931968577855600, 0.1635212554113336900, 0.04032879147741219600 ) ) ;
#2293 = CIRCLE ( 'NONE', #1820, 0.2343750000000291200 ) ;
#2294 = CARTESIAN_POINT ( 'NONE',  ( 0.2220226811362926700, 0.1875026863763055200, 0.005666163910671585100 ) ) ;
#2295 = CARTESIAN_POINT ( 'NONE',  ( 0.1377474145649000000, 0.07117042025766999500, -0.1563190428379999700 ) ) ;
#2296 = ORIENTED_EDGE ( 'NONE', *, *, #4799, .T. ) ;
#2297 = CARTESIAN_POINT ( 'NONE',  ( 0.1250775639592776900, 0.1543534360130690000, -0.1082403940877807900 ) ) ;
#2298 = ORIENTED_EDGE ( 'NONE', *, *, #2564, .T. ) ;
#2299 = CARTESIAN_POINT ( 'NONE',  ( 0.1924757853088000000, -0.1630791105090999800, -0.05218327301946999700 ) ) ;
#2300 = VECTOR ( 'NONE', #4846, 39.37007874015748100 ) ;
#2301 = CARTESIAN_POINT ( 'NONE',  ( 0.1805605322336999700, 0.1007385626882999900, -0.1558024195923000100 ) ) ;
#2302 = CARTESIAN_POINT ( 'NONE',  ( 0.1671865952668472900, -3.973920153760026800E-008, -0.1680973602015729500 ) ) ;
#2303 = CIRCLE ( 'NONE', #1595, 0.004999999999953676000 ) ;
#2304 = B_SPLINE_CURVE_WITH_KNOTS ( 'NONE', 3,
 ( #4478, #458, #4971, #1914, #5501, #2446, #6028, #2977, #1, #3495, #477, #4007, #938, #4496, #1449, #4993, #1933, #5521 ),
 .UNSPECIFIED., .F., .F.,
 ( 4, 2, 2, 2, 2, 2, 2, 2, 4 ),
 ( 0.0000000000000000000, 0.1250000000000000000, 0.2500000000000000000, 0.3750000000000000000, 0.5000000000000000000, 0.6250000000000000000, 0.7500000000000000000, 0.8750000000000000000, 1.000000000000000000 ),
 .UNSPECIFIED. ) ;
#2305 = CARTESIAN_POINT ( 'NONE',  ( 0.1255946763563903800, 0.1648523154749778100, -0.09145224080737182600 ) ) ;
#2306 = CARTESIAN_POINT ( 'NONE',  ( 0.1764992562223406700, 0.1607293336678038700, 0.05037378324923088400 ) ) ;
#2307 = CARTESIAN_POINT ( 'NONE',  ( 0.2661310230685706700, -0.1624635239508269700, 0.09444319839985432200 ) ) ;
#2308 = AXIS2_PLACEMENT_3D ( 'NONE', #4113, #4036, #4029 ) ;
#2309 = VECTOR ( 'NONE', #970, 39.37007874015748100 ) ;
#2310 = EDGE_CURVE ( 'NONE', #3017, #110, #3121, .T. ) ;
#2311 = EDGE_CURVE ( 'NONE', #3601, #5472, #2942, .T. ) ;
#2312 =( NAMED_UNIT ( * ) SI_UNIT ( $, .STERADIAN. ) SOLID_ANGLE_UNIT ( ) );
#2313 = FACE_OUTER_BOUND ( 'NONE', #4814, .T. ) ;
#2314 =( NAMED_UNIT ( * ) PLANE_ANGLE_UNIT ( ) SI_UNIT ( $, .RADIAN. ) );
#2315 = CARTESIAN_POINT ( 'NONE',  ( 0.1942299758623999800, -0.1350145170076000000, -0.1053041648336000000 ) ) ;
#2316 = ORIENTED_EDGE ( 'NONE', *, *, #844, .F. ) ;
#2317 = DIRECTION ( 'NONE',  ( 1.341772099048953400E-015, 0.0000000000000000000, 1.000000000000000000 ) ) ;
#2318 = DIRECTION ( 'NONE',  ( -1.000000000000000000, 1.228479761022789000E-015, 1.308198073516607000E-015 ) ) ;
#2319 = EDGE_CURVE ( 'NONE', #208, #4, #3155, .T. ) ;
#2320 = CARTESIAN_POINT ( 'NONE',  ( 0.1774290828080254700, 0.1494380051022047300, 0.07980139901630302300 ) ) ;
#2321 = AXIS2_PLACEMENT_3D ( 'NONE', #4809, #4800, #4786 ) ;
#2322 = CARTESIAN_POINT ( 'NONE',  ( 0.2050155143732000100, -0.1320899833886000100, -0.1302874907192999900 ) ) ;
#2323 =( CONVERSION_BASED_UNIT ( 'INCH', #760 ) LENGTH_UNIT ( ) NAMED_UNIT ( #3750 ) );
#2324 = CARTESIAN_POINT ( 'NONE',  ( 0.1959841664160000000, -0.09032773844530998800, -0.1454605900607000000 ) ) ;
#2325 = CIRCLE ( 'NONE', #4958, 0.08500000000161785100 ) ;
#2326 = CARTESIAN_POINT ( 'NONE',  ( 0.04999999999999996100, 3.681693177335427100E-014, 0.2343750000000291200 ) ) ;
#2327 = CARTESIAN_POINT ( 'NONE',  ( 0.1266254385994561000, 0.1801163239673186400, -0.05562229793211814800 ) ) ;
#2328 = CARTESIAN_POINT ( 'NONE',  ( 0.1780644985211749800, 0.1380112223253232900, 0.09848830497301469500 ) ) ;
#2329 = ORIENTED_EDGE ( 'NONE', *, *, #1050, .T. ) ;
#2330 = EDGE_CURVE ( 'NONE', #4847, #1928, #5203, .T. ) ;
#2331 = AXIS2_PLACEMENT_3D ( 'NONE', #4102, #4100, #4097 ) ;
#2332 = FACE_OUTER_BOUND ( 'NONE', #114, .T. ) ;
#2333 = CARTESIAN_POINT ( 'NONE',  ( 0.3009999999999996600, -5.653164585482858500E-014, 5.335577574977961000E-017 ) ) ;
#2334 = CARTESIAN_POINT ( 'NONE',  ( 0.1793663925928658800, 0.1080026388569451700, 0.1306849175680652700 ) ) ;
#2335 = VERTEX_POINT ( 'NONE', #1288 ) ;
#2336 = ORIENTED_EDGE ( 'NONE', *, *, #6025, .F. ) ;
#2337 =( LENGTH_UNIT ( ) NAMED_UNIT ( * ) SI_UNIT ( $, .METRE. ) );
#2338 = CARTESIAN_POINT ( 'NONE',  ( 0.1977383569695999900, -0.03452037094402000300, -0.1677087482390000100 ) ) ;
#2339 = CARTESIAN_POINT ( 'NONE',  ( 0.2596324878182799700, 0.04844925116962692200, 0.1811293540869785300 ) ) ;
#2340 = FACE_OUTER_BOUND ( 'NONE', #582, .T. ) ;
#2341 = AXIS2_PLACEMENT_3D ( 'NONE', #4641, #4609, #4604 ) ;
#2342 = AXIS2_PLACEMENT_3D ( 'NONE', #4772, #4664, #4654 ) ;
#2343 = CARTESIAN_POINT ( 'NONE',  ( 0.2621006944329377600, 0.03966260271888093900, -0.1646797009955882600 ) ) ;
#2344 = CARTESIAN_POINT ( 'NONE',  ( 0.1271390884454097500, 0.1849190419359352800, -0.03660330921193524800 ) ) ;
#2345 = ORIENTED_EDGE ( 'NONE', *, *, #472, .F. ) ;
#2346 = VERTEX_POINT ( 'NONE', #1346 ) ;
#2347 = CARTESIAN_POINT ( 'NONE',  ( 0.1800328709514066600, 0.08944231119161182000, 0.1441852832259969700 ) ) ;
#2348 = B_SPLINE_CURVE_WITH_KNOTS ( 'NONE', 3,
 ( #4464, #4275, #4296, #1238, #4387, #4374, #4346, #6148, #4334, #1194, #4733, #1686, #4305, #4291, #4262, #4250, #1775, #5349 ),
 .UNSPECIFIED., .F., .F.,
 ( 4, 2, 2, 2, 2, 2, 2, 2, 4 ),
 ( 0.4085385933547957500, 0.4824712691854463100, 0.5564039450160968000, 0.6303366208467473500, 0.7042692966773979000, 0.7782019725080484600, 0.8521346483386990100, 0.9260673241693495600, 1.000000000000000000 ),
 .UNSPECIFIED. ) ;
#2349 = CARTESIAN_POINT ( 'NONE',  ( 0.2294704965126999900, -0.1544006060702000100, 0.1028736573040000000 ) ) ;
#2350 = CARTESIAN_POINT ( 'NONE',  ( 0.2570723876739000000, 0.1799919074340000100, -0.04256754370705000100 ) ) ;
#2351 = CARTESIAN_POINT ( 'NONE',  ( 0.3070933388217481600, 0.1769067067877347600, 8.402099571344738100E-009 ) ) ;
#2352 = ORIENTED_EDGE ( 'NONE', *, *, #4271, .F. ) ;
#2353 = ORIENTED_EDGE ( 'NONE', *, *, #5406, .T. ) ;
#2354 = AXIS2_PLACEMENT_3D ( 'NONE', #4725, #4815, #4712 ) ;
#2355 = AXIS2_PLACEMENT_3D ( 'NONE', #5021, #4937, #4926 ) ;
#2356 = CARTESIAN_POINT ( 'NONE',  ( -0.7810000000000001400, 0.1886700000000000000, 0.3088699999999999800 ) ) ;
#2357 = CARTESIAN_POINT ( 'NONE',  ( 0.1994925475232000000, 0.02553690368779000200, -0.1693096082395999800 ) ) ;
#2358 = CARTESIAN_POINT ( 'NONE',  ( 0.1437940698484284900, 0.1680897386218680200, 0.001670242511862642100 ) ) ;
#2359 = ORIENTED_EDGE ( 'NONE', *, *, #4779, .F. ) ;
#2360 = FACE_OUTER_BOUND ( 'NONE', #731, .T. ) ;
#2361 = CARTESIAN_POINT ( 'NONE',  ( 0.1281629255861615200, 0.1884852572559647400, 0.001814232712791212400 ) ) ;
#2362 = CARTESIAN_POINT ( 'NONE',  ( 0.1813968903138793700, 0.04742592755751264000, 0.1629053717345405900 ) ) ;
#2363 = ORIENTED_EDGE ( 'NONE', *, *, #5202, .T. ) ;
#2364 = DIRECTION ( 'NONE',  ( 0.0000000000000000000, 0.0000000000000000000, -1.000000000000000000 ) ) ;
#2365 = EDGE_CURVE ( 'NONE', #2335, #5802, #3938, .T. ) ;
#2366 = AXIS2_PLACEMENT_3D ( 'NONE', #5108, #5060, #5047 ) ;
#2367 = ORIENTED_EDGE ( 'NONE', *, *, #4695, .F. ) ;
#2368 = PRESENTATION_STYLE_ASSIGNMENT (( #822 ) ) ;
#2369 = CARTESIAN_POINT ( 'NONE',  ( 0.1286731128809595100, 0.1872859635582203000, 0.02120755016516795400 ) ) ;
#2370 = CARTESIAN_POINT ( 'NONE',  ( 0.2012467380767999900, 0.08245019828666000400, -0.1500661132133999900 ) ) ;
#2371 = CARTESIAN_POINT ( 'NONE',  ( 0.2539254786522000000, 0.06937256621220999600, 0.1720753559968999900 ) ) ;
#2372 = CARTESIAN_POINT ( 'NONE',  ( -1.047455326961000100, 0.2440604652872999900, 0.06100000000000999800 ) ) ;
#2373 = COLOUR_RGB ( '',0.7529411764705882200, 0.7529411764705882200, 0.7529411764705882200 ) ;
#2374 = CARTESIAN_POINT ( 'NONE',  ( -0.6139233707843000400, 0.008996963330533000500, -0.02206257987744000100 ) ) ;
#2375 = ORIENTED_EDGE ( 'NONE', *, *, #3560, .F. ) ;
#2376 = EDGE_CURVE ( 'NONE', #3042, #2259, #3896, .T. ) ;
#2377 = CONICAL_SURFACE ( 'NONE', #2032, 0.2492264973081017000, 1.134464013795892100 ) ;
#2378 = CARTESIAN_POINT ( 'NONE',  ( 0.2640891498883000100, 0.07070205640738000400, 0.1709101713453000400 ) ) ;
#2379 = DIRECTION ( 'NONE',  ( -1.000000000000000000, 0.0000000000000000000, 0.0000000000000000000 ) ) ;
#2380 = SURFACE_STYLE_FILL_AREA ( #892 ) ;
#2381 = CARTESIAN_POINT ( 'NONE',  ( 0.1294357969097894900, 0.1811859554106268500, 0.04921543249156225300 ) ) ;
#2382 = FACE_OUTER_BOUND ( 'NONE', #5143, .T. ) ;
#2383 = CARTESIAN_POINT ( 'NONE',  ( 0.0000000000000000000, 0.0000000000000000000, 0.0000000000000000000 ) ) ;
#2384 = AXIS2_PLACEMENT_3D ( 'NONE', #4637, #4502, #4489 ) ;
#2385 = ORIENTED_EDGE ( 'NONE', *, *, #3528, .F. ) ;
#2386 = DIRECTION ( 'NONE',  ( 0.0000000000000000000, 1.000000000000000000, 0.0000000000000000000 ) ) ;
#2387 = DIRECTION ( 'NONE',  ( -0.0000000000000000000, -1.000000000000000000, -0.0000000000000000000 ) ) ;
#2388 = ORIENTED_EDGE ( 'NONE', *, *, #2537, .F. ) ;
#2389 = CARTESIAN_POINT ( 'NONE',  ( 0.2166170815878633900, 0.09223392619277159800, -0.1632460086815144000 ) ) ;
#2390 = VECTOR ( 'NONE', #4893, 39.37007874015748100 ) ;
#2391 = DIRECTION ( 'NONE',  ( -0.9914466781300052000, 0.0000000000000000000, 0.1305123918445206000 ) ) ;
#2392 = CARTESIAN_POINT ( 'NONE',  ( 0.1296895921005049600, 0.1784365408973941100, 0.05837202211129606500 ) ) ;
#2393 = CARTESIAN_POINT ( 'NONE',  ( 0.2030009286304000100, 0.1292127107012000000, -0.1123474323716999900 ) ) ;
#2394 = ORIENTED_EDGE ( 'NONE', *, *, #1517, .T. ) ;
#2395 = CARTESIAN_POINT ( 'NONE',  ( 0.2783804607918000100, 0.1825774594053000100, -0.03298333454144999900 ) ) ;
#2396 = PLANE ( 'NONE',  #2057 ) ;
#2397 = AXIS2_PLACEMENT_3D ( 'NONE', #5042, #5116, #5154 ) ;
#2398 = DIRECTION ( 'NONE',  ( -1.000000000000000000, -0.0000000000000000000, -0.0000000000000000000 ) ) ;
#2399 = CIRCLE ( 'NONE', #2799, 0.004999999999953607500 ) ;
#2400 = CIRCLE ( 'NONE', #4688, 0.1874999999999712700 ) ;
#2401 = CARTESIAN_POINT ( 'NONE',  ( -0.7677204956737500000, 0.2444999999999999700, -0.06175464422068000600 ) ) ;
#2402 = CARTESIAN_POINT ( 'NONE',  ( 0.2047551191840000000, 0.1600673548394999900, -0.06079727552836999800 ) ) ;
#2403 = CARTESIAN_POINT ( 'NONE',  ( 0.1237491329025391000, -0.1094208043532069700, 0.1322165732523111800 ) ) ;
#2404 = VECTOR ( 'NONE', #1973, 39.37007874015748100 ) ;
#2405 = DIRECTION ( 'NONE',  ( 1.000000000000000000, -0.0000000000000000000, -0.0000000000000000000 ) ) ;
#2406 = EDGE_CURVE ( 'NONE', #2290, #5871, #285, .T. ) ;
#2407 = CONICAL_SURFACE ( 'NONE', #4798, 0.1874616920256570700, 0.08726646259979303800 ) ;
#2408 = CARTESIAN_POINT ( 'NONE',  ( -0.6186555675493543600, 0.02776267011060884800, 0.06869962093880845100 ) ) ;
#2409 = CARTESIAN_POINT ( 'NONE',  ( 0.3259999999999726400, 0.0000000000000000000, 1.194014991933950100E-013 ) ) ;
#2410 = ORIENTED_EDGE ( 'NONE', *, *, #1469, .T. ) ;
#2411 = CARTESIAN_POINT ( 'NONE',  ( 0.1300696356582365400, 0.1733164841010073300, 0.07168739747684566000 ) ) ;
#2412 = CARTESIAN_POINT ( 'NONE',  ( -0.8939999999999999100, 0.05800000000000000300, 0.2525500000000500100 ) ) ;
#2413 = CARTESIAN_POINT ( 'NONE',  ( 0.2065093097376000100, 0.1712155312323999600, -0.001762182428849999900 ) ) ;
#2414 = EDGE_CURVE ( 'NONE', #5871, #5895, #3809, .T. ) ;
#2415 = AXIS2_PLACEMENT_3D ( 'NONE', #5642, #5612, #5611 ) ;
#2416 = FACE_OUTER_BOUND ( 'NONE', #69, .T. ) ;
#2417 = CARTESIAN_POINT ( 'NONE',  ( 0.3028354429312999900, 0.004777941328140000400, -0.1854711650647999600 ) ) ;
#2418 = DIRECTION ( 'NONE',  ( 0.0000000000000000000, -0.7071067811865474600, 0.7071067811865474600 ) ) ;
#2419 = CARTESIAN_POINT ( 'NONE',  ( 0.1828098434927970000, -1.933905452462242500E-008, 0.1680978880106452900 ) ) ;
#2420 = CARTESIAN_POINT ( 'NONE',  ( -0.6338679451044999500, 0.006852575128452999600, -0.01885262297219000200 ) ) ;
#2421 = ORIENTED_EDGE ( 'NONE', *, *, #4787, .F. ) ;
#2422 = CARTESIAN_POINT ( 'NONE',  ( 0.1302594951300168900, 0.1705074432599109300, 0.07824027683697444600 ) ) ;
#2423 = CARTESIAN_POINT ( 'NONE',  ( 0.2082635002912000000, 0.1612847788518000100, 0.05748982652442000100 ) ) ;
#2424 = DIRECTION ( 'NONE',  ( 0.3907311284892256400, 0.9205048534524608000, 4.429919553973452000E-013 ) ) ;
#2425 = ORIENTED_EDGE ( 'NONE', *, *, #4160, .T. ) ;
#2426 = CARTESIAN_POINT ( 'NONE',  ( 0.2615078591332948300, 0.01949854198329664300, -0.1680952115273416900 ) ) ;
#2427 = CARTESIAN_POINT ( 'NONE',  ( -0.7340000000000001000, -0.2439999999999814300, -0.3075000000000000000 ) ) ;
#2428 = CARTESIAN_POINT ( 'NONE',  ( 0.05000000000000000300, -0.2438088475869000000, -0.2437499999999999900 ) ) ;
#2429 = ORIENTED_EDGE ( 'NONE', *, *, #3770, .F. ) ;
#2430 = VERTEX_POINT ( 'NONE', #2089 ) ;
#2431 = CARTESIAN_POINT ( 'NONE',  ( 0.2287285322179679600, 0.03578852079550780300, 0.1840773827418773800 ) ) ;
#2432 = AXIS2_PLACEMENT_3D ( 'NONE', #5101, #5087, #5078 ) ;
#2433 = CARTESIAN_POINT ( 'NONE',  ( -0.7575000000000000600, -0.3024999999999999900, -0.1910000000000000000 ) ) ;
#2434 = CARTESIAN_POINT ( 'NONE',  ( 0.2535355678170339000, -0.1675455635876866000, -0.01390842939606396800 ) ) ;
#2435 = DIRECTION ( 'NONE',  ( 0.0000000000000000000, -1.000000000000000000, 0.0000000000000000000 ) ) ;
#2436 = VERTEX_POINT ( 'NONE', #4644 ) ;
#2437 = VERTEX_POINT ( 'NONE', #2625 ) ;
#2438 = CARTESIAN_POINT ( 'NONE',  ( 0.3272904250707999700, -0.1806374323789000100, -0.04233842719751999800 ) ) ;
#2439 = FILL_AREA_STYLE_COLOUR ( '', #719 ) ;
#2440 = CARTESIAN_POINT ( 'NONE',  ( 0.2100176908447999900, 0.1314977353284000100, 0.1096640427115000000 ) ) ;
#2441 = CARTESIAN_POINT ( 'NONE',  ( -0.7339999999999982100, -0.1306808075914039100, 0.2454999999997354300 ) ) ;
#2442 = CARTESIAN_POINT ( 'NONE',  ( 0.1304807138096944200, 0.1668112578510204900, 0.08566970177163216200 ) ) ;
#2443 = ORIENTED_EDGE ( 'NONE', *, *, #1917, .F. ) ;
#2444 = EDGE_CURVE ( 'NONE', #4782, #6166, #4015, .T. ) ;
#2445 = DIRECTION ( 'NONE',  ( -0.7071067811802624900, 0.0000000000000000000, 0.7071067811928326600 ) ) ;
#2446 = CARTESIAN_POINT ( 'NONE',  ( 0.2251249206212681800, -0.1344298050255692300, -0.1033121095038743000 ) ) ;
#2447 = FACE_OUTER_BOUND ( 'NONE', #843, .T. ) ;
#2448 = CARTESIAN_POINT ( 'NONE',  ( 0.7788404885582130800, -0.1443375672974409900, 0.2500000000000122700 ) ) ;
#2449 = ORIENTED_EDGE ( 'NONE', *, *, #4716, .F. ) ;
#2450 = VERTEX_POINT ( 'NONE', #3173 ) ;
#2451 = CARTESIAN_POINT ( 'NONE',  ( 0.2117718813984000000, 0.08552160587198999500, 0.1483371437076999900 ) ) ;
#2452 = DIRECTION ( 'NONE',  ( 1.000000000000000000, 1.111637685972489500E-015, 1.183773901191018600E-015 ) ) ;
#2453 = EDGE_CURVE ( 'NONE', #1570, #6502, #3948, .T. ) ;
#2454 = AXIS2_PLACEMENT_3D ( 'NONE', #5539, #5216, #5206 ) ;
#2455 = CARTESIAN_POINT ( 'NONE',  ( -1.792775245842172800E-016, -0.1682914139223750100, 0.2955706345359250300 ) ) ;
#2456 = CARTESIAN_POINT ( 'NONE',  ( 0.1305912521401833000, 0.1648605000595559100, 0.08932654448019965200 ) ) ;
#2457 = DIRECTION ( 'NONE',  ( 0.0000000000000000000, 0.0000000000000000000, -1.000000000000000000 ) ) ;
#2458 = CARTESIAN_POINT ( 'NONE',  ( -1.044524830354348000, 0.2525000000000124900, 0.06100000000018982600 ) ) ;
#2459 = LINE ( 'NONE', #975, #2237 ) ;
#2460 = CARTESIAN_POINT ( 'NONE',  ( 0.09989767052280999800, -0.1632530425534000100, 0.07254576892481000300 ) ) ;
#2461 = DIRECTION ( 'NONE',  ( -1.000000000000000000, 0.0000000000000000000, -0.0000000000000000000 ) ) ;
#2462 = ORIENTED_EDGE ( 'NONE', *, *, #5202, .F. ) ;
#2463 = ORIENTED_EDGE ( 'NONE', *, *, #4622, .T. ) ;
#2464 = CARTESIAN_POINT ( 'NONE',  ( 0.1306465035530903500, 0.1638597139856310100, 0.09114000368700549100 ) ) ;
#2465 = VECTOR ( 'NONE', #4559, 39.37007874015748100 ) ;
#2466 = CARTESIAN_POINT ( 'NONE',  ( 0.2135260719519999900, 0.02901667481267999900, 0.1687479850789999600 ) ) ;
#2467 = CARTESIAN_POINT ( 'NONE',  ( -0.7339999999999999900, 0.1820000000000000000, 0.2446000000000000100 ) ) ;
#2468 = CARTESIAN_POINT ( 'NONE',  ( 0.7812500000000011100, -1.141549637790003400E-013, 4.481875076955716200E-017 ) ) ;
#2469 = FACE_OUTER_BOUND ( 'NONE', #1724, .T. ) ;
#2470 = AXIS2_PLACEMENT_3D ( 'NONE', #5714, #5697, #5766 ) ;
#2471 = AXIS2_PLACEMENT_3D ( 'NONE', #5307, #5273, #5535 ) ;
#2472 = CARTESIAN_POINT ( 'NONE',  ( 0.0000000000000000000, -0.2454999999999532600, -0.2454999999999532300 ) ) ;
#2473 = CARTESIAN_POINT ( 'NONE',  ( 0.2348334442167994700, -0.1613051111480682800, 0.09565392733905912800 ) ) ;
#2474 = EDGE_LOOP ( 'NONE', ( #2271, #5951, #1978, #5723 ) ) ;
#2475 = DIRECTION ( 'NONE',  ( 0.0000000000000000000, 1.000000000000000000, 0.0000000000000000000 ) ) ;
#2476 = CARTESIAN_POINT ( 'NONE',  ( 0.1306701789259781500, 0.1634253889681125900, 0.09191394146668455100 ) ) ;
#2477 = CARTESIAN_POINT ( 'NONE',  ( 0.2152802625056000100, -0.03106055472649000100, 0.1683837534747000000 ) ) ;
#2478 = CARTESIAN_POINT ( 'NONE',  ( 3.201699555815084100E-018, 3.681415267913933400E-014, 0.2343750000000291200 ) ) ;
#2479 = AXIS2_PLACEMENT_3D ( 'NONE', #5737, #5769, #5731 ) ;
#2480 = CARTESIAN_POINT ( 'NONE',  ( 0.1243526526623000000, 0.03785041281693000300, 0.1745902157645000100 ) ) ;
#2481 = CARTESIAN_POINT ( 'NONE',  ( -0.7810000000000001400, 0.2454999999999766000, -0.3075000000000000000 ) ) ;
#2482 = AXIS2_PLACEMENT_3D ( 'NONE', #5564, #5553, #5546 ) ;
#2483 = LENGTH_MEASURE_WITH_UNIT ( LENGTH_MEASURE( 0.02539999999999999900 ), #812 );
#2484 = CARTESIAN_POINT ( 'NONE',  ( -0.7339999999999999900, 0.1359999999999818000, 0.2605000000000000100 ) ) ;
#2485 = DIRECTION ( 'NONE',  ( -1.000000000000000000, 0.0000000000000000000, 0.0000000000000000000 ) ) ;
#2486 = CARTESIAN_POINT ( 'NONE',  ( 0.1306859616625540000, 0.1631346383187684800, 0.09242916989605300100 ) ) ;
#2487 = CARTESIAN_POINT ( 'NONE',  ( 0.2170344530591999900, -0.08731379945433999400, 0.1472893191164000000 ) ) ;
#2488 = CARTESIAN_POINT ( 'NONE',  ( -0.7339999999999999900, -0.2768323048345000000, 0.1495530842210000000 ) ) ;
#2489 = CARTESIAN_POINT ( 'NONE',  ( -0.8939999999999999100, 0.1350800000000000100, 0.2609395347128000100 ) ) ;
#2490 = AXIS2_PLACEMENT_3D ( 'NONE', #5629, #5625, #5619 ) ;
#2491 = VERTEX_POINT ( 'NONE', #1603 ) ;
#2492 = CARTESIAN_POINT ( 'NONE',  ( 0.2296854282223822500, 5.720046240245896100E-008, -0.1680968956553264800 ) ) ;
#2493 = PLANE ( 'NONE',  #2097 ) ;
#2494 = CARTESIAN_POINT ( 'NONE',  ( 0.1306957284710619800, 0.1629538166291443500, 0.09274748902266490000 ) ) ;
#2495 = PLANE ( 'NONE',  #4667 ) ;
#2496 = ORIENTED_EDGE ( 'NONE', *, *, #3453, .F. ) ;
#2497 = VERTEX_POINT ( 'NONE', #4524 ) ;
#2498 = CARTESIAN_POINT ( 'NONE',  ( 0.2187886436128000100, -0.1328175736581999900, 0.1080617038258000100 ) ) ;
#2499 = EDGE_CURVE ( 'NONE', #5903, #6081, #4101, .T. ) ;
#2500 = AXIS2_PLACEMENT_3D ( 'NONE', #5193, #5185, #5197 ) ;
#2501 = CARTESIAN_POINT ( 'NONE',  ( 0.1488076348018000100, 0.1786388597060999700, -0.001582478198964000000 ) ) ;
#2502 = CARTESIAN_POINT ( 'NONE',  ( 0.7968749999999452700, 0.2165063509407882700, -0.1250000000091932000 ) ) ;
#2503 = DIRECTION ( 'NONE',  ( -1.000000000000000000, -0.0000000000000000000, 0.0000000000000000000 ) ) ;
#2504 = DIRECTION ( 'NONE',  ( -1.000000000000000000, -5.558188429870848700E-017, -5.918869505956197600E-017 ) ) ;
#2505 = ORIENTED_EDGE ( 'NONE', *, *, #1757, .F. ) ;
#2506 = CARTESIAN_POINT ( 'NONE',  ( 0.1310866813739011400, 0.1556914719260529300, 0.1054752194259874900 ) ) ;
#2507 = CARTESIAN_POINT ( 'NONE',  ( 0.2162416004160311300, 0.07976779773702064000, -0.1697913840704812200 ) ) ;
#2508 = CYLINDRICAL_SURFACE ( 'NONE', #1993, 0.004999999999953676000 ) ;
#2509 = AXIS2_PLACEMENT_3D ( 'NONE', #5653, #5649, #5647 ) ;
#2510 = CARTESIAN_POINT ( 'NONE',  ( -1.044524830354400800, -0.1491995308302386200, 0.2043538597629613600 ) ) ;
#2511 = AXIS2_PLACEMENT_3D ( 'NONE', #5807, #5780, #5774 ) ;
#2512 = ORIENTED_EDGE ( 'NONE', *, *, #4424, .F. ) ;
#2513 = ORIENTED_EDGE ( 'NONE', *, *, #4319, .F. ) ;
#2514 = CARTESIAN_POINT ( 'NONE',  ( -0.7339999999999994300, 0.2605000000000000100, -0.06619355419097182300 ) ) ;
#2515 = CARTESIAN_POINT ( 'NONE',  ( 0.2205428341664000000, -0.1619698022950999700, 0.05553034715230999900 ) ) ;
#2516 = CARTESIAN_POINT ( 'NONE',  ( 0.1342432578938212700, -0.05719098131526172800, -0.1616178229312041400 ) ) ;
#2517 = ORIENTED_EDGE ( 'NONE', *, *, #3294, .F. ) ;
#2518 = AXIS2_PLACEMENT_3D ( 'NONE', #4952, #895, #1896 ) ;
#2519 = CARTESIAN_POINT ( 'NONE',  ( 0.1315032607381602700, 0.1464590959223005000, 0.1182586935833481300 ) ) ;
#2520 = CARTESIAN_POINT ( 'NONE',  ( -0.7810000000000001400, 0.1950000000000057800, -0.3025000000000178100 ) ) ;
#2521 = VECTOR ( 'NONE', #4955, 39.37007874015748100 ) ;
#2522 = CARTESIAN_POINT ( 'NONE',  ( -0.8930000000000029000, 0.2444999999999999700, 0.1470000000000018800 ) ) ;
#2523 = CARTESIAN_POINT ( 'NONE',  ( 0.2222970247200000100, -0.1711815024428000000, -0.003837464703502999800 ) ) ;
#2524 = ORIENTED_EDGE ( 'NONE', *, *, #1282, .F. ) ;
#2525 = CARTESIAN_POINT ( 'NONE',  ( 0.1323997017096088200, 0.1230119795763508600, 0.1424934894020955500 ) ) ;
#2526 = AXIS2_PLACEMENT_3D ( 'NONE', #1433, #6500, #6052 ) ;
#2527 = CARTESIAN_POINT ( 'NONE',  ( -0.8983107979760000000, 0.2609395347128000100, 0.1416892020241000100 ) ) ;
#2528 = CARTESIAN_POINT ( 'NONE',  ( -1.792775245842172800E-016, -0.2955706345359250300, 0.1682914139223749600 ) ) ;
#2529 = CARTESIAN_POINT ( 'NONE',  ( 0.2240512152737000100, -0.1593186255912000000, -0.06273280686370999400 ) ) ;
#2530 = VERTEX_POINT ( 'NONE', #642 ) ;
#2531 = CARTESIAN_POINT ( 'NONE',  ( 0.1182558060520000100, -0.08817559882938000300, -0.1710295972662999900 ) ) ;
#2532 = EDGE_LOOP ( 'NONE', ( #4520, #4257, #4003, #3034 ) ) ;
#2533 = DIRECTION ( 'NONE',  ( -0.0000000000000000000, -0.0000000000000000000, 1.000000000000000000 ) ) ;
#2534 = CARTESIAN_POINT ( 'NONE',  ( 0.3949238939618780500, 1.614434905336958600E-016, 0.3075000000000623300 ) ) ;
#2535 = CARTESIAN_POINT ( 'NONE',  ( 0.1820944313178105000, 0.02398941131467887500, 0.1680949628418702800 ) ) ;
#2536 = ORIENTED_EDGE ( 'NONE', *, *, #4622, .F. ) ;
#2537 = EDGE_CURVE ( 'NONE', #648, #4056, #4065, .T. ) ;
#2538 = AXIS2_PLACEMENT_3D ( 'NONE', #493, #3029, #33 ) ;
#2539 = CARTESIAN_POINT ( 'NONE',  ( 0.1328795633167987300, 0.1087697693498997400, 0.1539273211751332500 ) ) ;
#2540 = CARTESIAN_POINT ( 'NONE',  ( -0.7340000000000001000, -0.3075000000000000000, -0.1959999999999814700 ) ) ;
#2541 = DIRECTION ( 'NONE',  ( 0.9914466781300418400, 0.0000000000000000000, 0.1305123918442425700 ) ) ;
#2542 = CARTESIAN_POINT ( 'NONE',  ( -0.5826100461440373300, 0.1203877659097703600, -0.03884631023992939100 ) ) ;
#2543 = CARTESIAN_POINT ( 'NONE',  ( 0.2258054058272999900, -0.1278416657345000100, -0.1139049367812000100 ) ) ;
#2544 = DIRECTION ( 'NONE',  ( 1.000000000000000000, 1.208301832579958100E-015, 1.286710762164370900E-015 ) ) ;
#2545 = AXIS2_PLACEMENT_3D ( 'NONE', #5724, #5721, #5716 ) ;
#2546 = CARTESIAN_POINT ( 'NONE',  ( 0.1339025687741097800, 0.07514355880072309800, 0.1728453297828379500 ) ) ;
#2547 = B_SPLINE_CURVE_WITH_KNOTS ( 'NONE', 3,
 ( #1610, #4242, #146, #6197, #5675, #5151, #4635, #4158, #3642, #3137, #2583, #2056, #1572, #1061 ),
 .UNSPECIFIED., .F., .F.,
 ( 4, 2, 2, 2, 2, 2, 4 ),
 ( 3.217649707798440300E-011, 0.0002588070541775601200, 0.0005176140761786231000, 0.001035228120180749300, 0.001294035142181812100, 0.001552842164182875200, 0.002070456208185011400 ),
 .UNSPECIFIED. ) ;
#2549 = ORIENTED_EDGE ( 'NONE', *, *, #322, .T. ) ;
#2548 = DIRECTION ( 'NONE',  ( -0.1305123918442426000, 0.0000000000000000000, 0.9914466781300419500 ) ) ;
#2550 = DIRECTION ( 'NONE',  ( 0.0000000000000000000, 1.000000000000000000, 0.0000000000000000000 ) ) ;
#2551 = CARTESIAN_POINT ( 'NONE',  ( 0.2275595963809000100, -0.08062584719486000400, -0.1510539489365000100 ) ) ;
#2552 = LINE ( 'NONE', #3049, #2404 ) ;
#2553 = CARTESIAN_POINT ( 'NONE',  ( 0.1427107881915999900, -0.1853805023893999600, 0.05157589007215000000 ) ) ;
#2554 = FACE_OUTER_BOUND ( 'NONE', #691, .T. ) ;
#2555 = AXIS2_PLACEMENT_3D ( 'NONE', #3124, #6185, #2570 ) ;
#2556 = CARTESIAN_POINT ( 'NONE',  ( -0.8027898111744999900, 0.2605000000000000100, 0.1011381778515999900 ) ) ;
#2557 = EDGE_CURVE ( 'NONE', #3744, #1842, #4034, .T. ) ;
#2558 = CARTESIAN_POINT ( 'NONE',  ( 0.2227885858182337700, 0.1843052773299811400, 0.03444968576006961200 ) ) ;
#2559 = ORIENTED_EDGE ( 'NONE', *, *, #367, .F. ) ;
#2560 = CARTESIAN_POINT ( 'NONE',  ( 0.1344457126242295500, 0.05575411678039964700, 0.1803264967803201700 ) ) ;
#2561 = DIRECTION ( 'NONE',  ( -1.000000000000000000, 0.0000000000000000000, 0.0000000000000000000 ) ) ;
#2562 = CARTESIAN_POINT ( 'NONE',  ( 0.2293137869344999700, -0.02348403066258000100, -0.1696063667274000100 ) ) ;
#2563 = CARTESIAN_POINT ( 'NONE',  ( 0.0000000000000000000, 0.2454999999999532600, 0.2454999999999532300 ) ) ;
#2564 = EDGE_CURVE ( 'NONE', #4365, #1928, #2348, .T. ) ;
#2565 = ORIENTED_EDGE ( 'NONE', *, *, #134, .F. ) ;
#2566 = CARTESIAN_POINT ( 'NONE',  ( 0.1353078900816008000, 0.02372256229444674400, 0.1862982488068114000 ) ) ;
#2567 = CARTESIAN_POINT ( 'NONE',  ( 0.2658433404419000000, 0.007312712130351999900, 0.1848123046775000100 ) ) ;
#2568 = CARTESIAN_POINT ( 'NONE',  ( -0.8027898111744999900, 0.2440604652872999900, 0.1011381778515999900 ) ) ;
#2569 = CARTESIAN_POINT ( 'NONE',  ( 0.1671657703310999700, 0.01283118125996000000, 0.1919929792267000000 ) ) ;
#2570 = DIRECTION ( 'NONE',  ( 0.0000000000000000000, 0.0000000000000000000, 1.000000000000000000 ) ) ;
#2571 =( NAMED_UNIT ( * ) SI_UNIT ( $, .STERADIAN. ) SOLID_ANGLE_UNIT ( ) );
#2572 = CARTESIAN_POINT ( 'NONE',  ( 0.2310679774881000100, 0.03654892526603000000, -0.1672781874589000000 ) ) ;
#2573 = ORIENTED_EDGE ( 'NONE', *, *, #556, .T. ) ;
#2574 = CIRCLE ( 'NONE', #4587, 0.1874999999999694400 ) ;
#2575 = CARTESIAN_POINT ( 'NONE',  ( 0.2841819819981946100, 0.1873668807214071100, -0.007094671682343798100 ) ) ;
#2576 = CARTESIAN_POINT ( 'NONE',  ( 0.1356031928477566500, 0.01256876524933637400, 0.1874216518906032200 ) ) ;
#2577 = PLANE ( 'NONE',  #4923 ) ;
#2578 = AXIS2_PLACEMENT_3D ( 'NONE', #1405, #1370, #1712 ) ;
#2579 = PLANE ( 'NONE',  #2126 ) ;
#2580 = ORIENTED_EDGE ( 'NONE', *, *, #2365, .F. ) ;
#2581 = LINE ( 'NONE', #646, #2684 ) ;
#2582 =( NAMED_UNIT ( * ) PLANE_ANGLE_UNIT ( ) SI_UNIT ( $, .RADIAN. ) );
#2583 = CARTESIAN_POINT ( 'NONE',  ( -0.6427771097393039100, -0.01182800653992300400, 0.06042249497654717000 ) ) ;
#2584 = LINE ( 'NONE', #5588, #2465 ) ;
#2585 = CARTESIAN_POINT ( 'NONE',  ( 0.1360580124175392600, -0.004633536548322279700, 0.1875304531294954300 ) ) ;
#2586 = CARTESIAN_POINT ( 'NONE',  ( 0.2328221680417000000, 0.09208224243444999800, -0.1443560638661000000 ) ) ;
#2587 = CARTESIAN_POINT ( 'NONE',  ( -0.7810000000000001400, 0.3025000000000177000, -0.1949999999999999800 ) ) ;
#2588 = ORIENTED_EDGE ( 'NONE', *, *, #5490, .T. ) ;
#2589 = ORIENTED_EDGE ( 'NONE', *, *, #1237, .T. ) ;
#2590 = DIRECTION ( 'NONE',  ( -1.000000000000000000, 0.0000000000000000000, 0.0000000000000000000 ) ) ;
#2591 = B_SPLINE_CURVE_WITH_KNOTS ( 'NONE', 3,
 ( #5603, #5606, #5589, #5587 ),
 .UNSPECIFIED., .F., .F.,
 ( 4, 4 ),
 ( 2.351214105499948600E-016, 0.003694680973536693200 ),
 .UNSPECIFIED. ) ;
#2592 = CARTESIAN_POINT ( 'NONE',  ( 0.1916207524706000100, 0.1905956441775000000, 0.02644204694561999900 ) ) ;
#2593 = DIRECTION ( 'NONE',  ( 1.000000000000000000, 3.756177236531211600E-014, 3.756177236531380100E-014 ) ) ;
#2594 = VERTEX_POINT ( 'NONE', #2283 ) ;
#2595 = VERTEX_POINT ( 'NONE', #4219 ) ;
#2596 =( CONVERSION_BASED_UNIT ( 'INCH', #571 ) LENGTH_UNIT ( ) NAMED_UNIT ( #3760 ) );
#2597 = DIRECTION ( 'NONE',  ( -1.000000000000000000, 0.0000000000000000000, 0.0000000000000000000 ) ) ;
#2598 = DIRECTION ( 'NONE',  ( -1.000000000000000000, -0.0000000000000000000, -0.0000000000000000000 ) ) ;
#2599 = AXIS2_PLACEMENT_3D ( 'NONE', #1491, #5037, #1981 ) ;
#2600 = ORIENTED_EDGE ( 'NONE', *, *, #4011, .T. ) ;
#2601 = AXIS2_PLACEMENT_3D ( 'NONE', #4996, #5523, #3457 ) ;
#2602 = VERTEX_POINT ( 'NONE', #735 ) ;
#2603 = CARTESIAN_POINT ( 'NONE',  ( 0.1362115965108917100, -0.01044531526230464500, 0.1873029351801648000 ) ) ;
#2604 = EDGE_CURVE ( 'NONE', #3620, #201, #4040, .T. ) ;
#2605 = CARTESIAN_POINT ( 'NONE',  ( -0.7810000000000002500, -0.2439999999999823100, -0.3075000000000000000 ) ) ;
#2606 = CARTESIAN_POINT ( 'NONE',  ( 0.2345763585952999900, 0.1362791162860000100, -0.1036620066488000000 ) ) ;
#2607 =( LENGTH_UNIT ( ) NAMED_UNIT ( * ) SI_UNIT ( $, .METRE. ) );
#2608 = CARTESIAN_POINT ( 'NONE',  ( -0.7339999999999998700, 0.3025000000000372900, -0.1999999999999628700 ) ) ;
#2609 = CARTESIAN_POINT ( 'NONE',  ( 0.1732626169412999900, 0.03474493637630000200, -0.1752343656773000000 ) ) ;
#2610 = VERTEX_POINT ( 'NONE', #392 ) ;
#2611 = CARTESIAN_POINT ( 'NONE',  ( 0.1364449390060574800, -0.01924087761656091700, 0.1865336483482643600 ) ) ;
#2612 = CARTESIAN_POINT ( 'NONE',  ( 0.2363305491488999800, 0.1636984051981000300, -0.05020595490707000000 ) ) ;
#2613 = CARTESIAN_POINT ( 'NONE',  ( -0.7339999999999999900, -0.1279863273947750000, 0.2481944801964750300 ) ) ;
#2614 = AXIS2_PLACEMENT_3D ( 'NONE', #5470, #5479, #5487 ) ;
#2615 = CARTESIAN_POINT ( 'NONE',  ( -0.3905000000000000700, -0.3075000000000000000, -0.1960000000000000100 ) ) ;
#2616 = CARTESIAN_POINT ( 'NONE',  ( 0.2160757346100999900, 0.06460672824355000200, -0.1812506267634000100 ) ) ;
#2617 = ORIENTED_EDGE ( 'NONE', *, *, #4300, .T. ) ;
#2618 = DIRECTION ( 'NONE',  ( -1.000000000000000000, 0.0000000000000000000, 0.0000000000000000000 ) ) ;
#2619 = VECTOR ( 'NONE', #303, 39.37007874015748100 ) ;
#2620 = CONICAL_SURFACE ( 'NONE', #2178, 0.1878043917781492500, 0.7649928327132653500 ) ;
#2621 = SURFACE_STYLE_USAGE ( .BOTH. , #2632 ) ;
#2622 = CARTESIAN_POINT ( 'NONE',  ( 0.1365623518424246300, -0.02365806607356103100, 0.1860424771310984200 ) ) ;
#2623 = CARTESIAN_POINT ( 'NONE',  ( 0.2380847397024999900, 0.1709644945899999900, 0.009431011601450000500 ) ) ;
#2624 = EDGE_CURVE ( 'NONE', #4335, #369, #4170, .T. ) ;
#2625 = CARTESIAN_POINT ( 'NONE',  ( 0.2765627883634395600, 9.159556350185321500E-008, 0.1680972335167085200 ) ) ;
#2626 = EDGE_CURVE ( 'NONE', #1570, #4360, #4223, .T. ) ;
#2627 = LINE ( 'NONE', #764, #2641 ) ;
#2628 = FACE_OUTER_BOUND ( 'NONE', #6076, .T. ) ;
#2629 = CARTESIAN_POINT ( 'NONE',  ( 0.7031250000000230900, -0.2165063509434593500, 0.1250000000046166100 ) ) ;
#2630 = CARTESIAN_POINT ( 'NONE',  ( 0.1367006312652255800, -0.02883608190568395800, 0.1852779421938421700 ) ) ;
#2631 = DIRECTION ( 'NONE',  ( -0.7213873210293270100, 8.481068867022695000E-017, -0.6925318281914055700 ) ) ;
#2632 = SURFACE_SIDE_STYLE ('',( #539 ) ) ;
#2633 = FILL_AREA_STYLE ('',( #2646 ) ) ;
#2634 = DIRECTION ( 'NONE',  ( -0.0000000000000000000, 1.000000000000000000, -0.0000000000000000000 ) ) ;
#2635 = VERTEX_POINT ( 'NONE', #4014 ) ;
#2636 = CARTESIAN_POINT ( 'NONE',  ( 0.1977175990809000000, -0.1645224174875000200, -0.06961762627317999400 ) ) ;
#2637 = AXIS2_PLACEMENT_3D ( 'NONE', #5482, #2424, #6009 ) ;
#2638 = CARTESIAN_POINT ( 'NONE',  ( 0.7211595114417496100, -0.1443375672974235000, 0.2500000000000047200 ) ) ;
#2639 = CARTESIAN_POINT ( 'NONE',  ( 0.2398389302561000100, 0.1571828685662999800, 0.06790688360560999400 ) ) ;
#2640 = CARTESIAN_POINT ( 'NONE',  ( 0.1367700954217191400, -0.03143000460839530400, 0.1848471715641347400 ) ) ;
#2641 = VECTOR ( 'NONE', #700, 39.37007874015748100 ) ;
#2642 = CARTESIAN_POINT ( 'NONE',  ( 0.2405307167496000000, -0.1643506119114999900, -0.1000731432010000000 ) ) ;
#2643 = CARTESIAN_POINT ( 'NONE',  ( -0.5826100461440373300, 0.1203877659097703600, -0.03884631023992939100 ) ) ;
#2644 = LINE ( 'NONE', #6520, #3788 ) ;
#2645 = AXIS2_PLACEMENT_3D ( 'NONE', #4544, #4054, #5040 ) ;
#2646 = FILL_AREA_STYLE_COLOUR ( '', #545 ) ;
#2647 = AXIS2_PLACEMENT_3D ( 'NONE', #3698, #6205, #5682 ) ;
#2648 = ORIENTED_EDGE ( 'NONE', *, *, #5278, .F. ) ;
#2649 = CARTESIAN_POINT ( 'NONE',  ( 0.0000000000000000000, -0.1323846379504000100, 0.1323400000000000100 ) ) ;
#2650 = CARTESIAN_POINT ( 'NONE',  ( 0.2415931208097000000, 0.1240502285447000100, 0.1180226098486000000 ) ) ;
#2651 = EDGE_CURVE ( 'NONE', #2138, #3489, #4194, .T. ) ;
#2652 = CARTESIAN_POINT ( 'NONE',  ( -0.8930000000000042300, 0.2605000000000000100, 0.1470000000000014100 ) ) ;
#2653 = CARTESIAN_POINT ( 'NONE',  ( -0.6597219458047181000, 0.006384859468911643600, -0.01300562500559270100 ) ) ;
#2654 = CARTESIAN_POINT ( 'NONE',  ( 0.1367999352984506400, -0.03254260389855373500, 0.1846520949844389900 ) ) ;
#2655 = VECTOR ( 'NONE', #332, 39.37007874015748100 ) ;
#2656 = DIRECTION ( 'NONE',  ( 0.9914466781300418400, 0.0000000000000000000, 0.1305123918442425700 ) ) ;
#2657 = CARTESIAN_POINT ( 'NONE',  ( 0.2433473113632999800, 0.07564560326868000100, 0.1536083818479999900 ) ) ;
#2658 = AXIS2_PLACEMENT_3D ( 'NONE', #3090, #2544, #2015 ) ;
#2659 = EDGE_CURVE ( 'NONE', #5565, #3489, #4232, .T. ) ;
#2660 = LINE ( 'NONE', #4963, #2521 ) ;
#2661 = DIRECTION ( 'NONE',  ( 2.731847993689610700E-014, 0.0000000000000000000, -1.000000000000000000 ) ) ;
#2662 = CARTESIAN_POINT ( 'NONE',  ( 0.2221725812203999800, -0.1015830996989000000, 0.1469525782984000000 ) ) ;
#2663 = ORIENTED_EDGE ( 'NONE', *, *, #5278, .T. ) ;
#2664 = VERTEX_POINT ( 'NONE', #6236 ) ;
#2665 = CARTESIAN_POINT ( 'NONE',  ( 0.7031250000010105200, -0.1920745307629795300, 0.1673171538786387400 ) ) ;
#2666 = CARTESIAN_POINT ( 'NONE',  ( -0.7810000000000001400, 0.2454999999999766300, 0.3075000000000108800 ) ) ;
#2667 = CARTESIAN_POINT ( 'NONE',  ( 0.1368198439993713300, -0.03328452557466121700, 0.1845197119233609200 ) ) ;
#2668 = CARTESIAN_POINT ( 'NONE',  ( 0.2451015019169000000, 0.01792816818759000000, 0.1702832043648999900 ) ) ;
#2669 = CARTESIAN_POINT ( 'NONE',  ( 0.2649856988891000100, -0.1313648027484000100, 0.1406022307893000100 ) ) ;
#2670 = CARTESIAN_POINT ( 'NONE',  ( 0.09999968334695028000, -0.1359696096524040700, -0.09883672460703169000 ) ) ;
#2671 = VERTEX_POINT ( 'NONE', #3962 ) ;
#2672 = EDGE_LOOP ( 'NONE', ( #2714, #6358, #5971, #5376, #6057 ) ) ;
#2673 = CARTESIAN_POINT ( 'NONE',  ( -0.8979999999999999100, 0.2605000000000000100, -0.01699999999999000200 ) ) ;
#2674 = LINE ( 'NONE', #3395, #393 ) ;
#2675 = CARTESIAN_POINT ( 'NONE',  ( -0.7575000000000000600, 0.1909999999999999500, 0.2389999999999999900 ) ) ;
#2676 = ORIENTED_EDGE ( 'NONE', *, *, #4613, .F. ) ;
#2677 = LINE ( 'NONE', #513, #2707 ) ;
#2678 = CARTESIAN_POINT ( 'NONE',  ( 0.1368313180396645300, -0.03371186618219799300, 0.1844419619228013500 ) ) ;
#2679 = CARTESIAN_POINT ( 'NONE',  ( 0.2468556924704999900, -0.04199640060444000100, 0.1659942405045000100 ) ) ;
#2680 = AXIS2_PLACEMENT_3D ( 'NONE', #2047, #1555, #1052 ) ;
#2681 = CARTESIAN_POINT ( 'NONE',  ( -0.7810000000000001400, -0.1308147545195000000, 0.2580939751330999500 ) ) ;
#2682 = DIRECTION ( 'NONE',  ( 0.0000000000000000000, 0.4999999999999933400, -0.8660254037844425900 ) ) ;
#2683 = ORIENTED_EDGE ( 'NONE', *, *, #2310, .T. ) ;
#2684 = VECTOR ( 'NONE', #497, 39.37007874015748100 ) ;
#2685 = CARTESIAN_POINT ( 'NONE',  ( -0.7810000000000001400, 0.2467499999999999700, 0.2389999999999999900 ) ) ;
#2686 = CARTESIAN_POINT ( 'NONE',  ( 0.2466275633598999900, 0.1232593322898000000, 0.1293107568240000100 ) ) ;
#2687 = VECTOR ( 'NONE', #1609, 39.37007874015748100 ) ;
#2688 = CARTESIAN_POINT ( 'NONE',  ( 0.2486098830241000000, -0.09675071702911000600, 0.1412695329707000000 ) ) ;
#2689 = CARTESIAN_POINT ( 'NONE',  ( -0.5989355881578630700, 0.1205378789138863800, -0.03837798518609034800 ) ) ;
#2690 = EDGE_LOOP ( 'NONE', ( #6154, #5935, #6133 ) ) ;
#2691 = DIRECTION ( 'NONE',  ( 0.0000000000000000000, -0.8660254037844425900, -0.4999999999999933400 ) ) ;
#2692 = ORIENTED_EDGE ( 'NONE', *, *, #257, .F. ) ;
#2693 = VERTEX_POINT ( 'NONE', #3939 ) ;
#2694 = AXIS2_PLACEMENT_3D ( 'NONE', #229, #6286, #5763 ) ;
#2695 = CARTESIAN_POINT ( 'NONE',  ( 0.2894406810285999900, 0.1109965039992000000, 0.1571795784476000000 ) ) ;
#2696 = DIRECTION ( 'NONE',  ( 1.000000000000000000, 3.756177236531211600E-014, 3.756177236531380100E-014 ) ) ;
#2697 = FACE_OUTER_BOUND ( 'NONE', #597, .T. ) ;
#2698 = CARTESIAN_POINT ( 'NONE',  ( -0.6035826476055075100, 0.09867518311603935800, 0.07915464760213884700 ) ) ;
#2699 = ORIENTED_EDGE ( 'NONE', *, *, #915, .T. ) ;
#2700 = LINE ( 'NONE', #320, #2766 ) ;
#2701 = CARTESIAN_POINT ( 'NONE',  ( -0.6479999999999904700, 0.03399999999991269700, 0.07056760729835999400 ) ) ;
#2702 = AXIS2_PLACEMENT_3D ( 'NONE', #4582, #6097, #5575 ) ;
#2703 = CIRCLE ( 'NONE', #1619, 0.1874999999999714100 ) ;
#2704 = CARTESIAN_POINT ( 'NONE',  ( 0.7100892630259330000, -0.1680777916369621500, 0.2088807252608775900 ) ) ;
#2705 = CARTESIAN_POINT ( 'NONE',  ( 0.2503640735777000200, -0.1395939234132000100, 0.09915298982360000500 ) ) ;
#2706 = DIRECTION ( 'NONE',  ( 0.0000000000000000000, -0.7071067811865461300, 0.7071067811865489100 ) ) ;
#2707 = VECTOR ( 'NONE', #478, 39.37007874015748100 ) ;
#2708 = DIRECTION ( 'NONE',  ( 0.0000000000000000000, 0.0000000000000000000, -1.000000000000000000 ) ) ;
#2709 = FACE_OUTER_BOUND ( 'NONE', #6454, .T. ) ;
#2710 = CARTESIAN_POINT ( 'NONE',  ( -0.7810000000000001400, -0.1605132393292290600, 0.2156675682619709800 ) ) ;
#2711 = CARTESIAN_POINT ( 'NONE',  ( 0.2710825454993999700, 0.1516469604034000100, -0.09443138084117000400 ) ) ;
#2712 = DIRECTION ( 'NONE',  ( 0.0000000000000000000, 1.000000000000000000, 0.0000000000000000000 ) ) ;
#2714 = ORIENTED_EDGE ( 'NONE', *, *, #4564, .T. ) ;
#2713 = CARTESIAN_POINT ( 'NONE',  ( 0.7031250000000330800, 1.184497063818242800E-013, -0.1724999999999650700 ) ) ;
#2715 = CARTESIAN_POINT ( 'NONE',  ( 0.2104900090502581900, -0.1232360286938001500, -0.1413100086573168300 ) ) ;
#2716 = VECTOR ( 'NONE', #5690, 39.37007874015748100 ) ;
#2717 = CARTESIAN_POINT ( 'NONE',  ( 0.2521182641313000100, -0.1652515624454000100, 0.04482963991073000300 ) ) ;
#2718 =( GEOMETRIC_REPRESENTATION_CONTEXT ( 3 ) GLOBAL_UNCERTAINTY_ASSIGNED_CONTEXT ( ( #1424 ) ) GLOBAL_UNIT_ASSIGNED_CONTEXT ( ( #1901, #1245, #3316 ) ) REPRESENTATION_CONTEXT ( 'NONE', 'WORKASPACE' ) );
#2719 = CARTESIAN_POINT ( 'NONE',  ( 0.3138956631682000000, 0.1764435740078000000, -0.07676756839809000000 ) ) ;
#2720 = CARTESIAN_POINT ( 'NONE',  ( 0.1000000000000000600, 0.05943263778078143600, -0.1661218064746132500 ) ) ;
#2721 = VERTEX_POINT ( 'NONE', #2652 ) ;
#2722 = CARTESIAN_POINT ( 'NONE',  ( -0.7810000000000001400, -0.1488887328543289900, 0.2040430617870708500 ) ) ;
#2723 = LINE ( 'NONE', #3972, #1267 ) ;
#2724 = CARTESIAN_POINT ( 'NONE',  ( 0.7012500000000000400, -0.2915618859408000100, 0.005000000000000000100 ) ) ;
#2725 = CARTESIAN_POINT ( 'NONE',  ( 0.2529486875902184900, 0.1874354978318105200, -0.006444435699665684900 ) ) ;
#2726 = EDGE_CURVE ( 'NONE', #4161, #141, #4594, .T. ) ;
#2727 = B_SPLINE_CURVE_WITH_KNOTS ( 'NONE', 3,
 ( #3428, #3439, #3371, #3359 ),
 .UNSPECIFIED., .F., .F.,
 ( 4, 4 ),
 ( 6.235956561839949300E-016, 0.003694680973669640200 ),
 .UNSPECIFIED. ) ;
#2728 = ORIENTED_EDGE ( 'NONE', *, *, #4050, .F. ) ;
#2729 = CARTESIAN_POINT ( 'NONE',  ( -0.5961450523476451400, 0.1336663177081689200, 0.002855919044171069700 ) ) ;
#2730 = CARTESIAN_POINT ( 'NONE',  ( 0.1373810773326744300, -0.05417754869722345900, 0.1806632009034546400 ) ) ;
#2731 = CARTESIAN_POINT ( 'NONE',  ( 0.2538724546849000000, -0.1705649167872000100, -0.01501270575729999800 ) ) ;
#2732 = VECTOR ( 'NONE', #1888, 39.37007874015748900 ) ;
#2733 = CARTESIAN_POINT ( 'NONE',  ( 0.09999968334695028000, -0.1359696096524040700, -0.09883672460703169000 ) ) ;
#2734 = CARTESIAN_POINT ( 'NONE',  ( 0.7659420747688999700, -4.976577467636507000E-014, -0.1721956082217835600 ) ) ;
#2735 = CARTESIAN_POINT ( 'NONE',  ( 0.7211595114417742600, -0.2886751345948361200, -3.196651316724173200E-015 ) ) ;
#2736 = LINE ( 'NONE', #358, #2655 ) ;
#2737 = CARTESIAN_POINT ( 'NONE',  ( 0.2955375276389000100, -0.06167047103886000300, -0.1676627421251999900 ) ) ;
#2738 = AXIS2_PLACEMENT_3D ( 'NONE', #3346, #2817, #2274 ) ;
#2739 = MECHANICAL_DESIGN_GEOMETRIC_PRESENTATION_REPRESENTATION (  '', ( #2825 ), #2718 ) ;
#2740 = CARTESIAN_POINT ( 'NONE',  ( 0.0000000000000000000, 0.0000000000000000000, 0.3075000000000000500 ) ) ;
#2741 = CARTESIAN_POINT ( 'NONE',  ( 0.1379150347737046200, -0.07340385460927641200, 0.1736882365712079400 ) ) ;
#2742 = DIRECTION ( 'NONE',  ( 0.2079116908184633100, 0.9781476007336559200, 0.0000000000000000000 ) ) ;
#2743 = CARTESIAN_POINT ( 'NONE',  ( 0.3364694928353999500, -0.1036144006470000000, -0.1567341731706999900 ) ) ;
#2744 = ORIENTED_EDGE ( 'NONE', *, *, #2085, .T. ) ;
#2745 = PRESENTATION_LAYER_ASSIGNMENT (  '', '', ( #2825 ) ) ;
#2746 = CARTESIAN_POINT ( 'NONE',  ( 0.1000000000000000100, -6.430407353524017400E-014, -0.1874999999999693900 ) ) ;
#2747 = AXIS2_PLACEMENT_3D ( 'NONE', #1809, #3472, #3516 ) ;
#2748 = CARTESIAN_POINT ( 'NONE',  ( 0.2652585535716061000, 0.1296753373902309300, -0.1092108364325036100 ) ) ;
#2749 = CARTESIAN_POINT ( 'NONE',  ( 0.2556266452384999800, -0.1548798763328999900, -0.07300679937710000100 ) ) ;
#2750 = EDGE_CURVE ( 'NONE', #714, #3301, #4218, .T. ) ;
#2751 = FACE_OUTER_BOUND ( 'NONE', #1482, .T. ) ;
#2752 = DIRECTION ( 'NONE',  ( 0.0000000000000000000, -0.7071067811865474600, -0.7071067811865474600 ) ) ;
#2753 = LINE ( 'NONE', #4182, #1589 ) ;
#2754 = CARTESIAN_POINT ( 'NONE',  ( -1.044524830354393700, 0.2444999999999998800, 0.06100000000009991200 ) ) ;
#2755 = CARTESIAN_POINT ( 'NONE',  ( 0.1389682616223652800, -0.1082060522948086900, 0.1544124360214637600 ) ) ;
#2756 = DIRECTION ( 'NONE',  ( -0.9781476007336560300, 0.2079116908184633300, 0.0000000000000000000 ) ) ;
#2757 = ORIENTED_EDGE ( 'NONE', *, *, #2856, .T. ) ;
#2758 = CARTESIAN_POINT ( 'NONE',  ( -0.7339999999999999900, 0.2605000000000000100, -0.1949999999999999800 ) ) ;
#2759 = CARTESIAN_POINT ( 'NONE',  ( 0.2573808357921000300, -0.1201274603643000000, -0.1220129452074000000 ) ) ;
#2760 = CARTESIAN_POINT ( 'NONE',  ( -0.7819399999999997500, 0.3025000000000354600, -0.1999999999999646800 ) ) ;
#2761 = CARTESIAN_POINT ( 'NONE',  ( 0.3199925097783999900, -0.1766921222603000100, 0.02634141305064999900 ) ) ;
#2762 = LINE ( 'NONE', #758, #6190 ) ;
#2763 = CARTESIAN_POINT ( 'NONE',  ( -0.7339999999999999900, 0.2604999999999999500, 0.1469999999999999900 ) ) ;
#2764 = CARTESIAN_POINT ( 'NONE',  ( 0.1394875310299985600, -0.1237981179178945700, 0.1421563581526351400 ) ) ;
#2765 = ORIENTED_EDGE ( 'NONE', *, *, #5004, .T. ) ;
#2766 = VECTOR ( 'NONE', #343, 39.37007874015748100 ) ;
#2767 = CARTESIAN_POINT ( 'NONE',  ( 0.2675975309954999900, -0.05697687752089999900, 0.1759621988725000000 ) ) ;
#2768 = CARTESIAN_POINT ( 'NONE',  ( 0.1109578907597000000, -0.1399074013413000000, -0.1218553524788000000 ) ) ;
#2769 = CARTESIAN_POINT ( 'NONE',  ( 0.1000000000000000500, 0.1839824084574363000, -5.111586206938870100E-005 ) ) ;
#2770 = ORIENTED_EDGE ( 'NONE', *, *, #4881, .T. ) ;
#2771 = VERTEX_POINT ( 'NONE', #3857 ) ;
#2772 = DIRECTION ( 'NONE',  ( 0.9110794801760944100, -0.3867302948997277700, 0.1427370302648444700 ) ) ;
#2773 = CARTESIAN_POINT ( 'NONE',  ( -0.5978271636318723800, 0.1257526063129276500, 0.04539958996239832500 ) ) ;
#2774 = PLANE ( 'NONE',  #1833 ) ;
#2775 = CARTESIAN_POINT ( 'NONE',  ( 0.2532338076836646000, 0.1874609134988874900, 0.004254073322799973100 ) ) ;
#2776 = ORIENTED_EDGE ( 'NONE', *, *, #4207, .T. ) ;
#2777 = LINE ( 'NONE', #115, #2968 ) ;
#2778 = CARTESIAN_POINT ( 'NONE',  ( 0.1405113818118851900, -0.1501382075172776100, 0.1139631459621924700 ) ) ;
#2779 = CARTESIAN_POINT ( 'NONE',  ( 0.7788404885582130800, 0.1443375672974409900, -0.2500000000000122700 ) ) ;
#2780 = EDGE_CURVE ( 'NONE', #3005, #63, #4350, .T. ) ;
#2781 = AXIS2_PLACEMENT_3D ( 'NONE', #5948, #1336, #1825 ) ;
#2782 = CARTESIAN_POINT ( 'NONE',  ( -0.8939999999999999100, -0.2368807716974634400, 0.1166726188957634600 ) ) ;
#2783 = CARTESIAN_POINT ( 'NONE',  ( 0.2591350263457999900, -0.07058608258119999900, -0.1559979716849000100 ) ) ;
#2784 = VERTEX_POINT ( 'NONE', #3709 ) ;
#2785 = CARTESIAN_POINT ( 'NONE',  ( 0.2212692996410457200, 0.1864129677038358100, -0.02281758139440238900 ) ) ;
#2786 = ORIENTED_EDGE ( 'NONE', *, *, #132, .F. ) ;
#2787 = CARTESIAN_POINT ( 'NONE',  ( 0.09259975523046000400, -0.1201074228710000000, 0.1227809495059000000 ) ) ;
#2788 = CARTESIAN_POINT ( 'NONE',  ( 0.1410159631861343000, -0.1609182523848221000, 0.09805893124141489000 ) ) ;
#2789 = FACE_OUTER_BOUND ( 'NONE', #2672, .T. ) ;
#2790 = CARTESIAN_POINT ( 'NONE',  ( 0.1354128728992000100, -0.1477467170360000100, 0.1122214929633000000 ) ) ;
#2791 = AXIS2_PLACEMENT_3D ( 'NONE', #206, #4780, #1735 ) ;
#2792 = DIRECTION ( 'NONE',  ( 0.0000000000000000000, 1.000000000000000000, 0.0000000000000000000 ) ) ;
#2793 = LINE ( 'NONE', #282, #2843 ) ;
#2794 = CARTESIAN_POINT ( 'NONE',  ( 0.1417618192224397400, -0.1730552590448189700, 0.07278588429366146500 ) ) ;
#2795 = CARTESIAN_POINT ( 'NONE',  ( 0.2608892168993999800, -0.01235482780328999900, -0.1707779762006000100 ) ) ;
#2796 = VERTEX_POINT ( 'NONE', #3689 ) ;
#2797 = DIRECTION ( 'NONE',  ( 1.000000000000000000, -0.0000000000000000000, -0.0000000000000000000 ) ) ;
#2798 = VERTEX_POINT ( 'NONE', #3576 ) ;
#2799 = AXIS2_PLACEMENT_3D ( 'NONE', #5010, #4513, #4024 ) ;
#2800 = AXIS2_PLACEMENT_3D ( 'NONE', #4399, #1350, #4886 ) ;
#2801 = EDGE_CURVE ( 'NONE', #5804, #4073, #4450, .T. ) ;
#2802 = DIRECTION ( 'NONE',  ( -7.918399981637147900E-016, 0.0000000000000000000, -1.000000000000000000 ) ) ;
#2803 = FACE_OUTER_BOUND ( 'NONE', #5996, .T. ) ;
#2804 = CARTESIAN_POINT ( 'NONE',  ( 0.2673082151671815100, 0.1626768434265747100, -0.04832190760040600000 ) ) ;
#2805 = CARTESIAN_POINT ( 'NONE',  ( -0.6190753466563999600, 0.02578776468437999500, 0.08150530025789999600 ) ) ;
#2806 = CARTESIAN_POINT ( 'NONE',  ( 0.7031250000000193200, 3.964380975180757000E-014, -0.2499999999999777700 ) ) ;
#2807 = DIRECTION ( 'NONE',  ( -1.000000000000000000, -0.0000000000000000000, -0.0000000000000000000 ) ) ;
#2808 = ORIENTED_EDGE ( 'NONE', *, *, #465, .F. ) ;
#2809 = PLANE ( 'NONE',  #2972 ) ;
#2810 = CARTESIAN_POINT ( 'NONE',  ( 0.1170547373699999900, 0.09580582656731999300, 0.1425557955019000100 ) ) ;
#2811 = CARTESIAN_POINT ( 'NONE',  ( 0.1420086018970305500, -0.1764331436195814600, 0.06412468585551861500 ) ) ;
#2812 = DIRECTION ( 'NONE',  ( -1.000000000000000000, 1.109835952963532300E-015, 1.181855250411386300E-015 ) ) ;
#2813 = CARTESIAN_POINT ( 'NONE',  ( 0.2626434074530000200, 0.04739741351579000000, -0.1645334033806999900 ) ) ;
#2814 = LINE ( 'NONE', #288, #2619 ) ;
#2815 = AXIS2_PLACEMENT_3D ( 'NONE', #569, #564, #530 ) ;
#2816 = CARTESIAN_POINT ( 'NONE',  ( 0.1598678550386999900, 0.07985810880612999300, 0.1674675578360000100 ) ) ;
#2817 = DIRECTION ( 'NONE',  ( 0.0000000000000000000, 0.7071067811865475700, -0.7071067811865475700 ) ) ;
#2818 = ADVANCED_BREP_SHAPE_REPRESENTATION ( '112APCX', ( #3682, #6293, #1135, #750 ), #1035 ) ;
#2819 = CYLINDRICAL_SURFACE ( 'NONE', #5091, 0.1265000000000135500 ) ;
#2820 = CARTESIAN_POINT ( 'NONE',  ( 0.1423760219026513300, -0.1805015952034126600, 0.05094361388179882700 ) ) ;
#2821 = PLANE ( 'NONE',  #1872 ) ;
#2822 = AXIS2_PLACEMENT_3D ( 'NONE', #526, #541, #550 ) ;
#2823 = DIRECTION ( 'NONE',  ( 0.9961946980917389900, 1.067350013833211500E-017, 0.08715574274773282800 ) ) ;
#2824 = EDGE_CURVE ( 'NONE', #3363, #622, #4371, .T. ) ;
#2825 = STYLED_ITEM ( 'NONE', ( #5183 ), #3682 ) ;
#2826 = CARTESIAN_POINT ( 'NONE',  ( 0.7031250000000332000, 1.184497063818242800E-013, 1.884122476803584800E-017 ) ) ;
#2827 = CARTESIAN_POINT ( 'NONE',  ( -0.8939999999999997900, 0.1820000000000000000, 0.2605000000000000100 ) ) ;
#2828 = ORIENTED_EDGE ( 'NONE', *, *, #1863, .T. ) ;
#2829 = CARTESIAN_POINT ( 'NONE',  ( 0.2643975980066000100, 0.1013145128742000000, -0.1380330461805000000 ) ) ;
#2830 = CARTESIAN_POINT ( 'NONE',  ( 0.7031250000000204300, -0.04886364035931693700, -0.2500000000000000000 ) ) ;
#2831 = CARTESIAN_POINT ( 'NONE',  ( 0.7031249999990836200, -0.2409381711214067000, 0.08268284613506829400 ) ) ;
#2832 = CARTESIAN_POINT ( 'NONE',  ( 0.1415097195095000000, 0.1590500638990000000, -0.06483781068310000300 ) ) ;
#2833 = AXIS2_PLACEMENT_3D ( 'NONE', #2184, #773, #244 ) ;
#2834 = AXIS2_PLACEMENT_3D ( 'NONE', #1661, #1630, #1591 ) ;
#2835 = LINE ( 'NONE', #202, #2861 ) ;
#2836 = CARTESIAN_POINT ( 'NONE',  ( 0.1424980362368140100, -0.1816913862428337100, 0.04651822465995589900 ) ) ;
#2837 = CARTESIAN_POINT ( 'NONE',  ( -0.6659736096355277600, -0.008343232713955060800, 0.05700562899729088400 ) ) ;
#2838 = CARTESIAN_POINT ( 'NONE',  ( 0.7499999999999998900, -0.2886751345948389000, -2.249079231033906700E-014 ) ) ;
#2839 = CARTESIAN_POINT ( 'NONE',  ( -0.6754427768133012300, 0.01305795632194703100, 0.05454266999529999000 ) ) ;
#2840 = FACE_OUTER_BOUND ( 'NONE', #5798, .T. ) ;
#2841 = CARTESIAN_POINT ( 'NONE',  ( 0.1843228371781999700, 0.1801991368230999900, -0.04416915376589999900 ) ) ;
#2842 = ORIENTED_EDGE ( 'NONE', *, *, #96, .T. ) ;
#2843 = VECTOR ( 'NONE', #254, 39.37007874015748100 ) ;
#2844 = AXIS2_PLACEMENT_3D ( 'NONE', #621, #614, #603 ) ;
#2845 = AXIS2_PLACEMENT_3D ( 'NONE', #4713, #1799, #1790 ) ;
#2846 = CARTESIAN_POINT ( 'NONE',  ( 0.2659288619274326500, 0.1434518348723314900, -0.09068138680690307500 ) ) ;
#2847 = DIRECTION ( 'NONE',  ( -0.0000000000000000000, -0.0000000000000000000, 1.000000000000000000 ) ) ;
#2848 = CARTESIAN_POINT ( 'NONE',  ( 0.2412017665775863000, -0.1378438065086484400, -0.1271023183334660800 ) ) ;
#2849 = ORIENTED_EDGE ( 'NONE', *, *, #926, .T. ) ;
#2850 = EDGE_LOOP ( 'NONE', ( #2353, #6344, #2084, #2298, #495, #341, #4973, #2264, #1255, #4141, #113, #5633, #2945, #1561, #5797, #3105, #2443, #4588, #3979, #3581, #3429, #53 ) ) ;
#2851 = CARTESIAN_POINT ( 'NONE',  ( 0.1426803692364918800, -0.1832272666015195800, 0.03985199130141934400 ) ) ;
#2852 = CARTESIAN_POINT ( 'NONE',  ( 0.2661517885602000000, 0.1427587198121000000, -0.09453939393487000000 ) ) ;
#2853 = CARTESIAN_POINT ( 'NONE',  ( 0.7788404885582191900, -0.2886751345948362400, -2.714133640958143600E-014 ) ) ;
#2854 = ORIENTED_EDGE ( 'NONE', *, *, #3087, .F. ) ;
#2855 = LINE ( 'NONE', #220, #2915 ) ;
#2856 = EDGE_CURVE ( 'NONE', #2205, #6502, #4304, .T. ) ;
#2857 = CYLINDRICAL_SURFACE ( 'NONE', #1895, 0.004999999999953607500 ) ;
#2858 = CARTESIAN_POINT ( 'NONE',  ( 0.1427713636109392600, -0.1839330085102916000, 0.03651182335470493100 ) ) ;
#2859 = CARTESIAN_POINT ( 'NONE',  ( 0.0000000000000000000, -0.3075000000000000000, 0.1306808075913018800 ) ) ;
#2860 = ORIENTED_EDGE ( 'NONE', *, *, #1103, .T. ) ;
#2861 = VECTOR ( 'NONE', #177, 39.37007874015748900 ) ;
#2862 = CARTESIAN_POINT ( 'NONE',  ( 0.2087778193178000100, -0.006643721000524000100, -0.1854142551491000100 ) ) ;
#2863 = CARTESIAN_POINT ( 'NONE',  ( 0.2679059791137999900, 0.1666278358341999900, -0.03940698104597999100 ) ) ;
#2864 = CIRCLE ( 'NONE', #1731, 0.2499999999999559500 ) ;
#2865 = EDGE_CURVE ( 'NONE', #4796, #369, #4234, .T. ) ;
#2866 = ORIENTED_EDGE ( 'NONE', *, *, #4514, .F. ) ;
#2867 = CARTESIAN_POINT ( 'NONE',  ( -0.8939999999999999100, -0.1279863273947339800, 0.2481944801964339800 ) ) ;
#2868 = VERTEX_POINT ( 'NONE', #176 ) ;
#2869 = LINE ( 'NONE', #262, #2874 ) ;
#2870 = CARTESIAN_POINT ( 'NONE',  ( -0.7810000000000001400, 0.1950000000000000100, -0.2512500000000000300 ) ) ;
#2871 = CARTESIAN_POINT ( 'NONE',  ( 0.01468000000000000000, -0.2454999999997350400, 0.1306808075914037700 ) ) ;
#2872 = FACE_OUTER_BOUND ( 'NONE', #3773, .T. ) ;
#2873 = CARTESIAN_POINT ( 'NONE',  ( -0.8014409913475721800, 0.2605000000000000100, -0.05731573425037896800 ) ) ;
#2874 = VECTOR ( 'NONE', #275, 39.37007874015748100 ) ;
#2875 = AXIS2_PLACEMENT_3D ( 'NONE', #2871, #2379, #1030 ) ;
#2876 = CARTESIAN_POINT ( 'NONE',  ( 0.2696601696673999700, 0.1699833440483000100, 0.02057681533622000200 ) ) ;
#2877 = CARTESIAN_POINT ( 'NONE',  ( -0.7012468282987708300, 0.02401112633369472500, 0.02182250319205868100 ) ) ;
#2878 = EDGE_LOOP ( 'NONE', ( #4899, #3661, #2683, #348, #1488, #1263, #4980, #5480, #2776, #2944, #1472, #2296, #236, #311, #144, #188, #40, #95 ) ) ;
#2879 = CARTESIAN_POINT ( 'NONE',  ( 0.0000000000000000000, -0.2454999999999766000, -0.3075000000000000000 ) ) ;
#2880 = CARTESIAN_POINT ( 'NONE',  ( 0.2215657665603717700, 0.1874862344096701100, -0.01161466109112316800 ) ) ;
#2881 = ORIENTED_EDGE ( 'NONE', *, *, #2557, .F. ) ;
#2882 = CARTESIAN_POINT ( 'NONE',  ( 0.1428772224950259900, -0.1846477216968995000, 0.03260671905566700500 ) ) ;
#2883 = VERTEX_POINT ( 'NONE', #3425 ) ;
#2884 = CARTESIAN_POINT ( 'NONE',  ( 3.094640036498820100E-017, 3.684424488560181800E-014, -0.2343750000000291200 ) ) ;
#2885 = CARTESIAN_POINT ( 'NONE',  ( 0.2714143602210000200, 0.1524121660332999900, 0.07802737335869000500 ) ) ;
#2886 = CARTESIAN_POINT ( 'NONE',  ( -0.7810000000000002500, 0.1959999999999823600, 0.3075000000000000000 ) ) ;
#2887 = CARTESIAN_POINT ( 'NONE',  ( 0.2332328014572999900, -0.1828987867358000100, -0.03115383827086000100 ) ) ;
#2888 = CARTESIAN_POINT ( 'NONE',  ( 0.7211595114417496100, -0.1443375672974235000, 0.2500000000000047200 ) ) ;
#2889 = AXIS2_PLACEMENT_3D ( 'NONE', #2608, #2593, #2158 ) ;
#2890 = CARTESIAN_POINT ( 'NONE',  ( 0.7968749999999452700, 0.2165063509407882700, -0.1250000000091932000 ) ) ;
#2891 = ORIENTED_EDGE ( 'NONE', *, *, #1467, .T. ) ;
#2892 = CONICAL_SURFACE ( 'NONE', #1415, 0.3057185771706840700, 0.08726646259979141400 ) ;
#2893 = DIRECTION ( 'NONE',  ( 2.864034186896294000E-014, 0.0000000000000000000, -1.000000000000000000 ) ) ;
#2894 = AXIS2_PLACEMENT_3D ( 'NONE', #1546, #198, #1500 ) ;
#2895 = ORIENTED_EDGE ( 'NONE', *, *, #1718, .F. ) ;
#2896 = EDGE_CURVE ( 'NONE', #6166, #2335, #4263, .T. ) ;
#2897 = CARTESIAN_POINT ( 'NONE',  ( 0.1429225260411841300, -0.1849307677041840700, 0.03093176674136676300 ) ) ;
#2898 = CARTESIAN_POINT ( 'NONE',  ( 0.7211595114417849200, -0.1443375672974164000, -0.2500000000000103800 ) ) ;
#2899 = CIRCLE ( 'NONE', #2432, 0.08500000000169270800 ) ;
#2900 = CARTESIAN_POINT ( 'NONE',  ( 0.2731685507746000100, 0.1160775108841999900, 0.1258719491878000100 ) ) ;
#2901 = CARTESIAN_POINT ( 'NONE',  ( 0.1429527140615070000, -0.1851142988459733600, 0.02981488245671714400 ) ) ;
#2902 = EDGE_CURVE ( 'NONE', #39, #2205, #3988, .T. ) ;
#2903 = DIRECTION ( 'NONE',  ( -1.332608777397077500E-015, 1.000000000000000000, 0.0000000000000000000 ) ) ;
#2904 = AXIS2_PLACEMENT_3D ( 'NONE', #2409, #2398, #2364 ) ;
#2905 = CARTESIAN_POINT ( 'NONE',  ( 0.2576877835968000000, -0.06764886813777999700, 0.1727602484983999700 ) ) ;
#2906 = CARTESIAN_POINT ( 'NONE',  ( 0.2749227413281999900, 0.06545255737404999400, 0.1582204021243000000 ) ) ;
#2907 = CARTESIAN_POINT ( 'NONE',  ( -0.6088865658598999800, 0.02077408334029999900, -0.02401920134233000200 ) ) ;
#2908 = LINE ( 'NONE', #2675, #524 ) ;
#2909 = DIRECTION ( 'NONE',  ( 0.0000000000000000000, 0.0000000000000000000, -1.000000000000000000 ) ) ;
#2910 = DIRECTION ( 'NONE',  ( 2.731847993689610700E-014, 0.0000000000000000000, -1.000000000000000000 ) ) ;
#2911 = CIRCLE ( 'NONE', #618, 0.1724999999999448600 ) ;
#2912 = CARTESIAN_POINT ( 'NONE',  ( -0.6035826476055075100, 0.09867518311603935800, 0.07915464760213884700 ) ) ;
#2913 = DIRECTION ( 'NONE',  ( 1.000000000000000000, 1.443626708769453500E-015, 1.355655714602112600E-015 ) ) ;
#2914 = DIRECTION ( 'NONE',  ( 1.000000000000000000, 0.0000000000000000000, -0.0000000000000000000 ) ) ;
#2915 = VECTOR ( 'NONE', #194, 39.37007874015748100 ) ;
#2916 = ADVANCED_FACE ( 'NONE', ( #4136 ), #4418, .F. ) ;
#2917 = CARTESIAN_POINT ( 'NONE',  ( 0.7968749999999452700, 0.2165063509407882700, -0.1250000000091932000 ) ) ;
#2918 = AXIS2_PLACEMENT_3D ( 'NONE', #4456, #4423, #4414 ) ;
#2919 = AXIS2_PLACEMENT_3D ( 'NONE', #1749, #4359, #1307 ) ;
#2920 = CARTESIAN_POINT ( 'NONE',  ( 0.1429698911336054200, -0.1852154852736029300, 0.02917887714945507900 ) ) ;
#2921 = CARTESIAN_POINT ( 'NONE',  ( 0.3749999999999968400, 1.237856014599161000E-016, 6.200868094368866900E-014 ) ) ;
#2922 = ORIENTED_EDGE ( 'NONE', *, *, #2453, .F. ) ;
#2923 = CIRCLE ( 'NONE', #5033, 0.1724999999999448600 ) ;
#2924 = CARTESIAN_POINT ( 'NONE',  ( 0.2766769318817999800, 0.006769756561441999700, 0.1710903273539999800 ) ) ;
#2925 = CARTESIAN_POINT ( 'NONE',  ( 0.3949238939618784400, -1.408596514203429000E-016, -4.077283130543913100E-014 ) ) ;
#2926 = CARTESIAN_POINT ( 'NONE',  ( 0.2821427657362999800, 0.1554230754939999700, 0.1013217105475000000 ) ) ;
#2927 = CARTESIAN_POINT ( 'NONE',  ( 0.7968749999989376300, 0.1920745307629811400, -0.1673171538786359900 ) ) ;
#2928 = CARTESIAN_POINT ( 'NONE',  ( -0.8979999999999999100, 0.2605000000000000100, 0.06100000000000999100 ) ) ;
#2929 = ORIENTED_EDGE ( 'NONE', *, *, #2537, .T. ) ;
#2930 = AXIS2_PLACEMENT_3D ( 'NONE', #2760, #2696, #2661 ) ;
#2931 = AXIS2_PLACEMENT_3D ( 'NONE', #2441, #5941, #2893 ) ;
#2932 = DIRECTION ( 'NONE',  ( -0.2057828098167522600, -0.9681320030735435200, 0.1427370302645066000 ) ) ;
#2933 = EDGE_CURVE ( 'NONE', #3731, #4526, #4389, .T. ) ;
#2934 = FACE_OUTER_BOUND ( 'NONE', #2532, .T. ) ;
#2935 = CARTESIAN_POINT ( 'NONE',  ( 0.1208721786168683300, -0.01897281224948070900, 0.1680977249688206400 ) ) ;
#2936 = CARTESIAN_POINT ( 'NONE',  ( 0.7971920747688999700, -4.976577467636507000E-014, -0.1721956082217835600 ) ) ;
#2937 = ADVANCED_FACE ( 'NONE', ( #4117 ), #3234, .F. ) ;
#2938 = VERTEX_POINT ( 'NONE', #814 ) ;
#2939 = ORIENTED_EDGE ( 'NONE', *, *, #4310, .F. ) ;
#2940 = CARTESIAN_POINT ( 'NONE',  ( 0.2784311224354000200, -0.05274644804451000100, 0.1628973258006000100 ) ) ;
#2941 = CARTESIAN_POINT ( 'NONE',  ( -0.3905000000000001200, -0.3075000000000219800, -0.2455000000000000500 ) ) ;
#2942 = B_SPLINE_CURVE_WITH_KNOTS ( 'NONE', 3,
 ( #1204, #791, #717, #1228 ),
 .UNSPECIFIED., .F., .F.,
 ( 4, 4 ),
 ( 6.235848320757248500E-016, 0.003694680973669639800 ),
 .UNSPECIFIED. ) ;
#2943 = AXIS2_PLACEMENT_3D ( 'NONE', #2468, #2452, #6463 ) ;
#2944 = ORIENTED_EDGE ( 'NONE', *, *, #1080, .T. ) ;
#2945 = ORIENTED_EDGE ( 'NONE', *, *, #4495, .F. ) ;
#2946 = CARTESIAN_POINT ( 'NONE',  ( -0.5989355881578618500, 0.1205378789138919200, -0.03837798518609008400 ) ) ;
#2947 = CARTESIAN_POINT ( 'NONE',  ( 0.1433985424077713100, -0.1876771777756001400, 0.01329830700325770900 ) ) ;
#2948 = LINE ( 'NONE', #5599, #3030 ) ;
#2949 = ORIENTED_EDGE ( 'NONE', *, *, #5683, .F. ) ;
#2950 = CARTESIAN_POINT ( 'NONE',  ( 0.3065977478758000200, 0.1307706734089000000, -0.1316108126888999900 ) ) ;
#2951 = CARTESIAN_POINT ( 'NONE',  ( 0.2453094239879928300, -1.058706441877371700E-008, 0.1680983007247106900 ) ) ;
#2952 = CARTESIAN_POINT ( 'NONE',  ( 0.2801853129890000100, -0.1057690224811000000, 0.1346500547638999900 ) ) ;
#2953 = VECTOR ( 'NONE', #3051, 39.37007874015748100 ) ;
#2954 = CARTESIAN_POINT ( 'NONE',  ( -0.6233365641929998800, 0.01586938133053000100, -0.02243034428063999500 ) ) ;
#2955 = AXIS2_PLACEMENT_3D ( 'NONE', #3204, #3165, #3156 ) ;
#2956 = LINE ( 'NONE', #1912, #2732 ) ;
#2957 = CARTESIAN_POINT ( 'NONE',  ( -0.7819399999999997500, -0.3025000000000354600, -0.1959999999999647000 ) ) ;
#2958 = EDGE_LOOP ( 'NONE', ( #59, #5866 ) ) ;
#2959 = CARTESIAN_POINT ( 'NONE',  ( -0.6034131136506428700, 0.02251702814862545000, -0.02441668864549000100 ) ) ;
#2960 = ORIENTED_EDGE ( 'NONE', *, *, #4940, .F. ) ;
#2961 = LINE ( 'NONE', #3083, #2953 ) ;
#2962 = CARTESIAN_POINT ( 'NONE',  ( 0.2495995875036488600, 0.1434010152502520100, -0.1225360539887410700 ) ) ;
#2963 = CYLINDRICAL_SURFACE ( 'NONE', #2470, 0.03900000000005458800 ) ;
#2964 = DIRECTION ( 'NONE',  ( -0.2057828098159453500, -0.9681320030737177200, 0.1427370302644887500 ) ) ;
#2965 = CARTESIAN_POINT ( 'NONE',  ( 0.04900000000000000200, -6.430407353524017400E-014, 6.189280072995864100E-017 ) ) ;
#2966 = CARTESIAN_POINT ( 'NONE',  ( 0.2819395035426000000, -0.1457703721183999900, 0.08982604756753000100 ) ) ;
#2967 = CARTESIAN_POINT ( 'NONE',  ( 0.7100892630251137700, -0.09685711861486631700, -0.2500000000000000000 ) ) ;
#2968 = VECTOR ( 'NONE', #70, 39.37007874015748100 ) ;
#2969 = AXIS2_PLACEMENT_3D ( 'NONE', #2701, #5920, #2618 ) ;
#2970 = CARTESIAN_POINT ( 'NONE',  ( 0.3304256791911999700, -0.1189582120229000000, -0.1385284531691000100 ) ) ;
#2971 = CARTESIAN_POINT ( 'NONE',  ( 0.7899107369740286900, 0.1680777916369650400, -0.2088807252608725900 ) ) ;
#2972 = AXIS2_PLACEMENT_3D ( 'NONE', #1754, #4689, #2792 ) ;
#2973 = DIRECTION ( 'NONE',  ( 0.0000000000000000000, 0.0000000000000000000, 1.000000000000000000 ) ) ;
#2974 = EDGE_CURVE ( 'NONE', #3423, #4445, #4154, .T. ) ;
#2975 = ORIENTED_EDGE ( 'NONE', *, *, #207, .T. ) ;
#2976 = CARTESIAN_POINT ( 'NONE',  ( 0.2836936940961999900, -0.1678259506275000000, 0.03394359092001000100 ) ) ;
#2977 = CARTESIAN_POINT ( 'NONE',  ( 0.2231717389038891700, -0.1637303603715711800, -0.04400407696052496100 ) ) ;
#2978 = CARTESIAN_POINT ( 'NONE',  ( -1.044524830354382600, -0.1605132393292808300, 0.2156675682619190500 ) ) ;
#2979 = FACE_OUTER_BOUND ( 'NONE', #860, .T. ) ;
#2980 = B_SPLINE_CURVE_WITH_KNOTS ( 'NONE', 3,
 ( #1239, #1227, #1211, #1196, #1195, #1183, #1172, #1158, #1148, #1147, #1132, #1121, #1110 ),
 .UNSPECIFIED., .F., .F.,
 ( 4, 1, 1, 1, 1, 1, 1, 1, 1, 1, 4 ),
 ( 0.0000000000000000000, 0.05420465887927295600, 0.1664726288034491000, 0.2787405987312643300, 0.3910085686554394800, 0.5032765385832547200, 0.6155445085110710100, 0.7278124784352461000, 0.8400804483630612800, 0.9523484182872364900, 1.000000000000000000 ),
 .UNSPECIFIED. ) ;
#2981 = DIRECTION ( 'NONE',  ( 1.000000000000000000, 0.0000000000000000000, 0.0000000000000000000 ) ) ;
#2982 = EDGE_CURVE ( 'NONE', #5208, #1489, #4142, .T. ) ;
#2983 = CIRCLE ( 'NONE', #5542, 0.1272500000000276700 ) ;
#2984 = AXIS2_PLACEMENT_3D ( 'NONE', #3385, #3281, #3951 ) ;
#2985 = ADVANCED_FACE ( 'NONE', ( #4463, #4421 ), #3006, .F. ) ;
#2986 = CARTESIAN_POINT ( 'NONE',  ( -0.6605082223128999600, 0.007216320593152999800, 0.05685942792286000100 ) ) ;
#2987 = DIRECTION ( 'NONE',  ( -1.000000000000000000, 0.0000000000000000000, 0.0000000000000000000 ) ) ;
#2988 = ORIENTED_EDGE ( 'NONE', *, *, #1218, .F. ) ;
#2989 = CARTESIAN_POINT ( 'NONE',  ( -0.7339999999999999900, -0.1495530842210000000, 0.2768323048345000000 ) ) ;
#2990 = EDGE_CURVE ( 'NONE', #1447, #2436, #4485, .T. ) ;
#2991 = CARTESIAN_POINT ( 'NONE',  ( 0.2854478846497999800, -0.1692205164311000000, -0.02611763316286000400 ) ) ;
#2992 = DIRECTION ( 'NONE',  ( -0.7213873210293241200, 8.481068867022734400E-017, -0.6925318281914086800 ) ) ;
#2993 = EDGE_CURVE ( 'NONE', #6443, #2180, #3319, .T. ) ;
#2994 = AXIS2_PLACEMENT_3D ( 'NONE', #3336, #3325, #3298 ) ;
#2995 = CARTESIAN_POINT ( 'NONE',  ( 0.1036599754673000100, -0.1685200869439000000, -0.05929095869314000200 ) ) ;
#2996 = CARTESIAN_POINT ( 'NONE',  ( -0.6563884896341000100, 0.005292367896693000300, 0.05747087790856999400 ) ) ;
#2997 = LINE ( 'NONE', #23, #3026 ) ;
#2998 = CARTESIAN_POINT ( 'NONE',  ( 0.7031250000000230900, 0.2165063509434593800, -0.1250000000046165800 ) ) ;
#2999 = CIRCLE ( 'NONE', #2509, 0.1874999999999694400 ) ;
#3000 = CARTESIAN_POINT ( 'NONE',  ( -0.6472946322710000400, 0.003397600494252999800, 0.05927490166376000300 ) ) ;
#3001 = AXIS2_PLACEMENT_3D ( 'NONE', #3039, #2987, #2973 ) ;
#3002 = DIRECTION ( 'NONE',  ( -0.0000000000000000000, 1.000000000000000000, -0.0000000000000000000 ) ) ;
#3003 = CARTESIAN_POINT ( 'NONE',  ( -0.8980000000000157900, 0.2444999999999999400, 0.1420000000000157800 ) ) ;
#3004 = AXIS2_PLACEMENT_3D ( 'NONE', #3900, #3886, #6404 ) ;
#3005 = VERTEX_POINT ( 'NONE', #2928 ) ;
#3006 = PLANE ( 'NONE',  #3001 ) ;
#3007 = CARTESIAN_POINT ( 'NONE',  ( -0.6338679451044999500, 0.006852575128452999600, 0.06285262297221000400 ) ) ;
#3008 = ORIENTED_EDGE ( 'NONE', *, *, #1290, .T. ) ;
#3009 = ORIENTED_EDGE ( 'NONE', *, *, #4828, .T. ) ;
#3010 = CARTESIAN_POINT ( 'NONE',  ( 0.2601976429285516300, 0.02776260805465483400, 0.1865712427244677300 ) ) ;
#3011 = ADVANCED_FACE ( 'NONE', ( #4490 ), #2809, .T. ) ;
#3012 = AXIS2_PLACEMENT_3D ( 'NONE', #4062, #4045, #4032 ) ;
#3013 = FACE_BOUND ( 'NONE', #3415, .T. ) ;
#3014 = CARTESIAN_POINT ( 'NONE',  ( 0.7968749999999652500, 0.2165063509407895200, 0.1250000000091939500 ) ) ;
#3015 = CARTESIAN_POINT ( 'NONE',  ( -0.6233365641929998800, 0.01586938133053000100, 0.06643034428067000300 ) ) ;
#3016 = ORIENTED_EDGE ( 'NONE', *, *, #4409, .F. ) ;
#3017 = VERTEX_POINT ( 'NONE', #4211 ) ;
#3018 = CARTESIAN_POINT ( 'NONE',  ( 0.1281149576069000000, -0.09230388168299999400, 0.1529522245713000100 ) ) ;
#3019 = CARTESIAN_POINT ( 'NONE',  ( 0.4052700307959141200, 2.438398462793887300E-016, -0.1892431148551331500 ) ) ;
#3020 = CARTESIAN_POINT ( 'NONE',  ( 0.2430388632450999900, -0.1842447545462999900, -0.01621677153443000200 ) ) ;
#3021 = FACE_OUTER_BOUND ( 'NONE', #419, .T. ) ;
#3022 = AXIS2_PLACEMENT_3D ( 'NONE', #4379, #3114, #3104 ) ;
#3023 = CARTESIAN_POINT ( 'NONE',  ( 0.7031249999990836200, 0.2409381711214067000, -0.08268284613506833600 ) ) ;
#3024 = AXIS2_PLACEMENT_3D ( 'NONE', #4178, #4137, #4131 ) ;
#3025 = ORIENTED_EDGE ( 'NONE', *, *, #890, .F. ) ;
#3026 = VECTOR ( 'NONE', #3093, 39.37007874015748900 ) ;
#3027 = EDGE_CURVE ( 'NONE', #82, #3057, #4008, .T. ) ;
#3028 = CARTESIAN_POINT ( 'NONE',  ( -0.6196726444851999900, 0.02440542711440999900, 0.06823436803585999900 ) ) ;
#3029 = DIRECTION ( 'NONE',  ( -1.000000000000000000, 0.0000000000000000000, 0.0000000000000000000 ) ) ;
#3030 = VECTOR ( 'NONE', #5583, 39.37007874015748100 ) ;
#3031 = CARTESIAN_POINT ( 'NONE',  ( 0.7968750000000000000, -0.2165063509434214700, -0.1250000000046353200 ) ) ;
#3032 = CIRCLE ( 'NONE', #997, 0.1579999999999803000 ) ;
#3033 = B_SPLINE_CURVE_WITH_KNOTS ( 'NONE', 3,
 ( #3477, #3850, #3491, #3446 ),
 .UNSPECIFIED., .F., .F.,
 ( 4, 4 ),
 ( 4.346382469784124800E-016, 0.003694680973535858400 ),
 .UNSPECIFIED. ) ;
#3034 = ORIENTED_EDGE ( 'NONE', *, *, #5490, .F. ) ;
#3035 = CIRCLE ( 'NONE', #5152, 0.03270000000001886000 ) ;
#3036 = DIRECTION ( 'NONE',  ( -0.7071067811928326600, -0.0000000000000000000, -0.7071067811802624900 ) ) ;
#3037 = DIRECTION ( 'NONE',  ( -1.000000000000000000, -0.0000000000000000000, -0.0000000000000000000 ) ) ;
#3038 = CARTESIAN_POINT ( 'NONE',  ( -0.6188856726810001400, 0.02888364849149999800, 0.06884581802156999900 ) ) ;
#3039 = CARTESIAN_POINT ( 'NONE',  ( 0.3260000000000000100, -0.1643199999999999900, -0.1643694849676999900 ) ) ;
#3040 = ORIENTED_EDGE ( 'NONE', *, *, #4579, .T. ) ;
#3041 = DIRECTION ( 'NONE',  ( -1.000000000000000000, -0.0000000000000000000, -0.0000000000000000000 ) ) ;
#3042 = VERTEX_POINT ( 'NONE', #2710 ) ;
#3043 = DIRECTION ( 'NONE',  ( 0.0000000000000000000, 0.0000000000000000000, 1.000000000000000000 ) ) ;
#3044 = CARTESIAN_POINT ( 'NONE',  ( 0.2872020752034000200, -0.1497824012229999900, -0.08296350473237999700 ) ) ;
#3045 = FACE_OUTER_BOUND ( 'NONE', #5898, .T. ) ;
#3046 = CARTESIAN_POINT ( 'NONE',  ( 0.1525699397464000100, 0.1310046518741999900, 0.1214583039099000100 ) ) ;
#3047 = CARTESIAN_POINT ( 'NONE',  ( -0.8983107979760000000, 0.2605000000000000100, 0.1416892020241000100 ) ) ;
#3048 = CARTESIAN_POINT ( 'NONE',  ( -0.6628868797857999700, 0.002117508860610000100, 0.05682941834756000100 ) ) ;
#3049 = CARTESIAN_POINT ( 'NONE',  ( 0.7346920747688994200, -4.978686255640867500E-014, 0.1721956082217837000 ) ) ;
#3050 = CIRCLE ( 'NONE', #154, 0.004999999999953676000 ) ;
#3051 = DIRECTION ( 'NONE',  ( 0.8660254037834188600, 6.123233995758395600E-017, 0.5000000000017661400 ) ) ;
#3052 = DIRECTION ( 'NONE',  ( 2.731847993689610700E-014, 1.000000000000000000, 0.0000000000000000000 ) ) ;
#3053 = ADVANCED_FACE ( 'NONE', ( #4504 ), #4545, .T. ) ;
#3054 = CARTESIAN_POINT ( 'NONE',  ( 0.2889562657570000100, -0.1119046396571000000, -0.1295957536469999900 ) ) ;
#3055 = CARTESIAN_POINT ( 'NONE',  ( 0.09756312885706999700, 0.1918694108899000300, 0.01456198989569000000 ) ) ;
#3056 = DIRECTION ( 'NONE',  ( 0.0000000000000000000, -1.000000000000000000, 0.0000000000000000000 ) ) ;
#3057 = VERTEX_POINT ( 'NONE', #5393 ) ;
#3058 = CARTESIAN_POINT ( 'NONE',  ( 0.0000000000000000000, -0.3075000000000109900, -0.2454999999999766500 ) ) ;
#3059 = CYLINDRICAL_SURFACE ( 'NONE', #2479, 0.08500000000161785100 ) ;
#3060 = ADVANCED_FACE ( 'NONE', ( #4558 ), #4569, .T. ) ;
#3061 = CARTESIAN_POINT ( 'NONE',  ( -0.7574999999999997300, 0.3025000000000003800, 0.2390000000000115600 ) ) ;
#3062 = CARTESIAN_POINT ( 'NONE',  ( -0.6579924114947001100, -0.0001678626486912999900, 0.05757846125531999900 ) ) ;
#3063 = EDGE_CURVE ( 'NONE', #5989, #1922, #4528, .T. ) ;
#3064 = LINE ( 'NONE', #3320, #3079 ) ;
#3065 = CARTESIAN_POINT ( 'NONE',  ( 0.3260000000000931600, -1.065975624152775600E-013, -1.148795437741948800E-013 ) ) ;
#3066 = CARTESIAN_POINT ( 'NONE',  ( 0.2907104563106000000, -0.06025035976084999100, -0.1602735125087000100 ) ) ;
#3067 = CARTESIAN_POINT ( 'NONE',  ( -0.6471752119609000000, -0.002428378715650999500, 0.05945878386536000000 ) ) ;
#3068 = VECTOR ( 'NONE', #3309, 39.37007874015748100 ) ;
#3069 = LINE ( 'NONE', #1457, #4108 ) ;
#3070 = CARTESIAN_POINT ( 'NONE',  ( 0.7788404885582191900, 0.2886751345948362400, 2.714133640958143600E-014 ) ) ;
#3071 = B_SPLINE_CURVE_WITH_KNOTS ( 'NONE', 3,
 ( #2998, #3023, #3107, #3129 ),
 .UNSPECIFIED., .F., .F.,
 ( 4, 4 ),
 ( 1.334933436440423300E-013, 0.003694680973803871000 ),
 .UNSPECIFIED. ) ;
#3072 = CARTESIAN_POINT ( 'NONE',  ( -0.6311768232580999800, 0.001682978159880000000, 0.06285262297221000400 ) ) ;
#3073 = CARTESIAN_POINT ( 'NONE',  ( 0.7968750000008981700, 0.2409381711222836600, 0.08268284613354939800 ) ) ;
#3074 = CARTESIAN_POINT ( 'NONE',  ( 0.2924646468641999800, -0.001178704083536000000, -0.1712200696763999900 ) ) ;
#3075 = ORIENTED_EDGE ( 'NONE', *, *, #4779, .T. ) ;
#3076 = CARTESIAN_POINT ( 'NONE',  ( 0.1220181109965999800, 0.05326113378987999700, -0.1849034954583000100 ) ) ;
#3077 = LINE ( 'NONE', #3646, #1212 ) ;
#3078 = CARTESIAN_POINT ( 'NONE',  ( -0.7810000000000001400, 0.3075000000000000000, 0.2454999999999766000 ) ) ;
#3079 = VECTOR ( 'NONE', #3313, 39.37007874015748900 ) ;
#3080 = CARTESIAN_POINT ( 'NONE',  ( -0.6186326980890999300, 0.01242991354593000000, 0.06624646207907000700 ) ) ;
#3081 = CARTESIAN_POINT ( 'NONE',  ( -0.6785686258411863800, 0.005693917494314275900, 0.05454266999531406200 ) ) ;
#3082 = CARTESIAN_POINT ( 'NONE',  ( 0.7899107369756669400, 0.2649349102518288600, 0.04111927474520022500 ) ) ;
#3083 = CARTESIAN_POINT ( 'NONE',  ( 0.3265000000000000700, 1.738660842498535800E-017, 0.1419724318644788900 ) ) ;
#3084 = LINE ( 'NONE', #3328, #3068 ) ;
#3085 = CARTESIAN_POINT ( 'NONE',  ( -0.6142799136866999900, 0.02258742340747000400, 0.06812678468911000100 ) ) ;
#3086 = CARTESIAN_POINT ( 'NONE',  ( -1.044524830354231800, -0.2043538597628750100, 0.1491995308303250300 ) ) ;
#3087 = EDGE_CURVE ( 'NONE', #5674, #441, #4498, .T. ) ;
#3088 = CARTESIAN_POINT ( 'NONE',  ( 0.2942188374179000000, 0.05803804326150000000, -0.1610878148564999800 ) ) ;
#3089 = CIRCLE ( 'NONE', #1519, 0.08500000000161785100 ) ;
#3090 = CARTESIAN_POINT ( 'NONE',  ( 0.7343750000000361900, -5.405964355899918200E-014, 1.707404996040151000E-017 ) ) ;
#3091 = VERTEX_POINT ( 'NONE', #2484 ) ;
#3092 = VERTEX_POINT ( 'NONE', #3438 ) ;
#3093 = DIRECTION ( 'NONE',  ( 0.7071067811947181500, 0.0000000000000000000, -0.7071067811783766600 ) ) ;
#3094 = CARTESIAN_POINT ( 'NONE',  ( -0.6133446287502000200, 0.02790757235993000100, 0.06887582759686999800 ) ) ;
#3095 = CARTESIAN_POINT ( 'NONE',  ( -0.6597219458047181000, 0.006384859468911643600, -0.01300562500559270100 ) ) ;
#3096 = CARTESIAN_POINT ( 'NONE',  ( 0.2959730279714999900, 0.1101097442258000000, -0.1311241387495999900 ) ) ;
#3097 = CARTESIAN_POINT ( 'NONE',  ( 0.1464730931360999900, -0.1702203671238000100, -0.08972748023679999500 ) ) ;
#3098 = DIRECTION ( 'NONE',  ( 0.3907311284902658700, 0.9205048534520191600, 0.0000000000000000000 ) ) ;
#3099 = ORIENTED_EDGE ( 'NONE', *, *, #2444, .F. ) ;
#3100 = ORIENTED_EDGE ( 'NONE', *, *, #2189, .F. ) ;
#3101 = DIRECTION ( 'NONE',  ( 0.0000000000000000000, -1.000000000000000000, 0.0000000000000000000 ) ) ;
#3102 = DIRECTION ( 'NONE',  ( 1.000000000000000000, 0.0000000000000000000, 0.0000000000000000000 ) ) ;
#3103 = CARTESIAN_POINT ( 'NONE',  ( -0.6652643492658998300, -0.002981857380183999800, 0.05679940877225999500 ) ) ;
#3104 = DIRECTION ( 'NONE',  ( 1.000000000000000000, 0.0000000000000000000, 0.0000000000000000000 ) ) ;
#3105 = ORIENTED_EDGE ( 'NONE', *, *, #5444, .F. ) ;
#3106 = EDGE_LOOP ( 'NONE', ( #2744, #869, #1086, #354 ) ) ;
#3107 = CARTESIAN_POINT ( 'NONE',  ( 0.7100892630247210800, 0.2649349102526859000, -0.04111927474371570400 ) ) ;
#3108 = DIRECTION ( 'NONE',  ( 1.000000000000000000, -3.756177236531380100E-014, 3.756177236531211600E-014 ) ) ;
#3109 = ORIENTED_EDGE ( 'NONE', *, *, #445, .F. ) ;
#3110 = PLANE ( 'NONE',  #1120 ) ;
#3111 = CARTESIAN_POINT ( 'NONE',  ( 0.2977272185250999800, 0.1486258906904000000, -0.08501786369126000700 ) ) ;
#3112 = ORIENTED_EDGE ( 'NONE', *, *, #2094, .T. ) ;
#3113 = LINE ( 'NONE', #3376, #3119 ) ;
#3114 = DIRECTION ( 'NONE',  ( 0.0000000000000000000, 0.0000000000000000000, -1.000000000000000000 ) ) ;
#3115 = CARTESIAN_POINT ( 'NONE',  ( 0.7968750000000000000, -4.976481891402406700E-014, -0.1724999999999291500 ) ) ;
#3116 = CARTESIAN_POINT ( 'NONE',  ( -0.6596005074981999800, -0.005625923680195999900, 0.05768604460206999700 ) ) ;
#3117 = DIRECTION ( 'NONE',  ( 0.3907311284891226100, 0.9205048534525045500, -3.460223342576345200E-013 ) ) ;
#3118 = EDGE_CURVE ( 'NONE', #1842, #3744, #4584, .T. ) ;
#3119 = VECTOR ( 'NONE', #3331, 39.37007874015748900 ) ;
#3120 = CARTESIAN_POINT ( 'NONE',  ( 0.2994814090787000200, 0.1688447960568000000, -0.02844511183185000100 ) ) ;
#3121 = B_SPLINE_CURVE_WITH_KNOTS ( 'NONE', 3,
 ( #593, #432, #816, #833, #841, #864, #874, #881, #901, #990, #1008, #1014, #1036, #1058, #1066, #1083, #1100, #1116, #1130, #1142, #1156, #1166, #1181 ),
 .UNSPECIFIED., .F., .F.,
 ( 4, 2, 2, 2, 2, 2, 1, 1, 1, 2, 2, 2, 4 ),
 ( 0.0000000000000000000, 0.1250000000000094600, 0.2500000000000189300, 0.3750000000000282600, 0.4375000000000330300, 0.4687500000000353600, 0.4843750000000367500, 0.4921875000000375300, 0.4960937500000379700, 0.4980468750000378000, 0.5000000000000376400, 0.7500000000000187600, 1.000000000000000000 ),
 .UNSPECIFIED. ) ;
#3122 = LINE ( 'NONE', #3645, #3172 ) ;
#3123 = CARTESIAN_POINT ( 'NONE',  ( 0.1709280752755999700, -0.1224428479141000000, 0.1484374712053999900 ) ) ;
#3124 = CARTESIAN_POINT ( 'NONE',  ( 0.3947169712252000000, 2.134231029990791500E-016, -3.994900839484974600E-014 ) ) ;
#3125 = LINE ( 'NONE', #1285, #1443 ) ;
#3126 = CARTESIAN_POINT ( 'NONE',  ( -0.6470642629470999600, -0.008255093155321999900, 0.05964266606695999700 ) ) ;
#3127 = CIRCLE ( 'NONE', #142, 0.06200000000006851400 ) ;
#3128 = CARTESIAN_POINT ( 'NONE',  ( 0.2852980785231880000, 0.1853151442818568900, 0.03492213855046680200 ) ) ;
#3129 = CARTESIAN_POINT ( 'NONE',  ( 0.7211595114417742600, 0.2886751345948361200, 3.195979788088966700E-015 ) ) ;
#3130 = CARTESIAN_POINT ( 'NONE',  ( -0.6711463195908992100, 0.01123421843210418300, 0.02217749680794499000 ) ) ;
#3131 = CLOSED_SHELL ( 'NONE', ( #4128, #1119, #5498, #2916, #898, #4645, #4220, #1025 ) ) ;
#3132 = CARTESIAN_POINT ( 'NONE',  ( 0.3012355996323000100, 0.1682773381263000000, 0.03162948067851000000 ) ) ;
#3133 = CIRCLE ( 'NONE', #504, 0.2500000000000079900 ) ;
#3134 = CARTESIAN_POINT ( 'NONE',  ( 0.1000000000000000100, -6.428111140775616900E-014, 0.1874999999999695200 ) ) ;
#3135 = CARTESIAN_POINT ( 'NONE',  ( -0.6284849488878000400, -0.003488064393548999700, 0.06285262297221000400 ) ) ;
#3136 = FACE_OUTER_BOUND ( 'NONE', #2878, .T. ) ;
#3137 = CARTESIAN_POINT ( 'NONE',  ( -0.6394523955772951600, -0.01132474034776485300, 0.06090450704920473400 ) ) ;
#3138 = EDGE_CURVE ( 'NONE', #2693, #6364, #4534, .T. ) ;
#3140 = VERTEX_POINT ( 'NONE', #2351 ) ;
#3139 = CARTESIAN_POINT ( 'NONE',  ( 0.3029897901859000000, 0.1469933896497999900, 0.08781017608754999900 ) ) ;
#3141 = CARTESIAN_POINT ( 'NONE',  ( -0.6139233707843000400, 0.008996963330533000500, 0.06606257987746000400 ) ) ;
#3142 = CIRCLE ( 'NONE', #2490, 0.1272500000000276700 ) ;
#3143 = CARTESIAN_POINT ( 'NONE',  ( 0.1953830574151000100, 0.1204667677962000000, 0.1500454253924000100 ) ) ;
#3144 = DIRECTION ( 'NONE',  ( 1.000000000000000000, -0.0000000000000000000, -0.0000000000000000000 ) ) ;
#3145 = EDGE_LOOP ( 'NONE', ( #6224, #5743, #6315, #501, #5534 ) ) ;
#3146 = CARTESIAN_POINT ( 'NONE',  ( 0.7968750000000000000, 0.2600000000000000100, 0.2600000000000000100 ) ) ;
#3147 = CARTESIAN_POINT ( 'NONE',  ( -0.6088865658598999800, 0.02077408334029999900, 0.06801920134236000300 ) ) ;
#3148 = EDGE_CURVE ( 'NONE', #2771, #1709, #883, .T. ) ;
#3149 = CARTESIAN_POINT ( 'NONE',  ( -0.7810000000000001400, 0.1910000000000000000, 0.2707499999999999900 ) ) ;
#3150 = CIRCLE ( 'NONE', #966, 0.03900000000005458800 ) ;
#3151 = CARTESIAN_POINT ( 'NONE',  ( 0.1438381630695654600, -0.1882646698407484400, -0.003346820798055653200 ) ) ;
#3152 = CARTESIAN_POINT ( 'NONE',  ( -0.6078038119976000300, 0.02693020502870999800, 0.06890583717216999800 ) ) ;
#3153 = DIRECTION ( 'NONE',  ( -1.000000000000000000, 0.0000000000000000000, 0.0000000000000000000 ) ) ;
#3154 = CARTESIAN_POINT ( 'NONE',  ( 0.3047439807394999900, 0.1076132128654999900, 0.1331806183894000100 ) ) ;
#3155 = B_SPLINE_CURVE_WITH_KNOTS ( 'NONE', 3,
 ( #1249, #804, #1298, #1309 ),
 .UNSPECIFIED., .F., .F.,
 ( 4, 4 ),
 ( 1.170167104082255900E-016, 0.003694680973267752100 ),
 .UNSPECIFIED. ) ;
#3156 = DIRECTION ( 'NONE',  ( 2.731847993689610700E-014, 0.0000000000000000000, -1.000000000000000000 ) ) ;
#3157 = EDGE_LOOP ( 'NONE', ( #6411, #6295, #382, #459 ) ) ;
#3158 = CARTESIAN_POINT ( 'NONE',  ( 0.1770249218858999900, 0.1455408783882000100, -0.1035960326769000000 ) ) ;
#3159 = CARTESIAN_POINT ( 'NONE',  ( 0.1447653220335134400, -0.1844231142326985000, -0.03800998502035078700 ) ) ;
#3160 = CARTESIAN_POINT ( 'NONE',  ( -0.6676406305592999000, -0.008081777713978999200, 0.05676939919696000200 ) ) ;
#3161 = CARTESIAN_POINT ( 'NONE',  ( 0.7211595114417849200, -0.1443375672974164000, -0.2500000000000103800 ) ) ;
#3162 = CARTESIAN_POINT ( 'NONE',  ( 0.3064981712930999700, 0.05498487777865999900, 0.1621552990619999900 ) ) ;
#3163 = CARTESIAN_POINT ( 'NONE',  ( 0.2198380395545999900, 0.1713872875814999900, -0.08747689490728000100 ) ) ;
#3164 = LINE ( 'NONE', #3810, #3224 ) ;
#3165 = DIRECTION ( 'NONE',  ( 1.000000000000000000, -3.756177236531211600E-014, 3.756177236531380100E-014 ) ) ;
#3166 = EDGE_CURVE ( 'NONE', #5674, #2796, #4589, .T. ) ;
#3167 = B_SPLINE_SURFACE_WITH_KNOTS ( 'NONE', 3, 3, ( 
 ( #1552, #1616, #1633, #1642, #1655, #1665, #1676, #1685, #1692, #1706, #1714, #1734, #1745, #1760, #1767, #1778, #1788, #1797, #1836, #1851, #1865, #1883, #1900, #1907, #1924, #1932, #1950, #1964, #1972, #1992, #2005, #2014, #2022, #2036, #2042, #2053, #2060, #2065, #2078, #2088, #2102, #2109, #2117, #2125, #2141, #2148, #2164, #2182, #2194, #2200, #2215, #2225, #2241, #2250, #2263, #2282, #2299, #2315, #2324, #2338, #2357, #2370, #2393, #2402, #2413, #2423, #2440, #2451, #2466, #2477, #2487, #2498, #2515, #2523, #2529, #2543, #2551, #2562, #2572, #2586, #2606, #2612, #2623, #2639, #2650, #2657, #2668, #2679, #2688, #2705, #2717, #2731, #2749, #2759, #2783, #2795, #2813, #2829, #2852, #2863, #2876, #2885, #2900, #2906, #2924, #2940, #2952, #2966, #2976, #2991, #3044, #3054, #3066, #3074, #3088, #3096, #3111, #3120, #3132, #3139, #3154, #3162, #3176, #3187, #3201, #3208, #3247, #3253, #3267, #3274, #3287 ),
 ( #3297, #3314, #3322, #3333, #3343, #3360, #3377, #3383, #3398, #3406, #3414, #3456, #3466, #3473, #3484, #3501, #3522, #3537, #3547, #3554, #3565, #3579, #3597, #3605, #3617, #3626, #3638, #3669, #3685, #3695, #3705, #3715, #3729, #3736, #3756, #3765, #3776, #3791, #3799, #3812, #3830, #3838, #3861, #3898, #3908, #3916, #3925, #3933, #3946, #3953, #3965, #3978, #3989, #3998, #4006, #4041, #4061, #4071, #4086, #4122, #4134, #4139, #4151, #4157, #4165, #4175, #4184, #4196, #4203, #4216, #4224, #4238, #4254, #4261, #4273, #4318, #4325, #4337, #4352, #4363, #4368, #4381, #4391, #4402, #4410, #4417, #4429, #4438, #4449, #4458, #4467, #4512, #4530, #4542, #4554, #4563, #4574, #4580, #4593, #4600, #4612, #4619, #4632, #4658, #4672, #4680, #4687, #4693, #4701, #4717, #4724, #4732, #4741, #4749, #4764, #4778, #4793, #4805, #4823, #4834, #4848, #4857, #4864, #4869, #4877, #4885, #4897, #4932, #4944, #4950, #4961 ),
 ( #4970, #4982, #4992, #5005, #5014, #5027, #5035, #5051, #5075, #5083, #5094, #5104, #5109, #5122, #5128, #5138, #5148, #5158, #5169, #5177, #5198, #5212, #5220, #5235, #5243, #5251, #5263, #5272, #5281, #5287, #5301, #5309, #5397, #5411, #5420, #5433, #5448, #5485, #5500, #5511, #5527, #5861, #5874, #5886, #5904, #5914, #5924, #5934, #5947, #5956, #5968, #5980, #5995, #6008, #6019, #6034, #6045, #6064, #6079, #6092, #6101, #6111, #6121, #6137, #6152, #6160, #6172, #6181, #6192, #6199, #6211, #6226, #6235, #6258, #6265, #6274, #6283, #6292, #6306, #6314, #6325, #6331, #6343, #6469, #6475, #6487, #6495, #6506, #6517, #4116, #4494, #3020, #1670, #6068, #827, #561, #2155, #1095, #3888, #2350, #253, #1994, #1377, #2378, #2567, #2767, #4766, #3449, #3660, #4342, #3231, #4301, #5056, #6516, #6513, #6501, #6493, #6486, #6482, #6474, #6468, #6464, #6451, #6439, #6429, #6414, #6408, #6394, #6375, #6373, #6361 ),
 ( #6349, #6338, #6329, #6320, #6308, #6299, #6282, #6281, #6268, #6259, #6252, #6240, #6219, #6210, #6195, #6187, #6183, #6173, #6167, #6155, #6145, #6141, #6130, #6120, #6116, #6106, #6099, #6087, #6078, #6074, #6065, #6058, #6053, #6041, #6033, #6021, #6012, #6002, #5994, #5992, #5979, #5967, #5963, #5954, #5946, #5933, #5925, #5913, #5902, #5887, #5875, #5846, #5831, #5821, #5817, #5806, #5795, #5781, #5762, #5760, #5748, #5735, #5728, #5715, #5702, #5691, #5684, #5673, #5662, #5648, #5641, #5636, #5626, #5618, #5605, #5598, #5594, #5584, #5578, #5573, #5561, #5552, #5538, #5526, #5522, #5512, #5505, #5491, #5484, #5474, #5464, #5463, #5451, #5440, #5436, #5419, #5410, #5398, #5384, #5374, #5362, #5353, #5343, #5323, #5319, #5308, #5296, #5286, #5279, #5264, #5255, #5242, #5233, #5229, #5213, #5192, #5184, #5181, #5170, #5162, #5147, #5137, #5132, #5123, #5114, #5102, #5093, #5089, #5076, #5068, #5062 ) ),
 .UNSPECIFIED., .F., .F., .F.,
 ( 4, 4 ),
 ( 4, 1, 1, 1, 1, 1, 1, 1, 1, 1, 1, 1, 1, 1, 1, 1, 1, 1, 1, 1, 1, 1, 1, 1, 1, 1, 1, 1, 1, 1, 1, 1, 1, 1, 1, 1, 1, 1, 1, 1, 1, 1, 1, 1, 1, 1, 1, 1, 1, 1, 1, 1, 1, 1, 1, 1, 1, 1, 1, 1, 1, 1, 1, 1, 1, 1, 1, 1, 1, 1, 1, 1, 1, 1, 1, 1, 1, 1, 1, 1, 1, 1, 1, 1, 1, 1, 1, 1, 1, 1, 1, 1, 1, 1, 1, 1, 1, 1, 1, 1, 1, 1, 1, 1, 1, 1, 1, 1, 1, 1, 1, 1, 1, 1, 1, 1, 1, 1, 1, 1, 1, 1, 1, 1, 1, 1, 1, 1, 4 ),
 ( -0.02002430172450999800, 1.020000476504000100 ),
 ( 0.02537569256453000100, 0.02845998364779000000, 0.03154427473105000200, 0.03462856581431000100, 0.03771285689757000000, 0.04079714798082999900, 0.04388143906408999800, 0.04696573014734999700, 0.05005002123061000300, 0.05313431231387000200, 0.05621860339713000100, 0.05930289448039000000, 0.06238718556364999900, 0.06547147664690999800, 0.06855576773016999700, 0.07164005881342999600, 0.07472434989668999500, 0.07780864097994999500, 0.08089293206320999400, 0.08397722314647000600, 0.08706151422973000500, 0.09014580531299000400, 0.09323009639625000300, 0.09631438747951000200, 0.09939867856277000100, 0.1024829696460000000, 0.1055672607293000100, 0.1086515518125000000, 0.1117358428958000100, 0.1148201339791000000, 0.1179044250623000100, 0.1209887161456000000, 0.1240730072288000100, 0.1271572983120999900, 0.1302415893954000100, 0.1333258804786000000, 0.1364101715619000000, 0.1394944626450999900, 0.1425787537284000100, 0.1456630448117000000, 0.1487473358949000000, 0.1518316269781999900, 0.1549159180614000100, 0.1580002091447000000, 0.1610845002280000000, 0.1641687913111999900, 0.1672530823945000100, 0.1703373734777000000, 0.1734216645610000000, 0.1765059556442999900, 0.1795902467275000100, 0.1826745378108000100, 0.1857588288940000000, 0.1888431199772999900, 0.1919274110605999900, 0.1950117021438000100, 0.1980959932271000000, 0.2011802843102999900, 0.2042645753935999900, 0.2073488664769000100, 0.2104331575601000000, 0.2135174486434000000, 0.2166017397265999900, 0.2196860308099000100, 0.2227703218932000100, 0.2258546129764000000, 0.2289389040596999900, 0.2320231951429000100, 0.2351074862262000100, 0.2381917773095000000, 0.2412760683926999900, 0.2443603594759999900, 0.2474446505592000100, 0.2505289416425000000, 0.2536132327258000000, 0.2566975238090000200, 0.2597818148923000100, 0.2628661059754999800, 0.2659503970588000300, 0.2690346881421000200, 0.2721189792252999800, 0.2752032703085999800, 0.2782875613918000000, 0.2813718524750999900, 0.2844561435583000100, 0.2875404346416000100, 0.2906247257249000000, 0.2937090168081000200, 0.2967933078914000200, 0.2998775989745999800, 0.3029618900578999700, 0.3060461811412000200, 0.3091304722243999900, 0.3122147633076999800, 0.3152990543909000000, 0.3183833454742000000, 0.3214676365574999900, 0.3245519276407000100, 0.3276362187240000100, 0.3307205098072000200, 0.3338048008905000200, 0.3368890919738000100, 0.3399733830569999800, 0.3430576741402999700, 0.3461419652234999900, 0.3492262563067999900, 0.3523105473900999800, 0.3553948384733000000, 0.3584791295566000000, 0.3615634206398000100, 0.3646477117231000100, 0.3677320028064000000, 0.3708162938896000200, 0.3739005849729000200, 0.3769848760560999800, 0.3800691671393999800, 0.3831534582227000300, 0.3862377493058999900, 0.3893220403891999900, 0.3924063314724000100, 0.3954906225557000000, 0.3985749136389999900, 0.4016592047222000100, 0.4047434958055000100, 0.4078277868886999700, 0.4109120779720000200, 0.4139963690553000200, 0.4170806601384999800, 0.4201649512217999800 ),
 .UNSPECIFIED. ) ;
#3168 = CARTESIAN_POINT ( 'NONE',  ( 0.1452528603356675100, -0.1799573881316979300, -0.05602507499830692400 ) ) ;
#3169 = CARTESIAN_POINT ( 'NONE',  ( -0.7810000000000002500, 0.3075000000000000000, -0.1999999999999823000 ) ) ;
#3170 = CARTESIAN_POINT ( 'NONE',  ( -0.6612127792911000100, -0.01108181856084000000, 0.05779362794882000200 ) ) ;
#3171 = ORIENTED_EDGE ( 'NONE', *, *, #3453, .T. ) ;
#3172 = VECTOR ( 'NONE', #3656, 39.37007874015748100 ) ;
#3173 = CARTESIAN_POINT ( 'NONE',  ( -0.8939999999999999100, 0.05800000000000000300, 0.2446000000000000100 ) ) ;
#3174 = CARTESIAN_POINT ( 'NONE',  ( -0.7810000000000001400, -0.2390000000000057900, -0.3025000000000178700 ) ) ;
#3175 = CARTESIAN_POINT ( 'NONE',  ( 0.1462758545803371200, -0.1647756274884154000, -0.09149544265186038100 ) ) ;
#3176 = CARTESIAN_POINT ( 'NONE',  ( 0.3082523618467000200, -0.004412581252266000200, 0.1711671813359000000 ) ) ;
#3177 = ORIENTED_EDGE ( 'NONE', *, *, #4050, .T. ) ;
#3178 = ORIENTED_EDGE ( 'NONE', *, *, #388, .F. ) ;
#3179 = CARTESIAN_POINT ( 'NONE',  ( -0.7308000000000000100, 0.01200000000000000000, 0.2609395347128000100 ) ) ;
#3180 = CARTESIAN_POINT ( 'NONE',  ( -0.6469617860159999600, -0.01408252346488000000, 0.05982654826857000000 ) ) ;
#3181 = CARTESIAN_POINT ( 'NONE',  ( 0.1984338297757837500, 9.018309094250816200E-008, -0.1680981337563035300 ) ) ;
#3182 = CARTESIAN_POINT ( 'NONE',  ( 0.2014799040254000000, -0.07187145286905000100, -0.1635503767654999900 ) ) ;
#3183 = CARTESIAN_POINT ( 'NONE',  ( -0.6257923179451000400, -0.008660560308926999700, 0.06285262297221000400 ) ) ;
#3184 = CARTESIAN_POINT ( 'NONE',  ( 0.1468113105228523200, -0.1540514900501454300, -0.1089434241442165400 ) ) ;
#3185 = ORIENTED_EDGE ( 'NONE', *, *, #517, .F. ) ;
#3186 = LINE ( 'NONE', #4066, #3214 ) ;
#3187 = CARTESIAN_POINT ( 'NONE',  ( 0.3100065524003000100, -0.06326679786347999500, 0.1591068340717000100 ) ) ;
#3188 = CARTESIAN_POINT ( 'NONE',  ( 0.2442930216942000000, -0.05084440631291999700, -0.1855817736411999900 ) ) ;
#3189 = CARTESIAN_POINT ( 'NONE',  ( 0.7812500000000008900, -1.184094030675752500E-013, 0.1875000000000053000 ) ) ;
#3190 = CARTESIAN_POINT ( 'NONE',  ( -0.5880500737229971100, 0.1204381069984515600, -0.03869029925298219500 ) ) ;
#3191 = ORIENTED_EDGE ( 'NONE', *, *, #1479, .T. ) ;
#3192 = CIRCLE ( 'NONE', #175, 0.1724999999999448600 ) ;
#3193 = PLANE ( 'NONE',  #1165 ) ;
#3194 = DIRECTION ( 'NONE',  ( 0.0000000000000000000, 0.7071067811865472400, 0.7071067811865476800 ) ) ;
#3195 = CARTESIAN_POINT ( 'NONE',  ( -0.6092085976862999800, 0.005570542432810000000, 0.06587869767586000700 ) ) ;
#3196 = ORIENTED_EDGE ( 'NONE', *, *, #1545, .T. ) ;
#3197 = ORIENTED_EDGE ( 'NONE', *, *, #2156, .T. ) ;
#3198 = EDGE_LOOP ( 'NONE', ( #3934, #6242, #6519 ) ) ;
#3199 = CARTESIAN_POINT ( 'NONE',  ( 0.1476504326668962000, -0.1329477405947698000, -0.1326213062682602400 ) ) ;
#3200 = CARTESIAN_POINT ( 'NONE',  ( -0.6030052107517454000, 0.02443606040884082100, 0.06869962017146885600 ) ) ;
#3201 = CARTESIAN_POINT ( 'NONE',  ( 0.3117607429538999900, -0.1143322820028999900, 0.1274590016538000000 ) ) ;
#3202 = DIRECTION ( 'NONE',  ( -0.0000000000000000000, -1.000000000000000000, -0.0000000000000000000 ) ) ;
#3203 = DIRECTION ( 'NONE',  ( 1.000000000000000000, -3.756177236531211600E-014, 3.756177236531380100E-014 ) ) ;
#3204 = CARTESIAN_POINT ( 'NONE',  ( -0.7809999999999999200, -0.3025000000000355200, -0.1959999999999646700 ) ) ;
#3205 = CARTESIAN_POINT ( 'NONE',  ( 0.2259348861648999800, -0.1747389768152000100, 0.03715465397590000200 ) ) ;
#3206 = EDGE_LOOP ( 'NONE', ( #6514, #4106, #3745, #101, #4470, #295, #241 ) ) ;
#3207 = CARTESIAN_POINT ( 'NONE',  ( 0.1479361297532893200, -0.1250918259449433100, -0.1400978331987966200 ) ) ;
#3208 = CARTESIAN_POINT ( 'NONE',  ( 0.3135149335074999800, -0.1513224436624000000, 0.08011984528800998600 ) ) ;
#3209 = DIRECTION ( 'NONE',  ( 1.000000000000000000, 0.0000000000000000000, 0.0000000000000000000 ) ) ;
#3210 = EDGE_CURVE ( 'NONE', #1225, #567, #4601, .T. ) ;
#3211 = CARTESIAN_POINT ( 'NONE',  ( -0.6034925973056000100, 0.01896540633267000000, 0.06791161799561000500 ) ) ;
#3212 = CARTESIAN_POINT ( 'NONE',  ( 0.2687480038337000100, -0.1920400088230000400, 0.01209648575078000000 ) ) ;
#3213 = CARTESIAN_POINT ( 'NONE',  ( 0.1000000000000000200, -0.1294089737244407700, -0.1085897337058721600 ) ) ;
#3214 = VECTOR ( 'NONE', #3570, 39.37007874015748100 ) ;
#3215 = DIRECTION ( 'NONE',  ( -1.000000000000000000, -0.0000000000000000000, -0.0000000000000000000 ) ) ;
#3216 = CARTESIAN_POINT ( 'NONE',  ( 0.1483736599404466800, -0.1121226755402811300, -0.1503837978972680800 ) ) ;
#3217 = CARTESIAN_POINT ( 'NONE',  ( -0.6022632228744000400, 0.02595154657729999800, 0.06893584674746999800 ) ) ;
#3218 = CIRCLE ( 'NONE', #3310, 0.1579999999999803000 ) ;
#3219 = CARTESIAN_POINT ( 'NONE',  ( -1.039524830354386000, 0.05799999999991015800, 0.2605000000000000100 ) ) ;
#3220 = FACE_BOUND ( 'NONE', #5878, .T. ) ;
#3221 = CARTESIAN_POINT ( 'NONE',  ( 0.1485210007624270500, -0.1076019550256706600, -0.1536564023757442700 ) ) ;
#3222 = DIRECTION ( 'NONE',  ( 0.0000000000000000000, 0.0000000000000000000, -1.000000000000000000 ) ) ;
#3223 = DIRECTION ( 'NONE',  ( 1.000000000000000000, 0.0000000000000000000, 0.0000000000000000000 ) ) ;
#3224 = VECTOR ( 'NONE', #3209, 39.37007874015748100 ) ;
#3225 = CARTESIAN_POINT ( 'NONE',  ( 0.2503898683044000200, 0.0008929530627417000100, 0.1786430232705999700 ) ) ;
#3226 = EDGE_CURVE ( 'NONE', #6000, #1053, #4510, .T. ) ;
#3227 = FACE_OUTER_BOUND ( 'NONE', #884, .T. ) ;
#3228 = CARTESIAN_POINT ( 'NONE',  ( 0.7343750000000361900, -5.405964355899918200E-014, 1.707404996040151000E-017 ) ) ;
#3229 = CARTESIAN_POINT ( 'NONE',  ( 0.7968750000000000000, -1.089324387473624900E-013, -5.543944022142414500E-014 ) ) ;
#3230 = CARTESIAN_POINT ( 'NONE',  ( 0.1487442581347896100, -0.1005369333152967300, -0.1582924017366525700 ) ) ;
#3231 = CARTESIAN_POINT ( 'NONE',  ( 0.2763684837636000100, -0.1617954164813000000, -0.08961743630306999400 ) ) ;
#3232 = LINE ( 'NONE', #3507, #3342 ) ;
#3233 = CARTESIAN_POINT ( 'NONE',  ( 0.2932029859731999900, -0.02715249554466000000, 0.1904950859423000000 ) ) ;
#3234 = PLANE ( 'NONE',  #3022 ) ;
#3235 = CYLINDRICAL_SURFACE ( 'NONE', #2471, 0.03900000000005458800 ) ;
#3236 = CARTESIAN_POINT ( 'NONE',  ( 0.7784797983293999500, 1.340152852673150400E-014, 1.837850737737633100E-013 ) ) ;
#3237 = LINE ( 'NONE', #3238, #3249 ) ;
#3238 = CARTESIAN_POINT ( 'NONE',  ( -0.7810000000000001400, 0.1950000000000000100, -0.2605000000000000100 ) ) ;
#3239 = CARTESIAN_POINT ( 'NONE',  ( 0.7788404885582130800, 0.1443375672974409900, -0.2500000000000122700 ) ) ;
#3240 = EDGE_CURVE ( 'NONE', #1918, #729, #4611, .T. ) ;
#3241 = CARTESIAN_POINT ( 'NONE',  ( 0.1665661702500039500, -0.02073960060107833000, -0.1680955342171899800 ) ) ;
#3242 = LINE ( 'NONE', #1566, #2687 ) ;
#3243 = B_SPLINE_CURVE_WITH_KNOTS ( 'NONE', 3,
 ( #655, #645, #626, #625, #615, #609, #599, #594, #580, #578, #572, #549, #534, #531 ),
 .UNSPECIFIED., .F., .F.,
 ( 4, 2, 2, 2, 2, 2, 4 ),
 ( 0.0000000000000000000, 0.0002588071137940316600, 0.0005176142275880633100, 0.001035228455176126600, 0.001294035568970158300, 0.001552842682764190000, 0.002070456910352252800 ),
 .UNSPECIFIED. ) ;
#3244 = CARTESIAN_POINT ( 'NONE',  ( 0.1488564483558188500, -0.09693371784754960300, -0.1605424570675768600 ) ) ;
#3245 = CARTESIAN_POINT ( 'NONE',  ( -0.7074985263545902100, 0.009283048678462933700, 0.02217749680796526200 ) ) ;
#3246 = VERTEX_POINT ( 'NONE', #1910 ) ;
#3247 = CARTESIAN_POINT ( 'NONE',  ( 0.3152691240611000300, -0.1696833800294000000, 0.02291717719788000100 ) ) ;
#3248 = CARTESIAN_POINT ( 'NONE',  ( 0.2748448504439999800, 0.1751020147120999900, 0.03540287582341000000 ) ) ;
#3249 = VECTOR ( 'NONE', #3194, 39.37007874015748900 ) ;
#3250 = CARTESIAN_POINT ( 'NONE',  ( 0.1489883196330037100, -0.09261040837243937600, -0.1630409322300024100 ) ) ;
#3251 = DIRECTION ( 'NONE',  ( -2.731847993689573100E-014, 1.000000000000000000, 0.0000000000000000000 ) ) ;
#3252 = DIRECTION ( 'NONE',  ( 1.000000000000000000, 1.208301832579958100E-015, 1.286710762164370900E-015 ) ) ;
#3253 = CARTESIAN_POINT ( 'NONE',  ( 0.3170233146147000100, -0.1671550471757000100, -0.03710658293436999700 ) ) ;
#3254 = CARTESIAN_POINT ( 'NONE',  ( 0.3176579681126999700, 0.1810129284917999800, 0.06526796355290999400 ) ) ;
#3255 = CARTESIAN_POINT ( 'NONE',  ( 0.1000000000000000700, 0.07034971394662362100, -0.1622212842918848700 ) ) ;
#3256 = ORIENTED_EDGE ( 'NONE', *, *, #3539, .T. ) ;
#3257 = LINE ( 'NONE', #3875, #3271 ) ;
#3258 = CARTESIAN_POINT ( 'NONE',  ( -0.7819399999999997500, 0.3025000000000353500, 0.2439999999999647200 ) ) ;
#3259 = CARTESIAN_POINT ( 'NONE',  ( 0.1490545009430920300, -0.09041943094716457800, -0.1642575335648350500 ) ) ;
#3260 = ADVANCED_FACE ( 'NONE', ( #4630 ), #1834, .T. ) ;
#3261 = DIRECTION ( 'NONE',  ( 1.000000000000000000, 3.756177236531334700E-014, -3.756177236531292400E-014 ) ) ;
#3262 = CARTESIAN_POINT ( 'NONE',  ( 0.2473504801065200000, 0.07487997602248100400, -0.1718959435890266600 ) ) ;
#3263 = ORIENTED_EDGE ( 'NONE', *, *, #1524, .F. ) ;
#3264 = ORIENTED_EDGE ( 'NONE', *, *, #4787, .T. ) ;
#3265 = DIRECTION ( 'NONE',  ( 1.583679996327615400E-015, 0.0000000000000000000, -1.000000000000000000 ) ) ;
#3266 = CARTESIAN_POINT ( 'NONE',  ( 0.1490829170055934800, -0.08947421904390831500, -0.1647718340096687200 ) ) ;
#3267 = CARTESIAN_POINT ( 'NONE',  ( 0.3187775051683000000, -0.1440474439884000000, -0.09256293798350999400 ) ) ;
#3268 = DIRECTION ( 'NONE',  ( -2.731847993689573100E-014, 0.0000000000000000000, -1.000000000000000000 ) ) ;
#3269 = CARTESIAN_POINT ( 'NONE',  ( -0.7339999999999998700, -0.2439999999999628900, -0.3025000000000371800 ) ) ;
#3270 = ORIENTED_EDGE ( 'NONE', *, *, #3807, .T. ) ;
#3271 = VECTOR ( 'NONE', #3874, 39.37007874015748100 ) ;
#3272 = CARTESIAN_POINT ( 'NONE',  ( 0.7100892630247210800, -0.2649349102526859000, 0.04111927474371570400 ) ) ;
#3273 = CARTESIAN_POINT ( 'NONE',  ( 0.2992998325835000100, 0.07022128173411999700, -0.1642650521467000100 ) ) ;
#3274 = CARTESIAN_POINT ( 'NONE',  ( 0.3199469655373999900, -0.1168225329247000000, -0.1219350711054000000 ) ) ;
#3275 = CARTESIAN_POINT ( 'NONE',  ( 0.1491018727459037000, -0.08884270219862296100, -0.1651131112404219100 ) ) ;
#3276 = CIRCLE ( 'NONE', #3680, 0.2499999999997205600 ) ;
#3277 = DIRECTION ( 'NONE',  ( -1.000000000000000000, 0.0000000000000000000, 0.0000000000000000000 ) ) ;
#3278 = ORIENTED_EDGE ( 'NONE', *, *, #5277, .T. ) ;
#3279 = ORIENTED_EDGE ( 'NONE', *, *, #3210, .F. ) ;
#3280 = CARTESIAN_POINT ( 'NONE',  ( 0.09089226438882000400, 0.1797418237141000000, -0.03216285963440999900 ) ) ;
#3281 = DIRECTION ( 'NONE',  ( -1.000000000000000000, 3.601780950641121700E-016, 3.382297444915110300E-016 ) ) ;
#3282 = EDGE_CURVE ( 'NONE', #6502, #4573, #4670, .T. ) ;
#3283 = ORIENTED_EDGE ( 'NONE', *, *, #265, .F. ) ;
#3284 = CARTESIAN_POINT ( 'NONE',  ( 0.7211595114417815900, 0.1443375672974181200, 0.2500000000000014400 ) ) ;
#3285 = CARTESIAN_POINT ( 'NONE',  ( 0.1515607012512157900, -1.284915817032589900E-008, 0.1680990885697625200 ) ) ;
#3286 = ORIENTED_EDGE ( 'NONE', *, *, #1750, .F. ) ;
#3287 = CARTESIAN_POINT ( 'NONE',  ( 0.3205316957218999900, -0.1010900721146000000, -0.1338196844922000000 ) ) ;
#3288 = EDGE_LOOP ( 'NONE', ( #1854, #1587, #1547, #4129 ) ) ;
#3289 = CARTESIAN_POINT ( 'NONE',  ( 0.2997307832554977300, -0.1558731500911372800, 0.1010807365258630800 ) ) ;
#3290 = ADVANCED_FACE ( 'NONE', ( #4643 ), #1673, .T. ) ;
#3291 = VECTOR ( 'NONE', #402, 39.37007874015748100 ) ;
#3292 = EDGE_CURVE ( 'NONE', #1186, #82, #4710, .T. ) ;
#3293 = CARTESIAN_POINT ( 'NONE',  ( 0.1491125435092131300, -0.08848658634167870500, -0.1653041004576514000 ) ) ;
#3294 = EDGE_CURVE ( 'NONE', #2208, #6370, #4694, .T. ) ;
#3295 = CARTESIAN_POINT ( 'NONE',  ( -0.9712624151769498900, 0.2444999999999999700, -0.01699999999998999900 ) ) ;
#3296 = EDGE_LOOP ( 'NONE', ( #1858, #4227, #4185, #4509 ) ) ;
#3297 = CARTESIAN_POINT ( 'NONE',  ( 0.09057850914057999400, -0.1694512056988999900, 0.04140726914316000100 ) ) ;
#3298 = DIRECTION ( 'NONE',  ( 2.731847993689610700E-014, 1.000000000000000000, 0.0000000000000000000 ) ) ;
#3299 = ADVANCED_FACE ( 'NONE', ( #4770 ), #4821, .T. ) ;
#3300 = CARTESIAN_POINT ( 'NONE',  ( 0.3237548147230000000, -0.1465835133615000000, -0.1021132513545999900 ) ) ;
#3301 = VERTEX_POINT ( 'NONE', #1538 ) ;
#3302 = LINE ( 'NONE', #3465, #3307 ) ;
#3303 = VECTOR ( 'NONE', #1084, 39.37007874015748900 ) ;
#3304 = EDGE_CURVE ( 'NONE', #1709, #4999, #1812, .T. ) ;
#3305 = CARTESIAN_POINT ( 'NONE',  ( 0.1147201957042000000, -0.01811256645762000100, -0.1846475970374000000 ) ) ;
#3306 = CARTESIAN_POINT ( 'NONE',  ( 0.1000000000000000200, 0.1832899411020339800, 0.02338397145643385900 ) ) ;
#3307 = VECTOR ( 'NONE', #3525, 39.37007874015748100 ) ;
#3308 = DIRECTION ( 'NONE',  ( 0.0000000000000000000, 0.0000000000000000000, 1.000000000000000000 ) ) ;
#3309 = DIRECTION ( 'NONE',  ( 1.000000000000000000, 0.0000000000000000000, 0.0000000000000000000 ) ) ;
#3310 = AXIS2_PLACEMENT_3D ( 'NONE', #4033, #3887, #4018 ) ;
#3311 = CARTESIAN_POINT ( 'NONE',  ( 0.2227385493009125500, 0.1846463285409080400, 0.03258667895001372800 ) ) ;
#3312 = ORIENTED_EDGE ( 'NONE', *, *, #1960, .T. ) ;
#3313 = DIRECTION ( 'NONE',  ( 0.0000000000000000000, -0.7071067811865474600, -0.7071067811865474600 ) ) ;
#3314 = CARTESIAN_POINT ( 'NONE',  ( 0.09116323932511999400, -0.1743195135932000000, 0.02148466316685999900 ) ) ;
#3315 = DIRECTION ( 'NONE',  ( -1.000000000000000000, 0.0000000000000000000, 0.0000000000000000000 ) ) ;
#3316 =( NAMED_UNIT ( * ) SI_UNIT ( $, .STERADIAN. ) SOLID_ANGLE_UNIT ( ) );
#3317 = LINE ( 'NONE', #4027, #3402 ) ;
#3318 = CARTESIAN_POINT ( 'NONE',  ( 0.09636206017499998600, -0.1716214925393000100, 0.006856496328572999700 ) ) ;
#3319 = B_SPLINE_CURVE_WITH_KNOTS ( 'NONE', 3,
 ( #2890, #854, #1261, #4802 ),
 .UNSPECIFIED., .F., .F.,
 ( 4, 4 ),
 ( 3.476216610979977100E-017, 0.003694680973804416500 ),
 .UNSPECIFIED. ) ;
#3320 = CARTESIAN_POINT ( 'NONE',  ( -0.7339999999999999900, 0.2605000000000000600, -0.1949999999999999800 ) ) ;
#3321 = ADVANCED_FACE ( 'NONE', ( #4801 ), #4851, .F. ) ;
#3322 = CARTESIAN_POINT ( 'NONE',  ( 0.09233269969417999500, -0.1769545223457000000, -0.02008950500246000200 ) ) ;
#3323 = CARTESIAN_POINT ( 'NONE',  ( 0.1391751778437000100, -0.1844750048442999900, -0.01979192077443000400 ) ) ;
#3324 = CIRCLE ( 'NONE', #5007, 0.1265000000000135500 ) ;
#3325 = DIRECTION ( 'NONE',  ( 1.000000000000000000, -3.756177236531380100E-014, 3.756177236531211600E-014 ) ) ;
#3326 = DIRECTION ( 'NONE',  ( -0.0000000000000000000, -1.000000000000000000, -0.0000000000000000000 ) ) ;
#3327 = B_SPLINE_CURVE_WITH_KNOTS ( 'NONE', 3,
 ( #1507, #1512, #1464, #1460 ),
 .UNSPECIFIED., .F., .F.,
 ( 4, 4 ),
 ( 9.222717410048685500E-016, 0.003694680973536137200 ),
 .UNSPECIFIED. ) ;
#3328 = CARTESIAN_POINT ( 'NONE',  ( 0.04900000000000000200, -6.430407353524017400E-014, -0.1874999999999693900 ) ) ;
#3329 = EDGE_LOOP ( 'NONE', ( #5847, #2021, #1909 ) ) ;
#3330 = CARTESIAN_POINT ( 'NONE',  ( -0.8939999999999999100, 0.1820000000000000000, 0.2525500000000500100 ) ) ;
#3331 = DIRECTION ( 'NONE',  ( 0.7213873210293233500, 8.481068867022743000E-017, 0.6925318281914094600 ) ) ;
#3332 = CARTESIAN_POINT ( 'NONE',  ( -0.7809999999999999200, 0.3025000000000354100, 0.2439999999999646600 ) ) ;
#3333 = CARTESIAN_POINT ( 'NONE',  ( 0.09408689024779000300, -0.1591211030990999900, -0.07998197831681000400 ) ) ;
#3334 = ORIENTED_EDGE ( 'NONE', *, *, #1774, .T. ) ;
#3335 = ORIENTED_EDGE ( 'NONE', *, *, #5045, .T. ) ;
#3336 = CARTESIAN_POINT ( 'NONE',  ( -0.7809999999999999200, 0.1959999999999646700, 0.3025000000000355200 ) ) ;
#3337 = EDGE_CURVE ( 'NONE', #1696, #109, #4685, .T. ) ;
#3338 = CARTESIAN_POINT ( 'NONE',  ( 0.1208170423144999900, -0.02816798713874000100, 0.1694327852961000100 ) ) ;
#3339 = DIRECTION ( 'NONE',  ( 1.000000000000000000, 3.756177236531292400E-014, -3.756177236531334700E-014 ) ) ;
#3340 = CARTESIAN_POINT ( 'NONE',  ( -6.829619984160658000E-017, -5.640645680014677600E-014, 1.872367665934690800E-016 ) ) ;
#3341 = ORIENTED_EDGE ( 'NONE', *, *, #2974, .F. ) ;
#3342 = VECTOR ( 'NONE', #4028, 39.37007874015748100 ) ;
#3343 = CARTESIAN_POINT ( 'NONE',  ( 0.09584108080139000500, -0.1216960248794000000, -0.1300255644921000100 ) ) ;
#3344 = CARTESIAN_POINT ( 'NONE',  ( 0.1636301599832999900, -0.05686318471584000300, 0.1766048412590999800 ) ) ;
#3345 = PLANE ( 'NONE',  #1215 ) ;
#3346 = CARTESIAN_POINT ( 'NONE',  ( -0.7966199999999999900, -0.2981162189482000100, 0.1657458295100999700 ) ) ;
#3347 = EDGE_CURVE ( 'NONE', #3017, #485, #4835, .T. ) ;
#3348 = ORIENTED_EDGE ( 'NONE', *, *, #4881, .F. ) ;
#3349 = LINE ( 'NONE', #3901, #3361 ) ;
#3350 = CARTESIAN_POINT ( 'NONE',  ( 0.1496522076319220200, -0.07045163200301736400, -0.1749174340549460000 ) ) ;
#3351 = DIRECTION ( 'NONE',  ( 0.0000000000000000000, 0.0000000000000000000, -1.000000000000000000 ) ) ;
#3352 = DIRECTION ( 'NONE',  ( -0.9110794801765064200, 0.3867302948990171100, 0.1427370302641403900 ) ) ;
#3353 = ORIENTED_EDGE ( 'NONE', *, *, #537, .F. ) ;
#3354 = CIRCLE ( 'NONE', #6366, 0.1272500000000276700 ) ;
#3355 = DIRECTION ( 'NONE',  ( 4.360660245055357000E-016, 0.0000000000000000000, 1.000000000000000000 ) ) ;
#3356 = CARTESIAN_POINT ( 'NONE',  ( 0.1501787096457699000, -0.05136118201458331900, -0.1814131556717198100 ) ) ;
#3357 = EDGE_CURVE ( 'NONE', #6284, #3246, #4723, .T. ) ;
#3358 = DIRECTION ( 'NONE',  ( 1.000000000000000000, 0.0000000000000000000, 0.0000000000000000000 ) ) ;
#3359 = CARTESIAN_POINT ( 'NONE',  ( 0.7031250000000154300, 0.2165063509434527700, 0.1250000000046127800 ) ) ;
#3360 = CARTESIAN_POINT ( 'NONE',  ( 0.09759527135499998500, -0.06928758249414999900, -0.1640604229971000000 ) ) ;
#3361 = VECTOR ( 'NONE', #4140, 39.37007874015748900 ) ;
#3362 = CARTESIAN_POINT ( 'NONE',  ( 0.7899107369756768200, -0.2649349102518244200, 0.04111927474520779600 ) ) ;
#3363 = VERTEX_POINT ( 'NONE', #6424 ) ;
#3364 = ORIENTED_EDGE ( 'NONE', *, *, #2624, .F. ) ;
#3365 = CARTESIAN_POINT ( 'NONE',  ( 0.1452720244540000000, 0.1601737425091000200, 0.06200991314818000300 ) ) ;
#3366 = DIRECTION ( 'NONE',  ( -1.000000000000000000, 4.094932536742629700E-016, 4.360660245055356500E-016 ) ) ;
#3367 = CARTESIAN_POINT ( 'NONE',  ( 0.1512219945056745300, -0.01252052631727002000, -0.1881168437459052900 ) ) ;
#3368 = LINE ( 'NONE', #5146, #3375 ) ;
#3369 = CARTESIAN_POINT ( 'NONE',  ( 0.7027643097711999700, 4.210354007422793300E-015, 3.267973162420875000E-014 ) ) ;
#3370 = CARTESIAN_POINT ( 'NONE',  ( 0.1880851421228000000, 0.1613694406728999600, 0.09155619996342999300 ) ) ;
#3371 = CARTESIAN_POINT ( 'NONE',  ( 0.7031249999990882800, 0.2409381711213976800, 0.08268284613508390700 ) ) ;
#3372 = ORIENTED_EDGE ( 'NONE', *, *, #1545, .F. ) ;
#3373 = CARTESIAN_POINT ( 'NONE',  ( -0.6108303911721525400, 0.02609935574894780100, -0.02469962240224592500 ) ) ;
#3374 = ORIENTED_EDGE ( 'NONE', *, *, #4623, .T. ) ;
#3375 = VECTOR ( 'NONE', #5129, 39.37007874015748100 ) ;
#3376 = CARTESIAN_POINT ( 'NONE',  ( 0.7503170747688999700, -1.184090138893552600E-013, 0.1878043917781492500 ) ) ;
#3377 = CARTESIAN_POINT ( 'NONE',  ( 0.09934946190860000100, -0.008348335404927000000, -0.1778957197042000100 ) ) ;
#3378 = CARTESIAN_POINT ( 'NONE',  ( 0.7968750000000000000, -0.2165063509434214700, -0.1250000000046353200 ) ) ;
#3379 = ORIENTED_EDGE ( 'NONE', *, *, #424, .F. ) ;
#3380 = EDGE_CURVE ( 'NONE', #1341, #6426, #4836, .T. ) ;
#3381 = CARTESIAN_POINT ( 'NONE',  ( 0.1517387773517299400, 0.007214938711139190700, -0.1883683721003797700 ) ) ;
#3382 = CARTESIAN_POINT ( 'NONE',  ( -0.8910895033929000500, 0.05800000000000000300, 0.2609395347128000100 ) ) ;
#3383 = CARTESIAN_POINT ( 'NONE',  ( 0.1011036524621999900, 0.05361871952576000000, -0.1698281895046999700 ) ) ;
#3384 = ORIENTED_EDGE ( 'NONE', *, *, #4555, .T. ) ;
#3385 = CARTESIAN_POINT ( 'NONE',  ( 0.3747930772632998600, 8.963750153913175300E-017, 1.641243052443608100E-015 ) ) ;
#3386 = DIRECTION ( 'NONE',  ( -2.731847993689573100E-014, 0.0000000000000000000, -1.000000000000000000 ) ) ;
#3387 = CARTESIAN_POINT ( 'NONE',  ( 0.1527626238760397500, 0.04541408368460310400, -0.1829400957865300000 ) ) ;
#3388 = ADVANCED_FACE ( 'NONE', ( #4775 ), #4916, .T. ) ;
#3389 = EDGE_CURVE ( 'NONE', #5965, #4986, #4874, .T. ) ;
#3390 = CARTESIAN_POINT ( 'NONE',  ( -0.7339999999999998700, 0.1959999999999629000, 0.3025000000000372900 ) ) ;
#3391 = PRODUCT ( '112APCX', '112APCX', '', ( #2129 ) ) ;
#3392 = EDGE_LOOP ( 'NONE', ( #6480, #6006, #3196, #2891 ) ) ;
#3393 = CARTESIAN_POINT ( 'NONE',  ( 0.2125401242622999800, 0.1224262240100000000, -0.1394073019126000100 ) ) ;
#3394 = DIRECTION ( 'NONE',  ( 1.000000000000000000, 3.756177236531292400E-014, -3.756177236531334700E-014 ) ) ;
#3395 = CARTESIAN_POINT ( 'NONE',  ( 0.7190670747688994200, 1.184320132940809500E-013, -0.1878043917781492500 ) ) ;
#3396 = CARTESIAN_POINT ( 'NONE',  ( -0.6676406305592999000, -0.008081777713978999200, -0.01276939919693000100 ) ) ;
#3397 = LINE ( 'NONE', #4009, #3430 ) ;
#3398 = CARTESIAN_POINT ( 'NONE',  ( 0.1028578430158000000, 0.1089841038672999900, -0.1408511380280000100 ) ) ;
#3399 = CARTESIAN_POINT ( 'NONE',  ( -0.7339999999999999900, 0.1820000000000000000, 0.2525500000000500100 ) ) ;
#3400 = EDGE_CURVE ( 'NONE', #4573, #4360, #1533, .T. ) ;
#3401 = CARTESIAN_POINT ( 'NONE',  ( 0.1532696875542948200, 0.06388167069493239100, -0.1773028515335887100 ) ) ;
#3402 = VECTOR ( 'NONE', #4171, 39.37007874015748100 ) ;
#3403 = DIRECTION ( 'NONE',  ( 0.7213873210293168000, -8.006215848903822500E-016, -0.6925318281914163400 ) ) ;
#3404 = ADVANCED_FACE ( 'NONE', ( #4951 ), #3848, .T. ) ;
#3405 = DIRECTION ( 'NONE',  ( -0.0000000000000000000, -0.0000000000000000000, -1.000000000000000000 ) ) ;
#3406 = CARTESIAN_POINT ( 'NONE',  ( 0.1046120335693999900, 0.1509311648765999900, -0.09453231647323999400 ) ) ;
#3407 = CARTESIAN_POINT ( 'NONE',  ( -0.7339999999999999900, -3.791439708434522900E-015, 0.1265000000000136000 ) ) ;
#3408 = VERTEX_POINT ( 'NONE', #801 ) ;
#3409 = EDGE_CURVE ( 'NONE', #277, #793, #4939, .T. ) ;
#3410 = CARTESIAN_POINT ( 'NONE',  ( 0.2689277764860496000, 0.1680975043581488800, 0.006127536855423632400 ) ) ;
#3411 = CARTESIAN_POINT ( 'NONE',  ( -0.7339999999999998700, 0.0000000000000000000, 0.2605000000000000100 ) ) ;
#3412 = CARTESIAN_POINT ( 'NONE',  ( -0.7809999999999999200, -0.3075000000000000000, -0.05740959620434999500 ) ) ;
#3413 = CARTESIAN_POINT ( 'NONE',  ( 0.2369951064017999900, -0.1116362570133000000, -0.1481886139593000000 ) ) ;
#3414 = CARTESIAN_POINT ( 'NONE',  ( 0.1063662241229999900, 0.1742953580904000000, -0.03657459267094000100 ) ) ;
#3415 = EDGE_LOOP ( 'NONE', ( #4519, #5981, #3009, #3496 ) ) ;
#3416 = CARTESIAN_POINT ( 'NONE',  ( 0.1540229936958310800, 0.08942079500689567600, -0.1650814194065875500 ) ) ;
#3417 = EDGE_CURVE ( 'NONE', #5972, #6207, #4954, .T. ) ;
#3418 = DIRECTION ( 'NONE',  ( -0.0000000000000000000, -1.000000000000000000, -0.0000000000000000000 ) ) ;
#3419 = ORIENTED_EDGE ( 'NONE', *, *, #3583, .T. ) ;
#3420 = LINE ( 'NONE', #3892, #3471 ) ;
#3421 = CARTESIAN_POINT ( 'NONE',  ( -0.6754427768132947900, 0.01305795632194431100, 0.05454266999530512500 ) ) ;
#3422 = DIRECTION ( 'NONE',  ( 0.0000000000000000000, 0.0000000000000000000, -1.000000000000000000 ) ) ;
#3423 = VERTEX_POINT ( 'NONE', #3778 ) ;
#3424 = EDGE_LOOP ( 'NONE', ( #6254, #5400, #695, #5922 ) ) ;
#3425 = CARTESIAN_POINT ( 'NONE',  ( 0.1046871833027734600, -1.618567888573413100E-008, -0.1680991218989395800 ) ) ;
#3426 = CARTESIAN_POINT ( 'NONE',  ( 0.1542728808470353900, 0.09757622427237647200, -0.1603816425261598800 ) ) ;
#3427 = DIRECTION ( 'NONE',  ( -1.000000000000000000, -0.0000000000000000000, -0.0000000000000000000 ) ) ;
#3428 = CARTESIAN_POINT ( 'NONE',  ( 0.7211595114417742600, 0.2886751345948361200, 3.195979788088966700E-015 ) ) ;
#3429 = ORIENTED_EDGE ( 'NONE', *, *, #2310, .F. ) ;
#3430 = VECTOR ( 'NONE', #3986, 39.37007874015748100 ) ;
#3431 = CARTESIAN_POINT ( 'NONE',  ( 0.2614500885412999700, -0.1677719485145000000, 0.07921513703725000000 ) ) ;
#3432 = PLANE ( 'NONE',  #1987 ) ;
#3433 = CARTESIAN_POINT ( 'NONE',  ( -0.6078038119976000300, 0.02693020502870999800, -0.02490583717214000000 ) ) ;
#3434 = AXIS2_PLACEMENT_3D ( 'NONE', #1386, #4934, #1878 ) ;
#3435 = LINE ( 'NONE', #4004, #3443 ) ;
#3436 = ORIENTED_EDGE ( 'NONE', *, *, #4912, .F. ) ;
#3437 = VERTEX_POINT ( 'NONE', #577 ) ;
#3438 = CARTESIAN_POINT ( 'NONE',  ( 0.3749999999999968400, 0.3057568851448484400, 1.678617484090238000E-015 ) ) ;
#3439 = CARTESIAN_POINT ( 'NONE',  ( 0.7100892630247255300, 0.2649349102526907300, 0.04111927474370739900 ) ) ;
#3440 = CIRCLE ( 'NONE', #1943, 0.06200000000006851400 ) ;
#3441 = CARTESIAN_POINT ( 'NONE',  ( 0.2534527848414727100, -0.1677530154894677200, -0.01113273360905092700 ) ) ;
#3442 = LINE ( 'NONE', #3859, #3540 ) ;
#3443 = VECTOR ( 'NONE', #4164, 39.37007874015748100 ) ;
#3444 = EDGE_LOOP ( 'NONE', ( #5382, #3904 ) ) ;
#3445 = CARTESIAN_POINT ( 'NONE',  ( 0.7788404885582130800, -0.1443375672974409900, 0.2500000000000122700 ) ) ;
#3446 = CARTESIAN_POINT ( 'NONE',  ( 0.7968750000000300900, -2.656640782414118100E-018, -0.2499999999999521800 ) ) ;
#3447 = ORIENTED_EDGE ( 'NONE', *, *, #537, .T. ) ;
#3448 = CARTESIAN_POINT ( 'NONE',  ( -0.7339999999999999900, 0.2605000000000000100, -0.1029999999999999900 ) ) ;
#3449 = CARTESIAN_POINT ( 'NONE',  ( 0.2711059121027000200, -0.1574616101422000000, 0.09703037645537999900 ) ) ;
#3450 = FACE_OUTER_BOUND ( 'NONE', #1636, .T. ) ;
#3451 = CARTESIAN_POINT ( 'NONE',  ( 0.2859050706808000100, 0.04349552791434999100, 0.1803622825823000000 ) ) ;
#3452 = CARTESIAN_POINT ( 'NONE',  ( 0.7899107369748725700, -0.09685711861485928100, 0.2500000000000000000 ) ) ;
#3453 = EDGE_CURVE ( 'NONE', #4428, #3843, #4974, .T. ) ;
#3454 = ORIENTED_EDGE ( 'NONE', *, *, #5190, .F. ) ;
#3455 = ORIENTED_EDGE ( 'NONE', *, *, #1759, .T. ) ;
#3456 = CARTESIAN_POINT ( 'NONE',  ( 0.1081204146766000000, 0.1762000997261999900, 0.02588618950570999900 ) ) ;
#3457 = DIRECTION ( 'NONE',  ( -1.000000000000000000, 2.410454112010823400E-015, 0.0000000000000000000 ) ) ;
#3458 = DIRECTION ( 'NONE',  ( 0.0000000000000000000, 0.0000000000000000000, -1.000000000000000000 ) ) ;
#3459 = EDGE_LOOP ( 'NONE', ( #6270, #602, #3454, #6350 ) ) ;
#3460 = LINE ( 'NONE', #4323, #910 ) ;
#3461 = CARTESIAN_POINT ( 'NONE',  ( -0.8939999999999997900, -0.1605132393293000100, 0.2156675682618999800 ) ) ;
#3462 = DIRECTION ( 'NONE',  ( 1.000000000000000000, -0.0000000000000000000, -0.0000000000000000000 ) ) ;
#3463 = CIRCLE ( 'NONE', #4697, 0.1724999999999290700 ) ;
#3464 = CARTESIAN_POINT ( 'NONE',  ( 0.2680172600510996600, 0.1680942972447222200, -0.02450978365267430000 ) ) ;
#3465 = CARTESIAN_POINT ( 'NONE',  ( 0.7499999999999998900, 0.2886751345948389000, 2.249079231033906700E-014 ) ) ;
#3466 = CARTESIAN_POINT ( 'NONE',  ( 0.1098746052302000000, 0.1564109234401999900, 0.08515979228127000500 ) ) ;
#3467 = AXIS2_PLACEMENT_3D ( 'NONE', #100, #13, #43 ) ;
#3468 = CARTESIAN_POINT ( 'NONE',  ( 0.3103600528204000200, 0.1854367275440999800, -0.005965611226964999700 ) ) ;
#3469 = DIRECTION ( 'NONE',  ( 1.000000000000000000, 0.0000000000000000000, 0.0000000000000000000 ) ) ;
#3470 = CARTESIAN_POINT ( 'NONE',  ( -0.8979999999999999100, 0.2609395347128000100, -0.01537999999999000100 ) ) ;
#3471 = VECTOR ( 'NONE', #4162, 39.37007874015748100 ) ;
#3472 = DIRECTION ( 'NONE',  ( 1.000000000000000000, -3.756177236531380100E-014, 3.756177236531211600E-014 ) ) ;
#3473 = CARTESIAN_POINT ( 'NONE',  ( 0.1116287957838000000, 0.1173643344346999900, 0.1339484132293999900 ) ) ;
#3474 = LINE ( 'NONE', #4057, #3523 ) ;
#3475 = EDGE_CURVE ( 'NONE', #622, #1341, #4905, .T. ) ;
#3476 = LINE ( 'NONE', #1671, #4115 ) ;
#3477 = CARTESIAN_POINT ( 'NONE',  ( 0.7788404885582452800, -0.1443375672974198100, -0.2500000000000103800 ) ) ;
#3478 = ORIENTED_EDGE ( 'NONE', *, *, #134, .T. ) ;
#3479 = CARTESIAN_POINT ( 'NONE',  ( 0.2556536459940183500, 0.1646701773034128200, 0.09169665450540762100 ) ) ;
#3480 = VECTOR ( 'NONE', #1018, 39.37007874015748100 ) ;
#3481 = DIRECTION ( 'NONE',  ( 0.0000000000000000000, 0.0000000000000000000, -1.000000000000000000 ) ) ;
#3482 = ORIENTED_EDGE ( 'NONE', *, *, #4132, .T. ) ;
#3483 = EDGE_LOOP ( 'NONE', ( #2505, #2345, #5533, #2075 ) ) ;
#3484 = CARTESIAN_POINT ( 'NONE',  ( 0.1133829863374000000, 0.06386781235423000200, 0.1662451928088000100 ) ) ;
#3485 = CARTESIAN_POINT ( 'NONE',  ( -0.7339999999999999900, -0.1166726188957750000, 0.2368807716974749800 ) ) ;
#3486 = CARTESIAN_POINT ( 'NONE',  ( 0.08484845074464998600, 0.1665175775291000100, -0.05196337165328000100 ) ) ;
#3487 = CARTESIAN_POINT ( 'NONE',  ( 0.7788404885582546100, 0.1443375672973983600, 0.2500000000000000000 ) ) ;
#3488 = CARTESIAN_POINT ( 'NONE',  ( 0.7968750000000300900, 2.656640782411016600E-018, 0.2499999999999521800 ) ) ;
#3489 = VERTEX_POINT ( 'NONE', #451 ) ;
#3490 = LINE ( 'NONE', #4038, #3506 ) ;
#3491 = CARTESIAN_POINT ( 'NONE',  ( 0.7968750000000398600, -0.04886364035930756300, -0.2500000000000000000 ) ) ;
#3492 = EDGE_CURVE ( 'NONE', #1703, #2091, #5059, .T. ) ;
#3493 = CARTESIAN_POINT ( 'NONE',  ( 0.7503170747688999700, -1.184320132940809500E-013, 0.0000000000000000000 ) ) ;
#3494 = EDGE_CURVE ( 'NONE', #327, #2091, #5008, .T. ) ;
#3495 = CARTESIAN_POINT ( 'NONE',  ( 0.2212185571864721800, -0.1680989544069878800, 0.02200196806679854300 ) ) ;
#3496 = ORIENTED_EDGE ( 'NONE', *, *, #1845, .F. ) ;
#3497 = VERTEX_POINT ( 'NONE', #1169 ) ;
#3498 = CARTESIAN_POINT ( 'NONE',  ( 0.7656250000000350800, -4.978686255640805000E-014, 0.1724999999999448600 ) ) ;
#3499 = DIRECTION ( 'NONE',  ( 0.0000000000000000000, 0.7071067811865474600, 0.7071067811865474600 ) ) ;
#3500 = CIRCLE ( 'NONE', #1371, 0.2500000000001477200 ) ;
#3501 = CARTESIAN_POINT ( 'NONE',  ( 0.1151371768910000000, 0.002507900896603000200, 0.1780737745274000000 ) ) ;
#3502 = EDGE_CURVE ( 'NONE', #1918, #581, #5071, .T. ) ;
#3503 = DIRECTION ( 'NONE',  ( -0.0000000000000000000, -0.0000000000000000000, 1.000000000000000000 ) ) ;
#3504 = EDGE_CURVE ( 'NONE', #1928, #3017, #6246, .T. ) ;
#3505 = ORIENTED_EDGE ( 'NONE', *, *, #556, .F. ) ;
#3506 = VECTOR ( 'NONE', #3969, 39.37007874015748100 ) ;
#3507 = CARTESIAN_POINT ( 'NONE',  ( 0.01467999999999999000, -3.795222743527926100E-015, -0.1265000000000135500 ) ) ;
#3508 = CIRCLE ( 'NONE', #2680, 0.1874999999999694400 ) ;
#3509 = CARTESIAN_POINT ( 'NONE',  ( 0.7968749999999541500, -0.04886364035932034400, 0.2500000000000000000 ) ) ;
#3510 = DIRECTION ( 'NONE',  ( 0.0000000000000000000, -0.7071067811865475700, 0.7071067811865475700 ) ) ;
#3511 = ORIENTED_EDGE ( 'NONE', *, *, #1103, .F. ) ;
#3512 = CARTESIAN_POINT ( 'NONE',  ( 0.1074222804119000000, -0.08186310629109000400, -0.1587855856474000000 ) ) ;
#3513 = DIRECTION ( 'NONE',  ( 2.805651445712314900E-014, 0.0000000000000000000, -1.000000000000000000 ) ) ;
#3514 = VERTEX_POINT ( 'NONE', #291 ) ;
#3515 = VECTOR ( 'NONE', #4562, 39.37007874015748100 ) ;
#3516 = DIRECTION ( 'NONE',  ( 2.731847993689610700E-014, 1.000000000000000000, 0.0000000000000000000 ) ) ;
#3517 = EDGE_CURVE ( 'NONE', #5819, #1186, #5081, .T. ) ;
#3518 = EDGE_CURVE ( 'NONE', #703, #5859, #4921, .T. ) ;
#3519 = CIRCLE ( 'NONE', #1658, 0.1724999999999290700 ) ;
#3520 = DIRECTION ( 'NONE',  ( 0.0000000000000000000, 0.0000000000000000000, -1.000000000000000000 ) ) ;
#3521 = DIRECTION ( 'NONE',  ( 1.000000000000000000, 0.0000000000000000000, 0.0000000000000000000 ) ) ;
#3522 = CARTESIAN_POINT ( 'NONE',  ( 0.1168913674446000100, -0.05916073742278000300, 0.1679778646593000100 ) ) ;
#3523 = VECTOR ( 'NONE', #4120, 39.37007874015748900 ) ;
#3524 = CARTESIAN_POINT ( 'NONE',  ( -0.6186555719780204600, 0.02776264927547432100, 0.02038833120802499600 ) ) ;
#3525 = DIRECTION ( 'NONE',  ( -1.000000000000000000, -0.0000000000000000000, -0.0000000000000000000 ) ) ;
#3526 = CYLINDRICAL_SURFACE ( 'NONE', #2747, 0.004999999999953607500 ) ;
#3527 = DIRECTION ( 'NONE',  ( -1.000000000000000000, 9.341392738283457200E-015, -2.805651445712314900E-014 ) ) ;
#3528 = EDGE_CURVE ( 'NONE', #4396, #3944, #5024, .T. ) ;
#3529 = LINE ( 'NONE', #4913, #3548 ) ;
#3530 = CARTESIAN_POINT ( 'NONE',  ( 0.2349614374214231700, -0.1636988927696897400, 0.09144026627664289500 ) ) ;
#3531 = CARTESIAN_POINT ( 'NONE',  ( 0.7968750000000000000, -1.340152852673150400E-014, -1.837850737737633100E-013 ) ) ;
#3532 = CARTESIAN_POINT ( 'NONE',  ( 1.775701195881771200E-015, -0.1306808075914107600, 0.2454999999997560200 ) ) ;
#3533 = PLANE ( 'NONE',  #846 ) ;
#3534 = VERTEX_POINT ( 'NONE', #3871 ) ;
#3535 = CARTESIAN_POINT ( 'NONE',  ( 0.1318772625514000000, -0.1721091092419000100, 0.04788357127240999000 ) ) ;
#3536 = CIRCLE ( 'NONE', #1688, 0.004999999999953607500 ) ;
#3537 = CARTESIAN_POINT ( 'NONE',  ( 0.1186455579981999900, -0.1135454561613999900, 0.1372005187750000000 ) ) ;
#3538 = FACE_OUTER_BOUND ( 'NONE', #6215, .T. ) ;
#3539 = EDGE_CURVE ( 'NONE', #342, #1639, #5067, .T. ) ;
#3540 = VECTOR ( 'NONE', #3836, 39.37007874015748100 ) ;
#3541 = DIRECTION ( 'NONE',  ( -0.0000000000000000000, 0.7071067811865461300, -0.7071067811865489100 ) ) ;
#3542 = CARTESIAN_POINT ( 'NONE',  ( -0.8014409913475677400, 0.2605000000000000100, 0.1013157342504089500 ) ) ;
#3543 = DIRECTION ( 'NONE',  ( -0.0000000000000000000, -1.000000000000000000, -0.0000000000000000000 ) ) ;
#3544 = EDGE_CURVE ( 'NONE', #6509, #3786, #5150, .T. ) ;
#3545 = CARTESIAN_POINT ( 'NONE',  ( 0.1546458892298802900, 0.1091597915152615600, -0.1525154077016396300 ) ) ;
#3546 = EDGE_LOOP ( 'NONE', ( #3197, #943, #1164 ) ) ;
#3547 = CARTESIAN_POINT ( 'NONE',  ( 0.1203997485518999800, -0.1539504305825999700, 0.08953108377910999600 ) ) ;
#3548 = VECTOR ( 'NONE', #4853, 39.37007874015748100 ) ;
#3549 = CARTESIAN_POINT ( 'NONE',  ( 0.1548319378353121600, 0.1147893141539829300, -0.1483780475359729500 ) ) ;
#3550 = CARTESIAN_POINT ( 'NONE',  ( 0.3849082746835998900, 1.168129268917719200E-032, -7.843818551808515400E-014 ) ) ;
#3551 = DIRECTION ( 'NONE',  ( 0.9961946980917389900, 0.0000000000000000000, -0.08715574274773282800 ) ) ;
#3552 = EDGE_CURVE ( 'NONE', #4986, #6276, #5171, .T. ) ;
#3553 = CARTESIAN_POINT ( 'NONE',  ( 0.1563322446909000100, 0.01191259678719999900, 0.1782481987560999800 ) ) ;
#3554 = CARTESIAN_POINT ( 'NONE',  ( 0.1221539391055000000, -0.1754010410999000100, 0.03083864241526999800 ) ) ;
#3555 = ORIENTED_EDGE ( 'NONE', *, *, #1718, .T. ) ;
#3556 = CARTESIAN_POINT ( 'NONE',  ( 0.2705071112714815300, 0.1580981289675714200, 0.05824084297919966700 ) ) ;
#3557 = B_SPLINE_CURVE_WITH_KNOTS ( 'NONE', 3,
 ( #4533, #4771, #4265, #4316, #4388, #4425, #4479, #3556, #3596, #3636, #3726, #3775, #3410, #3464, #2804, #2846, #2748, #2232, #2286, #2343, #2426, #2077 ),
 .UNSPECIFIED., .F., .F.,
 ( 4, 2, 2, 2, 2, 2, 2, 2, 2, 2, 4 ),
 ( 0.0000000000000000000, 0.1249999999999999700, 0.2499999999999999400, 0.3749999999999998900, 0.4374999999999999400, 0.4687499999999999400, 0.5000000000000000000, 0.6250000000000001100, 0.7500000000000000000, 0.8750000000000000000, 1.000000000000000000 ),
 .UNSPECIFIED. ) ;
#3558 = DIRECTION ( 'NONE',  ( 0.0000000000000000000, -0.7071067811865490200, -0.7071067811865460200 ) ) ;
#3559 = DIRECTION ( 'NONE',  ( 7.286416665038868300E-016, 1.000000000000000000, 0.0000000000000000000 ) ) ;
#3560 = EDGE_CURVE ( 'NONE', #2186, #4445, #5121, .T. ) ;
#3561 = CARTESIAN_POINT ( 'NONE',  ( 0.1013254338016000000, 0.1295430726622000000, 0.1422837163194999900 ) ) ;
#3562 = ORIENTED_EDGE ( 'NONE', *, *, #1260, .F. ) ;
#3563 = CARTESIAN_POINT ( 'NONE',  ( -0.3905000000000000700, 0.2454999999999999400, -0.3075000000000000000 ) ) ;
#3564 = CARTESIAN_POINT ( 'NONE',  ( 0.1550481972661663100, 0.1210497698313464500, -0.1432194248628624300 ) ) ;
#3565 = CARTESIAN_POINT ( 'NONE',  ( 0.1239081296590999900, -0.1752563377440000100, -0.03165059533812000100 ) ) ;
#3566 = ORIENTED_EDGE ( 'NONE', *, *, #4019, .T. ) ;
#3567 = ORIENTED_EDGE ( 'NONE', *, *, #4564, .F. ) ;
#3568 = CARTESIAN_POINT ( 'NONE',  ( 0.2170517846060025200, 0.1063393802200870000, -0.1550890941056098600 ) ) ;
#3569 = LINE ( 'NONE', #2262, #1826 ) ;
#3570 = DIRECTION ( 'NONE',  ( -1.000000000000000000, 0.0000000000000000000, 0.0000000000000000000 ) ) ;
#3571 = EDGE_CURVE ( 'NONE', #3911, #3993, #5215, .T. ) ;
#3572 = ORIENTED_EDGE ( 'NONE', *, *, #889, .T. ) ;
#3573 = VECTOR ( 'NONE', #5330, 39.37007874015748100 ) ;
#3574 = CARTESIAN_POINT ( 'NONE',  ( -0.5873002854795057500, 0.09832192471132225600, 0.07959302181136090900 ) ) ;
#3575 = DIRECTION ( 'NONE',  ( 1.000000000000000000, -5.920079032546733600E-016, -5.559324250943807000E-016 ) ) ;
#3576 = CARTESIAN_POINT ( 'NONE',  ( 0.4052700307959141200, -0.1892431148549658700, -7.842632968105307700E-014 ) ) ;
#3577 = VECTOR ( 'NONE', #4127, 39.37007874015748100 ) ;
#3578 = CARTESIAN_POINT ( 'NONE',  ( 0.1551561276627225200, 0.1241003490717129700, -0.1405603260828177700 ) ) ;
#3579 = CARTESIAN_POINT ( 'NONE',  ( 0.1256623202126999900, -0.1535341810638999900, -0.09024298501253000300 ) ) ;
#3580 = DIRECTION ( 'NONE',  ( -0.9205048534525043200, 0.3907311284891229500, 0.0000000000000000000 ) ) ;
#3581 = ORIENTED_EDGE ( 'NONE', *, *, #1231, .F. ) ;
#3582 = LINE ( 'NONE', #5778, #3573 ) ;
#3583 = EDGE_CURVE ( 'NONE', #2186, #2279, #5239, .T. ) ;
#3584 = DIRECTION ( 'NONE',  ( 0.0000000000000000000, 0.0000000000000000000, -1.000000000000000000 ) ) ;
#3585 = CARTESIAN_POINT ( 'NONE',  ( 0.1257804159411000100, 0.1656450501470999900, -0.09791710722787000400 ) ) ;
#3586 = CARTESIAN_POINT ( 'NONE',  ( -0.7339999999999999900, 0.0000000000000000000, -0.1910000000000000900 ) ) ;
#3587 = ORIENTED_EDGE ( 'NONE', *, *, #3583, .F. ) ;
#3588 = ORIENTED_EDGE ( 'NONE', *, *, #5885, .F. ) ;
#3589 = LINE ( 'NONE', #5883, #3515 ) ;
#3590 = CARTESIAN_POINT ( 'NONE',  ( -0.5814596124106856700, 0.1258001310906503600, 0.04564896393611207700 ) ) ;
#3591 = EDGE_CURVE ( 'NONE', #3914, #6370, #5259, .T. ) ;
#3592 = CARTESIAN_POINT ( 'NONE',  ( -0.3905000000000000700, -0.2951257157821999800, 0.1678464951686999800 ) ) ;
#3593 = EDGE_LOOP ( 'NONE', ( #5590, #649, #554, #2549 ) ) ;
#3594 = CARTESIAN_POINT ( 'NONE',  ( 0.1552100430312830500, 0.1256053770044027200, -0.1392112200115315500 ) ) ;
#3595 = ORIENTED_EDGE ( 'NONE', *, *, #1091, .F. ) ;
#3596 = CARTESIAN_POINT ( 'NONE',  ( 0.2701606572879324300, 0.1617859730432972300, 0.04709703741308386000 ) ) ;
#3597 = CARTESIAN_POINT ( 'NONE',  ( 0.1274165107663000100, -0.1129090305492000000, -0.1377246851097999900 ) ) ;
#3598 = CARTESIAN_POINT ( 'NONE',  ( 0.3265000000000000700, 0.0000000000000000000, 1.194014991933950100E-013 ) ) ;
#3599 = LINE ( 'NONE', #5364, #2300 ) ;
#3600 = CARTESIAN_POINT ( 'NONE',  ( -0.7012468282988010300, 0.02401112633370752100, 0.02200000000000999800 ) ) ;
#3601 = VERTEX_POINT ( 'NONE', #3955 ) ;
#3602 = DIRECTION ( 'NONE',  ( -7.284927983103797200E-017, 0.0000000000000000000, 1.000000000000000000 ) ) ;
#3603 = CARTESIAN_POINT ( 'NONE',  ( 0.1552331389400122600, 0.1262460100286471300, -0.1386288825607502900 ) ) ;
#3604 = FACE_OUTER_BOUND ( 'NONE', #1451, .T. ) ;
#3605 = CARTESIAN_POINT ( 'NONE',  ( 0.1291707013198999900, -0.05838265528389999900, -0.1682498159725999700 ) ) ;
#3606 = CARTESIAN_POINT ( 'NONE',  ( 0.1502353980805999900, -0.06221077041392000100, -0.1820873555464999900 ) ) ;
#3607 = CARTESIAN_POINT ( 'NONE',  ( -0.5797594369715337600, 0.1337988276530721600, 0.002715623230256284900 ) ) ;
#3608 = ORIENTED_EDGE ( 'NONE', *, *, #3767, .F. ) ;
#3609 = DIRECTION ( 'NONE',  ( -0.9781476007338271200, 0.2079116908176578700, 0.0000000000000000000 ) ) ;
#3610 = VECTOR ( 'NONE', #557, 39.37007874015748100 ) ;
#3611 = FACE_OUTER_BOUND ( 'NONE', #366, .T. ) ;
#3612 = CARTESIAN_POINT ( 'NONE',  ( -0.7330600000000000400, 0.1936900000000000000, -0.2618099999999999900 ) ) ;
#3613 = DIRECTION ( 'NONE',  ( 1.454624126623917100E-015, 0.0000000000000000000, -1.000000000000000000 ) ) ;
#3614 = DIRECTION ( 'NONE',  ( -1.000000000000000000, -0.0000000000000000000, -0.0000000000000000000 ) ) ;
#3615 = LINE ( 'NONE', #1827, #3652 ) ;
#3616 = CARTESIAN_POINT ( 'NONE',  ( -0.6514189563235439600, 0.002860445928585613900, -0.01430655895542335500 ) ) ;
#3617 = CARTESIAN_POINT ( 'NONE',  ( 0.1309248918735000100, 0.003331689056657000400, -0.1780601914562000300 ) ) ;
#3618 = CARTESIAN_POINT ( 'NONE',  ( -0.7339999999999999900, 0.3025000000000187500, 0.2390000000000057600 ) ) ;
#3619 = DIRECTION ( 'NONE',  ( 1.000000000000000000, -0.0000000000000000000, -0.0000000000000000000 ) ) ;
#3620 = VERTEX_POINT ( 'NONE', #3407 ) ;
#3621 = EDGE_CURVE ( 'NONE', #713, #2258, #5317, .T. ) ;
#3622 = LINE ( 'NONE', #457, #3291 ) ;
#3623 = CARTESIAN_POINT ( 'NONE',  ( 0.1552485338396547300, 0.1266721215006811900, -0.1382397401711045500 ) ) ;
#3624 = DIRECTION ( 'NONE',  ( 1.000000000000000000, 1.109835952963532300E-015, 1.181855250411386300E-015 ) ) ;
#3625 = CARTESIAN_POINT ( 'NONE',  ( -0.7810000000000001400, 0.2454999999999532600, 0.2454999999999532300 ) ) ;
#3626 = CARTESIAN_POINT ( 'NONE',  ( 0.1326790824271000000, 0.06463579549171999400, -0.1659480122554999900 ) ) ;
#3627 = LINE ( 'NONE', #2112, #3637 ) ;
#3628 = CARTESIAN_POINT ( 'NONE',  ( 0.1746903802201000000, -0.1909292322304000100, 0.02391553216180000000 ) ) ;
#3629 = DIRECTION ( 'NONE',  ( -0.0000000000000000000, 1.000000000000000000, -0.0000000000000000000 ) ) ;
#3630 = EDGE_CURVE ( 'NONE', #2259, #3042, #5274, .T. ) ;
#3631 = ORIENTED_EDGE ( 'NONE', *, *, #5173, .T. ) ;
#3632 = DIRECTION ( 'NONE',  ( -0.0000000000000000000, -0.0000000000000000000, 1.000000000000000000 ) ) ;
#3633 = CARTESIAN_POINT ( 'NONE',  ( 0.2884780195254462700, 0.1280102182865354400, 0.1383868557417905500 ) ) ;
#3634 = CONICAL_SURFACE ( 'NONE', #1308, 0.2492264973082483300, 1.134464013796606900 ) ;
#3635 = CARTESIAN_POINT ( 'NONE',  ( 0.1552584276923779400, 0.1269452542354361200, -0.1379888825407110900 ) ) ;
#3636 = CARTESIAN_POINT ( 'NONE',  ( 0.2696347259937494400, 0.1655410331242108400, 0.02978674107104046700 ) ) ;
#3637 = VECTOR ( 'NONE', #1123, 39.37007874015748100 ) ;
#3638 = CARTESIAN_POINT ( 'NONE',  ( 0.1344332729807000100, 0.1179819900158000000, -0.1334045566544999900 ) ) ;
#3639 = CARTESIAN_POINT ( 'NONE',  ( 0.3745621378494999900, 1.237856014599149100E-016, -0.3057185771706201200 ) ) ;
#3640 = DIRECTION ( 'NONE',  ( -1.000000000000000000, -5.558188429870848700E-017, -5.918869505956197600E-017 ) ) ;
#3641 = CONICAL_SURFACE ( 'NONE', #1956, 0.1721956082217836200, 0.7649928327132601300 ) ;
#3642 = CARTESIAN_POINT ( 'NONE',  ( -0.6329277868617397800, -0.009591536105923370200, 0.06187779563372931100 ) ) ;
#3643 = ORIENTED_EDGE ( 'NONE', *, *, #2165, .T. ) ;
#3644 = LINE ( 'NONE', #1389, #3693 ) ;
#3645 = CARTESIAN_POINT ( 'NONE',  ( 0.3070199999999999600, -5.653217941888984800E-014, 0.1272500000000277300 ) ) ;
#3646 = CARTESIAN_POINT ( 'NONE',  ( -0.7339999999999999900, 0.01200000000000000000, 0.2525500000000500100 ) ) ;
#3647 = CARTESIAN_POINT ( 'NONE',  ( 0.1556157643898686800, 0.1367934606488373800, -0.1289110741156439800 ) ) ;
#3648 = LINE ( 'NONE', #4529, #1818 ) ;
#3649 = CARTESIAN_POINT ( 'NONE',  ( 0.1991453623596999800, -0.01537083663912999900, 0.1918061510921000000 ) ) ;
#3650 = CARTESIAN_POINT ( 'NONE',  ( -0.3905000000000000700, 0.1960000000000000600, 0.3075000000000000000 ) ) ;
#3651 = ORIENTED_EDGE ( 'NONE', *, *, #5528, .F. ) ;
#3652 = VECTOR ( 'NONE', #4617, 39.37007874015748100 ) ;
#3653 = DIRECTION ( 'NONE',  ( -0.0000000000000000000, -0.0000000000000000000, -1.000000000000000000 ) ) ;
#3654 = ORIENTED_EDGE ( 'NONE', *, *, #1537, .T. ) ;
#3655 = ORIENTED_EDGE ( 'NONE', *, *, #3294, .T. ) ;
#3656 = DIRECTION ( 'NONE',  ( -1.000000000000000000, 4.094932536742629700E-016, 4.360660245055356500E-016 ) ) ;
#3657 = FACE_OUTER_BOUND ( 'NONE', #169, .T. ) ;
#3658 = CARTESIAN_POINT ( 'NONE',  ( 0.7815670747688996400, -1.184320132940809500E-013, -4.663990808304729800E-032 ) ) ;
#3659 = CARTESIAN_POINT ( 'NONE',  ( 0.7971920747688999700, -4.978686255640867500E-014, 6.189280072996085900E-017 ) ) ;
#3660 = CARTESIAN_POINT ( 'NONE',  ( 0.2728601026563000100, -0.1812861147667000100, 0.03666597267057000000 ) ) ;
#3661 = ORIENTED_EDGE ( 'NONE', *, *, #3504, .T. ) ;
#3662 = EDGE_LOOP ( 'NONE', ( #6391, #5454, #3312, #4808, #1177, #1191, #3374, #2828 ) ) ;
#3663 = CARTESIAN_POINT ( 'NONE',  ( 0.1807872268303999900, 0.1769508989455000100, 0.02454906037952999500 ) ) ;
#3664 = CARTESIAN_POINT ( 'NONE',  ( 0.1560075194530560200, 0.1466928054238697500, -0.1178837224761517300 ) ) ;
#3665 = DIRECTION ( 'NONE',  ( -0.9205048534525796000, 0.3907311284889455900, 0.0000000000000000000 ) ) ;
#3666 = CARTESIAN_POINT ( 'NONE',  ( -0.6186555718706712200, 0.02776264978033798200, -0.02469961882353444900 ) ) ;
#3667 = EDGE_CURVE ( 'NONE', #4900, #4742, #967, .T. ) ;
#3668 = CIRCLE ( 'NONE', #239, 0.06200000000021190600 ) ;
#3669 = CARTESIAN_POINT ( 'NONE',  ( 0.1361874635343000000, 0.1568023888436000100, -0.08443656440437998000 ) ) ;
#3670 = ORIENTED_EDGE ( 'NONE', *, *, #2659, .T. ) ;
#3671 = EDGE_LOOP ( 'NONE', ( #4252, #3455 ) ) ;
#3672 = CARTESIAN_POINT ( 'NONE',  ( 0.2236003444991999900, 0.1846852685210000100, 0.05401066152002999300 ) ) ;
#3673 = CARTESIAN_POINT ( 'NONE',  ( -0.7339999999999998700, -0.2951257157822319600, 0.1678464951687319600 ) ) ;
#3674 = CARTESIAN_POINT ( 'NONE',  ( -0.8940000000000001300, 0.2605000000000000100, 0.06100000000000998400 ) ) ;
#3675 = CIRCLE ( 'NONE', #1986, 0.1892431148550480500 ) ;
#3676 = CARTESIAN_POINT ( 'NONE',  ( 0.1568708612861310900, 0.1647781530124947400, -0.09090436395238243900 ) ) ;
#3677 = DIRECTION ( 'NONE',  ( 0.0000000000000000000, 0.0000000000000000000, 1.000000000000000000 ) ) ;
#3678 = DIRECTION ( 'NONE',  ( 0.3907311284889455900, 0.9205048534525796000, -0.0000000000000000000 ) ) ;
#3679 = ORIENTED_EDGE ( 'NONE', *, *, #5758, .T. ) ;
#3680 = AXIS2_PLACEMENT_3D ( 'NONE', #3531, #3521, #3520 ) ;
#3681 = DIRECTION ( 'NONE',  ( -0.9781469989636649700, 0.2079145219035133900, 9.591771214277735600E-008 ) ) ;
#3682 = MANIFOLD_SOLID_BREP ( 'Imported2', #786 ) ;
#3683 = CARTESIAN_POINT ( 'NONE',  ( -0.6264094766925808500, 0.01141671998785734900, -0.02112039361311780400 ) ) ;
#3684 = ORIENTED_EDGE ( 'NONE', *, *, #4657, .F. ) ;
#3685 = CARTESIAN_POINT ( 'NONE',  ( 0.1379416540878999900, 0.1763175202235999800, -0.02507292258063000000 ) ) ;
#3686 = EDGE_LOOP ( 'NONE', ( #4068, #398, #5771, #6119 ) ) ;
#3687 = DIRECTION ( 'NONE',  ( -1.000000000000000000, -0.0000000000000000000, 0.0000000000000000000 ) ) ;
#3688 = PLANE ( 'NONE',  #2111 ) ;
#3689 = CARTESIAN_POINT ( 'NONE',  ( 1.809864976664496700E-017, -0.1306808075913053800, 0.3075000000000000000 ) ) ;
#3690 = CARTESIAN_POINT ( 'NONE',  ( 0.2052422089699000000, 0.05998153152954999900, -0.1682748914784000200 ) ) ;
#3691 = EDGE_CURVE ( 'NONE', #4396, #729, #5525, .T. ) ;
#3692 = CARTESIAN_POINT ( 'NONE',  ( 0.1573424480560186600, 0.1729499433070863800, -0.07492620334167129900 ) ) ;
#3693 = VECTOR ( 'NONE', #1448, 39.37007874015748100 ) ;
#3694 = DIRECTION ( 'NONE',  ( 1.000000000000000000, 0.0000000000000000000, -0.0000000000000000000 ) ) ;
#3695 = CARTESIAN_POINT ( 'NONE',  ( 0.1396958446415000100, 0.1741247557707999700, 0.03737760853298999900 ) ) ;
#3696 = CIRCLE ( 'NONE', #1976, 0.004999999999953676000 ) ;
#3697 = CARTESIAN_POINT ( 'NONE',  ( 0.2480553266387000000, 0.09039433707175000000, -0.1698664268953999900 ) ) ;
#3698 = CARTESIAN_POINT ( 'NONE',  ( -0.7326511801730000200, 0.2440604652872999900, -0.06637111058979000600 ) ) ;
#3699 = CIRCLE ( 'NONE', #318, 0.07999999999999207700 ) ;
#3700 = CARTESIAN_POINT ( 'NONE',  ( 0.1583654533024953200, 0.1845740868133521600, -0.03813678141959060700 ) ) ;
#3701 = CARTESIAN_POINT ( 'NONE',  ( 0.3070933388217481600, 0.1769067067877347600, 8.402099571344738100E-009 ) ) ;
#3702 = EDGE_CURVE ( 'NONE', #581, #4396, #5495, .T. ) ;
#3703 = LINE ( 'NONE', #702, #3610 ) ;
#3704 = CARTESIAN_POINT ( 'NONE',  ( 0.1589168717790850100, 0.1880285183657880200, -0.01731265528035063800 ) ) ;
#3705 = CARTESIAN_POINT ( 'NONE',  ( 0.1414500351950999900, 0.1504941064679000100, 0.09522624058783998900 ) ) ;
#3706 = DIRECTION ( 'NONE',  ( -1.000000000000000000, 0.0000000000000000000, 0.0000000000000000000 ) ) ;
#3707 = CARTESIAN_POINT ( 'NONE',  ( 0.3074543385859344100, 0.1765391506804845100, 0.02315486501263381800 ) ) ;
#3708 = AXIS2_PLACEMENT_3D ( 'NONE', #5145, #5082, #5041 ) ;
#3709 = CARTESIAN_POINT ( 'NONE',  ( -1.044524830354221400, 0.2444999999999998800, -0.01699999999998999900 ) ) ;
#3710 = CIRCLE ( 'NONE', #3467, 0.1265000000000135500 ) ;
#3711 = CARTESIAN_POINT ( 'NONE',  ( 0.2296971911094999900, -0.1525847489615000100, -0.09290890526980000200 ) ) ;
#3712 = CARTESIAN_POINT ( 'NONE',  ( -0.7810000000000001400, -0.1767766952965430200, 0.1767766952966569600 ) ) ;
#3713 = CARTESIAN_POINT ( 'NONE',  ( 0.3078151039499523200, 0.1715885560937013000, 0.04616440482702251200 ) ) ;
#3714 = CARTESIAN_POINT ( 'NONE',  ( 0.1598038732739995900, 0.1871224510580101500, 0.01618873769620896400 ) ) ;
#3715 = CARTESIAN_POINT ( 'NONE',  ( 0.1432042257487000100, 0.1083349676530000100, 0.1413507853784000100 ) ) ;
#3716 = CARTESIAN_POINT ( 'NONE',  ( 0.2725103087781999800, -0.1479694111197000000, -0.1230070513489000000 ) ) ;
#3717 = ORIENTED_EDGE ( 'NONE', *, *, #3166, .T. ) ;
#3718 = CARTESIAN_POINT ( 'NONE',  ( 0.1000000000000000100, -0.1218570421029184800, -0.1176256124946593700 ) ) ;
#3719 = EDGE_CURVE ( 'NONE', #2635, #3601, #1919, .T. ) ;
#3720 = DIRECTION ( 'NONE',  ( 0.0000000000000000000, -0.7071067811865475700, 0.7071067811865475700 ) ) ;
#3721 = CARTESIAN_POINT ( 'NONE',  ( 0.3085366346780099000, 0.1532925837123553800, 0.08840560051887284800 ) ) ;
#3722 = ORIENTED_EDGE ( 'NONE', *, *, #4695, .T. ) ;
#3723 = ORIENTED_EDGE ( 'NONE', *, *, #4914, .F. ) ;
#3724 = DIRECTION ( 'NONE',  ( -1.000000000000000000, 4.094932536742629700E-016, 4.360660245055356500E-016 ) ) ;
#3725 = VECTOR ( 'NONE', #3144, 39.37007874015748100 ) ;
#3726 = CARTESIAN_POINT ( 'NONE',  ( 0.2694583738425452300, 0.1664962508239504800, 0.02391803809971980100 ) ) ;
#3727 = CARTESIAN_POINT ( 'NONE',  ( 0.1601095194023090800, 0.1858152059846437700, 0.02771780760948371400 ) ) ;
#3728 = EDGE_CURVE ( 'NONE', #2346, #3423, #5557, .T. ) ;
#3729 = CARTESIAN_POINT ( 'NONE',  ( 0.1449584163023000000, 0.05283790955131000000, 0.1700725192467000000 ) ) ;
#3730 = EDGE_CURVE ( 'NONE', #2784, #4135, #5566, .T. ) ;
#3731 = VERTEX_POINT ( 'NONE', #1202 ) ;
#3732 = VERTEX_POINT ( 'NONE', #5244 ) ;
#3733 = CARTESIAN_POINT ( 'NONE',  ( 0.3088974000420453600, 0.1399964713223551300, 0.1076496660868532100 ) ) ;
#3734 = CARTESIAN_POINT ( 'NONE',  ( 0.3259999999999726400, 0.0000000000000000000, -0.1416837567296281000 ) ) ;
#3735 = CARTESIAN_POINT ( 'NONE',  ( 0.2541521732490000200, -0.1219603944068999900, 0.1305365148258000000 ) ) ;
#3736 = CARTESIAN_POINT ( 'NONE',  ( 0.1467126068559000100, -0.009164382599912999900, 0.1778553268969000100 ) ) ;
#3737 = CARTESIAN_POINT ( 'NONE',  ( 0.1605829570397793700, 0.1820628851987992100, 0.04522079762740283100 ) ) ;
#3738 = ORIENTED_EDGE ( 'NONE', *, *, #5285, .F. ) ;
#3739 = LINE ( 'NONE', #1764, #3751 ) ;
#3740 = CARTESIAN_POINT ( 'NONE',  ( 0.3096189307701202000, 0.1071263017433739800, 0.1394727971300280500 ) ) ;
#3741 = CARTESIAN_POINT ( 'NONE',  ( 0.2969652909177000200, -0.1504915220603000000, 0.1199080051863000000 ) ) ;
#3742 = PLANE ( 'NONE',  #1071 ) ;
#3743 = STYLED_ITEM ( 'NONE', ( #2368 ), #1135 ) ;
#3744 = VERTEX_POINT ( 'NONE', #3734 ) ;
#3745 = ORIENTED_EDGE ( 'NONE', *, *, #4424, .T. ) ;
#3746 = DIRECTION ( 'NONE',  ( 1.000000000000000000, -0.0000000000000000000, -0.0000000000000000000 ) ) ;
#3747 = CARTESIAN_POINT ( 'NONE',  ( -0.7326511801730000200, 0.2605000000000000100, -0.06637111058979000600 ) ) ;
#3748 = CARTESIAN_POINT ( 'NONE',  ( 0.04999999999999998200, 3.681693177335427100E-014, -5.918869505956235700E-020 ) ) ;
#3749 = CARTESIAN_POINT ( 'NONE',  ( 0.2710960580643348400, -0.1670708080010283900, -0.08532597477709084900 ) ) ;
#3750 = DIMENSIONAL_EXPONENTS ( 1.000000000000000000, 0.0000000000000000000, 0.0000000000000000000, 0.0000000000000000000, 0.0000000000000000000, 0.0000000000000000000, 0.0000000000000000000 ) ;
#3751 = VECTOR ( 'NONE', #1784, 39.37007874015748100 ) ;
#3752 = ORIENTED_EDGE ( 'NONE', *, *, #1768, .T. ) ;
#3753 = ORIENTED_EDGE ( 'NONE', *, *, #1452, .F. ) ;
#3754 = CARTESIAN_POINT ( 'NONE',  ( -0.6205309767151808700, 0.01893956218845143500, -0.02339866128396091500 ) ) ;
#3755 = CARTESIAN_POINT ( 'NONE',  ( 0.1607432643264371800, 0.1805127298572865300, 0.05108859632312477700 ) ) ;
#3756 = CARTESIAN_POINT ( 'NONE',  ( 0.1484667974095000000, -0.07003833762033000200, 0.1637410491707000100 ) ) ;
#3757 = CARTESIAN_POINT ( 'NONE',  ( -0.7275992952230999600, -0.1255821643387000100, 0.2505986432524999800 ) ) ;
#3758 = CARTESIAN_POINT ( 'NONE',  ( 0.3099796961341603800, 0.08759969703524869700, 0.1520840655100812700 ) ) ;
#3759 = CARTESIAN_POINT ( 'NONE',  ( 0.7788404885582452800, -0.1443375672974198100, -0.2500000000000103800 ) ) ;
#3760 = DIMENSIONAL_EXPONENTS ( 1.000000000000000000, 0.0000000000000000000, 0.0000000000000000000, 0.0000000000000000000, 0.0000000000000000000, 0.0000000000000000000, 0.0000000000000000000 ) ;
#3761 = LINE ( 'NONE', #871, #3793 ) ;
#3762 = CARTESIAN_POINT ( 'NONE',  ( 0.2786071553885000100, 0.1030502624928000000, 0.1459270898987000100 ) ) ;
#3763 = ORIENTED_EDGE ( 'NONE', *, *, #1091, .T. ) ;
#3764 = DIRECTION ( 'NONE',  ( 0.0000000000000000000, 0.0000000000000000000, -1.000000000000000000 ) ) ;
#3765 = CARTESIAN_POINT ( 'NONE',  ( 0.1502209879630999900, -0.1222893255964000000, 0.1294674378080999900 ) ) ;
#3766 = CARTESIAN_POINT ( 'NONE',  ( 0.1609874673676751100, 0.1777059050472850900, 0.05988798397263168200 ) ) ;
#3767 = EDGE_CURVE ( 'NONE', #5208, #581, #5601, .T. ) ;
#3768 = VECTOR ( 'NONE', #4472, 39.37007874015748100 ) ;
#3769 = CARTESIAN_POINT ( 'NONE',  ( 0.3107012268622359500, 0.04531385109370936900, 0.1687971734341318900 ) ) ;
#3770 = EDGE_CURVE ( 'NONE', #5802, #1395, #5572, .T. ) ;
#3771 = CARTESIAN_POINT ( 'NONE',  ( 0.3214202730572000000, 0.08685193070030999800, 0.1717041718869999600 ) ) ;
#3772 = CARTESIAN_POINT ( 'NONE',  ( 0.1000000000000000600, 0.09131491284748365100, -0.1523549735319471600 ) ) ;
#3773 = EDGE_LOOP ( 'NONE', ( #3952, #470, #1867, #1965, #3723, #6104, #658, #5502, #3562, #2421, #2988, #3364 ) ) ;
#3774 = LINE ( 'NONE', #153, #3958 ) ;
#3775 = CARTESIAN_POINT ( 'NONE',  ( 0.2691035861005172100, 0.1677739471284221700, 0.01204419363000523000 ) ) ;
#3776 = CARTESIAN_POINT ( 'NONE',  ( 0.1519751785167000000, -0.1594843739019999900, 0.07925419709641001700 ) ) ;
#3777 = ORIENTED_EDGE ( 'NONE', *, *, #5423, .T. ) ;
#3778 = CARTESIAN_POINT ( 'NONE',  ( -0.7340000000000001000, 0.05800000000001583100, 0.2445999999999999600 ) ) ;
#3779 = AXIS2_PLACEMENT_3D ( 'NONE', #4756, #4700, #4691 ) ;
#3780 = CIRCLE ( 'NONE', #544, 0.03270000000001886000 ) ;
#3781 = CARTESIAN_POINT ( 'NONE',  ( -0.6418917566260854400, 0.003359428927000490500, -0.01658304988257025900 ) ) ;
#3782 = VECTOR ( 'NONE', #4523, 39.37007874015748100 ) ;
#3783 = CARTESIAN_POINT ( 'NONE',  ( 0.1611105044161070300, 0.1761826411742241100, 0.06428712713807073500 ) ) ;
#3784 = CARTESIAN_POINT ( 'NONE',  ( -0.8940176194235499600, -0.2156675682618999800, 0.1605132393292999500 ) ) ;
#3785 = CARTESIAN_POINT ( 'NONE',  ( -0.5826100461440373300, 0.1203877659097703600, -0.03884631023992939100 ) ) ;
#3786 = VERTEX_POINT ( 'NONE', #6243 ) ;
#3787 = CARTESIAN_POINT ( 'NONE',  ( 0.3030621375279999900, 0.1638119757069000100, -0.07127177694181000000 ) ) ;
#3788 = VECTOR ( 'NONE', #6023, 39.37007874015748900 ) ;
#3789 = VECTOR ( 'NONE', #2504, 39.37007874015748100 ) ;
#3790 = CARTESIAN_POINT ( 'NONE',  ( 0.7968750000000000000, 1.089324387473624900E-013, 5.543944022142414500E-014 ) ) ;
#3791 = CARTESIAN_POINT ( 'NONE',  ( 0.1537293690702999900, -0.1770441702888999900, 0.01928345648713999600 ) ) ;
#3792 = CARTESIAN_POINT ( 'NONE',  ( 0.3110619922262717300, 0.02259032988185912300, 0.1729477897058187800 ) ) ;
#3793 = VECTOR ( 'NONE', #3, 39.37007874015748100 ) ;
#3794 = CARTESIAN_POINT ( 'NONE',  ( 0.09402751850927000600, 0.1667398167340999900, 0.08136804241933000300 ) ) ;
#3795 = CARTESIAN_POINT ( 'NONE',  ( -0.7810000000000001400, 0.1909999999999999500, 0.2389999999999999900 ) ) ;
#3796 = CARTESIAN_POINT ( 'NONE',  ( 0.7899107369740756600, -0.1680777916369645100, -0.2088807252608735100 ) ) ;
#3797 = CIRCLE ( 'NONE', #2321, 0.3075000000000286400 ) ;
#3798 = LINE ( 'NONE', #654, #3915 ) ;
#3799 = CARTESIAN_POINT ( 'NONE',  ( 0.1554835596239000100, -0.1728068451260000300, -0.04306136131891000200 ) ) ;
#3800 = FACE_OUTER_BOUND ( 'NONE', #6100, .T. ) ;
#3801 = CARTESIAN_POINT ( 'NONE',  ( 0.1612556848129498600, 0.1741913493180921900, 0.06940637255755685600 ) ) ;
#3802 = CARTESIAN_POINT ( 'NONE',  ( 0.2532871105207280000, -0.1680118934960002600, -0.005570913767896759500 ) ) ;
#3803 = ORIENTED_EDGE ( 'NONE', *, *, #917, .F. ) ;
#3804 = CARTESIAN_POINT ( 'NONE',  ( 0.7211595114417815900, 0.1443375672974181200, 0.2500000000000014400 ) ) ;
#3805 = CARTESIAN_POINT ( 'NONE',  ( -0.8979999999999999100, 0.2525000000000500200, 0.1419999999999999900 ) ) ;
#3806 = CARTESIAN_POINT ( 'NONE',  ( 0.7968749999989980200, -0.1920745307629762000, -0.1673171538786445400 ) ) ;
#3807 = EDGE_CURVE ( 'NONE', #3301, #5038, #5665, .T. ) ;
#3808 = CARTESIAN_POINT ( 'NONE',  ( 0.3256359671953000200, -0.09619664403822998600, -0.1455135711926000000 ) ) ;
#3809 = LINE ( 'NONE', #138, #4023 ) ;
#3810 = CARTESIAN_POINT ( 'NONE',  ( -0.7575000000000000600, -0.2390000000000116500, -0.3025000000000003800 ) ) ;
#3811 = CARTESIAN_POINT ( 'NONE',  ( 0.1613182558059552100, 0.1732916030810021100, 0.07159614519906427900 ) ) ;
#3812 = CARTESIAN_POINT ( 'NONE',  ( 0.1572377501775000000, -0.1472941233735000100, -0.1001045673155000100 ) ) ;
#3813 = FACE_OUTER_BOUND ( 'NONE', #4930, .T. ) ;
#3814 = CARTESIAN_POINT ( 'NONE',  ( 0.1184825006488000000, 0.1135620727734000000, -0.1467189420359000000 ) ) ;
#3815 = CARTESIAN_POINT ( 'NONE',  ( 0.7100892630259434400, 0.1680777916369661800, 0.2088807252608706500 ) ) ;
#3816 = CARTESIAN_POINT ( 'NONE',  ( 0.1000000000000000200, 0.1818319315685102100, 0.03491533437230438100 ) ) ;
#3817 = ORIENTED_EDGE ( 'NONE', *, *, #3282, .T. ) ;
#3818 = ORIENTED_EDGE ( 'NONE', *, *, #2993, .F. ) ;
#3819 = EDGE_CURVE ( 'NONE', #5674, #3437, #5659, .T. ) ;
#3820 = MECHANICAL_DESIGN_GEOMETRIC_PRESENTATION_REPRESENTATION (  '', ( #3743 ), #5069 ) ;
#3821 = CARTESIAN_POINT ( 'NONE',  ( 0.2596537903088280700, -0.04350344849292280700, -0.1638232357785802100 ) ) ;
#3822 = DIRECTION ( 'NONE',  ( 0.0000000000000000000, 1.000000000000000000, 0.0000000000000000000 ) ) ;
#3823 = CARTESIAN_POINT ( 'NONE',  ( 0.2785767810319981200, 0.07473473636710248300, -0.1730631081944470400 ) ) ;
#3824 = VERTEX_POINT ( 'NONE', #3181 ) ;
#3825 = LINE ( 'NONE', #333, #3866 ) ;
#3826 = CARTESIAN_POINT ( 'NONE',  ( 0.1613600477619432100, 0.1726814267228559700, 0.07305490622260432700 ) ) ;
#3827 = CARTESIAN_POINT ( 'NONE',  ( 0.2609368261529528800, 1.248008587758740200E-008, -0.1680971861311023100 ) ) ;
#3828 = EDGE_CURVE ( 'NONE', #1570, #581, #2547, .T. ) ;
#3829 = VECTOR ( 'NONE', #1829, 39.37007874015748100 ) ;
#3830 = CARTESIAN_POINT ( 'NONE',  ( 0.1589919407310999800, -0.1036470805555999900, -0.1448232110899000100 ) ) ;
#3831 = DIRECTION ( 'NONE',  ( -1.000000000000000000, 0.0000000000000000000, 0.0000000000000000000 ) ) ;
#3832 = ORIENTED_EDGE ( 'NONE', *, *, #2376, .F. ) ;
#3833 = VECTOR ( 'NONE', #3653, 39.37007874015748100 ) ;
#3834 = CARTESIAN_POINT ( 'NONE',  ( 0.2542935967820919600, 0.1830493281838022600, 0.04381829329005772900 ) ) ;
#3835 = CARTESIAN_POINT ( 'NONE',  ( 0.1001243651195000000, -0.1295195966778000000, -0.1128078711688000100 ) ) ;
#3836 = DIRECTION ( 'NONE',  ( 1.000000000000000000, -0.0000000000000000000, -0.0000000000000000000 ) ) ;
#3837 = CARTESIAN_POINT ( 'NONE',  ( 0.3949238939618788800, 1.237856014599149100E-016, -0.3074999999999344900 ) ) ;
#3838 = CARTESIAN_POINT ( 'NONE',  ( 0.1607461312848000000, -0.04723941434641999700, -0.1717117179887000000 ) ) ;
#3839 = ORIENTED_EDGE ( 'NONE', *, *, #5236, .F. ) ;
#3840 = ORIENTED_EDGE ( 'NONE', *, *, #5699, .F. ) ;
#3841 = CARTESIAN_POINT ( 'NONE',  ( 0.1429374827883000100, -0.1205782227074000000, -0.1410093306692999900 ) ) ;
#3842 = DIRECTION ( 'NONE',  ( -1.000000000000000000, -0.0000000000000000000, -0.0000000000000000000 ) ) ;
#3843 = VERTEX_POINT ( 'NONE', #596 ) ;
#3844 = CARTESIAN_POINT ( 'NONE',  ( 0.1613831554145117000, 0.1723384873722907700, 0.07385917908586156500 ) ) ;
#3845 = ORIENTED_EDGE ( 'NONE', *, *, #2167, .F. ) ;
#3846 = LINE ( 'NONE', #163, #3855 ) ;
#3847 = CARTESIAN_POINT ( 'NONE',  ( -0.7339999999999999900, -0.3197999999999999700, 0.3197999999999999700 ) ) ;
#3848 = PLANE ( 'NONE',  #2833 ) ;
#3849 = CYLINDRICAL_SURFACE ( 'NONE', #1258, 0.07999999999999207700 ) ;
#3850 = CARTESIAN_POINT ( 'NONE',  ( 0.7899107369749246400, -0.09685711861488499600, -0.2500000000000000000 ) ) ;
#3851 = AXIS2_PLACEMENT_3D ( 'NONE', #1903, #1979, #1955 ) ;
#3852 = CARTESIAN_POINT ( 'NONE',  ( 0.3009999999999994900, 4.274290633111879700E-026, -0.1272500000000276200 ) ) ;
#3853 = CARTESIAN_POINT ( 'NONE',  ( -0.6651431340215999700, -0.008695748697550999300, -0.01440584848381999900 ) ) ;
#3854 = CARTESIAN_POINT ( 'NONE',  ( 0.7031250000000154300, 0.2165063509434527700, 0.1250000000046127800 ) ) ;
#3855 = VECTOR ( 'NONE', #116, 39.37007874015748100 ) ;
#3856 = CARTESIAN_POINT ( 'NONE',  ( -0.7074985263545938700, 0.009283048678458140700, 0.02182250319205513600 ) ) ;
#3857 = CARTESIAN_POINT ( 'NONE',  ( 0.1671865952668472900, -3.973920153760026800E-008, -0.1680973602015729500 ) ) ;
#3858 = CARTESIAN_POINT ( 'NONE',  ( 0.1245793472590999800, -0.1367768611059999900, 0.1038893036953999900 ) ) ;
#3859 = CARTESIAN_POINT ( 'NONE',  ( -0.3905000000000000700, 0.3075000000000000000, -0.1999999999999999800 ) ) ;
#3860 = CIRCLE ( 'NONE', #2822, 0.07999999999999207700 ) ;
#3861 = CARTESIAN_POINT ( 'NONE',  ( 0.1625003218383999900, 0.01498415367215000100, -0.1774597083003000000 ) ) ;
#3862 = CARTESIAN_POINT ( 'NONE',  ( 0.7031250000010088600, 0.1920745307629765900, 0.1673171538786438500 ) ) ;
#3863 = LINE ( 'NONE', #5493, #3768 ) ;
#3864 = CARTESIAN_POINT ( 'NONE',  ( 0.1673924649277999900, -0.1625677829657999600, 0.08941140248282999900 ) ) ;
#3865 = PLANE ( 'NONE',  #2738 ) ;
#3866 = VECTOR ( 'NONE', #324, 39.37007874015748900 ) ;
#3867 = CARTESIAN_POINT ( 'NONE',  ( 0.2602956324601067900, -0.02171838667345681400, -0.1681010968910880700 ) ) ;
#3868 = DIMENSIONAL_EXPONENTS ( 1.000000000000000000, 0.0000000000000000000, 0.0000000000000000000, 0.0000000000000000000, 0.0000000000000000000, 0.0000000000000000000, 0.0000000000000000000 ) ;
#3869 = PLANE ( 'NONE',  #2137 ) ;
#3870 = EDGE_CURVE ( 'NONE', #2187, #1741, #5730, .T. ) ;
#3871 = CARTESIAN_POINT ( 'NONE',  ( -0.5989355881578630700, 0.1205378789138863800, -0.03837798518609034800 ) ) ;
#3872 = EDGE_CURVE ( 'NONE', #5110, #65, #5705, .T. ) ;
#3873 = CIRCLE ( 'NONE', #587, 0.2343750000000291200 ) ;
#3874 = DIRECTION ( 'NONE',  ( 0.0000000000000000000, 0.0000000000000000000, 1.000000000000000000 ) ) ;
#3875 = CARTESIAN_POINT ( 'NONE',  ( -0.7074985263546024200, 0.009283048678468084100, 0.02200000000000999800 ) ) ;
#3876 = CARTESIAN_POINT ( 'NONE',  ( 0.3114226428695745500, 2.972138026994860000E-009, 0.1725774041012495300 ) ) ;
#3877 = CARTESIAN_POINT ( 'NONE',  ( -1.049000000000239100, 0.09700000000004639600, 0.2605000000000000100 ) ) ;
#3878 = DIRECTION ( 'NONE',  ( 0.0000000000000000000, 0.0000000000000000000, -1.000000000000000000 ) ) ;
#3879 = CARTESIAN_POINT ( 'NONE',  ( 0.7788404885582191900, -0.2886751345948362400, -2.714133640958143600E-014 ) ) ;
#3880 = ORIENTED_EDGE ( 'NONE', *, *, #4145, .T. ) ;
#3881 = CARTESIAN_POINT ( 'NONE',  ( 0.2583639409788466300, -0.08395973203210729800, -0.1472542089326164300 ) ) ;
#3882 = CARTESIAN_POINT ( 'NONE',  ( 0.05099999999999998300, 3.681698735523857500E-014, -3.855256875694486800E-034 ) ) ;
#3883 = DIRECTION ( 'NONE',  ( 1.000000000000000000, 0.0000000000000000000, -0.0000000000000000000 ) ) ;
#3884 = CARTESIAN_POINT ( 'NONE',  ( 0.1918474470673000000, 0.05452045444754000100, 0.1773418880332000000 ) ) ;
#3885 = EDGE_LOOP ( 'NONE', ( #521, #613, #5696, #4907 ) ) ;
#3886 = DIRECTION ( 'NONE',  ( 1.000000000000000000, 2.223275371944979700E-015, 2.367547802382034900E-015 ) ) ;
#3887 = DIRECTION ( 'NONE',  ( -1.000000000000000000, -0.0000000000000000000, -0.0000000000000000000 ) ) ;
#3888 = CARTESIAN_POINT ( 'NONE',  ( 0.2553181971203000200, 0.1542084139374000100, -0.1021217478868999800 ) ) ;
#3889 = VERTEX_POINT ( 'NONE', #1106 ) ;
#3890 = CARTESIAN_POINT ( 'NONE',  ( -0.7339999999999999900, 0.09700000000000001700, 0.2446000000000000100 ) ) ;
#3891 = LINE ( 'NONE', #3905, #5321 ) ;
#3892 = CARTESIAN_POINT ( 'NONE',  ( -0.8014409913476006100, 0.2525000000000500200, 0.1013157342504046300 ) ) ;
#3893 = CARTESIAN_POINT ( 'NONE',  ( 0.3749999999999968400, 1.237856014599161000E-016, 6.200868094368866900E-014 ) ) ;
#3894 = DIRECTION ( 'NONE',  ( -1.082673996788498500E-015, -1.000000000000000000, 0.0000000000000000000 ) ) ;
#3895 = ORIENTED_EDGE ( 'NONE', *, *, #2275, .T. ) ;
#3896 = CIRCLE ( 'NONE', #3434, 0.03900000000005479600 ) ;
#3897 = DIRECTION ( 'NONE',  ( -1.000000000000000000, 1.172870181530256900E-015, 1.101398411666896200E-015 ) ) ;
#3898 = CARTESIAN_POINT ( 'NONE',  ( 0.1642545123920000100, 0.07536289102719000200, -0.1613595492716999600 ) ) ;
#3899 = EDGE_CURVE ( 'NONE', #3091, #2346, #5751, .T. ) ;
#3900 = CARTESIAN_POINT ( 'NONE',  ( 0.7187500000000008900, -1.140258412761748100E-013, -1.707404996040213800E-017 ) ) ;
#3901 = CARTESIAN_POINT ( 'NONE',  ( -1.044524830354000000, -0.2100107140124500000, 0.1548563850798500000 ) ) ;
#3902 = B_SPLINE_SURFACE_WITH_KNOTS ( 'NONE', 3, 3, ( 
 ( #4966, #3983, #2954, #2420, #1892, #1402, #888 ),
 ( #430, #6477, #5983, #5453, #4927, #4434, #3947 ),
 ( #3433, #2907, #2374, #1849, #1363, #849, #384 ),
 ( #6441, #5936, #5413, #4879, #4395, #3910, #3396 ) ),
 .UNSPECIFIED., .F., .F., .F.,
 ( 4, 4 ),
 ( 4, 1, 1, 1, 4 ),
 ( -0.02747091954720999900, 1.027470919547000000 ),
 ( -0.03525565089029000100, 0.4230678106833999900, 0.8813912722571000100, 1.339714733831000000, 1.798038195405000000 ),
 .UNSPECIFIED. ) ;
#3903 = CARTESIAN_POINT ( 'NONE',  ( 4.268512490100411300E-018, -3.810336587946894200E-015, 2.281183804079129800E-017 ) ) ;
#3904 = ORIENTED_EDGE ( 'NONE', *, *, #4338, .F. ) ;
#3905 = CARTESIAN_POINT ( 'NONE',  ( -0.7809999999999999200, -0.2389999999999999600, -0.2467499999999999700 ) ) ;
#3906 = CARTESIAN_POINT ( 'NONE',  ( 0.2163024292067999800, 0.1847191273926999900, -0.01736119989914999800 ) ) ;
#3907 = CARTESIAN_POINT ( 'NONE',  ( 0.4052700307959143400, 6.189280072998427900E-017, -8.505651413398584300E-014 ) ) ;
#3908 = CARTESIAN_POINT ( 'NONE',  ( 0.1660087029456000000, 0.1264632152888000000, -0.1253934655527000100 ) ) ;
#3909 = LINE ( 'NONE', #4150, #25 ) ;
#3910 = CARTESIAN_POINT ( 'NONE',  ( -0.6612127792911000100, -0.01108181856084000000, -0.01379362794879000100 ) ) ;
#3911 = VERTEX_POINT ( 'NONE', #68 ) ;
#3912 = ORIENTED_EDGE ( 'NONE', *, *, #4435, .F. ) ;
#3913 = CARTESIAN_POINT ( 'NONE',  ( 0.3159018322300940500, -0.1678359380240408100, -0.009352362540219750400 ) ) ;
#3914 = VERTEX_POINT ( 'NONE', #1523 ) ;
#3915 = VECTOR ( 'NONE', #677, 39.37007874015748100 ) ;
#3916 = CARTESIAN_POINT ( 'NONE',  ( 0.1677628934992000100, 0.1619938844526999700, -0.07398948539963000300 ) ) ;
#3917 = VECTOR ( 'NONE', #3629, 39.37007874015748100 ) ;
#3918 = CARTESIAN_POINT ( 'NONE',  ( 0.7784797983293999500, -2.244170441670291100E-013, -1.820947428276835500E-014 ) ) ;
#3919 = CARTESIAN_POINT ( 'NONE',  ( -0.6035826476055075100, 0.09867518311603935800, 0.07915464760213884700 ) ) ;
#3920 = ORIENTED_EDGE ( 'NONE', *, *, #4074, .T. ) ;
#3921 = ORIENTED_EDGE ( 'NONE', *, *, #5045, .F. ) ;
#3922 = CIRCLE ( 'NONE', #337, 0.1874999999999694400 ) ;
#3923 = CARTESIAN_POINT ( 'NONE',  ( 0.2577159338001373500, -0.1026130292239284300, -0.1349367913282253100 ) ) ;
#3924 = LINE ( 'NONE', #2003, #3940 ) ;
#3925 = CARTESIAN_POINT ( 'NONE',  ( 0.1695170840528000000, 0.1775805427621000000, -0.01347627150878000100 ) ) ;
#3926 = DIRECTION ( 'NONE',  ( -1.000000000000000000, -0.0000000000000000000, -0.0000000000000000000 ) ) ;
#3927 = CARTESIAN_POINT ( 'NONE',  ( 0.2407574113464000000, 0.02051724853800000100, -0.1843951005736000100 ) ) ;
#3928 = ORIENTED_EDGE ( 'NONE', *, *, #5026, .T. ) ;
#3929 = ORIENTED_EDGE ( 'NONE', *, *, #1559, .F. ) ;
#3930 = EDGE_CURVE ( 'NONE', #6124, #4370, #5488, .T. ) ;
#3931 = EDGE_LOOP ( 'NONE', ( #6333, #5982 ) ) ;
#3932 = CARTESIAN_POINT ( 'NONE',  ( 0.2564137544153807200, -0.1338838850178328800, -0.1039812402581642100 ) ) ;
#3933 = CARTESIAN_POINT ( 'NONE',  ( 0.1712712746063999600, 0.1713042642849000000, 0.04869604293898000000 ) ) ;
#3934 = ORIENTED_EDGE ( 'NONE', *, *, #4933, .F. ) ;
#3935 = DIRECTION ( 'NONE',  ( -1.000000000000000000, 1.228479761022789000E-015, 1.308198073516607000E-015 ) ) ;
#3936 = EDGE_CURVE ( 'NONE', #6124, #4595, #2584, .T. ) ;
#3937 = DIMENSIONAL_EXPONENTS ( 1.000000000000000000, 0.0000000000000000000, 0.0000000000000000000, 0.0000000000000000000, 0.0000000000000000000, 0.0000000000000000000, 0.0000000000000000000 ) ;
#3938 = LINE ( 'NONE', #3149, #3833 ) ;
#3939 = CARTESIAN_POINT ( 'NONE',  ( -0.8939999999999997900, -0.1491995308303333300, 0.2043538597628666900 ) ) ;
#3940 = VECTOR ( 'NONE', #1003, 39.37007874015748100 ) ;
#3941 = DIRECTION ( 'NONE',  ( 1.341772099048953400E-015, 0.0000000000000000000, 1.000000000000000000 ) ) ;
#3942 = AXIS2_PLACEMENT_3D ( 'NONE', #4204, #4308, #4294 ) ;
#3943 = EDGE_CURVE ( 'NONE', #65, #3489, #2552, .T. ) ;
#3944 = VERTEX_POINT ( 'NONE', #5052 ) ;
#3945 = CARTESIAN_POINT ( 'NONE',  ( 0.2652123934858999800, -0.1763858588116999900, -0.05753681750528000200 ) ) ;
#3946 = CARTESIAN_POINT ( 'NONE',  ( 0.1730254651600000000, 0.1439377927226999900, 0.1048730845938000000 ) ) ;
#3947 = CARTESIAN_POINT ( 'NONE',  ( -0.6628868797857999700, 0.002117508860610000100, -0.01282941834753000000 ) ) ;
#3948 = LINE ( 'NONE', #6212, #4080 ) ;
#3949 = DIRECTION ( 'NONE',  ( 0.0000000000000000000, 0.0000000000000000000, -1.000000000000000000 ) ) ;
#3950 = AXIS2_PLACEMENT_3D ( 'NONE', #3882, #4278, #4076 ) ;
#3951 = DIRECTION ( 'NONE',  ( -4.433061889595465500E-016, -1.000000000000000000, 0.0000000000000000000 ) ) ;
#3952 = ORIENTED_EDGE ( 'NONE', *, *, #1050, .F. ) ;
#3953 = CARTESIAN_POINT ( 'NONE',  ( 0.1747796557135999900, 0.09885039456860998700, 0.1481386108129000000 ) ) ;
#3954 = FACE_OUTER_BOUND ( 'NONE', #2076, .T. ) ;
#3955 = CARTESIAN_POINT ( 'NONE',  ( 0.7211595114417742600, -0.2886751345948361200, -3.196651316724173200E-015 ) ) ;
#3956 = ORIENTED_EDGE ( 'NONE', *, *, #5661, .T. ) ;
#3957 = DIRECTION ( 'NONE',  ( 1.000000000000000000, 0.0000000000000000000, 0.0000000000000000000 ) ) ;
#3958 = VECTOR ( 'NONE', #4621, 39.37007874015748100 ) ;
#3959 = CARTESIAN_POINT ( 'NONE',  ( 0.2896673756254000100, -0.09215592806252000100, 0.1610269898995999600 ) ) ;
#3960 = CARTESIAN_POINT ( 'NONE',  ( -0.7574999999999999500, -0.2580939751330999500, 0.1308147545195000000 ) ) ;
#3961 = CARTESIAN_POINT ( 'NONE',  ( 0.7968750000000000000, 1.340152852673150400E-014, 1.837850737737633100E-013 ) ) ;
#3962 = CARTESIAN_POINT ( 'NONE',  ( -0.7339999999999999900, 0.2444999999999999700, -0.1029999999999999700 ) ) ;
#3963 = VERTEX_POINT ( 'NONE', #1485 ) ;
#3964 = CARTESIAN_POINT ( 'NONE',  ( 0.3259999999999726400, 1.735125591702575300E-017, 0.1416837567298669100 ) ) ;
#3965 = CARTESIAN_POINT ( 'NONE',  ( 0.1765338462672000100, 0.04159304159585999700, 0.1731660009150999800 ) ) ;
#3966 = EDGE_CURVE ( 'NONE', #696, #5945, #2399, .T. ) ;
#3967 = ORIENTED_EDGE ( 'NONE', *, *, #2275, .F. ) ;
#3968 = VECTOR ( 'NONE', #3609, 39.37007874015748900 ) ;
#3969 = DIRECTION ( 'NONE',  ( 0.0000000000000000000, 0.0000000000000000000, 1.000000000000000000 ) ) ;
#3970 = FACE_OUTER_BOUND ( 'NONE', #6055, .T. ) ;
#3971 = CARTESIAN_POINT ( 'NONE',  ( -0.8134999999999998900, 0.2444999999999999700, -0.1029999999999999900 ) ) ;
#3972 = CARTESIAN_POINT ( 'NONE',  ( -0.7339999999999999900, 0.2444999999999999700, 0.02199999999999999900 ) ) ;
#3973 = ORIENTED_EDGE ( 'NONE', *, *, #123, .T. ) ;
#3974 = ORIENTED_EDGE ( 'NONE', *, *, #5348, .F. ) ;
#3975 = EDGE_CURVE ( 'NONE', #2247, #3732, #2459, .T. ) ;
#3976 = DIRECTION ( 'NONE',  ( -1.000000000000000000, 2.574506745554769400E-017, 2.741571226202285400E-017 ) ) ;
#3977 = DIMENSIONAL_EXPONENTS ( 1.000000000000000000, 0.0000000000000000000, 0.0000000000000000000, 0.0000000000000000000, 0.0000000000000000000, 0.0000000000000000000, 0.0000000000000000000 ) ;
#3978 = CARTESIAN_POINT ( 'NONE',  ( 0.1782880368207999700, -0.02078500520838999500, 0.1768740370762000000 ) ) ;
#3979 = ORIENTED_EDGE ( 'NONE', *, *, #947, .F. ) ;
#3980 = EDGE_LOOP ( 'NONE', ( #6491, #6449, #4616, #4888 ) ) ;
#3981 = CARTESIAN_POINT ( 'NONE',  ( 0.3141223577648999400, 0.1389595082588999900, 0.1229333846513000100 ) ) ;
#3982 = DIRECTION ( 'NONE',  ( 0.3907311284902492700, 0.9205048534520262600, 0.0000000000000000000 ) ) ;
#3983 = CARTESIAN_POINT ( 'NONE',  ( -0.6196726444851999900, 0.02440542711440999900, -0.02423436803583000100 ) ) ;
#3984 = VECTOR ( 'NONE', #2634, 39.37007874015748100 ) ;
#3985 = EDGE_CURVE ( 'NONE', #4039, #6476, #2284, .T. ) ;
#3986 = DIRECTION ( 'NONE',  ( -0.0000000000000000000, -1.000000000000000000, -0.0000000000000000000 ) ) ;
#3987 = ORIENTED_EDGE ( 'NONE', *, *, #5328, .T. ) ;
#3988 = LINE ( 'NONE', #3373, #3968 ) ;
#3989 = CARTESIAN_POINT ( 'NONE',  ( 0.1800422273744000100, -0.08060407006469999500, 0.1588062396835999700 ) ) ;
#3990 = CARTESIAN_POINT ( 'NONE',  ( -0.7677204956737500000, 0.2444999999999999700, 0.1057546442206999800 ) ) ;
#3991 = ORIENTED_EDGE ( 'NONE', *, *, #1975, .F. ) ;
#3992 = ORIENTED_EDGE ( 'NONE', *, *, #4188, .F. ) ;
#3993 = VERTEX_POINT ( 'NONE', #1445 ) ;
#3994 = DIRECTION ( 'NONE',  ( -0.9205048534520262600, 0.3907311284902492700, 0.0000000000000000000 ) ) ;
#3995 = CARTESIAN_POINT ( 'NONE',  ( 0.2253719398279771000, 0.1434769164579616800, 0.1222642148540766100 ) ) ;
#3996 = VERTEX_POINT ( 'NONE', #471 ) ;
#3997 = EDGE_LOOP ( 'NONE', ( #5959, #1816, #174, #662, #2122, #6471 ) ) ;
#3998 = CARTESIAN_POINT ( 'NONE',  ( 0.1817964179280000000, -0.1304995460394000100, 0.1211870570111000000 ) ) ;
#3999 = DIRECTION ( 'NONE',  ( 0.0000000000000000000, 0.0000000000000000000, -1.000000000000000000 ) ) ;
#4000 = CARTESIAN_POINT ( 'NONE',  ( 0.08672960321691999800, 0.1781334766784999900, 0.01351949680486000000 ) ) ;
#4001 = DIRECTION ( 'NONE',  ( 1.000000000000000000, 0.0000000000000000000, 0.0000000000000000000 ) ) ;
#4002 = ORIENTED_EDGE ( 'NONE', *, *, #4761, .T. ) ;
#4003 = ORIENTED_EDGE ( 'NONE', *, *, #3630, .F. ) ;
#4004 = CARTESIAN_POINT ( 'NONE',  ( 0.01467999999999999900, -3.810714525537142400E-015, 0.1265000000000135700 ) ) ;
#4005 = FACE_BOUND ( 'NONE', #6498, .T. ) ;
#4006 = CARTESIAN_POINT ( 'NONE',  ( 0.1835506084816000100, -0.1643285846682000000, 0.06864799330460000200 ) ) ;
#4007 = CARTESIAN_POINT ( 'NONE',  ( 0.2192653754691154800, -0.1468782503946019200, 0.08465421653481951200 ) ) ;
#4008 = CIRCLE ( 'NONE', #2889, 0.004999999999953607500 ) ;
#4009 = CARTESIAN_POINT ( 'NONE',  ( -0.8939999999999999100, 0.1590000000000000000, 0.2446000000000000100 ) ) ;
#4010 = FACE_OUTER_BOUND ( 'NONE', #1311, .T. ) ;
#4011 = EDGE_CURVE ( 'NONE', #703, #3993, #2644, .T. ) ;
#4012 = CARTESIAN_POINT ( 'NONE',  ( 0.7031250000000229800, -8.349797351103793100E-014, 7.833574121832274700E-014 ) ) ;
#4013 = DIRECTION ( 'NONE',  ( 0.0000000000000000000, 0.0000000000000000000, -1.000000000000000000 ) ) ;
#4014 = CARTESIAN_POINT ( 'NONE',  ( 0.7031250000000230900, -0.2165063509434593500, 0.1250000000046166100 ) ) ;
#4015 = LINE ( 'NONE', #5686, #4047 ) ;
#4016 = CARTESIAN_POINT ( 'NONE',  ( 0.3009999999999996600, -5.653164585482858500E-014, 5.335577574977961000E-017 ) ) ;
#4017 = B_SPLINE_SURFACE_WITH_KNOTS ( 'NONE', 3, 3, ( 
 ( #3217, #3211, #3195, #3183, #3180, #3170, #3160 ),
 ( #3152, #3147, #3141, #3135, #3126, #3116, #3103 ),
 ( #3094, #3085, #3080, #3072, #3067, #3062, #3048 ),
 ( #3038, #3028, #3015, #3007, #3000, #2996, #2986 ) ),
 .UNSPECIFIED., .F., .F., .F.,
 ( 4, 4 ),
 ( 4, 1, 1, 1, 4 ),
 ( -0.02747091954720000000, 1.027470919547000000 ),
 ( -0.03525565089029000100, 0.4230678106833999900, 0.8813912722571000100, 1.339714733831000000, 1.798038195405000000 ),
 .UNSPECIFIED. ) ;
#4018 = DIRECTION ( 'NONE',  ( 0.0000000000000000000, 0.0000000000000000000, 1.000000000000000000 ) ) ;
#4019 = EDGE_CURVE ( 'NONE', #2450, #2186, #3863, .T. ) ;
#4020 = DIRECTION ( 'NONE',  ( 1.000000000000000000, 0.0000000000000000000, -0.0000000000000000000 ) ) ;
#4021 = CARTESIAN_POINT ( 'NONE',  ( -0.7076702662488999500, 0.008878454842121999800, 0.02218459668030000100 ) ) ;
#4022 = CARTESIAN_POINT ( 'NONE',  ( 0.1111845853563999800, 0.04944816836528000100, -0.1716662512447000000 ) ) ;
#4023 = VECTOR ( 'NONE', #2598, 39.37007874015748100 ) ;
#4024 = DIRECTION ( 'NONE',  ( 2.731847993689610700E-014, 0.0000000000000000000, -1.000000000000000000 ) ) ;
#4025 = ADVANCED_FACE ( 'NONE', ( #3657 ), #3902, .T. ) ;
#4026 = FACE_BOUND ( 'NONE', #510, .T. ) ;
#4027 = CARTESIAN_POINT ( 'NONE',  ( 0.3747930772632997500, -0.3081220228479096300, 1.641243052443608100E-015 ) ) ;
#4028 = DIRECTION ( 'NONE',  ( -1.000000000000000000, 2.574506745554769100E-017, 2.741571226202285400E-017 ) ) ;
#4029 = DIRECTION ( 'NONE',  ( 0.0000000000000000000, -1.000000000000000000, 0.0000000000000000000 ) ) ;
#4030 = ORIENTED_EDGE ( 'NONE', *, *, #4177, .F. ) ;
#4031 = CARTESIAN_POINT ( 'NONE',  ( -0.8939999999999999100, 0.1360000000000000100, 0.2525500000000500100 ) ) ;
#4032 = DIRECTION ( 'NONE',  ( 0.0000000000000000000, 0.0000000000000000000, 1.000000000000000000 ) ) ;
#4033 = CARTESIAN_POINT ( 'NONE',  ( 0.3260000000000931600, -1.065975624152775600E-013, -1.148795437741948800E-013 ) ) ;
#4034 = CIRCLE ( 'NONE', #2918, 0.1416837567297475100 ) ;
#4035 = DIRECTION ( 'NONE',  ( 0.0000000000000000000, 0.0000000000000000000, 1.000000000000000000 ) ) ;
#4036 = DIRECTION ( 'NONE',  ( -0.0000000000000000000, 0.0000000000000000000, 1.000000000000000000 ) ) ;
#4037 = CARTESIAN_POINT ( 'NONE',  ( 0.2516474151808514300, 0.1802484610299677800, -0.05473577115386253600 ) ) ;
#4038 = CARTESIAN_POINT ( 'NONE',  ( -0.7339999999999999900, 0.2444999999999999700, 0.02199999999999999900 ) ) ;
#4039 = VERTEX_POINT ( 'NONE', #2326 ) ;
#4040 = CIRCLE ( 'NONE', #3024, 0.1265000000000135500 ) ;
#4041 = CARTESIAN_POINT ( 'NONE',  ( 0.1853047990351999700, -0.1779263652206000100, 0.007657394741785000300 ) ) ;
#4042 = CARTESIAN_POINT ( 'NONE',  ( 0.1356395674959000000, -0.1580342883038000100, -0.08330388848358998000 ) ) ;
#4043 = DIRECTION ( 'NONE',  ( 1.000000000000000000, -0.0000000000000000000, -0.0000000000000000000 ) ) ;
#4044 = DIRECTION ( 'NONE',  ( -0.0000000000000000000, -0.0000000000000000000, 1.000000000000000000 ) ) ;
#4045 = DIRECTION ( 'NONE',  ( -1.000000000000000000, -0.0000000000000000000, -0.0000000000000000000 ) ) ;
#4046 = ORIENTED_EDGE ( 'NONE', *, *, #3966, .F. ) ;
#4047 = VECTOR ( 'NONE', #158, 39.37007874015748100 ) ;
#4048 = CARTESIAN_POINT ( 'NONE',  ( 0.2110623150030417600, -0.1067995356230466300, -0.1554312416046018900 ) ) ;
#4049 = ADVANCED_FACE ( 'NONE', ( #3611 ), #3526, .T. ) ;
#4050 = EDGE_CURVE ( 'NONE', #6285, #936, #3599, .T. ) ;
#4051 = PLANE ( 'NONE',  #2308 ) ;
#4052 = LINE ( 'NONE', #3650, #3725 ) ;
#4053 = CARTESIAN_POINT ( 'NONE',  ( -0.8939999999999999100, -0.1880904037955999600, 0.1880904037955999600 ) ) ;
#4054 = DIRECTION ( 'NONE',  ( 1.000000000000000000, -0.0000000000000000000, 0.0000000000000000000 ) ) ;
#4055 = VERTEX_POINT ( 'NONE', #340 ) ;
#4056 = VERTEX_POINT ( 'NONE', #5892 ) ;
#4057 = CARTESIAN_POINT ( 'NONE',  ( -0.8939999999999997900, -0.1880904037955999600, 0.1880904037955999600 ) ) ;
#4058 = PLANE ( 'NONE',  #1070 ) ;
#4059 = ADVANCED_FACE ( 'NONE', ( #4085 ), #3865, .F. ) ;
#4060 = DIRECTION ( 'NONE',  ( 1.000000000000000000, 0.0000000000000000000, 0.0000000000000000000 ) ) ;
#4061 = CARTESIAN_POINT ( 'NONE',  ( 0.1870589895887999900, -0.1696188368950000100, -0.05427590356181000200 ) ) ;
#4062 = CARTESIAN_POINT ( 'NONE',  ( 0.0000000000000000000, 0.2454999999999532600, -0.2454999999999532300 ) ) ;
#4063 = AXIS2_PLACEMENT_3D ( 'NONE', #5938, #5929, #5917 ) ;
#4064 = ORIENTED_EDGE ( 'NONE', *, *, #245, .F. ) ;
#4065 = LINE ( 'NONE', #1624, #4176 ) ;
#4066 = CARTESIAN_POINT ( 'NONE',  ( -0.7575000000000000600, -0.2390000000000000500, -0.1910000000000000000 ) ) ;
#4067 = CARTESIAN_POINT ( 'NONE',  ( 0.1620035964795823200, 0.1630067645093119200, 0.09540085965537822800 ) ) ;
#4068 = ORIENTED_EDGE ( 'NONE', *, *, #1960, .F. ) ;
#4069 = CARTESIAN_POINT ( 'NONE',  ( 0.1600945496354999900, -0.1136771624627000000, 0.1378108302545000000 ) ) ;
#4070 = DIRECTION ( 'NONE',  ( 0.0000000000000000000, -0.7071067811865480200, -0.7071067811865471300 ) ) ;
#4071 = CARTESIAN_POINT ( 'NONE',  ( 0.1888131801424000100, -0.1404288094734000000, -0.1095270258925999900 ) ) ;
#4072 = VERTEX_POINT ( 'NONE', #768 ) ;
#4073 = VERTEX_POINT ( 'NONE', #300 ) ;
#4074 = EDGE_CURVE ( 'NONE', #4847, #6250, #249, .T. ) ;
#4075 = AXIS2_PLACEMENT_3D ( 'NONE', #5457, #5446, #5404 ) ;
#4076 = DIRECTION ( 'NONE',  ( -7.284927983103797200E-017, 0.0000000000000000000, 1.000000000000000000 ) ) ;
#4077 = DIRECTION ( 'NONE',  ( -0.0000000000000000000, -0.0000000000000000000, 1.000000000000000000 ) ) ;
#4078 = DIRECTION ( 'NONE',  ( 1.000000000000000000, 0.0000000000000000000, 0.0000000000000000000 ) ) ;
#4079 = DIRECTION ( 'NONE',  ( 0.0000000000000000000, 0.0000000000000000000, 1.000000000000000000 ) ) ;
#4080 = VECTOR ( 'NONE', #3681, 39.37007874015748900 ) ;
#4081 = CARTESIAN_POINT ( 'NONE',  ( 0.1050877387462000000, -0.003447120463193999800, 0.1923907550650999800 ) ) ;
#4082 = ORIENTED_EDGE ( 'NONE', *, *, #4435, .T. ) ;
#4083 = DIRECTION ( 'NONE',  ( 0.7213873210293183500, -7.158108962201542600E-016, 0.6925318281914145700 ) ) ;
#4084 = CARTESIAN_POINT ( 'NONE',  ( 0.2533285381317159600, -0.1679601677624047200, -0.006962236840720524600 ) ) ;
#4085 = FACE_OUTER_BOUND ( 'NONE', #5952, .T. ) ;
#4086 = CARTESIAN_POINT ( 'NONE',  ( 0.1905673706959999900, -0.09395002147498998600, -0.1512937863295000000 ) ) ;
#4087 = EDGE_CURVE ( 'NONE', #3534, #6307, #5921, .T. ) ;
#4088 = VECTOR ( 'NONE', #4666, 39.37007874015748100 ) ;
#4089 = CARTESIAN_POINT ( 'NONE',  ( 0.1290117045633446500, -0.1688899766863880500, -0.03050085593236768000 ) ) ;
#4090 = ADVANCED_FACE ( 'NONE', ( #4121 ), #637, .F. ) ;
#4091 = CARTESIAN_POINT ( 'NONE',  ( 0.1625828108551711200, 0.1505112574399701800, 0.1137867095750325100 ) ) ;
#4092 = DIRECTION ( 'NONE',  ( 0.0000000000000000000, 0.0000000000000000000, -1.000000000000000000 ) ) ;
#4093 = DIRECTION ( 'NONE',  ( 3.374318173992058700E-017, 0.0000000000000000000, 1.000000000000000000 ) ) ;
#4094 = CARTESIAN_POINT ( 'NONE',  ( -1.047535326960999900, -0.2040430617869999900, 0.1488887328543999900 ) ) ;
#4095 = EDGE_LOOP ( 'NONE', ( #452, #878, #5414 ) ) ;
#4096 = LINE ( 'NONE', #91, #339 ) ;
#4097 = DIRECTION ( 'NONE',  ( 1.092739197465588300E-015, 1.000000000000000000, 0.0000000000000000000 ) ) ;
#4098 = EDGE_CURVE ( 'NONE', #6166, #3437, #4052, .T. ) ;
#4099 = CARTESIAN_POINT ( 'NONE',  ( 0.1636963887161795000, 0.1215612666414125900, 0.1442952760152375100 ) ) ;
#4101 = LINE ( 'NONE', #4192, #4088 ) ;
#4100 = DIRECTION ( 'NONE',  ( 1.000000000000000000, -1.183773901191185300E-015, -1.111637685974473000E-015 ) ) ;
#4102 = CARTESIAN_POINT ( 'NONE',  ( 0.3853461368340987400, 4.481875076957446100E-017, -7.027572250889064100E-014 ) ) ;
#4103 = CARTESIAN_POINT ( 'NONE',  ( 0.1295427208857000100, 0.1876737899319000100, 0.04248037794903000000 ) ) ;
#4104 = CARTESIAN_POINT ( 'NONE',  ( -1.039524830354347800, 0.05799999999982031300, 0.2525500000000124900 ) ) ;
#4105 = EDGE_CURVE ( 'NONE', #5859, #1948, #3774, .T. ) ;
#4106 = ORIENTED_EDGE ( 'NONE', *, *, #1432, .T. ) ;
#4107 = PLANE ( 'NONE',  #1113 ) ;
#4108 = VECTOR ( 'NONE', #1471, 39.37007874015748100 ) ;
#4109 = CARTESIAN_POINT ( 'NONE',  ( 0.2583943176210946600, 0.09188494278032977000, 0.1638478224752636900 ) ) ;
#4110 = ORIENTED_EDGE ( 'NONE', *, *, #1707, .T. ) ;
#4111 = CARTESIAN_POINT ( 'NONE',  ( 0.1642307522015992400, 0.1051506225357929600, 0.1564501327806091200 ) ) ;
#4112 = CARTESIAN_POINT ( 'NONE',  ( -0.6597219399292096900, 0.006384856974905584600, 0.05700562712086483500 ) ) ;
#4113 = CARTESIAN_POINT ( 'NONE',  ( 0.7012500000000000400, 0.1501110699892999900, 0.2500000000000000000 ) ) ;
#4114 = EDGE_CURVE ( 'NONE', #4130, #999, #3508, .T. ) ;
#4115 = VECTOR ( 'NONE', #1678, 39.37007874015748100 ) ;
#4116 = CARTESIAN_POINT ( 'NONE',  ( 0.2395304821378999900, -0.1507897910067000100, 0.1071053685405000000 ) ) ;
#4117 = FACE_OUTER_BOUND ( 'NONE', #5783, .T. ) ;
#4118 = DIRECTION ( 'NONE',  ( 0.0000000000000000000, 0.0000000000000000000, -1.000000000000000000 ) ) ;
#4119 = DIRECTION ( 'NONE',  ( -1.000000000000000000, 2.574506745554769400E-017, 2.741571226202285400E-017 ) ) ;
#4120 = DIRECTION ( 'NONE',  ( 0.0000000000000000000, -0.7071067811865474600, -0.7071067811865474600 ) ) ;
#4121 = FACE_OUTER_BOUND ( 'NONE', #3424, .T. ) ;
#4122 = CARTESIAN_POINT ( 'NONE',  ( 0.1923215612495999800, -0.03590469159680000100, -0.1744341303103000000 ) ) ;
#4123 = CARTESIAN_POINT ( 'NONE',  ( 0.1539977030251999900, 0.07973249629586999500, -0.1751248265631999700 ) ) ;
#4124 = B_SPLINE_SURFACE_WITH_KNOTS ( 'NONE', 3, 3, ( 
 ( #6096, #4543, #3055, #56, #3561, #538, #4081, #1002, #4565, #1513, #5061, #2001, #5593, #2531, #6115, #3076, #75, #3585, #562, #4103, #1028, #4581, #1531, #5088, #2023, #5614, #2553, #6140, #3097, #93, #3606, #584, #4123, #1051, #4602, #1554, #5111, #2045, #5635, #2569, #6164, #3123, #108, #3628, #601, #4146, #1067, #4620, #1579, #5131, #2062, #5656, #2592, #6182, #3143, #131, #3649, #620, #4166, #1088, #4639, #1598, #5161, #2081, #5681, #2616, #6204, #3163, #152, #3672, #636, #4186, #1112, #4659, #1617, #5180, #2107, #5701, #2642, #6229, #3188, #168, #3697, #659, #4206, #1138, #4683, #1637, #5199, #2128, #5727, #2669, #6251, #3212, #190, #3716, #674, #4228, #1161, #4703, #1659, #5228, #2149, #5747, #2695, #6267, #3233, #215, #3741, #687, #4248, #1188, #4726, #1682, #5252, #2175, #5770, #2719, #6296, #3254, #237, #3771, #706, #4267, #1208, #4752, #1701, #5275, #2201, #5794, #2743 ),
 ( #6319, #3280, #258, #3794, #728, #4290, #1232, #4773, #1728, #5295, #2227, #5816, #2768, #6337, #3305, #279, #3814, #751, #4312, #1253, #4795, #1747, #5318, #2251, #5844, #2790, #6360, #3323, #299, #3841, #767, #4333, #1278, #4816, #1770, #5342, #2273, #5863, #2816, #6384, #3344, #315, #3864, #788, #4353, #1302, #4845, #1789, #5363, #2301, #5891, #2841, #6401, #3370, #338, #3884, #808, #4372, #1320, #4863, #1807, #5385, #2322, #5912, #2862, #6416, #3393, #363, #3906, #826, #4393, #1342, #4878, #1831, #5409, #2349, #5932, #2887, #6438, #3413, #383, #3927, #847, #4411, #1361, #4901, #1848, #5427, #2371, #5955, #2905, #6457, #3431, #401, #3945, #867, #4431, #1378, #4925, #1868, #5450, #2395, #5978, #2926, #6473, #3451, #428, #3959, #885, #4451, #1400, #4945, #1889, #5473, #2417, #6001, #2950, #6494, #3468, #449, #3981, #904, #4471, #1422, #4962, #1906, #5492, #2438, #6020, #2970, #6515 ),
 ( #3486, #468, #4000, #930, #4488, #1442, #4984, #1925, #5513, #2460, #6044, #2995, #11, #3512, #487, #4022, #951, #4511, #1459, #5009, #1949, #5537, #2480, #6067, #3018, #26, #3535, #507, #4042, #972, #4537, #1483, #5029, #1971, #5563, #2501, #6086, #3046, #48, #3553, #528, #4069, #994, #4556, #1506, #5050, #2074, #5677, #2609, #6198, #3158, #147, #3663, #630, #4180, #1107, #4653, #1612, #5175, #2100, #5694, #2636, #6223, #3182, #162, #3690, #652, #4200, #1128, #4676, #1631, #5196, #2119, #5720, #2662, #6244, #3205, #183, #3711, #669, #4221, #1150, #4698, #1652, #5218, #2143, #5741, #2686, #6262, #3225, #209, #3735, #683, #4243, #1180, #4722, #1674, #5247, #2168, #5764, #2711, #6287, #3248, #230, #3762, #699, #4264, #1203, #4745, #1694, #5269, #2196, #5786, #2737, #6312, #3273, #250, #3787, #723, #4286, #1226, #4767, #1721, #5289, #2220, #5812, #2761, #6334, #3300, #272, #3808 ),
 ( #744, #4307, #1246, #4791, #1740, #5313, #2245, #5838, #2787, #6354, #3318, #292, #3835, #762, #4328, #1275, #4811, #1763, #5338, #2267, #5858, #2810, #6381, #3338, #312, #3858, #783, #4349, #1296, #4840, #1782, #5357, #2295, #5881, #2832, #6397, #3365, #331, #6521, #6512, #6499, #6492, #6479, #6472, #6462, #6458, #6456, #6452, #6447, #6440, #6435, #6430, #6428, #6423, #6417, #6413, #6409, #6407, #6403, #6399, #6393, #6388, #6383, #6376, #6372, #6365, #6359, #6352, #6348, #6336, #6328, #6318, #6309, #6301, #6289, #6280, #6266, #6260, #6255, #6249, #6247, #6241, #6239, #6228, #6217, #6203, #6196, #6188, #6179, #6175, #6168, #6163, #6157, #6146, #6138, #6131, #6128, #6113, #6107, #6105, #6093, #6088, #6085, #6072, #6059, #6051, #6040, #6027, #6022, #6013, #6004, #5999, #5987, #5975, #5961, #5953, #5939, #5931, #5926, #5919, #5910, #5901, #5899, #5876, #5869, #5854, #5842, #5832, #5830, #5822, #5815 ) ),
 .UNSPECIFIED., .F., .F., .F.,
 ( 4, 4 ),
 ( 4, 1, 1, 1, 1, 1, 1, 1, 1, 1, 1, 1, 1, 1, 1, 1, 1, 1, 1, 1, 1, 1, 1, 1, 1, 1, 1, 1, 1, 1, 1, 1, 1, 1, 1, 1, 1, 1, 1, 1, 1, 1, 1, 1, 1, 1, 1, 1, 1, 1, 1, 1, 1, 1, 1, 1, 1, 1, 1, 1, 1, 1, 1, 1, 1, 1, 1, 1, 1, 1, 1, 1, 1, 1, 1, 1, 1, 1, 1, 1, 1, 1, 1, 1, 1, 1, 1, 1, 1, 1, 1, 1, 1, 1, 1, 1, 1, 1, 1, 1, 1, 1, 1, 1, 1, 1, 1, 1, 1, 1, 1, 1, 1, 1, 1, 1, 1, 1, 1, 1, 1, 1, 1, 1, 1, 1, 1, 1, 4 ),
 ( -0.02000035502796999900, 1.020018106427000000 ),
 ( 0.05229797070326999700, 0.05560549153364000000, 0.05891301236399999800, 0.06222053319436000200, 0.06552805402472999800, 0.06883557485508999500, 0.07214309568545000700, 0.07545061651581999600, 0.07875813734617999300, 0.08206565817654999700, 0.08537317900690999400, 0.08868069983727000500, 0.09198822066763999400, 0.09529574149800000600, 0.09860326232836999500, 0.1019107831587000000, 0.1052183039891000000, 0.1085258248195000000, 0.1118333456498000100, 0.1151408664802000000, 0.1184483873105000000, 0.1217559081409000000, 0.1250634289712999900, 0.1283709498015999900, 0.1316784706320000000, 0.1349859914624000100, 0.1382935122927000100, 0.1416010331230999900, 0.1449085539535000000, 0.1482160747838000000, 0.1515235956142000100, 0.1548311164445999900, 0.1581386372748999900, 0.1614461581053000000, 0.1647536789356000000, 0.1680611997660000100, 0.1713687205963999900, 0.1746762414266999900, 0.1779837622571000000, 0.1812912830875000000, 0.1845988039178000100, 0.1879063247481999900, 0.1912138455785999900, 0.1945213664089000000, 0.1978288872393000100, 0.2011364080696000100, 0.2044439288999999900, 0.2077514497304000000, 0.2110589705607000000, 0.2143664913911000100, 0.2176740122215000100, 0.2209815330517999900, 0.2242890538822000000, 0.2275965747126000000, 0.2309040955429000100, 0.2342116163733000100, 0.2375191372035999900, 0.2408266580340000000, 0.2441341788644000000, 0.2474416996947000100, 0.2507492205251000100, 0.2540567413554999900, 0.2573642621858000000, 0.2606717830161999800, 0.2639793038466000100, 0.2672868246769000100, 0.2705943455072999900, 0.2739018663376999700, 0.2772093871679999800, 0.2805169079984000100, 0.2838244288287000100, 0.2871319496590999900, 0.2904394704894999700, 0.2937469913197999800, 0.2970545121502000100, 0.3003620329805999900, 0.3036695538108999900, 0.3069770746412999700, 0.3102845954717000100, 0.3135921163020000100, 0.3168996371323999900, 0.3202071579627000000, 0.3235146787930999700, 0.3268221996235000100, 0.3301297204538000100, 0.3334372412841999900, 0.3367447621146000300, 0.3400522829448999800, 0.3433598037753000100, 0.3466673246056999900, 0.3499748454359999900, 0.3532823662664000300, 0.3565898870966999800, 0.3598974079271000100, 0.3632049287574999900, 0.3665124495877999900, 0.3698199704181999700, 0.3731274912486000100, 0.3764350120789000100, 0.3797425329092999900, 0.3830500537397000200, 0.3863575745699999700, 0.3896650954004000100, 0.3929726162307000100, 0.3962801370610999900, 0.3995876578915000300, 0.4028951787217999700, 0.4062026995522000100, 0.4095102203825999900, 0.4128177412128999900, 0.4161252620433000300, 0.4194327828737000100, 0.4227403037040000100, 0.4260478245343999900, 0.4293553453648000200, 0.4326628661951000300, 0.4359703870255000100, 0.4392779078558000100, 0.4425854286861999900, 0.4458929495166000200, 0.4492004703469000300, 0.4525079911773000100, 0.4558155120076999900, 0.4591230328379999900, 0.4624305536684000200, 0.4657380744988000000, 0.4690455953291000100, 0.4723531161594999900, 0.4756606369897999900 ),
 .UNSPECIFIED. ) ;
#4125 = ORIENTED_EDGE ( 'NONE', *, *, #5455, .F. ) ;
#4126 = CARTESIAN_POINT ( 'NONE',  ( -0.6033193088639656800, 0.02295834497260086300, 0.06848175441409000400 ) ) ;
#4127 = DIRECTION ( 'NONE',  ( -0.0000000000000000000, -0.0000000000000000000, 1.000000000000000000 ) ) ;
#4128 = ADVANCED_FACE ( 'NONE', ( #3954 ), #4607, .T. ) ;
#4129 = ORIENTED_EDGE ( 'NONE', *, *, #5613, .F. ) ;
#4130 = VERTEX_POINT ( 'NONE', #6143 ) ;
#4131 = DIRECTION ( 'NONE',  ( 0.0000000000000000000, 0.0000000000000000000, 1.000000000000000000 ) ) ;
#4132 = EDGE_CURVE ( 'NONE', #4446, #622, #4255, .T. ) ;
#4133 = CARTESIAN_POINT ( 'NONE',  ( 0.7968750000000000000, 4.978686255640867500E-014, -6.189280072996085900E-017 ) ) ;
#4134 = CARTESIAN_POINT ( 'NONE',  ( 0.1940757518032000000, 0.02656097330860999700, -0.1760991872908000100 ) ) ;
#4135 = VERTEX_POINT ( 'NONE', #5616 ) ;
#4136 = FACE_OUTER_BOUND ( 'NONE', #1787, .T. ) ;
#4137 = DIRECTION ( 'NONE',  ( 1.000000000000000000, -2.574506745554769400E-017, -2.741571226202285400E-017 ) ) ;
#4138 = DIRECTION ( 'NONE',  ( -1.000000000000000000, -0.0000000000000000000, -0.0000000000000000000 ) ) ;
#4139 = CARTESIAN_POINT ( 'NONE',  ( 0.1958299423568000100, 0.08575657968387000200, -0.1560839981353000000 ) ) ;
#4140 = DIRECTION ( 'NONE',  ( -0.0000000000000000000, 0.7071067811865469100, -0.7071067811865479100 ) ) ;
#4141 = ORIENTED_EDGE ( 'NONE', *, *, #3304, .F. ) ;
#4142 = LINE ( 'NONE', #3081, #4443 ) ;
#4143 = EDGE_CURVE ( 'NONE', #14, #1639, #5166, .T. ) ;
#4144 = DIRECTION ( 'NONE',  ( 0.0000000000000000000, -0.7071067811865490200, -0.7071067811865460200 ) ) ;
#4145 = EDGE_CURVE ( 'NONE', #406, #4365, #3924, .T. ) ;
#4146 = CARTESIAN_POINT ( 'NONE',  ( 0.1784526851647000000, -0.1552717811394999900, -0.1136511719191999900 ) ) ;
#4147 = DIRECTION ( 'NONE',  ( 0.0000000000000000000, 0.0000000000000000000, -1.000000000000000000 ) ) ;
#4148 = ORIENTED_EDGE ( 'NONE', *, *, #2933, .F. ) ;
#4149 = EDGE_LOOP ( 'NONE', ( #1802, #4656, #1330 ) ) ;
#4150 = CARTESIAN_POINT ( 'NONE',  ( -0.7339999999999999900, 0.1949999999999999800, 0.0000000000000000000 ) ) ;
#4151 = CARTESIAN_POINT ( 'NONE',  ( 0.1975841329105000000, 0.1343943416957000000, -0.1168527394314000000 ) ) ;
#4152 = CARTESIAN_POINT ( 'NONE',  ( 0.2900327685373420000, 0.07927455040597968000, 0.1709963572011755400 ) ) ;
#4153 = ADVANCED_FACE ( 'NONE', ( #4026, #4792 ), #540, .F. ) ;
#4154 = LINE ( 'NONE', #3890, #4413 ) ;
#4155 = ORIENTED_EDGE ( 'NONE', *, *, #3389, .F. ) ;
#4156 = DIRECTION ( 'NONE',  ( -0.0000000000000000000, 0.7071067811865461300, -0.7071067811865489100 ) ) ;
#4157 = CARTESIAN_POINT ( 'NONE',  ( 0.1993383234640999900, 0.1664863051312000000, -0.06323534099072999900 ) ) ;
#4158 = CARTESIAN_POINT ( 'NONE',  ( -0.6297255192892425900, -0.008347999204077982000, 0.06237019423178136900 ) ) ;
#4159 = ADVANCED_FACE ( 'NONE', ( #4866 ), #5604, .T. ) ;
#4160 = EDGE_CURVE ( 'NONE', #321, #2430, #5077, .T. ) ;
#4161 = VERTEX_POINT ( 'NONE', #3031 ) ;
#4162 = DIRECTION ( 'NONE',  ( -0.0000000000000000000, -1.000000000000000000, -0.0000000000000000000 ) ) ;
#4163 = CARTESIAN_POINT ( 'NONE',  ( -0.7810000000000001400, -0.1767766952965430200, 0.1767766952966569600 ) ) ;
#4164 = DIRECTION ( 'NONE',  ( -1.000000000000000000, 2.574506745554769100E-017, 2.741571226202285400E-017 ) ) ;
#4165 = CARTESIAN_POINT ( 'NONE',  ( 0.2010925140177000100, 0.1780815407648000100, -0.001832848689481000100 ) ) ;
#4166 = CARTESIAN_POINT ( 'NONE',  ( 0.2029076673041999800, -0.1428242720158000000, 0.1289460349472000000 ) ) ;
#4167 = ORIENTED_EDGE ( 'NONE', *, *, #5080, .F. ) ;
#4168 = VECTOR ( 'NONE', #3503, 39.37007874015748100 ) ;
#4169 = DIRECTION ( 'NONE',  ( -0.08715574274735243800, 1.219986648345652700E-016, -0.9961946980917723000 ) ) ;
#4170 = CIRCLE ( 'NONE', #3012, 0.06200000000006851400 ) ;
#4171 = DIRECTION ( 'NONE',  ( -0.08715574274815707200, -0.9961946980917019100, 2.947866460067690900E-017 ) ) ;
#4172 = CARTESIAN_POINT ( 'NONE',  ( -0.6030052103662271200, 0.02443606222239574900, 0.02037335578571500300 ) ) ;
#4173 = CARTESIAN_POINT ( 'NONE',  ( -0.8014409913475721800, 0.2444999999999999400, -0.05731573425037899500 ) ) ;
#4174 = CARTESIAN_POINT ( 'NONE',  ( 0.3114226428695745500, 2.972138026994860000E-009, 0.1725774041012495300 ) ) ;
#4175 = CARTESIAN_POINT ( 'NONE',  ( 0.2028467045713000000, 0.1677525497430000000, 0.05979525812919000300 ) ) ;
#4176 = VECTOR ( 'NONE', #1213, 39.37007874015748100 ) ;
#4177 = EDGE_CURVE ( 'NONE', #46, #277, #4891, .T. ) ;
#4178 = CARTESIAN_POINT ( 'NONE',  ( -0.7339999999999999900, -3.791439708434522900E-015, 4.293497084111607500E-017 ) ) ;
#4179 = EDGE_CURVE ( 'NONE', #4999, #2664, #1304, .T. ) ;
#4180 = CARTESIAN_POINT ( 'NONE',  ( 0.1845495317749999700, 0.1118425499521999800, 0.1393036709754000000 ) ) ;
#4181 = DIRECTION ( 'NONE',  ( 2.741571226202285700E-017, 0.0000000000000000000, 1.000000000000000000 ) ) ;
#4182 = CARTESIAN_POINT ( 'NONE',  ( 0.3947169712252000000, 2.513706379045997200E-016, -0.3098651377029363300 ) ) ;
#4183 = ADVANCED_FACE ( 'NONE', ( #5761 ), #5380, .T. ) ;
#4184 = CARTESIAN_POINT ( 'NONE',  ( 0.2046008951249000100, 0.1367709993702000100, 0.1140617416655000000 ) ) ;
#4185 = ORIENTED_EDGE ( 'NONE', *, *, #3899, .T. ) ;
#4186 = CARTESIAN_POINT ( 'NONE',  ( 0.2273626494436999900, 0.09724757555940999300, 0.1660382471837000000 ) ) ;
#4187 = DIRECTION ( 'NONE',  ( -1.000000000000000000, 4.094932536742629700E-016, 4.360660245055356500E-016 ) ) ;
#4188 = EDGE_CURVE ( 'NONE', #3944, #4595, #5387, .T. ) ;
#4189 = EDGE_LOOP ( 'NONE', ( #3643, #6189, #2425, #1072 ) ) ;
#4190 = ADVANCED_FACE ( 'NONE', ( #5437 ), #6066, .F. ) ;
#4191 = CARTESIAN_POINT ( 'NONE',  ( -0.7339999999999999900, -0.3075000000000000500, 0.0000000000000000000 ) ) ;
#4192 = CARTESIAN_POINT ( 'NONE',  ( -0.8940176194235498500, -0.1605132393293000100, 0.2156675682618999800 ) ) ;
#4193 = CARTESIAN_POINT ( 'NONE',  ( 0.0000000000000000000, 0.2454999999999766000, -0.3075000000000000000 ) ) ;
#4194 = LINE ( 'NONE', #4199, #4239 ) ;
#4195 = EDGE_CURVE ( 'NONE', #4454, #3497, #5595, .T. ) ;
#4196 = CARTESIAN_POINT ( 'NONE',  ( 0.2063550856785000000, 0.08895115549818999300, 0.1542856942589999900 ) ) ;
#4197 = CARTESIAN_POINT ( 'NONE',  ( 0.7968750000000300900, 2.656640782411016600E-018, 0.2499999999999521800 ) ) ;
#4198 = CARTESIAN_POINT ( 'NONE',  ( 0.01467999999999999300, -3.810714525537142400E-015, 2.240937538478480200E-017 ) ) ;
#4199 = CARTESIAN_POINT ( 'NONE',  ( 0.7190670747688999700, 1.184550126988066600E-013, 0.1878043917781492500 ) ) ;
#4200 = CARTESIAN_POINT ( 'NONE',  ( 0.2090045139145000100, 0.1591176689071000000, -0.08121442259398999100 ) ) ;
#4201 = ORIENTED_EDGE ( 'NONE', *, *, #5708, .F. ) ;
#4202 = ORIENTED_EDGE ( 'NONE', *, *, #1048, .F. ) ;
#4203 = CARTESIAN_POINT ( 'NONE',  ( 0.2081092762320999900, 0.03018028867661000000, 0.1755150421664999900 ) ) ;
#4204 = CARTESIAN_POINT ( 'NONE',  ( 0.05099999999999998300, 3.681698735523857500E-014, -3.855256875694486800E-034 ) ) ;
#4205 = CYLINDRICAL_SURFACE ( 'NONE', #1755, 0.06200000000006851400 ) ;
#4206 = CARTESIAN_POINT ( 'NONE',  ( 0.2518176315831999700, 0.1823282547466000000, -0.06149908577788999000 ) ) ;
#4207 = EDGE_CURVE ( 'NONE', #6402, #1011, #2304, .T. ) ;
#4208 = ORIENTED_EDGE ( 'NONE', *, *, #665, .F. ) ;
#4209 = ORIENTED_EDGE ( 'NONE', *, *, #5210, .T. ) ;
#4210 = DIRECTION ( 'NONE',  ( 1.000000000000000000, 0.0000000000000000000, 0.0000000000000000000 ) ) ;
#4211 = CARTESIAN_POINT ( 'NONE',  ( 0.3159018322300940500, -0.1678359380240408100, -0.009352362540219750400 ) ) ;
#4212 = ORIENTED_EDGE ( 'NONE', *, *, #2896, .T. ) ;
#4213 = VECTOR ( 'NONE', #5709, 39.37007874015748900 ) ;
#4214 = DIRECTION ( 'NONE',  ( -0.0000000000000000000, 1.000000000000000000, 0.0000000000000000000 ) ) ;
#4215 = CARTESIAN_POINT ( 'NONE',  ( 0.7968750000000398600, 0.04886364035931030400, 0.2500000000000000000 ) ) ;
#4216 = CARTESIAN_POINT ( 'NONE',  ( 0.2098634667857000000, -0.03230613135904000100, 0.1751362043074999900 ) ) ;
#4217 = ORIENTED_EDGE ( 'NONE', *, *, #5708, .T. ) ;
#4218 = LINE ( 'NONE', #347, #4306 ) ;
#4219 = CARTESIAN_POINT ( 'NONE',  ( -0.7339999999999999900, 0.2444999999999999700, 0.1469999999999999900 ) ) ;
#4220 = ADVANCED_FACE ( 'NONE', ( #5282 ), #5882, .T. ) ;
#4221 = CARTESIAN_POINT ( 'NONE',  ( 0.2334594960539999900, -0.04720445444726000000, -0.1722959714815000000 ) ) ;
#4222 = PLANE ( 'NONE',  #2236 ) ;
#4223 = LINE ( 'NONE', #4126, #4213 ) ;
#4224 = CARTESIAN_POINT ( 'NONE',  ( 0.2116176573393000200, -0.09081521883517999800, 0.1531958502691999900 ) ) ;
#4225 = EDGE_CURVE ( 'NONE', #321, #4446, #5346, .T. ) ;
#4226 = ORIENTED_EDGE ( 'NONE', *, *, #2902, .F. ) ;
#4227 = ORIENTED_EDGE ( 'NONE', *, *, #5585, .T. ) ;
#4228 = CARTESIAN_POINT ( 'NONE',  ( 0.2762726137227999900, -0.02319089218521000100, -0.1910179449327000000 ) ) ;
#4229 = CARTESIAN_POINT ( 'NONE',  ( 0.09999999999999999200, -0.1050580378017634400, -0.1339227278288612200 ) ) ;
#4230 = LINE ( 'NONE', #1806, #4448 ) ;
#4231 = CARTESIAN_POINT ( 'NONE',  ( 0.3070199999999999000, -5.653217941888984800E-014, 5.335577574977952400E-017 ) ) ;
#4232 = CIRCLE ( 'NONE', #3004, 0.1874999999999714100 ) ;
#4233 = CARTESIAN_POINT ( 'NONE',  ( -0.7810000000000002500, -0.3075000000000000000, -0.1959999999999823600 ) ) ;
#4234 = LINE ( 'NONE', #3563, #4283 ) ;
#4235 = DIRECTION ( 'NONE',  ( -0.7213873210293270100, 0.0000000000000000000, 0.6925318281914055700 ) ) ;
#4236 = EDGE_CURVE ( 'NONE', #2279, #342, #5153, .T. ) ;
#4237 = CARTESIAN_POINT ( 'NONE',  ( 0.7500000000000013300, -1.184320132940809500E-013, -0.1875000000000051100 ) ) ;
#4238 = CARTESIAN_POINT ( 'NONE',  ( 0.2133718478929000100, -0.1381437652731999900, 0.1123951464943000100 ) ) ;
#4239 = VECTOR ( 'NONE', #4083, 39.37007874015748900 ) ;
#4240 = CARTESIAN_POINT ( 'NONE',  ( 0.1828098434927970000, -1.933905452462242500E-008, 0.1680978880106452900 ) ) ;
#4241 = VECTOR ( 'NONE', #448, 39.37007874015748100 ) ;
#4242 = CARTESIAN_POINT ( 'NONE',  ( -0.6037141963339156500, 0.02110054556647317600, 0.06820782664137704800 ) ) ;
#4243 = CARTESIAN_POINT ( 'NONE',  ( 0.2579144781935000000, -0.1782918615027999900, 0.01123049814133000000 ) ) ;
#4244 = EDGE_CURVE ( 'NONE', #4055, #4986, #5894, .T. ) ;
#4246 = EDGE_LOOP ( 'NONE', ( #5811, #4981, #516, #5350, #5187, #2786 ) ) ;
#4245 = CARTESIAN_POINT ( 'NONE',  ( 0.1835225423625616600, -0.02405574256936205900, 0.1681002555843907100 ) ) ;
#4247 = DIRECTION ( 'NONE',  ( -0.0000000000000000000, 0.7071067811865469100, -0.7071067811865479100 ) ) ;
#4248 = CARTESIAN_POINT ( 'NONE',  ( 0.3007275958623000200, -0.1917472899409999900, -0.01608095142619000000 ) ) ;
#4249 = DIRECTION ( 'NONE',  ( 5.367088396195814000E-016, 0.0000000000000000000, 1.000000000000000000 ) ) ;
#4250 = CARTESIAN_POINT ( 'NONE',  ( 0.2970232980977980400, -0.1635862268199455600, 0.09223819214273938600 ) ) ;
#4251 = B_SPLINE_CURVE_WITH_KNOTS ( 'NONE', 3,
 ( #2898, #2967, #2830, #2806 ),
 .UNSPECIFIED., .F., .F.,
 ( 4, 4 ),
 ( 5.237148561206105400E-016, 0.003694680973536621200 ),
 .UNSPECIFIED. ) ;
#4252 = ORIENTED_EDGE ( 'NONE', *, *, #472, .T. ) ;
#4253 = ADVANCED_FACE ( 'NONE', ( #6084 ), #6073, .T. ) ;
#4254 = CARTESIAN_POINT ( 'NONE',  ( 0.2151260384465000000, -0.1684650436934999900, 0.05775720058166000000 ) ) ;
#4255 = LINE ( 'NONE', #585, #3917 ) ;
#4256 = CARTESIAN_POINT ( 'NONE',  ( 0.2198602502260160700, 0.1731528998465862200, -0.07443145052077174100 ) ) ;
#4257 = ORIENTED_EDGE ( 'NONE', *, *, #6221, .T. ) ;
#4258 = CARTESIAN_POINT ( 'NONE',  ( -0.8939999999999999100, 0.05800000000000000300, 0.2605000000000000100 ) ) ;
#4259 = CARTESIAN_POINT ( 'NONE',  ( 0.1842216251606423300, -0.04753727376164934600, 0.1628606760253011900 ) ) ;
#4260 = CONICAL_SURFACE ( 'NONE', #2153, 0.1574100156933725400, 0.7853981633982263200 ) ;
#4261 = CARTESIAN_POINT ( 'NONE',  ( 0.2168802290001000100, -0.1780461473676999700, -0.003991353016347999800 ) ) ;
#4262 = CARTESIAN_POINT ( 'NONE',  ( 0.2975453789095983100, -0.1775192318113780800, 0.05970752856339787300 ) ) ;
#4263 = CIRCLE ( 'NONE', #2994, 0.004999999999953607500 ) ;
#4264 = CARTESIAN_POINT ( 'NONE',  ( 0.2823694603329999800, -0.02520864795194000000, 0.1768575396759999600 ) ) ;
#4265 = CARTESIAN_POINT ( 'NONE',  ( 0.2753747375648246100, 0.04027102887074704400, 0.1645289374152953400 ) ) ;
#4266 = CARTESIAN_POINT ( 'NONE',  ( 0.1855878789167460000, -0.08959103485167724300, 0.1440848082223784900 ) ) ;
#4267 = CARTESIAN_POINT ( 'NONE',  ( 0.3251825780018000600, -0.05468089521537000000, 0.1844873276183000000 ) ) ;
#4268 = CARTESIAN_POINT ( 'NONE',  ( 0.7788404885582546100, 0.1443375672973983600, 0.2500000000000000000 ) ) ;
#4269 = ORIENTED_EDGE ( 'NONE', *, *, #5541, .T. ) ;
#4270 = CARTESIAN_POINT ( 'NONE',  ( 0.1000000000000000200, 0.1014675099839348300, -0.1463022331612088600 ) ) ;
#4271 = EDGE_CURVE ( 'NONE', #3786, #92, #5868, .T. ) ;
#4272 = EDGE_CURVE ( 'NONE', #563, #5903, #5814, .T. ) ;
#4273 = CARTESIAN_POINT ( 'NONE',  ( 0.2186344195537000000, -0.1657075506736999900, -0.06524849014790999600 ) ) ;
#4274 = ORIENTED_EDGE ( 'NONE', *, *, #5888, .T. ) ;
#4275 = CARTESIAN_POINT ( 'NONE',  ( 0.3025051466216492900, -0.01717116031784343700, -0.1814908581793989700 ) ) ;
#4276 = ADVANCED_FACE ( 'NONE', ( #6144 ), #4124, .T. ) ;
#4277 = CARTESIAN_POINT ( 'NONE',  ( 0.2539490492163527000, -0.1658850837225491800, -0.02771457720858770000 ) ) ;
#4278 = DIRECTION ( 'NONE',  ( -1.000000000000000000, -5.558188429870848700E-017, -5.918869505956197600E-017 ) ) ;
#4279 = EDGE_CURVE ( 'NONE', #6426, #3363, #6279, .T. ) ;
#4280 = CARTESIAN_POINT ( 'NONE',  ( 0.1862550498747738700, -0.1081495303356215800, 0.1305451482241372600 ) ) ;
#4281 = CARTESIAN_POINT ( 'NONE',  ( 0.7899107369749265300, 0.09685711861487532300, 0.2500000000000000000 ) ) ;
#4282 = ORIENTED_EDGE ( 'NONE', *, *, #2626, .T. ) ;
#4283 = VECTOR ( 'NONE', #3462, 39.37007874015748100 ) ;
#4284 = CARTESIAN_POINT ( 'NONE',  ( 0.1875574799507024600, -0.1381043319572887200, 0.09831309342028471400 ) ) ;
#4285 = ADVANCED_FACE ( 'NONE', ( #5828 ), #5784, .F. ) ;
#4286 = CARTESIAN_POINT ( 'NONE',  ( 0.3068244424725000100, 0.1680542100298000100, 0.06059542899247000200 ) ) ;
#4287 = ORIENTED_EDGE ( 'NONE', *, *, #6522, .F. ) ;
#4288 = VERTEX_POINT ( 'NONE', #981 ) ;
#4289 = CARTESIAN_POINT ( 'NONE',  ( 0.1881927390686039000, -0.1495139838867246600, 0.07963368061418134300 ) ) ;
#4290 = CARTESIAN_POINT ( 'NONE',  ( 0.09778982345380998800, 0.06541492028315999700, 0.1736195003874999600 ) ) ;
#4291 = CARTESIAN_POINT ( 'NONE',  ( 0.2978064193155001100, -0.1821307513852453400, 0.04248242837276059600 ) ) ;
#4292 = ORIENTED_EDGE ( 'NONE', *, *, #322, .F. ) ;
#4293 = ORIENTED_EDGE ( 'NONE', *, *, #4299, .T. ) ;
#4294 = DIRECTION ( 'NONE',  ( -7.284927983103797200E-017, 0.0000000000000000000, 1.000000000000000000 ) ) ;
#4295 = CARTESIAN_POINT ( 'NONE',  ( 0.1894313454643235000, -0.1644925780414230600, 0.04044578957823986200 ) ) ;
#4296 = CARTESIAN_POINT ( 'NONE',  ( 0.3022441062157486500, -0.03441872139599411200, -0.1792883725044059100 ) ) ;
#4297 = ORIENTED_EDGE ( 'NONE', *, *, #4272, .F. ) ;
#4298 = ORIENTED_EDGE ( 'NONE', *, *, #772, .T. ) ;
#4299 = EDGE_CURVE ( 'NONE', #228, #4335, #6298, .T. ) ;
#4300 = EDGE_CURVE ( 'NONE', #3091, #2491, #6273, .T. ) ;
#4301 = CARTESIAN_POINT ( 'NONE',  ( 0.2781226743172000000, -0.1208797404212000000, -0.1399897368737000000 ) ) ;
#4302 = DIRECTION ( 'NONE',  ( 0.0000000000000000000, 0.0000000000000000000, -1.000000000000000000 ) ) ;
#4303 = CARTESIAN_POINT ( 'NONE',  ( 0.1900346927421397700, -0.1681015903324646100, 0.01995239506535671400 ) ) ;
#4304 = LINE ( 'NONE', #3524, #4168 ) ;
#4305 = CARTESIAN_POINT ( 'NONE',  ( 0.2983285001273007200, -0.1863431298072222000, 0.007493345470989607800 ) ) ;
#4306 = VECTOR ( 'NONE', #3842, 39.37007874015748100 ) ;
#4307 = CARTESIAN_POINT ( 'NONE',  ( 0.08005873874865998600, 0.1663964042673000100, -0.02977484084412000000 ) ) ;
#4308 = DIRECTION ( 'NONE',  ( -1.000000000000000000, -5.558188429870848700E-017, -5.918869505956197600E-017 ) ) ;
#4309 = ADVANCED_FACE ( 'NONE', ( #6233 ), #3059, .T. ) ;
#4310 = EDGE_CURVE ( 'NONE', #6000, #1126, #6158, .T. ) ;
#4311 = CARTESIAN_POINT ( 'NONE',  ( 0.1906312620898778200, -0.1680991738550130000, -0.0003117969312285245000 ) ) ;
#4312 = CARTESIAN_POINT ( 'NONE',  ( 0.1222448055933000000, 0.1832913254917999900, -0.02875890105576000100 ) ) ;
#4313 = DIRECTION ( 'NONE',  ( -0.0000000000000000000, -0.0000000000000000000, 1.000000000000000000 ) ) ;
#4314 = CARTESIAN_POINT ( 'NONE',  ( 0.1000000000000000100, 0.1767667035954323700, 0.05761814834797223500 ) ) ;
#4315 = VECTOR ( 'NONE', #6368, 39.37007874015748100 ) ;
#4316 = CARTESIAN_POINT ( 'NONE',  ( 0.2741389292832351300, 0.07938463723833809300, 0.1496388221927366100 ) ) ;
#4317 = ADVANCED_FACE ( 'NONE', ( #3021 ), #2963, .F. ) ;
#4318 = CARTESIAN_POINT ( 'NONE',  ( 0.2203886101072999600, -0.1329683156899000000, -0.1184727021941000000 ) ) ;
#4319 = EDGE_CURVE ( 'NONE', #999, #4130, #2999, .T. ) ;
#4320 = CARTESIAN_POINT ( 'NONE',  ( 0.2801130362168740000, 0.1237756391840618700, -0.1421781203317514200 ) ) ;
#4321 = ORIENTED_EDGE ( 'NONE', *, *, #2801, .T. ) ;
#4322 = CARTESIAN_POINT ( 'NONE',  ( 0.1906366948462077400, -0.1680986008749532400, -0.0004963302796320946200 ) ) ;
#4323 = CARTESIAN_POINT ( 'NONE',  ( -0.8979999999999998000, 0.2444999999999999400, 0.1015000000000049800 ) ) ;
#4324 = CARTESIAN_POINT ( 'NONE',  ( 0.04900000000000000200, -6.430407353524017400E-014, 6.189280072995864100E-017 ) ) ;
#4325 = CARTESIAN_POINT ( 'NONE',  ( 0.2221428006609000000, -0.08385906927120999300, -0.1571114476098000000 ) ) ;
#4326 = EDGE_LOOP ( 'NONE', ( #86, #586, #2363, #6125 ) ) ;
#4327 = CARTESIAN_POINT ( 'NONE',  ( 0.2289200824825281000, 0.02870499823235188700, 0.1852886939719838000 ) ) ;
#4328 = CARTESIAN_POINT ( 'NONE',  ( 0.1038866700641000000, -0.01676774981094000100, -0.1709379351379000100 ) ) ;
#4329 = FACE_OUTER_BOUND ( 'NONE', #3686, .T. ) ;
#4330 = PLANE ( 'NONE',  #1446 ) ;
#4331 = CARTESIAN_POINT ( 'NONE',  ( 0.1906513392174606900, -0.1680963283191954400, -0.0009937402272035007100 ) ) ;
#4332 = VECTOR ( 'NONE', #3614, 39.37007874015748100 ) ;
#4333 = CARTESIAN_POINT ( 'NONE',  ( 0.1466997877328000100, 0.009089765330467000600, -0.1853108383492000100 ) ) ;
#4334 = CARTESIAN_POINT ( 'NONE',  ( 0.2998947425626615200, -0.1597212144694189200, -0.09322471545325783400 ) ) ;
#4335 = VERTEX_POINT ( 'NONE', #5663 ) ;
#4336 = DIRECTION ( 'NONE',  ( 2.741571226202285700E-017, 0.0000000000000000000, 1.000000000000000000 ) ) ;
#4337 = CARTESIAN_POINT ( 'NONE',  ( 0.2238969912144999900, -0.02442577687699000100, -0.1764078462562999600 ) ) ;
#4338 = EDGE_CURVE ( 'NONE', #109, #5689, #3142, .T. ) ;
#4339 = ADVANCED_FACE ( 'NONE', ( #6174 ), #5655, .F. ) ;
#4340 = DIRECTION ( 'NONE',  ( -1.000000000000000000, 2.574506745554769400E-017, 2.741571226202285400E-017 ) ) ;
#4341 = EDGE_LOOP ( 'NONE', ( #1273, #4807, #5823, #1098 ) ) ;
#4342 = CARTESIAN_POINT ( 'NONE',  ( 0.2746142932100000300, -0.1827925290928000000, -0.02821234871777000100 ) ) ;
#4343 = CARTESIAN_POINT ( 'NONE',  ( -1.280679822326509900E-017, -5.640645680014677600E-014, 0.1272500000000278700 ) ) ;
#4344 = CARTESIAN_POINT ( 'NONE',  ( 0.1906733393992981200, -0.1680912524114675500, -0.001740972485966987300 ) ) ;
#4345 = EDGE_CURVE ( 'NONE', #1348, #619, #2591, .T. ) ;
#4346 = CARTESIAN_POINT ( 'NONE',  ( 0.3006778637803488900, -0.1266194171211355300, -0.1337048637503678900 ) ) ;
#4347 = EDGE_CURVE ( 'NONE', #1029, #6291, #2948, .T. ) ;
#4348 = ADVANCED_FACE ( 'NONE', ( #3450 ), #5570, .T. ) ;
#4349 = CARTESIAN_POINT ( 'NONE',  ( 0.1283416522036000000, -0.1707781575206000200, -0.01832241590941999900 ) ) ;
#4350 = LINE ( 'NONE', #3674, #4332 ) ;
#4351 = DIRECTION ( 'NONE',  ( -1.000000000000000000, -0.0000000000000000000, 0.0000000000000000000 ) ) ;
#4352 = CARTESIAN_POINT ( 'NONE',  ( 0.2256511817681000100, 0.03801459410731999900, -0.1739863033721000000 ) ) ;
#4353 = CARTESIAN_POINT ( 'NONE',  ( 0.1711547698722999900, -0.1795983750809999900, -0.04655209773558999900 ) ) ;
#4354 = DIRECTION ( 'NONE',  ( 0.0000000000000000000, 0.0000000000000000000, -1.000000000000000000 ) ) ;
#4355 = ORIENTED_EDGE ( 'NONE', *, *, #555, .F. ) ;
#4356 = EDGE_LOOP ( 'NONE', ( #4298, #4030, #955, #2975 ) ) ;
#4357 = CARTESIAN_POINT ( 'NONE',  ( -0.8940000000000001300, 0.2605000000000000100, -0.01699999999998999500 ) ) ;
#4358 = CARTESIAN_POINT ( 'NONE',  ( 0.1907249085316243500, -0.1680676408396599400, -0.003492283628191842800 ) ) ;
#4359 = DIRECTION ( 'NONE',  ( 0.0000000000000000000, 0.0000000000000000000, -1.000000000000000000 ) ) ;
#4360 = VERTEX_POINT ( 'NONE', #5591 ) ;
#4361 = ORIENTED_EDGE ( 'NONE', *, *, #455, .T. ) ;
#4362 = CARTESIAN_POINT ( 'NONE',  ( 4.268512490100411300E-018, -3.810336587946894200E-015, 2.281183804079129800E-017 ) ) ;
#4363 = CARTESIAN_POINT ( 'NONE',  ( 0.2274053723216999700, 0.09577488380736999500, -0.1501449669138000000 ) ) ;
#4364 = CARTESIAN_POINT ( 'NONE',  ( 0.1908289882950999200, -0.1679725579359599200, -0.007025552970454444200 ) ) ;
#4365 = VERTEX_POINT ( 'NONE', #5293 ) ;
#4366 = DIRECTION ( 'NONE',  ( 0.0000000000000000000, 1.000000000000000000, 0.0000000000000000000 ) ) ;
#4367 = ADVANCED_FACE ( 'NONE', ( #2934 ), #3235, .F. ) ;
#4368 = CARTESIAN_POINT ( 'NONE',  ( 0.2291595628753000100, 0.1417441211530000000, -0.1078190146064000000 ) ) ;
#4369 = DIRECTION ( 'NONE',  ( -1.000000000000000000, -0.0000000000000000000, -0.0000000000000000000 ) ) ;
#4370 = VERTEX_POINT ( 'NONE', #5265 ) ;
#4371 = LINE ( 'NONE', #3330, #4315 ) ;
#4372 = CARTESIAN_POINT ( 'NONE',  ( 0.1956097520119000100, -0.08206667065000999800, 0.1663961473058999900 ) ) ;
#4373 = CARTESIAN_POINT ( 'NONE',  ( 0.1909198135189175400, -0.1678063005280573400, -0.01010509515063684500 ) ) ;
#4374 = CARTESIAN_POINT ( 'NONE',  ( 0.3009389041862466400, -0.1131541362053519200, -0.1449324584564408200 ) ) ;
#4375 = VERTEX_POINT ( 'NONE', #5257 ) ;
#4376 = ADVANCED_FACE ( 'NONE', ( #3220, #2872 ), #5226, .F. ) ;
#4377 = VERTEX_POINT ( 'NONE', #5249 ) ;
#4378 = CARTESIAN_POINT ( 'NONE',  ( 0.1911036159638620800, -0.1673534454057793200, -0.01632765976067470500 ) ) ;
#4379 = CARTESIAN_POINT ( 'NONE',  ( -0.8961799999999999800, 0.2609395347128000100, 0.1469999999999999900 ) ) ;
#4380 = VECTOR ( 'NONE', #2797, 39.37007874015748100 ) ;
#4381 = CARTESIAN_POINT ( 'NONE',  ( 0.2309137534289000000, 0.1702629662658000100, -0.05221929191271999800 ) ) ;
#4382 = ORIENTED_EDGE ( 'NONE', *, *, #4195, .T. ) ;
#4383 = ADVANCED_FACE ( 'NONE', ( #3227 ), #4560, .F. ) ;
#4384 = DIRECTION ( 'NONE',  ( 1.000000000000000000, 0.0000000000000000000, 0.0000000000000000000 ) ) ;
#4385 = CARTESIAN_POINT ( 'NONE',  ( 0.1912290202569038000, -0.1668911210045548300, -0.02056089204931698900 ) ) ;
#4386 = CIRCLE ( 'NONE', #2246, 0.3057568851450139200 ) ;
#4387 = CARTESIAN_POINT ( 'NONE',  ( 0.3014609849980456300, -0.08367576083241642900, -0.1631401633276671800 ) ) ;
#4388 = CARTESIAN_POINT ( 'NONE',  ( 0.2735043576254854200, 0.09806470099911740500, 0.1382810582048011000 ) ) ;
#4389 = CIRCLE ( 'NONE', #2955, 0.004999999999953607500 ) ;
#4390 = EDGE_CURVE ( 'NONE', #2187, #1280, #3368, .T. ) ;
#4391 = CARTESIAN_POINT ( 'NONE',  ( 0.2326679439824999900, 0.1778204371618999600, 0.009809209858869998700 ) ) ;
#4392 = EDGE_CURVE ( 'NONE', #5782, #2497, #2899, .T. ) ;
#4393 = CARTESIAN_POINT ( 'NONE',  ( 0.2200647341513999900, 0.1462577712743000100, 0.1141543813987000000 ) ) ;
#4394 = CARTESIAN_POINT ( 'NONE',  ( 0.1916138411252650800, -0.1649630085433693200, -0.03347129450513214300 ) ) ;
#4395 = CARTESIAN_POINT ( 'NONE',  ( -0.6469617860159999600, -0.01408252346488000000, -0.01582654826853999900 ) ) ;
#4396 = VERTEX_POINT ( 'NONE', #5560 ) ;
#4397 = CYLINDRICAL_SURFACE ( 'NONE', #1628, 0.1272500000000276700 ) ;
#4398 = CARTESIAN_POINT ( 'NONE',  ( 0.1918818656898209900, -0.1629565208376000100, -0.04236323520218408100 ) ) ;
#4399 = CARTESIAN_POINT ( 'NONE',  ( 0.7500000000000013300, -1.141506952665102400E-013, -1.707404996040164500E-017 ) ) ;
#4400 = AXIS2_PLACEMENT_3D ( 'NONE', #5291, #5280, #5250 ) ;
#4401 = ADVANCED_FACE ( 'NONE', ( #4329 ), #5172, .T. ) ;
#4402 = CARTESIAN_POINT ( 'NONE',  ( 0.2344221345362000100, 0.1634861464648000000, 0.07063005542766000200 ) ) ;
#4403 = LINE ( 'NONE', #2037, #98 ) ;
#4404 = DIRECTION ( 'NONE',  ( 0.0000000000000000000, -0.7071067811865474600, -0.7071067811865474600 ) ) ;
#4405 = CARTESIAN_POINT ( 'NONE',  ( 0.1927203713404346500, -0.1542772609832613100, -0.06940933422654466100 ) ) ;
#4406 = B_SPLINE_CURVE_WITH_KNOTS ( 'NONE', 3,
 ( #3095, #3616, #3781, #3683, #3754, #3666 ),
 .UNSPECIFIED., .F., .F.,
 ( 4, 2, 4 ),
 ( 0.0000000000000000000, 0.0006868904009481218200, 0.001373780801896243600 ),
 .UNSPECIFIED. ) ;
#4407 = EDGE_LOOP ( 'NONE', ( #3279, #6095, #519, #576 ) ) ;
#4408 = ADVANCED_FACE ( 'NONE', ( #2840 ), #5617, .T. ) ;
#4409 = EDGE_CURVE ( 'NONE', #575, #5711, #5098, .T. ) ;
#4410 = CARTESIAN_POINT ( 'NONE',  ( 0.2361763250897999900, 0.1290248359622999900, 0.1227555003662999900 ) ) ;
#4411 = CARTESIAN_POINT ( 'NONE',  ( 0.2445197162909000000, 0.1414797119544999900, -0.1200249690140000000 ) ) ;
#4412 = CARTESIAN_POINT ( 'NONE',  ( 0.1933252843834389100, -0.1449148594292372100, -0.08800939176307284700 ) ) ;
#4413 = VECTOR ( 'NONE', #3056, 39.37007874015748100 ) ;
#4414 = DIRECTION ( 'NONE',  ( 0.0000000000000000000, 0.0000000000000000000, -1.000000000000000000 ) ) ;
#4415 = ADVANCED_FACE ( 'NONE', ( #2447 ), #4977, .T. ) ;
#4416 = AXIS2_PLACEMENT_3D ( 'NONE', #5624, #5602, #5581 ) ;
#4417 = CARTESIAN_POINT ( 'NONE',  ( 0.2379305156433999800, 0.07867910980506000200, 0.1597683172606000100 ) ) ;
#4418 = CONICAL_SURFACE ( 'NONE', #2984, 0.3081220228479096800, 1.483529864194679700 ) ;
#4419 = CARTESIAN_POINT ( 'NONE',  ( -0.8939999999999999100, -0.1767766952966000100, 0.1767766952966000100 ) ) ;
#4420 = PLANE ( 'NONE',  #1190 ) ;
#4421 = FACE_OUTER_BOUND ( 'NONE', #1425, .T. ) ;
#4422 = CARTESIAN_POINT ( 'NONE',  ( 0.1946269290212907800, -0.1173789457964687200, -0.1223374232387885200 ) ) ;
#4423 = DIRECTION ( 'NONE',  ( -1.000000000000000000, -0.0000000000000000000, -0.0000000000000000000 ) ) ;
#4424 = EDGE_CURVE ( 'NONE', #5627, #5725, #745, .T. ) ;
#4425 = CARTESIAN_POINT ( 'NONE',  ( 0.2722018792760735900, 0.1303500386733154600, 0.1083837767098540900 ) ) ;
#4426 = ADVANCED_FACE ( 'NONE', ( #353 ), #4260, .T. ) ;
#4427 = ORIENTED_EDGE ( 'NONE', *, *, #4143, .F. ) ;
#4428 = VERTEX_POINT ( 'NONE', #4861 ) ;
#4429 = CARTESIAN_POINT ( 'NONE',  ( 0.2396847061970000000, 0.01864711566149999900, 0.1771118261373999800 ) ) ;
#4430 = CARTESIAN_POINT ( 'NONE',  ( -0.7339999999999998700, -0.1306808075913019300, 0.3075000000000000000 ) ) ;
#4431 = CARTESIAN_POINT ( 'NONE',  ( 0.2689746984304000100, -0.08879239857996000500, -0.1629059806165000000 ) ) ;
#4432 = CARTESIAN_POINT ( 'NONE',  ( 0.1953236606161377900, -0.09915494032317487300, -0.1380569651570683900 ) ) ;
#4433 = CIRCLE ( 'NONE', #1899, 0.1724999999999651000 ) ;
#4434 = CARTESIAN_POINT ( 'NONE',  ( -0.6579924114947001100, -0.0001678626486912999900, -0.01357846125528999900 ) ) ;
#4435 = EDGE_CURVE ( 'NONE', #6370, #1936, #3797, .T. ) ;
#4436 = VERTEX_POINT ( 'NONE', #4871 ) ;
#4437 = EDGE_LOOP ( 'NONE', ( #607, #149, #721, #434, #223, #3840 ) ) ;
#4438 = CARTESIAN_POINT ( 'NONE',  ( 0.2414388967506000100, -0.04368052169322000200, 0.1726508681446000100 ) ) ;
#4439 = ORIENTED_EDGE ( 'NONE', *, *, #1766, .T. ) ;
#4440 = ORIENTED_EDGE ( 'NONE', *, *, #4762, .F. ) ;
#4441 = ADVANCED_FACE ( 'NONE', ( #5022 ), #2620, .F. ) ;
#4442 = CARTESIAN_POINT ( 'NONE',  ( 0.1964376219222969100, -0.06570040441763984300, -0.1552363804981399800 ) ) ;
#4443 = VECTOR ( 'NONE', #3098, 39.37007874015748100 ) ;
#4444 = CARTESIAN_POINT ( 'NONE',  ( 0.2188372385078233300, 0.1543733202783856300, -0.1081352124704061800 ) ) ;
#4445 = VERTEX_POINT ( 'NONE', #4759 ) ;
#4446 = VERTEX_POINT ( 'NONE', #4746 ) ;
#4447 = CARTESIAN_POINT ( 'NONE',  ( 0.3157498778097959100, -0.1682505209331175700, 4.653589761059703200E-008 ) ) ;
#4448 = VECTOR ( 'NONE', #1823, 39.37007874015748900 ) ;
#4449 = CARTESIAN_POINT ( 'NONE',  ( 0.2431930873042000000, -0.1006305715061000000, 0.1469346613210000000 ) ) ;
#4450 = LINE ( 'NONE', #3592, #4380 ) ;
#4451 = CARTESIAN_POINT ( 'NONE',  ( 0.2934296805698999900, -0.1775423219631999900, 0.05386207590047999800 ) ) ;
#4452 = DIRECTION ( 'NONE',  ( 0.0000000000000000000, 1.000000000000000000, 0.0000000000000000000 ) ) ;
#4453 = CARTESIAN_POINT ( 'NONE',  ( 0.1968204196766646100, -0.05355744276177986500, -0.1598968396590689000 ) ) ;
#4454 = VERTEX_POINT ( 'NONE', #4739 ) ;
#4455 = ORIENTED_EDGE ( 'NONE', *, *, #5210, .F. ) ;
#4456 = CARTESIAN_POINT ( 'NONE',  ( 0.3259999999999726400, 0.0000000000000000000, 1.194014991933950100E-013 ) ) ;
#4457 = CARTESIAN_POINT ( 'NONE',  ( 0.1652546282822708000, 0.07108589421838160100, 0.1745710369414008900 ) ) ;
#4458 = CARTESIAN_POINT ( 'NONE',  ( 0.2449472778577999900, -0.1451918572098999900, 0.1031291791821000000 ) ) ;
#4459 = VECTOR ( 'NONE', #1368, 39.37007874015748100 ) ;
#4460 = ADVANCED_FACE ( 'NONE', ( #5836 ), #5449, .F. ) ;
#4461 = DIRECTION ( 'NONE',  ( -1.000000000000000000, 0.0000000000000000000, 0.0000000000000000000 ) ) ;
#4462 = CARTESIAN_POINT ( 'NONE',  ( 0.1976089698233622600, -0.02774459791102969500, -0.1663361356905701200 ) ) ;
#4463 = FACE_BOUND ( 'NONE', #1076, .T. ) ;
#4464 = CARTESIAN_POINT ( 'NONE',  ( 0.3027661706602931500, 2.249633564855852500E-009, -0.1812340157342834400 ) ) ;
#4465 = ADVANCED_FACE ( 'NONE', ( #2416 ), #4682, .T. ) ;
#4466 = CONICAL_SURFACE ( 'NONE', #2041, 0.2894486372868087500, 1.134464013796606900 ) ;
#4467 = CARTESIAN_POINT ( 'NONE',  ( 0.2467014684114000000, -0.1718784075384000000, 0.04662737830948000100 ) ) ;
#4468 = PLANE ( 'NONE',  #1216 ) ;
#4469 = EDGE_CURVE ( 'NONE', #2635, #5472, #78, .T. ) ;
#4470 = ORIENTED_EDGE ( 'NONE', *, *, #3347, .F. ) ;
#4471 = CARTESIAN_POINT ( 'NONE',  ( 0.3178846627094000200, 0.01668927373045999900, 0.1847804745483999900 ) ) ;
#4472 = DIRECTION ( 'NONE',  ( -0.0000000000000000000, -1.000000000000000000, -0.0000000000000000000 ) ) ;
#4473 = ADVANCED_FACE ( 'NONE', ( #1915 ), #4647, .F. ) ;
#4474 = EDGE_LOOP ( 'NONE', ( #6465, #6194, #6437, #5031 ) ) ;
#4475 = CARTESIAN_POINT ( 'NONE',  ( 0.1657441408775226800, 0.05345843617068274400, 0.1805874368484431100 ) ) ;
#4476 = CARTESIAN_POINT ( 'NONE',  ( -1.042435326961000100, 0.1360000000000000100, 0.2609395347128000100 ) ) ;
#4477 = EDGE_CURVE ( 'NONE', #5472, #1571, #743, .T. ) ;
#4478 = CARTESIAN_POINT ( 'NONE',  ( 0.2296854282223822500, 5.720046240245896100E-008, -0.1680968956553264800 ) ) ;
#4479 = CARTESIAN_POINT ( 'NONE',  ( 0.2715339725844113100, 0.1439430753045982700, 0.08983125152358374700 ) ) ;
#4480 = B_SPLINE_CURVE_WITH_KNOTS ( 'NONE', 3,
 ( #2419, #2535, #2362, #2347, #2334, #2328, #2320, #2306, #2292, #2288, #2270, #2256, #2243, #2233, #2217, #2207, #2198, #2190, #2174, #2170, #2161, #2146, #2134, #2121, #2113, #2104 ),
 .UNSPECIFIED., .F., .F.,
 ( 4, 2, 2, 2, 2, 2, 1, 1, 2, 2, 2, 2, 2, 4 ),
 ( 0.0000000000000000000, 0.1250000000000001700, 0.2500000000000003300, 0.3750000000000005000, 0.4375000000000005600, 0.4687500000000005600, 0.4843750000000005600, 0.4921875000000005600, 0.4960937500000005600, 0.5000000000000005600, 0.6250000000000003300, 0.7500000000000003300, 0.8750000000000002200, 1.000000000000000000 ),
 .UNSPECIFIED. ) ;
#4481 = ORIENTED_EDGE ( 'NONE', *, *, #5141, .T. ) ;
#4482 = CARTESIAN_POINT ( 'NONE',  ( -0.8979999999999999100, 0.2609395347128000100, 0.1436200000000000000 ) ) ;
#4483 = CARTESIAN_POINT ( 'NONE',  ( 0.1984338297757837500, 9.018309094250816200E-008, -0.1680981337563035300 ) ) ;
#4484 = CARTESIAN_POINT ( 'NONE',  ( 0.2350737343073655800, -0.1657227901991189800, 0.08770072481430012100 ) ) ;
#4485 = LINE ( 'NONE', #2941, #4459 ) ;
#4486 = EDGE_CURVE ( 'NONE', #2091, #327, #4541, .T. ) ;
#4487 = CARTESIAN_POINT ( 'NONE',  ( 0.1980147222156923800, -0.01406960634926583300, -0.1680962567137077600 ) ) ;
#4488 = CARTESIAN_POINT ( 'NONE',  ( 0.09049190816145998000, 0.1202690820068999900, 0.1320976227799000000 ) ) ;
#4489 = DIRECTION ( 'NONE',  ( 0.0000000000000000000, -1.000000000000000000, 0.0000000000000000000 ) ) ;
#4490 = FACE_OUTER_BOUND ( 'NONE', #676, .T. ) ;
#4491 = DIRECTION ( 'NONE',  ( 0.0000000000000000000, 0.0000000000000000000, -1.000000000000000000 ) ) ;
#4492 = ADVANCED_FACE ( 'NONE', ( #5745 ), #4561, .T. ) ;
#4493 = PRESENTATION_LAYER_ASSIGNMENT (  '', '', ( #3743 ) ) ;
#4494 = CARTESIAN_POINT ( 'NONE',  ( 0.2412846726915000000, -0.1785052526312999900, 0.04842511670823000000 ) ) ;
#4495 = EDGE_CURVE ( 'NONE', #3824, #1274, #4517, .T. ) ;
#4496 = CARTESIAN_POINT ( 'NONE',  ( 0.2173121937517558700, -0.1033001259417171700, 0.1344176700237861300 ) ) ;
#4497 = ORIENTED_EDGE ( 'NONE', *, *, #4087, .T. ) ;
#4498 = CIRCLE ( 'NONE', #2931, 0.06200000000021190600 ) ;
#4499 = DIRECTION ( 'NONE',  ( 0.0000000000000000000, -0.4999999999999933400, -0.8660254037844425900 ) ) ;
#4500 = CARTESIAN_POINT ( 'NONE',  ( -0.7810000000000001400, -0.2988657521363000100, 0.2988657521363000100 ) ) ;
#4501 = ADVANCED_FACE ( 'NONE', ( #5820 ), #4222, .T. ) ;
#4502 = DIRECTION ( 'NONE',  ( -0.0000000000000000000, -0.0000000000000000000, -1.000000000000000000 ) ) ;
#4503 = ORIENTED_EDGE ( 'NONE', *, *, #926, .F. ) ;
#4504 = FACE_OUTER_BOUND ( 'NONE', #548, .T. ) ;
#4505 = EDGE_CURVE ( 'NONE', #2090, #2253, #5219, .T. ) ;
#4506 = DIRECTION ( 'NONE',  ( -7.284927983103797200E-017, 0.0000000000000000000, 1.000000000000000000 ) ) ;
#4507 = DIRECTION ( 'NONE',  ( 0.0000000000000000000, 0.0000000000000000000, -1.000000000000000000 ) ) ;
#4508 = CARTESIAN_POINT ( 'NONE',  ( -0.7574999999999999500, 0.3024999999999999400, -0.1949999999999999800 ) ) ;
#4509 = ORIENTED_EDGE ( 'NONE', *, *, #5366, .F. ) ;
#4510 = LINE ( 'NONE', #5238, #4640 ) ;
#4511 = CARTESIAN_POINT ( 'NONE',  ( 0.1149468903010000000, 0.1537865183430000000, -0.09090721994665999800 ) ) ;
#4512 = CARTESIAN_POINT ( 'NONE',  ( 0.2484556589649999900, -0.1774048356667999900, -0.01561473864586999900 ) ) ;
#4513 = DIRECTION ( 'NONE',  ( -1.000000000000000000, -3.756177236531211600E-014, -3.756177236531380100E-014 ) ) ;
#4514 = EDGE_CURVE ( 'NONE', #6042, #1936, #2753, .T. ) ;
#4515 = EDGE_CURVE ( 'NONE', #5445, #2247, #1516, .T. ) ;
#4516 = DIRECTION ( 'NONE',  ( -1.000000000000000000, -5.558188429870848700E-017, -5.918869505956197600E-017 ) ) ;
#4517 = B_SPLINE_CURVE_WITH_KNOTS ( 'NONE', 3,
 ( #4483, #4487, #4462, #4453, #4442, #4432, #4422, #4412, #4405, #4398, #4394, #4385, #4378, #4373, #4364, #4358, #4344, #4331, #4322, #4311, #4303, #4295, #4289, #4284, #4280, #4266, #4259, #4245, #4240 ),
 .UNSPECIFIED., .F., .F.,
 ( 4, 2, 2, 2, 2, 2, 2, 1, 1, 1, 2, 2, 2, 2, 2, 4 ),
 ( 0.0000000000000000000, 0.06250000000000001400, 0.1250000000000000300, 0.2499999999999999700, 0.3749999999999998900, 0.4374999999999999400, 0.4687499999999999400, 0.4843749999999999400, 0.4921874999999999400, 0.4960937499999999400, 0.4980468749999999400, 0.4999999999999999400, 0.6249999999999998900, 0.7499999999999998900, 0.8750000000000000000, 1.000000000000000000 ),
 .UNSPECIFIED. ) ;
#4518 = DIRECTION ( 'NONE',  ( 0.0000000000000000000, -0.8660254037844425900, 0.4999999999999933400 ) ) ;
#4519 = ORIENTED_EDGE ( 'NONE', *, *, #386, .T. ) ;
#4520 = ORIENTED_EDGE ( 'NONE', *, *, #4505, .T. ) ;
#4521 = DIRECTION ( 'NONE',  ( 1.000000000000000000, 0.0000000000000000000, -0.0000000000000000000 ) ) ;
#4522 = DIRECTION ( 'NONE',  ( 0.0000000000000000000, -0.7071067811865474600, -0.7071067811865474600 ) ) ;
#4523 = DIRECTION ( 'NONE',  ( -1.000000000000000000, 0.0000000000000000000, 0.0000000000000000000 ) ) ;
#4524 = CARTESIAN_POINT ( 'NONE',  ( -1.039524830354235900, 0.1360000000000000100, 0.2605000000000000100 ) ) ;
#4525 = CARTESIAN_POINT ( 'NONE',  ( 0.04999999999999998200, 3.681693177335427100E-014, -5.918869505956235700E-020 ) ) ;
#4526 = VERTEX_POINT ( 'NONE', #4233 ) ;
#4527 = ORIENTED_EDGE ( 'NONE', *, *, #4271, .T. ) ;
#4528 = CIRCLE ( 'NONE', #2943, 0.1874999999999712700 ) ;
#4529 = CARTESIAN_POINT ( 'NONE',  ( -0.8939999999999997900, -0.1548563850798500000, 0.2100107140124499700 ) ) ;
#4530 = CARTESIAN_POINT ( 'NONE',  ( 0.2502098495185999800, -0.1610908006550999800, -0.07593448576653999400 ) ) ;
#4531 = CARTESIAN_POINT ( 'NONE',  ( 0.2289360439701758900, 0.02811318623988931900, 0.1853795052009437900 ) ) ;
#4532 = ADVANCED_FACE ( 'NONE', ( #5429, #5839 ), #5442, .F. ) ;
#4533 = CARTESIAN_POINT ( 'NONE',  ( 0.2765627883634395600, 9.159556350185321500E-008, 0.1680972335167085200 ) ) ;
#4534 = LINE ( 'NONE', #6448, #4599 ) ;
#4535 = DIRECTION ( 'NONE',  ( -1.082673996788498500E-015, -1.000000000000000000, 0.0000000000000000000 ) ) ;
#4536 = CARTESIAN_POINT ( 'NONE',  ( 0.7500000000000013300, -1.141506952665102400E-013, -1.707404996040164500E-017 ) ) ;
#4537 = CARTESIAN_POINT ( 'NONE',  ( 0.1394018724405000100, -0.05775710035946999400, -0.1690517188344999600 ) ) ;
#4538 = DIRECTION ( 'NONE',  ( 1.000000000000000000, 0.0000000000000000000, -0.0000000000000000000 ) ) ;
#4539 = ADVANCED_FACE ( 'NONE', ( #302 ), #4051, .T. ) ;
#4540 = ORIENTED_EDGE ( 'NONE', *, *, #2365, .T. ) ;
#4541 = CIRCLE ( 'NONE', #2203, 0.1874999999999712200 ) ;
#4542 = CARTESIAN_POINT ( 'NONE',  ( 0.2519640400722000200, -0.1249447586667000000, -0.1269058543892999900 ) ) ;
#4543 = CARTESIAN_POINT ( 'NONE',  ( 0.09630902720888999400, 0.1864145334375000000, -0.03335686902955999800 ) ) ;
#4544 = CARTESIAN_POINT ( 'NONE',  ( 0.7027643097711999700, 8.349797351103793100E-014, -7.833574121832274700E-014 ) ) ;
#4545 = CYLINDRICAL_SURFACE ( 'NONE', #2930, 0.004999999999953607500 ) ;
#4546 = CARTESIAN_POINT ( 'NONE',  ( 0.1000000000000000100, -0.1950519694720999900, 0.1950000000000000100 ) ) ;
#4547 = CONICAL_SURFACE ( 'NONE', #1318, 0.1721956082217836200, 0.7649928327132559100 ) ;
#4548 = EDGE_CURVE ( 'NONE', #3963, #4900, #5911, .T. ) ;
#4549 = CARTESIAN_POINT ( 'NONE',  ( 0.7027643097711999700, -1.580032583335568400E-013, -1.499955289021284700E-014 ) ) ;
#4550 = CARTESIAN_POINT ( 'NONE',  ( 0.7788404885582546100, 0.1443375672973983600, 0.2500000000000000000 ) ) ;
#4551 = ORIENTED_EDGE ( 'NONE', *, *, #5777, .T. ) ;
#4552 = CARTESIAN_POINT ( 'NONE',  ( 0.1664447716027743500, 0.02762069032282397600, 0.1856654669592921700 ) ) ;
#4553 = CIRCLE ( 'NONE', #1681, 0.03270000000000705700 ) ;
#4554 = CARTESIAN_POINT ( 'NONE',  ( 0.2537182306258000100, -0.07341669445599000000, -0.1622537333724999900 ) ) ;
#4555 = EDGE_CURVE ( 'NONE', #3497, #2595, #2723, .T. ) ;
#4556 = CARTESIAN_POINT ( 'NONE',  ( 0.1638568545799999900, -0.1772606054243000000, 0.02220341882971000100 ) ) ;
#4557 = DIRECTION ( 'NONE',  ( 0.0000000000000000000, 0.0000000000000000000, -1.000000000000000000 ) ) ;
#4558 = FACE_OUTER_BOUND ( 'NONE', #390, .T. ) ;
#4559 = DIRECTION ( 'NONE',  ( -0.3907311284902492700, -0.9205048534520262600, -0.0000000000000000000 ) ) ;
#4560 = CYLINDRICAL_SURFACE ( 'NONE', #2500, 0.03899999999996994800 ) ;
#4561 = PLANE ( 'NONE',  #2384 ) ;
#4562 = DIRECTION ( 'NONE',  ( -1.000000000000000000, 0.0000000000000000000, 0.0000000000000000000 ) ) ;
#4563 = CARTESIAN_POINT ( 'NONE',  ( 0.2554724211794000000, -0.01285027564530000000, -0.1776264390945999900 ) ) ;
#4564 = EDGE_CURVE ( 'NONE', #3092, #3914, #4386, .T. ) ;
#4565 = CARTESIAN_POINT ( 'NONE',  ( 0.1088500436907000000, -0.1345568090577999900, 0.1375519712577000000 ) ) ;
#4566 = CARTESIAN_POINT ( 'NONE',  ( 0.7899107369740756600, 0.1680777916369644000, 0.2088807252608736700 ) ) ;
#4567 = VECTOR ( 'NONE', #1980, 39.37007874015748100 ) ;
#4568 = CARTESIAN_POINT ( 'NONE',  ( 0.1666727088165873300, 0.01910332395975905900, 0.1867092133451236100 ) ) ;
#4569 = CYLINDRICAL_SURFACE ( 'NONE', #2969, 0.04599999999991845300 ) ;
#4570 = CARTESIAN_POINT ( 'NONE',  ( 0.7211595114417849200, -0.1443375672974164000, -0.2500000000000103800 ) ) ;
#4571 = CARTESIAN_POINT ( 'NONE',  ( 0.1325200856705446600, -0.1088074975353589100, -0.1327216987228636800 ) ) ;
#4572 = DIRECTION ( 'NONE',  ( -1.000000000000000000, 1.172870181530256900E-015, 1.101398411666896200E-015 ) ) ;
#4573 = VERTEX_POINT ( 'NONE', #3919 ) ;
#4574 = CARTESIAN_POINT ( 'NONE',  ( 0.2572266117329999900, 0.04929812363634000100, -0.1711314491764000000 ) ) ;
#4575 = CARTESIAN_POINT ( 'NONE',  ( 0.7100892630259427700, -0.1680777916369676200, -0.2088807252608680700 ) ) ;
#4576 = ORIENTED_EDGE ( 'NONE', *, *, #817, .F. ) ;
#4577 = EDGE_LOOP ( 'NONE', ( #5390, #1093, #4596, #187 ) ) ;
#4578 = DIRECTION ( 'NONE',  ( 0.0000000000000000000, 0.7071067811865474600, -0.7071067811865474600 ) ) ;
#4579 = EDGE_CURVE ( 'NONE', #1578, #2240, #3891, .T. ) ;
#4580 = CARTESIAN_POINT ( 'NONE',  ( 0.2589808022865999800, 0.1053773826743000000, -0.1435683863686000000 ) ) ;
#4581 = CARTESIAN_POINT ( 'NONE',  ( 0.1333050258302000100, 0.1073316369953000200, 0.1597058074921999800 ) ) ;
#4582 = CARTESIAN_POINT ( 'NONE',  ( 0.7031250000000000000, 0.2600000000000000100, 0.2600000000000000100 ) ) ;
#4583 = ORIENTED_EDGE ( 'NONE', *, *, #226, .F. ) ;
#4584 = CIRCLE ( 'NONE', #2904, 0.1416837567297475100 ) ;
#4585 = CARTESIAN_POINT ( 'NONE',  ( 0.7659420747688999700, -4.978686255640867500E-014, 6.189280072996085900E-017 ) ) ;
#4586 = CARTESIAN_POINT ( 'NONE',  ( 0.2511518596644268200, 0.1739779265301786800, -0.07252418408156327500 ) ) ;
#4587 = AXIS2_PLACEMENT_3D ( 'NONE', #747, #738, #726 ) ;
#4588 = ORIENTED_EDGE ( 'NONE', *, *, #1974, .F. ) ;
#4589 = LINE ( 'NONE', #1966, #4605 ) ;
#4590 = CARTESIAN_POINT ( 'NONE',  ( 0.4052700307959143400, 6.189280072998427900E-017, -8.505651413398584300E-014 ) ) ;
#4591 = CARTESIAN_POINT ( 'NONE',  ( 0.7031250000000154300, -0.2165063509434527500, -0.1250000000046127500 ) ) ;
#4592 = DIRECTION ( 'NONE',  ( 0.7213873210293233500, 0.0000000000000000000, -0.6925318281914094600 ) ) ;
#4593 = CARTESIAN_POINT ( 'NONE',  ( 0.2607349928402000200, 0.1484835668746999900, -0.09833057091086000500 ) ) ;
#4594 = B_SPLINE_CURVE_WITH_KNOTS ( 'NONE', 3,
 ( #3378, #3806, #3796, #3759 ),
 .UNSPECIFIED., .F., .F.,
 ( 4, 4 ),
 ( 0.0000000000000000000, 0.003694680973268061300 ),
 .UNSPECIFIED. ) ;
#4595 = VERTEX_POINT ( 'NONE', #3856 ) ;
#4596 = ORIENTED_EDGE ( 'NONE', *, *, #2072, .T. ) ;
#4597 = ADVANCED_FACE ( 'NONE', ( #4738, #6156, #6032, #3013, #673, #5531, #415 ), #3869, .T. ) ;
#4598 = CARTESIAN_POINT ( 'NONE',  ( 0.7031250000010090800, -0.1920745307629750900, -0.1673171538786464900 ) ) ;
#4599 = VECTOR ( 'NONE', #1326, 39.37007874015748100 ) ;
#4600 = CARTESIAN_POINT ( 'NONE',  ( 0.2624891833938000100, 0.1733098716341000000, -0.04098726237651000000 ) ) ;
#4601 = LINE ( 'NONE', #1815, #4624 ) ;
#4602 = CARTESIAN_POINT ( 'NONE',  ( 0.1577600079696999900, 0.1781843999905000100, -0.07263804936666999600 ) ) ;
#4603 = CARTESIAN_POINT ( 'NONE',  ( 0.7503170747688999700, -1.184320132940809500E-013, -0.1878043917781492500 ) ) ;
#4604 = DIRECTION ( 'NONE',  ( 0.2079116908179617100, 0.9781476007337626100, 0.0000000000000000000 ) ) ;
#4605 = VECTOR ( 'NONE', #1935, 39.37007874015748100 ) ;
#4606 = CARTESIAN_POINT ( 'NONE',  ( 0.2821633285938030500, 0.1703595924756241300, -0.08066567986785526400 ) ) ;
#4607 = CONICAL_SURFACE ( 'NONE', #2555, 0.3098651377028963600, 1.483529864195487000 ) ;
#4608 = ORIENTED_EDGE ( 'NONE', *, *, #4132, .F. ) ;
#4609 = DIRECTION ( 'NONE',  ( -0.9781476007337627200, 0.2079116908179617400, 0.0000000000000000000 ) ) ;
#4610 = DIRECTION ( 'NONE',  ( 0.0000000000000000000, 0.0000000000000000000, 1.000000000000000000 ) ) ;
#4611 = LINE ( 'NONE', #1953, #4650 ) ;
#4612 = CARTESIAN_POINT ( 'NONE',  ( 0.2642433739474000000, 0.1767999409550000100, 0.02140197768701999900 ) ) ;
#4613 = EDGE_CURVE ( 'NONE', #5725, #3140, #4990, .T. ) ;
#4614 = CONICAL_SURFACE ( 'NONE', #1543, 0.2492264973080051400, 1.134464013796779200 ) ;
#4616 = ORIENTED_EDGE ( 'NONE', *, *, #1272, .F. ) ;
#4615 = DIRECTION ( 'NONE',  ( 0.0000000000000000000, 0.0000000000000000000, -1.000000000000000000 ) ) ;
#4617 = DIRECTION ( 'NONE',  ( -0.7213873210293232400, -7.883837635440115700E-016, -0.6925318281914095700 ) ) ;
#4618 = ADVANCED_FACE ( 'NONE', ( #3538 ), #3688, .F. ) ;
#4619 = CARTESIAN_POINT ( 'NONE',  ( 0.2659975645009999800, 0.1585241313282000400, 0.08115639258614999700 ) ) ;
#4620 = CARTESIAN_POINT ( 'NONE',  ( 0.1822149901092000000, -0.03492039949984000100, -0.1892259788243000100 ) ) ;
#4621 = DIRECTION ( 'NONE',  ( -1.000000000000000000, 0.0000000000000000000, 0.0000000000000000000 ) ) ;
#4622 = EDGE_CURVE ( 'NONE', #4445, #1403, #3077, .T. ) ;
#4623 = EDGE_CURVE ( 'NONE', #5223, #4055, #1657, .T. ) ;
#4624 = VECTOR ( 'NONE', #6275, 39.37007874015748100 ) ;
#4625 = ADVANCED_FACE ( 'NONE', ( #1319 ), #5754, .F. ) ;
#4626 = DIRECTION ( 'NONE',  ( -0.0000000000000000000, 0.7071067811865494600, -0.7071067811865454600 ) ) ;
#4627 = DIRECTION ( 'NONE',  ( 1.000000000000000000, 0.0000000000000000000, 0.0000000000000000000 ) ) ;
#4628 = LINE ( 'NONE', #2870, #1954 ) ;
#4629 = CARTESIAN_POINT ( 'NONE',  ( 0.2915640365564210500, 0.02371974600291391200, 0.1869447817581158000 ) ) ;
#4630 = FACE_OUTER_BOUND ( 'NONE', #6450, .T. ) ;
#4631 = EDGE_CURVE ( 'NONE', #328, #2796, #1332, .T. ) ;
#4632 = CARTESIAN_POINT ( 'NONE',  ( 0.2677517550546000300, 0.1207323999032000100, 0.1309196104412000100 ) ) ;
#4633 = DIRECTION ( 'NONE',  ( -1.000000000000000000, -0.0000000000000000000, 0.0000000000000000000 ) ) ;
#4634 = CARTESIAN_POINT ( 'NONE',  ( 0.7031250000000230900, 1.580032583335568400E-013, 1.499955289021284700E-014 ) ) ;
#4635 = CARTESIAN_POINT ( 'NONE',  ( -0.6207783777032248600, -0.003685832973095083200, 0.06382549446889655700 ) ) ;
#4636 = ORIENTED_EDGE ( 'NONE', *, *, #4849, .T. ) ;
#4637 = CARTESIAN_POINT ( 'NONE',  ( 0.01562000000000000000, 0.2553199999999999900, -0.3075000000000000000 ) ) ;
#4638 = CARTESIAN_POINT ( 'NONE',  ( 0.7012500000000000400, -0.1414508159515000000, 0.2550000000000000000 ) ) ;
#4639 = CARTESIAN_POINT ( 'NONE',  ( 0.2066699722487000100, -0.1923741169090000000, -0.004247604331026000300 ) ) ;
#4640 = VECTOR ( 'NONE', #1884, 39.37007874015748100 ) ;
#4641 = CARTESIAN_POINT ( 'NONE',  ( -0.6034391234657999800, 0.02239466158924999900, 0.08196180845238000600 ) ) ;
#4642 = ORIENTED_EDGE ( 'NONE', *, *, #547, .T. ) ;
#4643 = FACE_OUTER_BOUND ( 'NONE', #440, .T. ) ;
#4644 = CARTESIAN_POINT ( 'NONE',  ( -0.7809999999999999200, -0.3075000000000109900, -0.2454999999999766500 ) ) ;
#4645 = ADVANCED_FACE ( 'NONE', ( #3604 ), #5985, .F. ) ;
#4646 = EDGE_CURVE ( 'NONE', #3963, #763, #2211, .T. ) ;
#4647 = PLANE ( 'NONE',  #2341 ) ;
#4648 = DIRECTION ( 'NONE',  ( -1.000000000000000000, -0.0000000000000000000, -0.0000000000000000000 ) ) ;
#4649 = ORIENTED_EDGE ( 'NONE', *, *, #424, .T. ) ;
#4650 = VECTOR ( 'NONE', #4850, 39.37007874015748100 ) ;
#4651 = CARTESIAN_POINT ( 'NONE',  ( 0.2940639699375178800, -0.06926713010496445000, 0.1752357889127156000 ) ) ;
#4652 = ADVANCED_FACE ( 'NONE', ( #5034 ), #3432, .T. ) ;
#4653 = CARTESIAN_POINT ( 'NONE',  ( 0.1883118367195000300, -0.01427043819693000000, 0.1780747456506000200 ) ) ;
#4654 = DIRECTION ( 'NONE',  ( 0.0000000000000000000, -0.7071067811875929600, -0.7071067811855019600 ) ) ;
#4655 = ORIENTED_EDGE ( 'NONE', *, *, #917, .T. ) ;
#4656 = ORIENTED_EDGE ( 'NONE', *, *, #4548, .F. ) ;
#4657 = EDGE_CURVE ( 'NONE', #2491, #1403, #6467, .T. ) ;
#4658 = CARTESIAN_POINT ( 'NONE',  ( 0.2695059456082999900, 0.06807730689070999600, 0.1645652867348000000 ) ) ;
#4659 = CARTESIAN_POINT ( 'NONE',  ( 0.2311249543883000000, -0.04323317344616000500, 0.1875011299886000000 ) ) ;
#4660 = CARTESIAN_POINT ( 'NONE',  ( 0.3265899843067000000, -1.065975624152775600E-013, -1.148795437741948800E-013 ) ) ;
#4661 = CARTESIAN_POINT ( 'NONE',  ( 0.2930718235826830200, -0.03322080078046788600, 0.1854627702936456100 ) ) ;
#4662 = ORIENTED_EDGE ( 'NONE', *, *, #6083, .T. ) ;
#4663 = VECTOR ( 'NONE', #1719, 39.37007874015748900 ) ;
#4664 = DIRECTION ( 'NONE',  ( -1.000000000000000000, -0.0000000000000000000, 0.0000000000000000000 ) ) ;
#4665 = CIRCLE ( 'NONE', #1438, 0.08500000000169270800 ) ;
#4666 = DIRECTION ( 'NONE',  ( -1.000000000000000000, 0.0000000000000000000, 0.0000000000000000000 ) ) ;
#4667 = AXIS2_PLACEMENT_3D ( 'NONE', #2489, #2485, #2475 ) ;
#4668 = EDGE_LOOP ( 'NONE', ( #2, #19, #290, #4110, #502, #4827 ) ) ;
#4669 = ORIENTED_EDGE ( 'NONE', *, *, #1281, .T. ) ;
#4670 = LINE ( 'NONE', #1702, #4663 ) ;
#4671 = CARTESIAN_POINT ( 'NONE',  ( 0.1670062050954005900, 0.006607899170671494700, 0.1874265858519094100 ) ) ;
#4672 = CARTESIAN_POINT ( 'NONE',  ( 0.2712601361618999800, 0.007041234345893998700, 0.1779513160158000000 ) ) ;
#4673 = VECTOR ( 'NONE', #2533, 39.37007874015748100 ) ;
#4674 = DIRECTION ( 'NONE',  ( 0.0000000000000000000, 0.0000000000000000000, 1.000000000000000000 ) ) ;
#4675 = ORIENTED_EDGE ( 'NONE', *, *, #4392, .F. ) ;
#4676 = CARTESIAN_POINT ( 'NONE',  ( 0.2127668188590000100, 0.1714636471773000000, 0.05014403739316999900 ) ) ;
#4677 = EDGE_CURVE ( 'NONE', #4751, #5565, #2674, .T. ) ;
#4678 = VECTOR ( 'NONE', #1638, 39.37007874015748100 ) ;
#4679 = DIRECTION ( 'NONE',  ( 1.000000000000000000, 0.0000000000000000000, 0.0000000000000000000 ) ) ;
#4680 = CARTESIAN_POINT ( 'NONE',  ( 0.2730143267155000200, -0.05486166278271000000, 0.1694297623365000100 ) ) ;
#4681 = ADVANCED_FACE ( 'NONE', ( #6422 ), #2377, .T. ) ;
#4682 = PLANE ( 'NONE',  #2342 ) ;
#4683 = CARTESIAN_POINT ( 'NONE',  ( 0.2555799365277999800, 0.1748130302528999900, 0.08041222189015000100 ) ) ;
#4684 = CARTESIAN_POINT ( 'NONE',  ( 0.2925718369064643200, -0.01429057326592554600, 0.1879145836581901700 ) ) ;
#4685 = LINE ( 'NONE', #1043, #4789 ) ;
#4686 = CARTESIAN_POINT ( 'NONE',  ( 0.3260000000000931600, -1.065975624152775600E-013, 0.1579999999998654100 ) ) ;
#4687 = CARTESIAN_POINT ( 'NONE',  ( 0.2747685172691000100, -0.1100105250559999900, 0.1400497317259999900 ) ) ;
#4688 = AXIS2_PLACEMENT_3D ( 'NONE', #680, #679, #672 ) ;
#4689 = DIRECTION ( 'NONE',  ( 0.0000000000000000000, -0.0000000000000000000, 1.000000000000000000 ) ) ;
#4690 = ORIENTED_EDGE ( 'NONE', *, *, #4904, .T. ) ;
#4691 = DIRECTION ( 'NONE',  ( -1.000000000000000000, 2.410454112010823400E-015, 0.0000000000000000000 ) ) ;
#4692 = CARTESIAN_POINT ( 'NONE',  ( -0.7339999999999998700, 0.0000000000000000000, 0.2605000000000000100 ) ) ;
#4693 = CARTESIAN_POINT ( 'NONE',  ( 0.2765227078227000000, -0.1516159911303000000, 0.09342821201145000400 ) ) ;
#4694 = LINE ( 'NONE', #1761, #4758 ) ;
#4695 = EDGE_CURVE ( 'NONE', #6509, #4960, #3696, .T. ) ;
#4696 = CARTESIAN_POINT ( 'NONE',  ( 0.2868997895207304700, 0.1647798643772455400, 0.09163543887695281600 ) ) ;
#4697 = AXIS2_PLACEMENT_3D ( 'NONE', #4133, #4138, #4118 ) ;
#4698 = CARTESIAN_POINT ( 'NONE',  ( 0.2372218009984999600, 0.08392300502699999400, -0.1577056866619999900 ) ) ;
#4699 = VECTOR ( 'NONE', #4956, 39.37007874015748100 ) ;
#4700 = DIRECTION ( 'NONE',  ( 2.449490783530942700E-015, 1.000000000000000000, 1.178340830472019000E-031 ) ) ;
#4701 = CARTESIAN_POINT ( 'NONE',  ( 0.2782768983762999900, -0.1745560326970999900, 0.03530478179529000100 ) ) ;
#4702 = EDGE_LOOP ( 'NONE', ( #6389, #1286, #5339, #4167 ) ) ;
#4703 = CARTESIAN_POINT ( 'NONE',  ( 0.2800349186673000100, 0.1142367059502000000, -0.1548406902254000100 ) ) ;
#4704 = DIRECTION ( 'NONE',  ( -0.0000000000000000000, -1.000000000000000000, -0.0000000000000000000 ) ) ;
#4705 = CARTESIAN_POINT ( 'NONE',  ( 0.09999999999999999200, -0.09594419029106264500, -0.1410848961201635600 ) ) ;
#4706 = EDGE_CURVE ( 'NONE', #6443, #2290, #5873, .T. ) ;
#4707 = EDGE_CURVE ( 'NONE', #2209, #2784, #84, .T. ) ;
#4708 = B_SPLINE_CURVE_WITH_KNOTS ( 'NONE', 3,
 ( #3827, #3867, #3821, #3881, #3923, #3932, #5119, #5805, #6077, #4277, #2051, #2434, #3441, #4084, #3802, #447, #559, #1038, #1418, #6434, #6227, #6178, #5973, #6018, #6070, #6110 ),
 .UNSPECIFIED., .F., .F.,
 ( 4, 2, 2, 2, 2, 2, 2, 2, 2, 2, 2, 2, 4 ),
 ( 0.0000000000000000000, 0.1249999999999998900, 0.2499999999999998300, 0.3749999999999997800, 0.4374999999999998300, 0.4687499999999998300, 0.4843749999999998300, 0.4921874999999998300, 0.4999999999999998900, 0.6249999999999998900, 0.7499999999999998900, 0.8749999999999998900, 1.000000000000000000 ),
 .UNSPECIFIED. ) ;
#4709 = DIRECTION ( 'NONE',  ( -1.000000000000000000, 0.0000000000000000000, 0.0000000000000000000 ) ) ;
#4710 = LINE ( 'NONE', #6256, #4678 ) ;
#4711 = CARTESIAN_POINT ( 'NONE',  ( 0.1671159689313540300, 0.002489131616532110000, 0.1875242889341395000 ) ) ;
#4712 = DIRECTION ( 'NONE',  ( 0.0000000000000000000, 0.0000000000000000000, 1.000000000000000000 ) ) ;
#4713 = CARTESIAN_POINT ( 'NONE',  ( -0.6588914359658000200, 0.006032328957687999200, -0.01440584848381999900 ) ) ;
#4714 = ADVANCED_FACE ( 'NONE', ( #6288 ), #4017, .T. ) ;
#4715 = EDGE_LOOP ( 'NONE', ( #5571, #5790, #2881, #4583 ) ) ;
#4716 = EDGE_CURVE ( 'NONE', #619, #6443, #488, .T. ) ;
#4717 = CARTESIAN_POINT ( 'NONE',  ( 0.2800310889298999700, -0.1760065227619999900, -0.02716499094031999900 ) ) ;
#4718 = AXIS2_PLACEMENT_3D ( 'NONE', #2333, #2318, #2317 ) ;
#4719 = CARTESIAN_POINT ( 'NONE',  ( 0.3027661706602931500, 2.249633564855852500E-009, -0.1812340157342834400 ) ) ;
#4720 = DIRECTION ( 'NONE',  ( 0.9110794801765064200, -0.3867302948990171100, 0.1427370302641400300 ) ) ;
#4721 = ADVANCED_FACE ( 'NONE', ( #6317 ), #2857, .T. ) ;
#4722 = CARTESIAN_POINT ( 'NONE',  ( 0.2616767831381000000, -0.1373762785977999900, -0.1142009745645000000 ) ) ;
#4723 = LINE ( 'NONE', #1034, #4765 ) ;
#4724 = CARTESIAN_POINT ( 'NONE',  ( 0.2817852794835000200, -0.1557889088522000100, -0.08629047051773999800 ) ) ;
#4725 = CARTESIAN_POINT ( 'NONE',  ( 0.7659420747688999700, -4.978686255640867500E-014, 6.189280072996085900E-017 ) ) ;
#4726 = CARTESIAN_POINT ( 'NONE',  ( 0.3044899008068000000, -0.1284175992970000000, -0.1432987537101000100 ) ) ;
#4727 = CARTESIAN_POINT ( 'NONE',  ( 0.2863684948540843900, 0.1736670772590953300, 0.07345081878606855900 ) ) ;
#4728 = VERTEX_POINT ( 'NONE', #2879 ) ;
#4729 = EDGE_LOOP ( 'NONE', ( #4125, #2728, #3379, #6351, #6339, #6069, #6050, #2336, #2559, #6109, #1996, #1830, #1717, #1576, #682 ) ) ;
#4730 = CARTESIAN_POINT ( 'NONE',  ( 0.3031268025437373600, 0.02372119239919027300, -0.1808796044229225900 ) ) ;
#4731 = CARTESIAN_POINT ( 'NONE',  ( 0.2921864066667903500, 1.466325257502587600E-007, -0.1680989288776854300 ) ) ;
#4732 = CARTESIAN_POINT ( 'NONE',  ( 0.2835394700371000100, -0.1163921900392000000, -0.1347927452604000000 ) ) ;
#4733 = CARTESIAN_POINT ( 'NONE',  ( 0.2991116213449851500, -0.1802051936484089800, -0.04487591406906037100 ) ) ;
#4734 = ORIENTED_EDGE ( 'NONE', *, *, #5576, .F. ) ;
#4735 = ORIENTED_EDGE ( 'NONE', *, *, #3087, .T. ) ;
#4736 = EDGE_CURVE ( 'NONE', #749, #3843, #4628, .T. ) ;
#4737 = EDGE_CURVE ( 'NONE', #4742, #3601, #1553, .T. ) ;
#4738 = FACE_BOUND ( 'NONE', #6170, .T. ) ;
#4739 = CARTESIAN_POINT ( 'NONE',  ( -0.8014409913475677400, 0.2444999999999999400, 0.1013157342504089300 ) ) ;
#4740 = CARTESIAN_POINT ( 'NONE',  ( 0.3034874180599189700, 0.04729387931985604800, -0.1757933902480519300 ) ) ;
#4741 = CARTESIAN_POINT ( 'NONE',  ( 0.2852936605906999900, -0.06266649304893000300, -0.1667007300440999900 ) ) ;
#4742 = VERTEX_POINT ( 'NONE', #2853 ) ;
#4743 = EDGE_LOOP ( 'NONE', ( #5984, #374, #678, #21 ) ) ;
#4744 = CARTESIAN_POINT ( 'NONE',  ( 0.2841517462977110600, 0.1873203993204815300, -0.008229916102571538400 ) ) ;
#4745 = CARTESIAN_POINT ( 'NONE',  ( 0.2861317652775999800, -0.1397178315757000000, 0.1113237891665000000 ) ) ;
#4746 = CARTESIAN_POINT ( 'NONE',  ( -0.8939999999999997900, 0.1360000000000000100, 0.2605000000000000100 ) ) ;
#4747 = ADVANCED_FACE ( 'NONE', ( #933 ), #2821, .T. ) ;
#4748 = ORIENTED_EDGE ( 'NONE', *, *, #5976, .F. ) ;
#4749 = CARTESIAN_POINT ( 'NONE',  ( 0.2870478511442999800, -0.001225971953542999900, -0.1780862612074000100 ) ) ;
#4750 = ORIENTED_EDGE ( 'NONE', *, *, #4515, .T. ) ;
#4751 = VERTEX_POINT ( 'NONE', #2713 ) ;
#4752 = CARTESIAN_POINT ( 'NONE',  ( 0.3289448829462999800, -0.1663889739399999600, 0.09664515558099999500 ) ) ;
#4753 = CARTESIAN_POINT ( 'NONE',  ( 0.09999999999999999200, 0.1201694242173516800, -0.1324593699749935200 ) ) ;
#4754 = FACE_OUTER_BOUND ( 'NONE', #4095, .T. ) ;
#4755 = CARTESIAN_POINT ( 'NONE',  ( 0.3042086490922992200, 0.09058918232353539700, -0.1570856569706165800 ) ) ;
#4756 = CARTESIAN_POINT ( 'NONE',  ( -0.9689999999986234100, 0.2444999999999997700, 0.02200000000000684700 ) ) ;
#4757 = ADVANCED_FACE ( 'NONE', ( #1927 ), #2774, .T. ) ;
#4758 = VECTOR ( 'NONE', #1599, 39.37007874015748100 ) ;
#4759 = CARTESIAN_POINT ( 'NONE',  ( -0.7339999999999999900, 0.01199999999999999500, 0.2446000000000000100 ) ) ;
#4760 = VERTEX_POINT ( 'NONE', #2859 ) ;
#4761 = EDGE_CURVE ( 'NONE', #4072, #327, #2210, .T. ) ;
#4762 = EDGE_CURVE ( 'NONE', #5515, #5802, #2908, .T. ) ;
#4763 = PLANE ( 'NONE',  #5306 ) ;
#4764 = CARTESIAN_POINT ( 'NONE',  ( 0.2888020416979000200, 0.06036545921146999800, -0.1675476871846000000 ) ) ;
#4765 = VECTOR ( 'NONE', #953, 39.37007874015748100 ) ;
#4766 = CARTESIAN_POINT ( 'NONE',  ( 0.2693517215490999800, -0.1142520276308999900, 0.1454494086879999900 ) ) ;
#4767 = CARTESIAN_POINT ( 'NONE',  ( 0.3105867474171000200, 0.08063419958463000100, 0.1594118674601000000 ) ) ;
#4768 = ORIENTED_EDGE ( 'NONE', *, *, #123, .F. ) ;
#4769 = CARTESIAN_POINT ( 'NONE',  ( 0.3749999999999968400, 1.237856014599149100E-016, -0.3057568851449519200 ) ) ;
#4770 = FACE_OUTER_BOUND ( 'NONE', #6432, .T. ) ;
#4771 = CARTESIAN_POINT ( 'NONE',  ( 0.2759759741886637600, 0.01985151946401041800, 0.1681008615314259200 ) ) ;
#4772 = CARTESIAN_POINT ( 'NONE',  ( -0.8939999999999999100, -0.1157112826810999800, 0.2372205119602000000 ) ) ;
#4773 = CARTESIAN_POINT ( 'NONE',  ( 0.1015521283983000000, -0.07159245000352999800, 0.1711646816830000000 ) ) ;
#4774 = CARTESIAN_POINT ( 'NONE',  ( 0.2840875733505931500, 0.1872000104227307100, -0.01063831354726886200 ) ) ;
#4775 = FACE_OUTER_BOUND ( 'NONE', #3106, .T. ) ;
#4776 = LINE ( 'NONE', #6220, #5700 ) ;
#4777 = CARTESIAN_POINT ( 'NONE',  ( 0.3045692646084961500, 0.1103050541340974800, -0.1434510170009195800 ) ) ;
#4778 = CARTESIAN_POINT ( 'NONE',  ( 0.2905562322515000100, 0.1145253165049000000, -0.1363824209866000000 ) ) ;
#4779 = EDGE_CURVE ( 'NONE', #793, #4526, #918, .T. ) ;
#4780 = DIRECTION ( 'NONE',  ( 1.000000000000000000, 3.756177236531292400E-014, -3.756177236531334700E-014 ) ) ;
#4781 = ADVANCED_FACE ( 'NONE', ( #2261 ), #2579, .F. ) ;
#4782 = VERTEX_POINT ( 'NONE', #2666 ) ;
#4783 = CARTESIAN_POINT ( 'NONE',  ( 0.7815670747688996400, -1.184320132940809500E-013, -4.663990808304729800E-032 ) ) ;
#4784 = CIRCLE ( 'NONE', #1660, 0.06200000000006851400 ) ;
#4785 = CARTESIAN_POINT ( 'NONE',  ( 0.3052904956409012700, 0.1429397803735736000, -0.1097937884690551000 ) ) ;
#4786 = DIRECTION ( 'NONE',  ( -1.332608777397077500E-015, 1.000000000000000000, 0.0000000000000000000 ) ) ;
#4787 = EDGE_CURVE ( 'NONE', #4728, #1447, #4803, .T. ) ;
#4788 = CARTESIAN_POINT ( 'NONE',  ( 0.2835742641223629200, 0.1851829961942672900, -0.02981891547638097400 ) ) ;
#4789 = VECTOR ( 'NONE', #3724, 39.37007874015748100 ) ;
#4790 = ADVANCED_FACE ( 'NONE', ( #4842 ), #2493, .T. ) ;
#4791 = CARTESIAN_POINT ( 'NONE',  ( 0.08319399286911000100, 0.1543597665776000000, 0.07532665131059999900 ) ) ;
#4792 = FACE_OUTER_BOUND ( 'NONE', #1270, .T. ) ;
#4793 = CARTESIAN_POINT ( 'NONE',  ( 0.2923104228051000000, 0.1545860204455999900, -0.08842721247127000000 ) ) ;
#4794 = UNCERTAINTY_MEASURE_WITH_UNIT (LENGTH_MEASURE( 1.000000000000000100E-005 ), #2193, 'distance_accuracy_value', 'NONE');
#4795 = CARTESIAN_POINT ( 'NONE',  ( 0.1260071105379000100, 0.1530400076852000100, 0.1048881900184999900 ) ) ;
#4796 = VERTEX_POINT ( 'NONE', #2481 ) ;
#4797 = CARTESIAN_POINT ( 'NONE',  ( 0.09999999999999990800, 0.1731228637186080500, 0.06885416174479780400 ) ) ;
#4798 = AXIS2_PLACEMENT_3D ( 'NONE', #948, #977, #940 ) ;
#4799 = EDGE_CURVE ( 'NONE', #1274, #2771, #4480, .T. ) ;
#4800 = DIRECTION ( 'NONE',  ( 1.000000000000000000, 1.443626708769453500E-015, 1.355655714602112600E-015 ) ) ;
#4801 = FACE_OUTER_BOUND ( 'NONE', #395, .T. ) ;
#4802 = CARTESIAN_POINT ( 'NONE',  ( 0.7788404885582191900, 0.2886751345948362400, 2.714133640958143600E-014 ) ) ;
#4803 = CIRCLE ( 'NONE', #1822, 0.06200000000006851400 ) ;
#4804 = DIRECTION ( 'NONE',  ( -1.000000000000000000, 0.0000000000000000000, 0.0000000000000000000 ) ) ;
#4805 = CARTESIAN_POINT ( 'NONE',  ( 0.2940646133586999900, 0.1756157354153000100, -0.02958580512982999700 ) ) ;
#4806 = CARTESIAN_POINT ( 'NONE',  ( 0.3056511111571093600, 0.1558624805157235400, -0.08977604813231805600 ) ) ;
#4807 = ORIENTED_EDGE ( 'NONE', *, *, #2651, .T. ) ;
#4808 = ORIENTED_EDGE ( 'NONE', *, *, #4272, .T. ) ;
#4809 = CARTESIAN_POINT ( 'NONE',  ( 0.3949238939618784400, -1.408596514203429000E-016, -4.077283130543913100E-014 ) ) ;
#4810 = CARTESIAN_POINT ( 'NONE',  ( 0.2595108825771624800, 0.05288335360131432600, 0.1798964062885053900 ) ) ;
#4811 = CARTESIAN_POINT ( 'NONE',  ( 0.1076489750086000000, 0.1051303485196999900, -0.1358253960498000100 ) ) ;
#4812 = ADVANCED_FACE ( 'NONE', ( #462, #2340 ), #2396, .F. ) ;
#4813 = ORIENTED_EDGE ( 'NONE', *, *, #1757, .T. ) ;
#4814 = EDGE_LOOP ( 'NONE', ( #592, #4155, #5011, #137, #4915, #5843, #335, #3974 ) ) ;
#4815 = DIRECTION ( 'NONE',  ( -1.000000000000000000, -0.0000000000000000000, 0.0000000000000000000 ) ) ;
#4816 = CARTESIAN_POINT ( 'NONE',  ( 0.1504620926773999900, 0.1337994522207000000, -0.1285318197175000000 ) ) ;
#4817 = CARTESIAN_POINT ( 'NONE',  ( 0.3063723421895176400, 0.1730182849344900900, -0.04645083302788966700 ) ) ;
#4818 = CARTESIAN_POINT ( 'NONE',  ( 0.2831893636988177500, 0.1825155542094054300, -0.04403826028442090600 ) ) ;
#4819 = AXIS2_PLACEMENT_3D ( 'NONE', #4920, #4889, #4875 ) ;
#4820 = ORIENTED_EDGE ( 'NONE', *, *, #2144, .T. ) ;
#4821 = CONICAL_SURFACE ( 'NONE', #2834, 0.2492264973082483300, 1.134464013796606900 ) ;
#4822 = ADVANCED_FACE ( 'NONE', ( #3970 ), #2508, .T. ) ;
#4823 = CARTESIAN_POINT ( 'NONE',  ( 0.2958188039122999800, 0.1750255215377999900, 0.03289787212803999700 ) ) ;
#4824 = LINE ( 'NONE', #1832, #3829 ) ;
#4825 = CARTESIAN_POINT ( 'NONE',  ( -0.8940176194235499600, -0.2043538597628500300, 0.1491995308303499800 ) ) ;
#4826 = ORIENTED_EDGE ( 'NONE', *, *, #5650, .T. ) ;
#4827 = ORIENTED_EDGE ( 'NONE', *, *, #5434, .T. ) ;
#4828 = EDGE_CURVE ( 'NONE', #6377, #5126, #4403, .T. ) ;
#4829 = CARTESIAN_POINT ( 'NONE',  ( 0.1672785122998076400, -0.003605611097474289400, 0.1874739245227246000 ) ) ;
#4830 = EDGE_CURVE ( 'NONE', #5895, #3996, #5668, .T. ) ;
#4831 = CARTESIAN_POINT ( 'NONE',  ( -0.7810000000000001400, -0.2580939751331000100, 0.1308147545195000000 ) ) ;
#4832 = DIRECTION ( 'NONE',  ( 1.454624126623917100E-015, 0.0000000000000000000, -1.000000000000000000 ) ) ;
#4833 = CARTESIAN_POINT ( 'NONE',  ( -0.6480000000000159000, 0.03400000000006440200, 0.07056760729835999400 ) ) ;
#4834 = CARTESIAN_POINT ( 'NONE',  ( 0.2975729944659000200, 0.1528880535699000100, 0.09133150094469000300 ) ) ;
#4835 = B_SPLINE_CURVE_WITH_KNOTS ( 'NONE', 3,
 ( #965, #996, #922, #906 ),
 .UNSPECIFIED., .F., .F.,
 ( 4, 4 ),
 ( 1.028539496296863300E-006, 1.000000000000000000 ),
 .UNSPECIFIED. ) ;
#4836 = LINE ( 'NONE', #3399, #4868 ) ;
#4837 = CARTESIAN_POINT ( 'NONE',  ( 0.2806254001542691200, 0.1378048978572210300, -0.1286051695291633400 ) ) ;
#4838 = ORIENTED_EDGE ( 'NONE', *, *, #890, .T. ) ;
#4839 = ORIENTED_EDGE ( 'NONE', *, *, #3770, .T. ) ;
#4840 = CARTESIAN_POINT ( 'NONE',  ( 0.1321039571481000000, -0.1116255653629000000, -0.1305397102726000000 ) ) ;
#4841 = EDGE_CURVE ( 'NONE', #3944, #2868, #5001, .T. ) ;
#4842 = FACE_OUTER_BOUND ( 'NONE', #251, .T. ) ;
#4843 = CARTESIAN_POINT ( 'NONE',  ( 0.3070933388217481600, 0.1769067067877347600, 8.402099571344738100E-009 ) ) ;
#4844 = AXIS2_PLACEMENT_3D ( 'NONE', #4362, #4340, #4336 ) ;
#4845 = CARTESIAN_POINT ( 'NONE',  ( 0.1749170748168999700, -0.09866578753235000200, -0.1571232880791000000 ) ) ;
#4846 = DIRECTION ( 'NONE',  ( -0.0000000000000000000, -0.0000000000000000000, -1.000000000000000000 ) ) ;
#4847 = VERTEX_POINT ( 'NONE', #1926 ) ;
#4848 = CARTESIAN_POINT ( 'NONE',  ( 0.2993271850195000100, 0.1119286703478000100, 0.1385213686635999900 ) ) ;
#4849 = EDGE_CURVE ( 'NONE', #714, #757, #2956, .T. ) ;
#4850 = DIRECTION ( 'NONE',  ( 0.0000000000000000000, 0.0000000000000000000, -1.000000000000000000 ) ) ;
#4851 = CONICAL_SURFACE ( 'NONE', #2894, 0.1878043917781492500, 0.7649928327132695700 ) ;
#4852 = ADVANCED_FACE ( 'NONE', ( #3800 ), #4466, .T. ) ;
#4853 = DIRECTION ( 'NONE',  ( -1.000000000000000000, -0.0000000000000000000, -0.0000000000000000000 ) ) ;
#4854 = DIRECTION ( 'NONE',  ( 1.000000000000000000, 1.109835952963532300E-015, 1.181855250411386300E-015 ) ) ;
#4855 = CARTESIAN_POINT ( 'NONE',  ( 0.3067329577057179600, 0.1772740727881852700, -0.02315490198232110500 ) ) ;
#4856 = DIRECTION ( 'NONE',  ( -0.0000000000000000000, 0.0000000000000000000, -1.000000000000000000 ) ) ;
#4857 = CARTESIAN_POINT ( 'NONE',  ( 0.3010813755731000000, 0.05718985703637000100, 0.1686579791697999900 ) ) ;
#4858 = EDGE_LOOP ( 'NONE', ( #1794, #6322, #6016, #6089 ) ) ;
#4859 = CARTESIAN_POINT ( 'NONE',  ( 0.2590126681367811400, 0.07070337419839133100, 0.1737632085227335300 ) ) ;
#4860 = EDGE_CURVE ( 'NONE', #14, #2450, #4824, .T. ) ;
#4861 = CARTESIAN_POINT ( 'NONE',  ( -0.7339999999999999900, 0.1949999999999999800, -0.2605000000000000100 ) ) ;
#4862 = EDGE_LOOP ( 'NONE', ( #6497, #4968, #4208, #5134 ) ) ;
#4863 = CARTESIAN_POINT ( 'NONE',  ( 0.1993720569564000100, -0.1738903762893000100, 0.06468960017159000600 ) ) ;
#4864 = CARTESIAN_POINT ( 'NONE',  ( 0.3028355661266999800, -0.004589532634667999900, 0.1780312519620999800 ) ) ;
#4865 = CARTESIAN_POINT ( 'NONE',  ( 0.2775533080981709100, 0.03792985056307001500, -0.1846434019538991100 ) ) ;
#4866 = FACE_OUTER_BOUND ( 'NONE', #3198, .T. ) ;
#4867 = CARTESIAN_POINT ( 'NONE',  ( 0.1673592583876651300, -0.006632163922269612200, 0.1873995079739517700 ) ) ;
#4868 = VECTOR ( 'NONE', #838, 39.37007874015748100 ) ;
#4869 = CARTESIAN_POINT ( 'NONE',  ( 0.3045897566804000000, -0.06580389501866000500, 0.1654872659843000000 ) ) ;
#4870 = DIRECTION ( 'NONE',  ( -1.454624126623917100E-015, 0.0000000000000000000, -1.000000000000000000 ) ) ;
#4871 = CARTESIAN_POINT ( 'NONE',  ( 0.7968750000000000000, -4.978686255640859300E-014, 0.1724999999999290200 ) ) ;
#4872 = AXIS2_PLACEMENT_3D ( 'NONE', #2356, #2269, #2268 ) ;
#4873 = CARTESIAN_POINT ( 'NONE',  ( 0.2770417807880843400, 0.01862747704800945700, -0.1875823433852963100 ) ) ;
#4874 = LINE ( 'NONE', #4825, #4895 ) ;
#4875 = DIRECTION ( 'NONE',  ( -1.000000000000000000, 0.0000000000000000000, 0.0000000000000000000 ) ) ;
#4876 = ADVANCED_FACE ( 'NONE', ( #628 ), #1841, .T. ) ;
#4877 = CARTESIAN_POINT ( 'NONE',  ( 0.3063439472339999900, -0.1189171846250000100, 0.1325703061834999900 ) ) ;
#4878 = CARTESIAN_POINT ( 'NONE',  ( 0.2238270390958999600, 0.02802093135131999600, 0.1834049537366999900 ) ) ;
#4879 = CARTESIAN_POINT ( 'NONE',  ( -0.6257923179451000400, -0.008660560308926999700, -0.01885262297219000200 ) ) ;
#4880 = ORIENTED_EDGE ( 'NONE', *, *, #4940, .T. ) ;
#4881 = EDGE_CURVE ( 'NONE', #6291, #283, #4230, .T. ) ;
#4882 = EDGE_CURVE ( 'NONE', #2208, #3732, #3675, .T. ) ;
#4883 = DIRECTION ( 'NONE',  ( 0.0000000000000000000, -0.7071067811865482400, 0.7071067811865469100 ) ) ;
#4884 = ADVANCED_FACE ( 'NONE', ( #197 ), #3641, .F. ) ;
#4885 = CARTESIAN_POINT ( 'NONE',  ( 0.3080981377875999800, -0.1573907093926000000, 0.08333277589962000100 ) ) ;
#4886 = DIRECTION ( 'NONE',  ( 0.0000000000000000000, 0.0000000000000000000, -1.000000000000000000 ) ) ;
#4887 = ORIENTED_EDGE ( 'NONE', *, *, #1397, .F. ) ;
#4888 = ORIENTED_EDGE ( 'NONE', *, *, #4195, .F. ) ;
#4889 = DIRECTION ( 'NONE',  ( -0.0000000000000000000, -0.0000000000000000000, 1.000000000000000000 ) ) ;
#4890 = AXIS2_PLACEMENT_3D ( 'NONE', #5097, #4351, #5074 ) ;
#4891 = LINE ( 'NONE', #3586, #5063 ) ;
#4892 = DIRECTION ( 'NONE',  ( 0.0000000000000000000, 0.0000000000000000000, -1.000000000000000000 ) ) ;
#4893 = DIRECTION ( 'NONE',  ( -0.7071067811859973500, 0.0000000000000000000, 0.7071067811870976900 ) ) ;
#4894 = ORIENTED_EDGE ( 'NONE', *, *, #5326, .T. ) ;
#4895 = VECTOR ( 'NONE', #789, 39.37007874015748100 ) ;
#4896 = CARTESIAN_POINT ( 'NONE',  ( -0.7339999999999991000, -0.1678464951687497800, 0.2951257157822557200 ) ) ;
#4897 = CARTESIAN_POINT ( 'NONE',  ( 0.3098523283412000200, -0.1764879479117000000, 0.02383619170529000000 ) ) ;
#4898 = DIRECTION ( 'NONE',  ( 1.000000000000000000, 0.0000000000000000000, 0.0000000000000000000 ) ) ;
#4899 = ORIENTED_EDGE ( 'NONE', *, *, #2330, .T. ) ;
#4900 = VERTEX_POINT ( 'NONE', #1700 ) ;
#4901 = CARTESIAN_POINT ( 'NONE',  ( 0.2482820212354000000, 0.1852733853190000100, 0.009811540142375998700 ) ) ;
#4902 = CARTESIAN_POINT ( 'NONE',  ( 0.3265899843067000000, -1.065975624152775600E-013, 0.1574100156932576900 ) ) ;
#4903 = CARTESIAN_POINT ( 'NONE',  ( 0.2760191444815733900, -0.01995546731111766400, -0.1874460119310231700 ) ) ;
#4904 = EDGE_CURVE ( 'NONE', #2610, #2602, #3476, .T. ) ;
#4905 = LINE ( 'NONE', #499, #4969 ) ;
#4906 = ORIENTED_EDGE ( 'NONE', *, *, #257, .T. ) ;
#4907 = ORIENTED_EDGE ( 'NONE', *, *, #1168, .F. ) ;
#4908 = DIRECTION ( 'NONE',  ( -1.000000000000000000, -0.0000000000000000000, -0.0000000000000000000 ) ) ;
#4909 = CARTESIAN_POINT ( 'NONE',  ( 0.2718966470444952300, -0.1510988063937815400, -0.1110157071225001800 ) ) ;
#4910 = CARTESIAN_POINT ( 'NONE',  ( 0.7968750000000000000, 2.244170441670291100E-013, 1.820947428276835500E-014 ) ) ;
#4911 = ADVANCED_FACE ( 'NONE', ( #1297 ), #5592, .T. ) ;
#4912 = EDGE_CURVE ( 'NONE', #2436, #2258, #3440, .T. ) ;
#4913 = CARTESIAN_POINT ( 'NONE',  ( 0.7499999999999998900, -0.1443375672974360500, 0.2500000000000208200 ) ) ;
#4914 = EDGE_CURVE ( 'NONE', #757, #328, #6374, .T. ) ;
#4915 = ORIENTED_EDGE ( 'NONE', *, *, #5672, .F. ) ;
#4916 = CYLINDRICAL_SURFACE ( 'NONE', #2875, 0.06200000000021190600 ) ;
#4917 = CARTESIAN_POINT ( 'NONE',  ( 0.7190670747688996400, 1.184320132940809500E-013, 4.663990808304729800E-032 ) ) ;
#4918 = CARTESIAN_POINT ( 'NONE',  ( 0.2755080354851492400, -0.03923600941181387700, -0.1843673029781461600 ) ) ;
#4919 = ADVANCED_FACE ( 'NONE', ( #157 ), #1581, .T. ) ;
#4920 = CARTESIAN_POINT ( 'NONE',  ( -0.9639999999985462400, 0.09700000000004639600, 0.2446000000000000100 ) ) ;
#4921 = LINE ( 'NONE', #280, #5115 ) ;
#4922 = CARTESIAN_POINT ( 'NONE',  ( -0.7575000000000000600, 0.1910000000000000000, 0.3024999999999999400 ) ) ;
#4923 = AXIS2_PLACEMENT_3D ( 'NONE', #2649, #2561, #2550 ) ;
#4924 = CARTESIAN_POINT ( 'NONE',  ( 0.3265899843067000000, -1.065975624152775600E-013, -1.148795437741948800E-013 ) ) ;
#4925 = CARTESIAN_POINT ( 'NONE',  ( 0.2727370033748999800, 0.04723162110877000100, -0.1794202180448999900 ) ) ;
#4926 = DIRECTION ( 'NONE',  ( 0.0000000000000000000, -1.000000000000000000, 0.0000000000000000000 ) ) ;
#4927 = CARTESIAN_POINT ( 'NONE',  ( -0.6471752119609000000, -0.002428378715650999500, -0.01545878386533000100 ) ) ;
#4928 = ADVANCED_FACE ( 'NONE', ( #5670 ), #1351, .T. ) ;
#4929 = ORIENTED_EDGE ( 'NONE', *, *, #1349, .F. ) ;
#4930 = EDGE_LOOP ( 'NONE', ( #1985, #1880, #1335, #5712, #5825, #1441 ) ) ;
#4931 = CARTESIAN_POINT ( 'NONE',  ( 0.1674525423631864400, -0.01012402541157556700, 0.1872298072679649300 ) ) ;
#4932 = CARTESIAN_POINT ( 'NONE',  ( 0.3116065188948000100, -0.1738582249718000100, -0.03859461471691999500 ) ) ;
#4933 = EDGE_CURVE ( 'NONE', #2938, #208, #3327, .T. ) ;
#4934 = DIRECTION ( 'NONE',  ( -0.0000000000000000000, 0.7071067811865489100, -0.7071067811865461300 ) ) ;
#4935 = CARTESIAN_POINT ( 'NONE',  ( -0.7339999999999999900, -0.2368807716974749800, 0.1166726188957750000 ) ) ;
#4936 = ORIENTED_EDGE ( 'NONE', *, *, #4098, .T. ) ;
#4937 = DIRECTION ( 'NONE',  ( -0.0000000000000000000, -0.0000000000000000000, -1.000000000000000000 ) ) ;
#4938 = CARTESIAN_POINT ( 'NONE',  ( 0.2593698942559099500, 0.05799036445422740100, 0.1783508017223400800 ) ) ;
#4939 = CIRCLE ( 'NONE', #2844, 0.004999999999953607500 ) ;
#4940 = EDGE_CURVE ( 'NONE', #1639, #5782, #5261, .T. ) ;
#4941 = CARTESIAN_POINT ( 'NONE',  ( 0.1674923241112001300, -0.01161188892927697200, 0.1871396662035889900 ) ) ;
#4942 = ADVANCED_FACE ( 'NONE', ( #1982 ), #1478, .T. ) ;
#4943 = FACE_OUTER_BOUND ( 'NONE', #349, .T. ) ;
#4944 = CARTESIAN_POINT ( 'NONE',  ( 0.3133607094484000000, -0.1498239708981999900, -0.09627485599681998000 ) ) ;
#4945 = CARTESIAN_POINT ( 'NONE',  ( 0.2971919855144999900, -0.1660910775056000100, -0.08268099038253000400 ) ) ;
#4946 = DIRECTION ( 'NONE',  ( 0.0000000000000000000, 0.0000000000000000000, 1.000000000000000000 ) ) ;
#4947 = ORIENTED_EDGE ( 'NONE', *, *, #844, .T. ) ;
#4948 = CARTESIAN_POINT ( 'NONE',  ( 0.2744862358059590400, -0.07595797602665173300, -0.1725253490514808100 ) ) ;
#4949 = AXIS2_PLACEMENT_3D ( 'NONE', #1047, #1044, #1024 ) ;
#4950 = CARTESIAN_POINT ( 'NONE',  ( 0.3145301698173999500, -0.1215072984881999900, -0.1268248574146000100 ) ) ;
#4951 = FACE_OUTER_BOUND ( 'NONE', #790, .T. ) ;
#4952 = CARTESIAN_POINT ( 'NONE',  ( 0.7503170747688999700, -1.184320132940809500E-013, 0.0000000000000000000 ) ) ;
#4953 = DIRECTION ( 'NONE',  ( 0.0000000000000000000, 0.0000000000000000000, -1.000000000000000000 ) ) ;
#4954 = CIRCLE ( 'NONE', #2815, 0.1874999999999694400 ) ;
#4955 = DIRECTION ( 'NONE',  ( 0.0000000000000000000, -0.7071067811865479100, 0.7071067811865472400 ) ) ;
#4956 = DIRECTION ( 'NONE',  ( -0.0000000000000000000, -1.000000000000000000, -0.0000000000000000000 ) ) ;
#4957 = CARTESIAN_POINT ( 'NONE',  ( 0.2739755451231928300, -0.09338685185967966800, -0.1637287740267174800 ) ) ;
#4958 = AXIS2_PLACEMENT_3D ( 'NONE', #857, #852, #840 ) ;
#4959 = CARTESIAN_POINT ( 'NONE',  ( 0.1675188014768451100, -0.01260184698437716100, 0.1870757413758714600 ) ) ;
#4960 = VERTEX_POINT ( 'NONE', #1420 ) ;
#4961 = CARTESIAN_POINT ( 'NONE',  ( 0.3151149000019999900, -0.1051439414907000000, -0.1391860623128000100 ) ) ;
#4962 = CARTESIAN_POINT ( 'NONE',  ( 0.3216469676540000300, -0.1146837871777000000, 0.1458422995219000000 ) ) ;
#4963 = CARTESIAN_POINT ( 'NONE',  ( 3.414809992080329000E-017, -0.2768323048345000000, 0.1495530842210000000 ) ) ;
#4964 = CARTESIAN_POINT ( 'NONE',  ( -0.8014409913475981600, 0.2525000000000125500, -0.05731573425037623400 ) ) ;
#4965 = VECTOR ( 'NONE', #4077, 39.37007874015748100 ) ;
#4966 = CARTESIAN_POINT ( 'NONE',  ( -0.6188856726810001400, 0.02888364849149999800, -0.02484581802154000100 ) ) ;
#4967 = EDGE_CURVE ( 'NONE', #4751, #2138, #4433, .T. ) ;
#4968 = ORIENTED_EDGE ( 'NONE', *, *, #4087, .F. ) ;
#4969 = VECTOR ( 'NONE', #590, 39.37007874015748100 ) ;
#4970 = CARTESIAN_POINT ( 'NONE',  ( 0.08516171342063999500, -0.1759844689928000100, 0.04300374401317999500 ) ) ;
#4971 = CARTESIAN_POINT ( 'NONE',  ( 0.2283802234835286000, -0.04399638557633049600, -0.1637168940424092400 ) ) ;
#4972 = DIRECTION ( 'NONE',  ( 1.000000000000000000, -1.109835952963532300E-015, -1.181855250411386300E-015 ) ) ;
#4973 = ORIENTED_EDGE ( 'NONE', *, *, #855, .F. ) ;
#4974 = LINE ( 'NONE', #650, #4995 ) ;
#4975 = CARTESIAN_POINT ( 'NONE',  ( 0.1675340124549249400, -0.01317036160697959200, 0.1870364569208015600 ) ) ;
#4976 = CARTESIAN_POINT ( 'NONE',  ( 8.004248889541486900E-019, -3.785396366181492200E-015, -0.1265000000000135500 ) ) ;
#4977 = PLANE ( 'NONE',  #2355 ) ;
#4978 = CARTESIAN_POINT ( 'NONE',  ( 0.2283134086853552700, 0.05095580062008339700, 0.1805026484685665600 ) ) ;
#4979 = ADVANCED_FACE ( 'NONE', ( #3045 ), #4205, .T. ) ;
#4980 = ORIENTED_EDGE ( 'NONE', *, *, #1917, .T. ) ;
#4981 = ORIENTED_EDGE ( 'NONE', *, *, #686, .T. ) ;
#4982 = CARTESIAN_POINT ( 'NONE',  ( 0.08574644360517999500, -0.1810404765681999900, 0.02231301349149000100 ) ) ;
#4983 = ORIENTED_EDGE ( 'NONE', *, *, #2865, .F. ) ;
#4984 = CARTESIAN_POINT ( 'NONE',  ( 0.09425421310600000400, -0.003200341053794999900, 0.1786174978158000000 ) ) ;
#4985 = ORIENTED_EDGE ( 'NONE', *, *, #4677, .T. ) ;
#4986 = VERTEX_POINT ( 'NONE', #1299 ) ;
#4987 = CARTESIAN_POINT ( 'NONE',  ( 0.2729545820713179000, -0.1247768886139048600, -0.1412898469059507300 ) ) ;
#4988 = ADVANCED_FACE ( 'NONE', ( #896 ), #1293, .T. ) ;
#4989 = FACE_OUTER_BOUND ( 'NONE', #1421, .T. ) ;
#4990 = B_SPLINE_CURVE_WITH_KNOTS ( 'NONE', 3,
 ( #3876, #3792, #3769, #3758, #3740, #3733, #3721, #3713, #3707, #3701 ),
 .UNSPECIFIED., .F., .F.,
 ( 4, 2, 2, 2, 4 ),
 ( 0.4999991626488075000, 0.6249993719866056000, 0.7499995813244037000, 0.8749997906622017900, 1.000000000000000000 ),
 .UNSPECIFIED. ) ;
#4991 = CARTESIAN_POINT ( 'NONE',  ( 0.1679036351595485900, -0.02698094826317838300, 0.1860343367182776800 ) ) ;
#4992 = CARTESIAN_POINT ( 'NONE',  ( 0.08691590397423999700, -0.1837770792035999800, -0.02086406441076999900 ) ) ;
#4993 = CARTESIAN_POINT ( 'NONE',  ( 0.2153590120344067700, -0.04399703100379846000, 0.1637188809671000200 ) ) ;
#4994 = DIRECTION ( 'NONE',  ( -1.000000000000000000, 0.0000000000000000000, 0.0000000000000000000 ) ) ;
#4995 = VECTOR ( 'NONE', #489, 39.37007874015748100 ) ;
#4996 = CARTESIAN_POINT ( 'NONE',  ( -0.9689999999986234100, 0.2440604652872998000, 0.02200000000000684700 ) ) ;
#4997 = DIRECTION ( 'NONE',  ( 0.0000000000000000000, 0.7071067811865471300, 0.7071067811865480200 ) ) ;
#4998 = VERTEX_POINT ( 'NONE', #1259 ) ;
#4999 = VERTEX_POINT ( 'NONE', #1230 ) ;
#5000 = CARTESIAN_POINT ( 'NONE',  ( 0.2724443097022094000, -0.1387092387628235900, -0.1276175525750553000 ) ) ;
#5001 = LINE ( 'NONE', #2000, #4567 ) ;
#5002 = CARTESIAN_POINT ( 'NONE',  ( -0.8939999999999999100, -0.2425376259469500000, 0.1223294731452500100 ) ) ;
#5003 = CARTESIAN_POINT ( 'NONE',  ( 0.1683003281457712600, -0.04176838963294850900, 0.1835056278428552900 ) ) ;
#5004 = EDGE_CURVE ( 'NONE', #4056, #3005, #3125, .T. ) ;
#5005 = CARTESIAN_POINT ( 'NONE',  ( 0.08867009452785000500, -0.1652560848945000000, -0.08306571750269001200 ) ) ;
#5006 = CARTESIAN_POINT ( 'NONE',  ( -0.8909895033928999500, -0.1488887328543999900, 0.2040430617869999900 ) ) ;
#5007 = AXIS2_PLACEMENT_3D ( 'NONE', #3903, #3976, #4181 ) ;
#5008 = CIRCLE ( 'NONE', #2800, 0.1874999999999712200 ) ;
#5009 = CARTESIAN_POINT ( 'NONE',  ( 0.1187091952455000000, 0.1742382202923999600, 0.03943920700846000000 ) ) ;
#5010 = CARTESIAN_POINT ( 'NONE',  ( -0.7809999999999999200, 0.3025000000000355200, -0.1999999999999646500 ) ) ;
#5011 = ORIENTED_EDGE ( 'NONE', *, *, #375, .F. ) ;
#5012 = DIRECTION ( 'NONE',  ( -0.9914466781300052000, 0.0000000000000000000, 0.1305123918445206500 ) ) ;
#5013 = ADVANCED_FACE ( 'NONE', ( #6483 ), #387, .T. ) ;
#5014 = CARTESIAN_POINT ( 'NONE',  ( 0.09042428508145000700, -0.1263880668692000100, -0.1350387554237000000 ) ) ;
#5015 = CARTESIAN_POINT ( 'NONE',  ( -0.8939999999999999100, -0.2100107140124490000, 0.1548563850798490600 ) ) ;
#5016 = PLANE ( 'NONE',  #1337 ) ;
#5017 = CARTESIAN_POINT ( 'NONE',  ( 0.2719302616210835200, -0.1503418322404501400, -0.1120372667211126500 ) ) ;
#5018 = CARTESIAN_POINT ( 'NONE',  ( 0.1691702560574493100, -0.07292032010699427100, 0.1734985410715608200 ) ) ;
#5019 = ORIENTED_EDGE ( 'NONE', *, *, #2406, .F. ) ;
#5020 = ADVANCED_FACE ( 'NONE', ( #2628 ), #6186, .T. ) ;
#5021 = CARTESIAN_POINT ( 'NONE',  ( -0.7330600000000000400, 0.3047300000000000000, 0.2389999999999999900 ) ) ;
#5022 = FACE_OUTER_BOUND ( 'NONE', #29, .T. ) ;
#5023 = CARTESIAN_POINT ( 'NONE',  ( 0.2551770362350884200, 0.1724914639788148500, 0.07533030682307106900 ) ) ;
#5024 = LINE ( 'NONE', #238, #5127 ) ;
#5025 = DIRECTION ( 'NONE',  ( 1.000000000000000000, -0.0000000000000000000, 0.0000000000000000000 ) ) ;
#5026 = EDGE_CURVE ( 'NONE', #729, #2868, #1222, .T. ) ;
#5027 = CARTESIAN_POINT ( 'NONE',  ( 0.09217847563506000000, -0.07195899470135999600, -0.1703858423715000100 ) ) ;
#5028 = B_SPLINE_CURVE_WITH_KNOTS ( 'NONE', 3,
 ( #5860, #5884, #6039, #5851 ),
 .UNSPECIFIED., .F., .F.,
 ( 4, 4 ),
 ( 2.554925122489629400E-016, 0.003694680973267643700 ),
 .UNSPECIFIED. ) ;
#5029 = CARTESIAN_POINT ( 'NONE',  ( 0.1431641773850000100, 0.07402444560373999700, -0.1625876374131000100 ) ) ;
#5030 = CARTESIAN_POINT ( 'NONE',  ( 0.2718591231032732600, -0.1519368447446856100, -0.1098702338806822900 ) ) ;
#5031 = ORIENTED_EDGE ( 'NONE', *, *, #2824, .T. ) ;
#5032 = CARTESIAN_POINT ( 'NONE',  ( 0.1696434909829041000, -0.08928804954316733900, 0.1659900211240927000 ) ) ;
#5033 = AXIS2_PLACEMENT_3D ( 'NONE', #52, #44, #31 ) ;
#5034 = FACE_OUTER_BOUND ( 'NONE', #466, .T. ) ;
#5035 = CARTESIAN_POINT ( 'NONE',  ( 0.09393266618865998800, -0.008670209026545000500, -0.1847545648264999900 ) ) ;
#5036 = EDGE_CURVE ( 'NONE', #4375, #3996, #2864, .T. ) ;
#5037 = DIRECTION ( 'NONE',  ( -1.000000000000000000, 3.756177236531380100E-014, 3.756177236531211600E-014 ) ) ;
#5038 = VERTEX_POINT ( 'NONE', #1131 ) ;
#5039 = ORIENTED_EDGE ( 'NONE', *, *, #3118, .T. ) ;
#5040 = DIRECTION ( 'NONE',  ( 0.0000000000000000000, 0.0000000000000000000, -1.000000000000000000 ) ) ;
#5041 = DIRECTION ( 'NONE',  ( 0.0000000000000000000, 0.0000000000000000000, -1.000000000000000000 ) ) ;
#5042 = CARTESIAN_POINT ( 'NONE',  ( 0.7784797983293999500, -1.340152852673150400E-014, -1.837850737737633100E-013 ) ) ;
#5043 = ORIENTED_EDGE ( 'NONE', *, *, #4390, .T. ) ;
#5044 = CARTESIAN_POINT ( 'NONE',  ( 0.2717843017334674000, -0.1535856133823511900, -0.1075701514936544300 ) ) ;
#5045 = EDGE_CURVE ( 'NONE', #713, #6509, #1470, .T. ) ;
#5046 = CARTESIAN_POINT ( 'NONE',  ( 0.7031250000000229800, 8.349797351103793100E-014, -7.833574121832274700E-014 ) ) ;
#5047 = DIRECTION ( 'NONE',  ( -1.000000000000000000, 0.0000000000000000000, 0.0000000000000000000 ) ) ;
#5048 = CARTESIAN_POINT ( 'NONE',  ( 0.7187500000000013300, 1.184323651950592800E-013, -0.1875000000000056900 ) ) ;
#5049 = ORIENTED_EDGE ( 'NONE', *, *, #5432, .F. ) ;
#5050 = CARTESIAN_POINT ( 'NONE',  ( 0.1676191595244999900, -0.1441558718304999900, -0.1055148826937000000 ) ) ;
#5051 = CARTESIAN_POINT ( 'NONE',  ( 0.09568685674226999600, 0.05568601205812000200, -0.1763759875694999900 ) ) ;
#5052 = CARTESIAN_POINT ( 'NONE',  ( -0.6816944748691116100, -0.001670121333295417200, -0.01054266999528328200 ) ) ;
#5053 = ADVANCED_FACE ( 'NONE', ( #2697 ), #1000, .T. ) ;
#5054 = AXIS2_PLACEMENT_3D ( 'NONE', #2140, #2139, #2145 ) ;
#5055 = EDGE_CURVE ( 'NONE', #6250, #4847, #5456, .T. ) ;
#5056 = CARTESIAN_POINT ( 'NONE',  ( 0.2798768648707999900, -0.06508262633700000200, -0.1731279475795000100 ) ) ;
#5057 = CARTESIAN_POINT ( 'NONE',  ( 0.1706665027730416300, -0.1212122710508761300, 0.1443234538141892600 ) ) ;
#5058 = ORIENTED_EDGE ( 'NONE', *, *, #5837, .T. ) ;
#5059 = LINE ( 'NONE', #1708, #5065 ) ;
#5060 = DIRECTION ( 'NONE',  ( 0.0000000000000000000, 0.7071067811865480200, 0.7071067811865470200 ) ) ;
#5061 = CARTESIAN_POINT ( 'NONE',  ( 0.1126123486352000000, -0.1922682199801999900, 0.007681359280181000400 ) ) ;
#5062 = CARTESIAN_POINT ( 'NONE',  ( 0.3042813085621000100, -0.1132516802428000000, -0.1499188179539000000 ) ) ;
#5063 = VECTOR ( 'NONE', #3543, 39.37007874015748100 ) ;
#5064 = CARTESIAN_POINT ( 'NONE',  ( 0.2347244145887956700, -0.1591481240095462000, 0.09917360115354494100 ) ) ;
#5065 = VECTOR ( 'NONE', #4235, 39.37007874015748900 ) ;
#5066 = ORIENTED_EDGE ( 'NONE', *, *, #3828, .T. ) ;
#5067 = LINE ( 'NONE', #832, #5165 ) ;
#5068 = CARTESIAN_POINT ( 'NONE',  ( 0.3036965783776000000, -0.1308768296153000100, -0.1366044300329999900 ) ) ;
#5069 =( GEOMETRIC_REPRESENTATION_CONTEXT ( 3 ) GLOBAL_UNCERTAINTY_ASSIGNED_CONTEXT ( ( #570 ) ) GLOBAL_UNIT_ASSIGNED_CONTEXT ( ( #806, #795, #784 ) ) REPRESENTATION_CONTEXT ( 'NONE', 'WORKASPACE' ) );
#5070 = CARTESIAN_POINT ( 'NONE',  ( 0.2339366304238668100, -0.1416637733266428700, 0.1232934077718840200 ) ) ;
#5071 = LINE ( 'NONE', #420, #5073 ) ;
#5072 = DIRECTION ( 'NONE',  ( -1.000000000000000000, -0.0000000000000000000, -0.0000000000000000000 ) ) ;
#5073 = VECTOR ( 'NONE', #365, 39.37007874015748100 ) ;
#5074 = DIRECTION ( 'NONE',  ( 0.0000000000000000000, 0.0000000000000000000, 1.000000000000000000 ) ) ;
#5075 = CARTESIAN_POINT ( 'NONE',  ( 0.09744104729586999800, 0.1131860323368000000, -0.1462817135508000000 ) ) ;
#5076 = CARTESIAN_POINT ( 'NONE',  ( 0.3025271180085000200, -0.1613770247177999900, -0.1036986920233999900 ) ) ;
#5077 = LINE ( 'NONE', #1466, #5660 ) ;
#5078 = DIRECTION ( 'NONE',  ( -1.000000000000000000, 0.0000000000000000000, 0.0000000000000000000 ) ) ;
#5079 = CARTESIAN_POINT ( 'NONE',  ( 0.2716355650444062200, -0.1567741062727155700, -0.1029353276791439000 ) ) ;
#5080 = EDGE_CURVE ( 'NONE', #4436, #5989, #1410, .T. ) ;
#5081 = CIRCLE ( 'NONE', #2791, 0.004999999999953676000 ) ;
#5082 = DIRECTION ( 'NONE',  ( 1.000000000000000000, 0.0000000000000000000, -0.0000000000000000000 ) ) ;
#5083 = CARTESIAN_POINT ( 'NONE',  ( 0.09919523784947000000, 0.1567503801209999800, -0.09817705013418999400 ) ) ;
#5084 = CARTESIAN_POINT ( 'NONE',  ( 0.1712162796377250900, -0.1367762004133353800, 0.1301571270721013100 ) ) ;
#5085 = ADVANCED_FACE ( 'NONE', ( #2016 ), #4397, .F. ) ;
#5086 = LINE ( 'NONE', #463, #6442 ) ;
#5087 = DIRECTION ( 'NONE',  ( 0.0000000000000000000, 0.0000000000000000000, -1.000000000000000000 ) ) ;
#5088 = CARTESIAN_POINT ( 'NONE',  ( 0.1370673307747000100, -0.03155670462631000200, 0.1898162028145000100 ) ) ;
#5089 = CARTESIAN_POINT ( 'NONE',  ( 0.3007729274548999700, -0.1872645805637999900, -0.04157067828201999700 ) ) ;
#5090 = EDGE_LOOP ( 'NONE', ( #6419, #5551, #442, #1465 ) ) ;
#5091 = AXIS2_PLACEMENT_3D ( 'NONE', #467, #296, #325 ) ;
#5092 = EDGE_CURVE ( 'NONE', #4436, #1514, #3519, .T. ) ;
#5093 = CARTESIAN_POINT ( 'NONE',  ( 0.2990187369012999900, -0.1900970836762000100, 0.02567422072010999700 ) ) ;
#5094 = CARTESIAN_POINT ( 'NONE',  ( 0.1009494284031000100, 0.1810153897396999900, -0.03798474164449999700 ) ) ;
#5095 = CARTESIAN_POINT ( 'NONE',  ( 0.2238346103428275900, 0.1739040794048273600, 0.07274763854401904200 ) ) ;
#5096 = EDGE_LOOP ( 'NONE', ( #3817, #1242, #104, #2757 ) ) ;
#5097 = CARTESIAN_POINT ( 'NONE',  ( 0.7971920747688999700, -4.978686255640867500E-014, 6.189280072996085900E-017 ) ) ;
#5098 = LINE ( 'NONE', #4964, #4699 ) ;
#5099 = CARTESIAN_POINT ( 'NONE',  ( 0.1720983513891746200, -0.1567472329216669200, 0.1034676547203893700 ) ) ;
#5100 = AXIS2_PLACEMENT_3D ( 'NONE', #2199, #2222, #2154 ) ;
#5101 = CARTESIAN_POINT ( 'NONE',  ( -0.9639999999985462400, 0.09700000000004639600, 0.2605000000000000100 ) ) ;
#5102 = CARTESIAN_POINT ( 'NONE',  ( 0.2972645463477000000, -0.1695272408527999700, 0.08975863712284000400 ) ) ;
#5103 = EDGE_CURVE ( 'NONE', #2868, #6124, #4553, .T. ) ;
#5104 = CARTESIAN_POINT ( 'NONE',  ( 0.1027036189566999900, 0.1829935694992000100, 0.02688424255005000100 ) ) ;
#5105 = EDGE_LOOP ( 'NONE', ( #6161, #6202, #2039, #2069, #2375, #1756, #1588, #1012, #1390, #281, #591 ) ) ;
#5106 = CARTESIAN_POINT ( 'NONE',  ( -0.7340000000000001000, 0.1359999999999941500, 0.2525500000000126000 ) ) ;
#5107 = CARTESIAN_POINT ( 'NONE',  ( -0.8940000000000001300, 0.2605000000000000100, 0.1469999999999999900 ) ) ;
#5108 = CARTESIAN_POINT ( 'NONE',  ( -0.7308000000000000100, -0.1163618209198000000, 0.2365699737214999900 ) ) ;
#5109 = CARTESIAN_POINT ( 'NONE',  ( 0.1044578095103000000, 0.1624414131063000000, 0.08844316428637999400 ) ) ;
#5110 = VERTEX_POINT ( 'NONE', #664 ) ;
#5111 = CARTESIAN_POINT ( 'NONE',  ( 0.1615223129142999700, 0.1794432614711000100, 0.06946994485200999600 ) ) ;
#5112 = CARTESIAN_POINT ( 'NONE',  ( 0.2298398342547226800, -0.005786036665519267800, 0.1882379532441080200 ) ) ;
#5113 = VECTOR ( 'NONE', #3418, 39.37007874015748100 ) ;
#5114 = CARTESIAN_POINT ( 'NONE',  ( 0.2955103557941000100, -0.1280869898692000000, 0.1427929152429000000 ) ) ;
#5115 = VECTOR ( 'NONE', #404, 39.37007874015748900 ) ;
#5116 = DIRECTION ( 'NONE',  ( -1.000000000000000000, 0.0000000000000000000, -0.0000000000000000000 ) ) ;
#5117 = CARTESIAN_POINT ( 'NONE',  ( 0.2837025773358458100, 0.1858871930223957300, -0.02504456955835800500 ) ) ;
#5118 = ADVANCED_FACE ( 'NONE', ( #3813 ), #553, .T. ) ;
#5119 = CARTESIAN_POINT ( 'NONE',  ( 0.2557595822093335900, -0.1464988137908334600, -0.08534580747504871800 ) ) ;
#5120 = CARTESIAN_POINT ( 'NONE',  ( 0.1724019430487286600, -0.1628400714332329000, 0.09368232940528388500 ) ) ;
#5121 = LINE ( 'NONE', #170, #5224 ) ;
#5122 = CARTESIAN_POINT ( 'NONE',  ( 0.1062120000639000000, 0.1218893662573000000, 0.1391128512621999900 ) ) ;
#5123 = CARTESIAN_POINT ( 'NONE',  ( 0.2937561652405000200, -0.07087808932901000500, 0.1782481298094000000 ) ) ;
#5124 = CARTESIAN_POINT ( 'NONE',  ( 0.2288961400332883700, 0.02959241499879078000, 0.1851503395492303000 ) ) ;
#5125 = ADVANCED_FACE ( 'NONE', ( #875 ), #2276, .F. ) ;
#5126 = VERTEX_POINT ( 'NONE', #486 ) ;
#5127 = VECTOR ( 'NONE', #3352, 39.37007874015748100 ) ;
#5128 = CARTESIAN_POINT ( 'NONE',  ( 0.1079661906175000000, 0.06633026301897000700, 0.1726548469123999900 ) ) ;
#5129 = DIRECTION ( 'NONE',  ( 0.0000000000000000000, -1.000000000000000000, 0.0000000000000000000 ) ) ;
#5130 = EDGE_CURVE ( 'NONE', #4782, #34, #6245, .T. ) ;
#5131 = CARTESIAN_POINT ( 'NONE',  ( 0.1859772950538000100, 0.1044783666632000000, -0.1615864063054000000 ) ) ;
#5132 = CARTESIAN_POINT ( 'NONE',  ( 0.2920019746868999800, -0.004943435399462000300, 0.1917593932144000000 ) ) ;
#5133 = CARTESIAN_POINT ( 'NONE',  ( 0.2323007696721262100, -0.09438886337476477800, 0.1631370630917035600 ) ) ;
#5134 = ORIENTED_EDGE ( 'NONE', *, *, #3400, .T. ) ;
#5135 = ORIENTED_EDGE ( 'NONE', *, *, #4762, .T. ) ;
#5136 = LINE ( 'NONE', #3805, #3984 ) ;
#5137 = CARTESIAN_POINT ( 'NONE',  ( 0.2902477841332999900, 0.06159981555177999200, 0.1816633393852999900 ) ) ;
#5138 = CARTESIAN_POINT ( 'NONE',  ( 0.1097203811711000000, 0.002604594082141999800, 0.1849394846292000100 ) ) ;
#5139 = AXIS2_PLACEMENT_3D ( 'NONE', #5046, #5025, #4953 ) ;
#5140 = CARTESIAN_POINT ( 'NONE',  ( 0.2955326219757638500, -0.1173633056789438600, 0.1473783533186838200 ) ) ;
#5141 = EDGE_CURVE ( 'NONE', #2530, #1029, #5499, .T. ) ;
#5142 = ORIENTED_EDGE ( 'NONE', *, *, #5141, .F. ) ;
#5143 = EDGE_LOOP ( 'NONE', ( #4527, #4669, #4838, #2281 ) ) ;
#5144 = CARTESIAN_POINT ( 'NONE',  ( 0.1728716821516654800, -0.1707183052222731900, 0.07775861751645429800 ) ) ;
#5145 = CARTESIAN_POINT ( 'NONE',  ( 0.3749999999999968400, 1.237856014599161000E-016, 6.200868094368866900E-014 ) ) ;
#5146 = CARTESIAN_POINT ( 'NONE',  ( -0.8930000000000000200, 0.2525000000000500200, -0.1029999999999999900 ) ) ;
#5147 = CARTESIAN_POINT ( 'NONE',  ( 0.2884935935797000000, 0.1205595853124000100, 0.1492028692120999900 ) ) ;
#5148 = CARTESIAN_POINT ( 'NONE',  ( 0.1114745717247000000, -0.06144170481188000000, 0.1744543226628999800 ) ) ;
#5149 = ORIENTED_EDGE ( 'NONE', *, *, #4967, .F. ) ;
#5150 = LINE ( 'NONE', #122, #5178 ) ;
#5151 = CARTESIAN_POINT ( 'NONE',  ( -0.6154681103004568900, 0.0007870732858397688500, 0.06480285405142714700 ) ) ;
#5152 = AXIS2_PLACEMENT_3D ( 'NONE', #3130, #3117, #3580 ) ;
#5153 = LINE ( 'NONE', #16, #5800 ) ;
#5154 = DIRECTION ( 'NONE',  ( 0.0000000000000000000, 0.0000000000000000000, 1.000000000000000000 ) ) ;
#5155 = CARTESIAN_POINT ( 'NONE',  ( 0.1730306537882454200, -0.1731327060022834500, 0.07224365180979690200 ) ) ;
#5156 = ADVANCED_FACE ( 'NONE', ( #6014 ), #4614, .T. ) ;
#5157 = EDGE_LOOP ( 'NONE', ( #5865, #2105, #5620, #1626 ) ) ;
#5158 = CARTESIAN_POINT ( 'NONE',  ( 0.1132287622783000000, -0.1179232495082999900, 0.1424903431201000000 ) ) ;
#5159 = ORIENTED_EDGE ( 'NONE', *, *, #2624, .T. ) ;
#5160 = ORIENTED_EDGE ( 'NONE', *, *, #1178, .T. ) ;
#5161 = CARTESIAN_POINT ( 'NONE',  ( 0.2104322771932999600, -0.1369936730158000100, -0.1351242648667999900 ) ) ;
#5162 = CARTESIAN_POINT ( 'NONE',  ( 0.2867394030261000100, 0.1646773814102999700, 0.09837415065892998700 ) ) ;
#5163 = CARTESIAN_POINT ( 'NONE',  ( -0.7339999999999987600, 0.2605000000000000100, 0.1101935541909822800 ) ) ;
#5164 = ADVANCED_FACE ( 'NONE', ( #2979 ), #6323, .T. ) ;
#5165 = VECTOR ( 'NONE', #191, 39.37007874015748100 ) ;
#5166 = LINE ( 'NONE', #4104, #4673 ) ;
#5167 = CARTESIAN_POINT ( 'NONE',  ( 0.1732726991465168300, -0.1763811683821685800, 0.06368148951295517200 ) ) ;
#5168 = ORIENTED_EDGE ( 'NONE', *, *, #4236, .F. ) ;
#5169 = CARTESIAN_POINT ( 'NONE',  ( 0.1149829528319000100, -0.1598860549001999700, 0.09298299278678999500 ) ) ;
#5170 = CARTESIAN_POINT ( 'NONE',  ( 0.2849852124725000300, 0.1885218883608000000, 0.03543465502709999800 ) ) ;
#5171 = LINE ( 'NONE', #87, #5200 ) ;
#5172 = PLANE ( 'NONE',  #2366 ) ;
#5173 = EDGE_CURVE ( 'NONE', #2595, #6386, #3622, .T. ) ;
#5174 = CARTESIAN_POINT ( 'NONE',  ( 0.2328315748165274400, -0.1114732428843592100, 0.1521804723529946700 ) ) ;
#5175 = CARTESIAN_POINT ( 'NONE',  ( 0.1920741416640000000, -0.1325994800852000100, 0.1197147862315000000 ) ) ;
#5176 = CARTESIAN_POINT ( 'NONE',  ( -0.7810000000000001400, -0.2580939751330999500, 0.1308147545195000000 ) ) ;
#5178 = VECTOR ( 'NONE', #97, 39.37007874015748100 ) ;
#5177 = CARTESIAN_POINT ( 'NONE',  ( 0.1167371433854999900, -0.1821637028278000100, 0.03202763938753999700 ) ) ;
#5179 = CARTESIAN_POINT ( 'NONE',  ( 0.1733946188015029800, -0.1779125520565234800, 0.05932828919026472000 ) ) ;
#5180 = CARTESIAN_POINT ( 'NONE',  ( 0.2348872593328000000, -0.1601325520588000000, 0.1066927242257000000 ) ) ;
#5181 = CARTESIAN_POINT ( 'NONE',  ( 0.2832310219188999800, 0.1891576141324000100, -0.03186719172580000000 ) ) ;
#5182 = CARTESIAN_POINT ( 'NONE',  ( 0.2288402727940180000, 0.03166087547256845500, 0.1848125672041337500 ) ) ;
#5183 = PRESENTATION_STYLE_ASSIGNMENT (( #1295 ) ) ;
#5184 = CARTESIAN_POINT ( 'NONE',  ( 0.2814768313652000200, 0.1665062799558000000, -0.09524591003129000100 ) ) ;
#5185 = DIRECTION ( 'NONE',  ( -1.336102987952929000E-015, -1.422805169700534000E-015, -1.000000000000000000 ) ) ;
#5186 = ADVANCED_FACE ( 'NONE', ( #552 ), #329, .F. ) ;
#5187 = ORIENTED_EDGE ( 'NONE', *, *, #3667, .F. ) ;
#5188 = CARTESIAN_POINT ( 'NONE',  ( -0.7330600000000000400, 0.1910000000000000000, 0.2377300000000000000 ) ) ;
#5189 = CARTESIAN_POINT ( 'NONE',  ( 0.1735384281067249000, -0.1795261532521386100, 0.05412998291846172300 ) ) ;
#5190 = EDGE_CURVE ( 'NONE', #3489, #5565, #2703, .T. ) ;
#5191 = EDGE_CURVE ( 'NONE', #2602, #4135, #3089, .T. ) ;
#5192 = CARTESIAN_POINT ( 'NONE',  ( 0.2797226408115999800, 0.1233564610631000000, -0.1468989854606000100 ) ) ;
#5193 = CARTESIAN_POINT ( 'NONE',  ( -0.7340000000000579400, 0.09699999999999954500, 0.2609395347127999000 ) ) ;
#5194 = DIRECTION ( 'NONE',  ( 0.0000000000000000000, 0.7071067811865474600, 0.7071067811865474600 ) ) ;
#5195 = ORIENTED_EDGE ( 'NONE', *, *, #889, .F. ) ;
#5196 = CARTESIAN_POINT ( 'NONE',  ( 0.2165291238035999800, 0.09028562006109999700, 0.1541515663975000000 ) ) ;
#5197 = DIRECTION ( 'NONE',  ( 0.0000000000000000000, 1.000000000000000000, -1.751184611324595000E-015 ) ) ;
#5198 = CARTESIAN_POINT ( 'NONE',  ( 0.1184913339390999800, -0.1820134203724999800, -0.03287089750062000000 ) ) ;
#5199 = CARTESIAN_POINT ( 'NONE',  ( 0.2593422414723000100, 0.07194794342570000300, 0.1784634568707000000 ) ) ;
#5200 = VECTOR ( 'NONE', #2752, 39.37007874015748900 ) ;
#5201 = CARTESIAN_POINT ( 'NONE',  ( 0.2293862652321597100, 0.01140876473958695800, 0.1878613108206872700 ) ) ;
#5202 = EDGE_CURVE ( 'NONE', #4072, #1922, #2052, .T. ) ;
#5203 = B_SPLINE_CURVE_WITH_KNOTS ( 'NONE', 3,
 ( #1220, #1240, #1360, #1376, #1383, #1394, #1409, #1456, #1468, #1476, #1494, #1504, #1520, #1528, #1549, #1563, #1575, #1592, #1605, #1615, #1625, #1634, #1647, #1705, #1722, #1736, #1742, #1758, #1765, #1776, #1785, #1795, #1813, #1828, #1839, #1844, #1856, #1864, #1879, #1920, #1930, #1938, #1946, #1957, #1968, #1977, #1984, #1991, #1999, #2010, #2019, #2035, #2043, #2061, #2068, #2160, #2169, #2181, #2188, #2206, #2214, #2223, #2239, #2255, #2260, #2280, #2297, #2305, #2327, #2344, #2361, #2369, #2381, #2392, #2411, #2422, #2442, #2456, #2464, #2476, #2486, #2494, #2506, #2519, #2525, #2539, #2546, #2560, #2566, #2576, #2585, #2603, #2611, #2622, #2630, #2640, #2654, #2667, #2678, #2730, #2741, #2755, #2764, #2778, #2788, #2794, #2811, #2820, #2836, #2851, #2858, #2882, #2897, #2901, #2920, #2947, #3151, #3159, #3168, #3175, #3184, #3199, #3207, #3216, #3221, #3230, #3244, #3250, #3259, #3266, #3275, #3293, #3350, #3356, #3367, #3381, #3387, #3401, #3416, #3426, #3545, #3549, #3564, #3578, #3594, #3603, #3623, #3635, #3647, #3664, #3676, #3692, #3700, #3704, #3714, #3727, #3737, #3755, #3766, #3783, #3801, #3811, #3826, #3844, #4067, #4091, #4099, #4111, #4457, #4475, #4552, #4568, #4671, #4711, #4829, #4867, #4931, #4941, #4959, #4975, #4991, #5003, #5018, #5032, #5057, #5084, #5099, #5120, #5144, #5155, #5167, #5179, #5189, #5205, #5234, #5256, #5271, #5283, #5300, #5314, #5331, #5340, #5358, #5371, #5391, #5405, #5424, #5447, #5469, #5483, #5509, #5517, #5545, #5558, #5568, #5582, #5610, #5623, #5646, #5654, #5678, #5685, #5688, #5706, #5713, #5722, #5742, #5752, #5765, #5779, #5789, #5813, #5829, #5841, #5852, #5867, #5872, #5896, #5906, #5923, #5930, #5950, #5960, #5974, #5990, #6007, #6017, #6038, #6048, #6062, #6071, #6091, #6103, #6112, #6127, #6149, #6159, #6171, #6191, #6200, #6216, #6225, #6238, #6248, #6257, #6264, #6272, #6278, #6290, #6304, #6316, #6327, #6335, #6342, #6347, #6356, #6371, #6382, #6387, #6392, #6398, #6405, #6412, #6427, #6444, #6455, #6466, #6484, #6489, #6504, #6510, #252, #660, #2715, #1206, #4048, #710, #1898, #978, #1450, #1904, #1697, #503, #2147, #2507, #18, #6345, #2389, #6378, #5857, #861, #3568, #2244, #5772, #4444, #4256, #6102, #2785, #2880, #2294, #692, #5658, #6410, #5379, #3311, #1781, #2558, #5879, #5622, #5095, #5267, #3995, #5401, #481, #5739, #6037, #4978, #5529, #2431, #5182, #5124, #4327, #4531, #5217, #5201, #5112, #6080, #5507, #5133, #5174, #1453, #5070, #522, #5555, #5064, #2473, #3530, #7, #1940, #4484, #444, #6507, #6496, #6470, #6459, #5443, #5476, #6453, #5344, #5355, #6433, #6418, #5253, #2848, #6396, #6385, #6353, #6311, #6297, #6261, #6253, #6231, #6176, #6165, #6134, #6090, #6075, #6046, #2234, #6005, #6303, #3262, #5970, #5927, #546, #2962, #5915, #4586, #4037, #1374, #5957, #2725, #6015, #2775, #5824, #6060, #6117, #6122, #6222, #6340, #3834, #5023, #3479, #41, #946, #5600, #4109, #310, #4859, #5905, #4938, #4810, #5336, #986, #2339, #5467, #3010, #5818, #5835, #5864, #284, #5850, #2257, #5516, #5549, #5567, #5580, #5596, #5607, #5388, #5430, #5900, #2307, #5637, #5651, #5327, #5486, #5693, #5703, #5785, #3749, #5297, #5312, #5079, #5044, #5030, #4909, #1853, #5435, #5017, #5000, #4987, #4957, #4948, #4918, #4903, #4873, #4865, #3823, #755, #4320, #4837, #1055, #4606, #1560, #4818, #4788, #5117, #2049, #5643, #4774, #4744, #2575, #6169, #3128, #4727, #4696, #112, #3633, #606, #4152, #1074, #4629, #4684, #4661, #4651, #1584, #5140, #2066, #5664 ),
 .UNSPECIFIED., .F., .F.,
 ( 4, 2, 2, 2, 2, 2, 1, 1, 1, 2, 2, 2, 2, 2, 2, 2, 1, 1, 1, 2, 2, 2, 2, 2, 2, 1, 1, 1, 2, 2, 2, 2, 2, 2, 2, 1, 1, 2, 2, 2, 2, 2, 2, 1, 1, 1, 1, 2, 2, 2, 2, 2, 2, 2, 1, 1, 1, 2, 2, 2, 2, 2, 2, 2, 1, 1, 2, 2, 2, 2, 2, 2, 2, 1, 1, 1, 2, 2, 2, 2, 2, 2, 1, 1, 1, 1, 2, 2, 2, 2, 2, 2, 2, 1, 1, 2, 2, 2, 2, 2, 2, 2, 1, 1, 2, 2, 2, 2, 2, 2, 2, 1, 1, 1, 2, 2, 2, 2, 2, 2, 2, 1, 1, 1, 2, 2, 2, 2, 2, 2, 2, 1, 1, 2, 2, 2, 2, 2, 2, 2, 1, 1, 2, 2, 2, 2, 2, 2, 2, 1, 1, 1, 2, 2, 2, 2, 2, 2, 1, 1, 1, 1, 2, 2, 2, 2, 2, 2, 2, 1, 1, 2, 2, 2, 2, 2, 2, 1, 1, 1, 1, 2, 2, 2, 2, 2, 2, 2, 1, 1, 1, 2, 2, 2, 2, 2, 2, 1, 1, 1, 1, 2, 2, 2, 2, 2, 2, 2, 1, 1, 2, 2, 2, 2, 2, 2, 1, 1, 1, 1, 2, 2, 2, 2, 2, 2, 2, 1, 1, 1, 2, 2, 2, 2, 2, 2, 2, 1, 1, 2, 2, 2, 2, 2, 2, 2, 1, 1, 1, 2, 2, 2, 2, 2, 2, 1, 1, 1, 1, 2, 2, 2, 2, 2, 2, 2, 1, 1, 1, 1, 2, 2, 2, 2, 2, 2, 2, 2, 2, 2, 2, 1, 2, 2, 2, 2, 2, 2, 2, 2, 2, 4 ),
 ( 0.0000000000000000000, 0.007812499999999656500, 0.01562499999999931000, 0.02343749999999895900, 0.02734374999999878600, 0.02929687499999869900, 0.03027343749999865400, 0.03076171874999863300, 0.03100585937499862600, 0.03112792968749862300, 0.03124999999999861600, 0.03906249999999818900, 0.04687499999999775900, 0.05468749999999734200, 0.05859374999999712700, 0.06054687499999701600, 0.06152343749999696800, 0.06201171874999694000, 0.06225585937499693300, 0.06237792968749692600, 0.06249999999999691900, 0.07031249999999651700, 0.07812499999999612800, 0.08593749999999572600, 0.08984374999999551700, 0.09179687499999542000, 0.09277343749999536500, 0.09326171874999535100, 0.09350585937499533700, 0.09374999999999532300, 0.1015624999999949200, 0.1093749999999945300, 0.1171874999999941300, 0.1210937499999939200, 0.1230468749999938200, 0.1240234374999937700, 0.1245117187499937500, 0.1247558593749937300, 0.1249999999999937000, 0.1328124999999929800, 0.1406249999999922300, 0.1484374999999915100, 0.1523437499999911500, 0.1542968749999909800, 0.1552734374999908700, 0.1557617187499908100, 0.1560058593749908100, 0.1561279296874908100, 0.1562499999999908100, 0.1640624999999898700, 0.1718749999999889500, 0.1796874999999880100, 0.1835937499999875400, 0.1855468749999873200, 0.1865234374999872000, 0.1870117187499871500, 0.1872558593749870900, 0.1873779296874870900, 0.1874999999999870900, 0.1953124999999861800, 0.2031249999999852300, 0.2109374999999842900, 0.2148437499999838200, 0.2167968749999836000, 0.2177734374999834600, 0.2182617187499834000, 0.2185058593749833700, 0.2187499999999833500, 0.2265624999999824300, 0.2343749999999815400, 0.2421874999999806300, 0.2460937499999801800, 0.2480468749999799600, 0.2490234374999798800, 0.2495117187499798200, 0.2497558593749797700, 0.2498779296874797700, 0.2499999999999797700, 0.2578124999999791800, 0.2656249999999786300, 0.2734374999999780200, 0.2773437499999777400, 0.2792968749999776300, 0.2802734374999775700, 0.2807617187499775700, 0.2810058593749775200, 0.2811279296874775200, 0.2812499999999775200, 0.2890624999999770200, 0.2968749999999765200, 0.3046874999999760200, 0.3085937499999757400, 0.3105468749999755800, 0.3115234374999755200, 0.3120117187499755200, 0.3122558593749755200, 0.3124999999999755200, 0.3203124999999749600, 0.3281249999999744600, 0.3359374999999739700, 0.3398437499999736900, 0.3417968749999735200, 0.3427734374999735200, 0.3432617187499734700, 0.3435058593749734700, 0.3437499999999734700, 0.3515624999999729100, 0.3593749999999723000, 0.3671874999999717400, 0.3710937499999714700, 0.3730468749999713600, 0.3740234374999712500, 0.3745117187499711900, 0.3747558593749711900, 0.3748779296874711900, 0.3749999999999711900, 0.3828124999999708000, 0.3906249999999704100, 0.3984374999999699700, 0.4023437499999697500, 0.4042968749999696900, 0.4052734374999696400, 0.4057617187499696400, 0.4060058593749695800, 0.4061279296874695800, 0.4062499999999695800, 0.4140624999999693600, 0.4218749999999691400, 0.4296874999999689100, 0.4335937499999688000, 0.4355468749999686900, 0.4365234374999686400, 0.4370117187499686400, 0.4372558593749686400, 0.4374999999999686400, 0.4453124999999684700, 0.4531249999999683600, 0.4609374999999682500, 0.4648437499999681900, 0.4667968749999681400, 0.4677734374999681900, 0.4682617187499681400, 0.4685058593749681400, 0.4687499999999681400, 0.4765624999999681400, 0.4843749999999680800, 0.4921874999999680800, 0.4960937499999680800, 0.4980468749999681400, 0.4990234374999681400, 0.4995117187499680800, 0.4997558593749680800, 0.4998779296874680800, 0.4999999999999680800, 0.5078124999999681400, 0.5156249999999681400, 0.5234374999999681400, 0.5273437499999681400, 0.5292968749999681400, 0.5302734374999681400, 0.5307617187499681400, 0.5310058593749681400, 0.5311279296874681400, 0.5312499999999681400, 0.5390624999999680300, 0.5468749999999678000, 0.5546874999999676900, 0.5585937499999676900, 0.5605468749999676900, 0.5615234374999676900, 0.5620117187499675800, 0.5622558593749675800, 0.5624999999999675800, 0.5703124999999673600, 0.5781249999999671400, 0.5859374999999669200, 0.5898437499999668000, 0.5917968749999668000, 0.5927734374999666900, 0.5932617187499666900, 0.5935058593749666900, 0.5936279296874666900, 0.5937499999999666900, 0.6015624999999665800, 0.6093749999999664700, 0.6171874999999663600, 0.6210937499999662500, 0.6230468749999661400, 0.6240234374999661400, 0.6245117187499661400, 0.6247558593749661400, 0.6248779296874661400, 0.6249999999999661400, 0.6328124999999660300, 0.6406249999999660300, 0.6484374999999660300, 0.6523437499999661400, 0.6542968749999661400, 0.6552734374999661400, 0.6557617187499660300, 0.6560058593749660300, 0.6561279296874660300, 0.6562499999999660300, 0.6640624999999659200, 0.6718749999999658100, 0.6796874999999656900, 0.6835937499999655800, 0.6855468749999655800, 0.6865234374999654700, 0.6870117187499654700, 0.6872558593749654700, 0.6874999999999654700, 0.6953124999999653600, 0.7031249999999652500, 0.7109374999999650300, 0.7148437499999650300, 0.7167968749999649200, 0.7177734374999649200, 0.7182617187499649200, 0.7185058593749648100, 0.7186279296874648100, 0.7187499999999648100, 0.7265624999999649200, 0.7343749999999650300, 0.7421874999999651400, 0.7460937499999652500, 0.7480468749999652500, 0.7490234374999651400, 0.7495117187499651400, 0.7497558593749651400, 0.7498779296874651400, 0.7499999999999651400, 0.7578124999999655800, 0.7656249999999660300, 0.7734374999999664700, 0.7773437499999665800, 0.7792968749999666900, 0.7802734374999668000, 0.7807617187499668000, 0.7810058593749668000, 0.7812499999999668000, 0.7890624999999672500, 0.7968749999999675800, 0.8046874999999680300, 0.8085937499999683600, 0.8105468749999684700, 0.8115234374999685800, 0.8120117187499684700, 0.8122558593749684700, 0.8123779296874684700, 0.8124999999999684700, 0.8203124999999692500, 0.8281249999999700200, 0.8359374999999708000, 0.8398437499999711300, 0.8417968749999714700, 0.8427734374999714700, 0.8432617187499715800, 0.8435058593749715800, 0.8436279296874715800, 0.8437499999999715800, 0.8515624999999721300, 0.8593749999999726900, 0.8671874999999731300, 0.8710937499999733500, 0.8730468749999734700, 0.8740234374999735800, 0.8745117187499736900, 0.8747558593749736900, 0.8748779296874736900, 0.8749389648437236900, 0.8749999999999735800, 0.8828124999999752400, 0.8906249999999769100, 0.8984374999999785700, 0.9062499999999802400, 0.9140624999999819000, 0.9218749999999835700, 0.9296874999999852300, 0.9335937499999860100, 0.9355468749999864600, 0.9365234374999865700, 0.9370117187499866800, 0.9374999999999867900, 0.9453124999999884500, 0.9531249999999901200, 0.9609374999999916700, 0.9687499999999933400, 0.9765624999999950000, 0.9843749999999966700, 0.9921874999999983300, 1.000000000000000000 ),
 .UNSPECIFIED. ) ;
#5204 = CONICAL_SURFACE ( 'NONE', #1301, 0.1574100156933725400, 0.7853981633982263200 ) ;
#5205 = CARTESIAN_POINT ( 'NONE',  ( 0.1736107251862703300, -0.1802883484756050100, 0.05150185863397985200 ) ) ;
#5206 = DIRECTION ( 'NONE',  ( 0.0000000000000000000, 1.000000000000000000, 0.0000000000000000000 ) ) ;
#5207 = ORIENTED_EDGE ( 'NONE', *, *, #3985, .F. ) ;
#5208 = VERTEX_POINT ( 'NONE', #160 ) ;
#5209 = CARTESIAN_POINT ( 'NONE',  ( 0.1579901788371432800, -0.1630413576134579500, 0.04681031170994804500 ) ) ;
#5210 = EDGE_CURVE ( 'NONE', #954, #5515, #1388, .T. ) ;
#5211 = CARTESIAN_POINT ( 'NONE',  ( -0.8939999999999999100, 0.1360000000000000100, 0.2446000000000000100 ) ) ;
#5212 = CARTESIAN_POINT ( 'NONE',  ( 0.1202455244927000000, -0.1594537567044000100, -0.09372234167500000100 ) ) ;
#5213 = CARTESIAN_POINT ( 'NONE',  ( 0.2779684502579999900, 0.06502029111139999400, -0.1804674318408000000 ) ) ;
#5214 = ORIENTED_EDGE ( 'NONE', *, *, #5455, .T. ) ;
#5215 = LINE ( 'NONE', #76, #5248 ) ;
#5216 = DIRECTION ( 'NONE',  ( -1.000000000000000000, 0.0000000000000000000, 0.0000000000000000000 ) ) ;
#5217 = CARTESIAN_POINT ( 'NONE',  ( 0.2289452199276786900, 0.02777283123146989700, 0.1854307853078631900 ) ) ;
#5218 = CARTESIAN_POINT ( 'NONE',  ( 0.2409841059430999900, 0.1692753720570000000, -0.05709636523796999400 ) ) ;
#5219 = CIRCLE ( 'NONE', #2291, 0.03900000000005458800 ) ;
#5220 = CARTESIAN_POINT ( 'NONE',  ( 0.1219997150462999900, -0.1172622862358999900, -0.1430347189109000000 ) ) ;
#5221 = DIRECTION ( 'NONE',  ( 1.000000000000000000, 0.0000000000000000000, 0.0000000000000000000 ) ) ;
#5222 = ADVANCED_FACE ( 'NONE', ( #5524 ), #129, .T. ) ;
#5223 = VERTEX_POINT ( 'NONE', #151 ) ;
#5224 = VECTOR ( 'NONE', #5302, 39.37007874015748100 ) ;
#5225 = EDGE_CURVE ( 'NONE', #2430, #4998, #4665, .T. ) ;
#5226 = PLANE ( 'NONE',  #2454 ) ;
#5227 = AXIS2_PLACEMENT_3D ( 'NONE', #5188, #5669, #5671 ) ;
#5228 = CARTESIAN_POINT ( 'NONE',  ( 0.2837972236117999900, 0.1893554388620999900, -0.03420780312954999800 ) ) ;
#5229 = CARTESIAN_POINT ( 'NONE',  ( 0.2762142597044000000, -0.001320507693563999900, -0.1918186442694000100 ) ) ;
#5230 = CARTESIAN_POINT ( 'NONE',  ( 0.1000000000000000100, -0.07635010844891358700, -0.1535224850335686900 ) ) ;
#5231 = ORIENTED_EDGE ( 'NONE', *, *, #1229, .F. ) ;
#5232 = ORIENTED_EDGE ( 'NONE', *, *, #2414, .F. ) ;
#5233 = CARTESIAN_POINT ( 'NONE',  ( 0.2744600691508000100, -0.06749875962507999300, -0.1795551651148999900 ) ) ;
#5234 = CARTESIAN_POINT ( 'NONE',  ( 0.1736417937404187200, -0.1806052995211437100, 0.05036941269333809100 ) ) ;
#5235 = CARTESIAN_POINT ( 'NONE',  ( 0.1237539055999000000, -0.06063362338525000300, -0.1747367591746999700 ) ) ;
#5236 = EDGE_CURVE ( 'NONE', #6081, #6364, #4096, .T. ) ;
#5237 = FACE_OUTER_BOUND ( 'NONE', #6302, .T. ) ;
#5238 = CARTESIAN_POINT ( 'NONE',  ( -0.7810000000000001400, 0.3075000000000000000, 0.2732499999999999900 ) ) ;
#5239 = LINE ( 'NONE', #49, #5266 ) ;
#5240 = ORIENTED_EDGE ( 'NONE', *, *, #3975, .T. ) ;
#5241 = EDGE_LOOP ( 'NONE', ( #2025, #2463, #2699, #3587 ) ) ;
#5242 = CARTESIAN_POINT ( 'NONE',  ( 0.2727058785972000200, -0.1253672908033000000, -0.1451867284870999900 ) ) ;
#5243 = CARTESIAN_POINT ( 'NONE',  ( 0.1255080961535000000, 0.003460143745017000100, -0.1849253778569000000 ) ) ;
#5244 = CARTESIAN_POINT ( 'NONE',  ( 0.4052700307959145000, 0.1892431148549658100, -7.844950527853986000E-014 ) ) ;
#5245 = ORIENTED_EDGE ( 'NONE', *, *, #1502, .F. ) ;
#5246 = ORIENTED_EDGE ( 'NONE', *, *, #3730, .F. ) ;
#5247 = CARTESIAN_POINT ( 'NONE',  ( 0.2654390880826000300, -0.02153065584068999900, -0.1773429671828999900 ) ) ;
#5248 = VECTOR ( 'NONE', #81, 39.37007874015748100 ) ;
#5249 = CARTESIAN_POINT ( 'NONE',  ( 7.736600091246674300E-018, -3.810336587946894200E-015, 0.1265000000000135700 ) ) ;
#5250 = DIRECTION ( 'NONE',  ( 1.092739197465588300E-015, 1.000000000000000000, 0.0000000000000000000 ) ) ;
#5251 = CARTESIAN_POINT ( 'NONE',  ( 0.1272622867070999900, 0.06712785607290000500, -0.1723462084363999700 ) ) ;
#5252 = CARTESIAN_POINT ( 'NONE',  ( 0.3082522057514000000, 0.004955316937775999600, -0.1923565700360999900 ) ) ;
#5253 = CARTESIAN_POINT ( 'NONE',  ( 0.2411781040954353300, -0.1384446026875271200, -0.1264495247048780500 ) ) ;
#5254 = ORIENTED_EDGE ( 'NONE', *, *, #4347, .T. ) ;
#5255 = CARTESIAN_POINT ( 'NONE',  ( 0.2709516880435999800, -0.1678019241104999600, -0.09294440208842000300 ) ) ;
#5256 = CARTESIAN_POINT ( 'NONE',  ( 0.1736625247968478200, -0.1808144274691092800, 0.04961310312457602900 ) ) ;
#5257 = CARTESIAN_POINT ( 'NONE',  ( 0.7031250000000154300, 0.2165063509434527700, 0.1250000000046127800 ) ) ;
#5258 = EDGE_CURVE ( 'NONE', #2664, #2883, #2159, .T. ) ;
#5259 = LINE ( 'NONE', #6390, #5284 ) ;
#5260 = ADVANCED_FACE ( 'NONE', ( #6003 ), #32, .T. ) ;
#5261 = CIRCLE ( 'NONE', #1908, 0.08500000000169270800 ) ;
#5262 = CARTESIAN_POINT ( 'NONE',  ( -0.8939999999999999100, -0.1166726188957500200, 0.2368807716974499500 ) ) ;
#5263 = CARTESIAN_POINT ( 'NONE',  ( 0.1290164772608000100, 0.1225308358120000000, -0.1385480260658000000 ) ) ;
#5264 = CARTESIAN_POINT ( 'NONE',  ( 0.2691974974899999900, -0.1895785354237000100, -0.02925970649524000200 ) ) ;
#5265 = CARTESIAN_POINT ( 'NONE',  ( -0.7012468282988118000, 0.02401112633370518200, 0.02217749680796249700 ) ) ;
#5266 = VECTOR ( 'NONE', #36, 39.37007874015748100 ) ;
#5267 = CARTESIAN_POINT ( 'NONE',  ( 0.2248596948837222100, 0.1553645188159468200, 0.1067356596003996300 ) ) ;
#5268 = ADVANCED_FACE ( 'NONE', ( #298 ), #24, .T. ) ;
#5269 = CARTESIAN_POINT ( 'NONE',  ( 0.2898940702221000100, -0.1780200983702000000, -0.01492971585497000100 ) ) ;
#5270 = VECTOR ( 'NONE', #912, 39.37007874015748900 ) ;
#5271 = CARTESIAN_POINT ( 'NONE',  ( 0.1736747352623677900, -0.1809360030910040800, 0.04916719313761477200 ) ) ;
#5272 = CARTESIAN_POINT ( 'NONE',  ( 0.1307706678144000000, 0.1628479716248000000, -0.08769205205114998000 ) ) ;
#5273 = DIRECTION ( 'NONE',  ( 0.0000000000000000000, -0.7071067811865461300, 0.7071067811865489100 ) ) ;
#5274 = CIRCLE ( 'NONE', #2781, 0.03900000000005479600 ) ;
#5275 = CARTESIAN_POINT ( 'NONE',  ( 0.3327071878908999200, -0.1873433905502000000, -0.04391019290567999000 ) ) ;
#5276 = CARTESIAN_POINT ( 'NONE',  ( 0.09999999999999992200, 0.1287505938221539000, -0.1246945491789191700 ) ) ;
#5277 = EDGE_CURVE ( 'NONE', #39, #1570, #6114, .T. ) ;
#5278 = EDGE_CURVE ( 'NONE', #4039, #1225, #2293, .T. ) ;
#5279 = CARTESIAN_POINT ( 'NONE',  ( 0.2674433069364000000, -0.1880161968363000000, 0.03802716354585000000 ) ) ;
#5280 = DIRECTION ( 'NONE',  ( 1.000000000000000000, -1.183773901191185300E-015, -1.111637685974473000E-015 ) ) ;
#5281 = CARTESIAN_POINT ( 'NONE',  ( 0.1325248583679999900, 0.1831155171938000100, -0.02603961977284000000 ) ) ;
#5282 = FACE_OUTER_BOUND ( 'NONE', #1902, .T. ) ;
#5283 = CARTESIAN_POINT ( 'NONE',  ( 0.1742303956536646000, -0.1864145307451948700, 0.02886039961371651300 ) ) ;
#5284 = VECTOR ( 'NONE', #2823, 39.37007874015748100 ) ;
#5285 = EDGE_CURVE ( 'NONE', #3437, #954, #3536, .T. ) ;
#5286 = CARTESIAN_POINT ( 'NONE',  ( 0.2656891163828000200, -0.1633072291540000100, 0.1006325408993000000 ) ) ;
#5287 = CARTESIAN_POINT ( 'NONE',  ( 0.1342790489216000000, 0.1808382097751000100, 0.03881871812458999300 ) ) ;
#5288 = DIRECTION ( 'NONE',  ( 0.0000000000000000000, 0.0000000000000000000, -1.000000000000000000 ) ) ;
#5289 = CARTESIAN_POINT ( 'NONE',  ( 0.3143490523615999900, -0.05076628904748999000, 0.1712798768670000000 ) ) ;
#5290 = EDGE_LOOP ( 'NONE', ( #5644, #5621, #5645, #1210 ) ) ;
#5291 = CARTESIAN_POINT ( 'NONE',  ( 0.3853461368340987400, 4.481875076957446100E-017, -7.027572250889064100E-014 ) ) ;
#5292 = ADVANCED_FACE ( 'NONE', ( #839 ), #1419, .F. ) ;
#5293 = CARTESIAN_POINT ( 'NONE',  ( 0.3027661706602931500, 2.249633564855852500E-009, -0.1812340157342834400 ) ) ;
#5294 = B_SPLINE_CURVE_WITH_KNOTS ( 'NONE', 3,
 ( #248, #305, #336, #351, #362, #372, #381, #396, #435, #450 ),
 .UNSPECIFIED., .F., .F.,
 ( 4, 2, 2, 2, 4 ),
 ( 0.0000000000000000000, 0.1249997906622019300, 0.2499995813244038100, 0.3749993719866056600, 0.4999991626488075000 ),
 .UNSPECIFIED. ) ;
#5295 = CARTESIAN_POINT ( 'NONE',  ( 0.1053144333429000000, -0.1695472919391000100, 0.07534278363492000200 ) ) ;
#5296 = CARTESIAN_POINT ( 'NONE',  ( 0.2639349258291999700, -0.1184935302057999900, 0.1508490856501000000 ) ) ;
#5297 = CARTESIAN_POINT ( 'NONE',  ( 0.2712598299337701200, -0.1641684602534528900, -0.09080340420920574000 ) ) ;
#5298 = ORIENTED_EDGE ( 'NONE', *, *, #5225, .T. ) ;
#5299 = ORIENTED_EDGE ( 'NONE', *, *, #517, .T. ) ;
#5300 = CARTESIAN_POINT ( 'NONE',  ( 0.1747687123595198800, -0.1883889851084729100, 0.008333045776645368500 ) ) ;
#5301 = CARTESIAN_POINT ( 'NONE',  ( 0.1360332394751999900, 0.1562964707395000100, 0.09889772878810999800 ) ) ;
#5302 = DIRECTION ( 'NONE',  ( 1.000000000000000000, -0.0000000000000000000, -0.0000000000000000000 ) ) ;
#5303 = ORIENTED_EDGE ( 'NONE', *, *, #6522, .T. ) ;
#5304 = SURFACE_STYLE_FILL_AREA ( #820 ) ;
#5305 = EDGE_CURVE ( 'NONE', #34, #1126, #4784, .T. ) ;
#5306 = AXIS2_PLACEMENT_3D ( 'NONE', #4638, #4518, #4499 ) ;
#5307 = CARTESIAN_POINT ( 'NONE',  ( -0.7810000000000001400, -0.1764658973206429900, 0.1764658973207569300 ) ) ;
#5308 = CARTESIAN_POINT ( 'NONE',  ( 0.2621807352755999900, -0.05909209225909999700, 0.1824946354083999700 ) ) ;
#5309 = CARTESIAN_POINT ( 'NONE',  ( 0.1377874300288000100, 0.1125118683996999800, 0.1468006250173000100 ) ) ;
#5310 = ORIENTED_EDGE ( 'NONE', *, *, #3552, .T. ) ;
#5311 = VERTEX_POINT ( 'NONE', #2888 ) ;
#5312 = CARTESIAN_POINT ( 'NONE',  ( 0.2715096296832983400, -0.1593208616814613400, -0.09890958141998042200 ) ) ;
#5313 = CARTESIAN_POINT ( 'NONE',  ( 0.08695629781364999600, 0.06055801201763000300, 0.1607286494494999700 ) ) ;
#5314 = CARTESIAN_POINT ( 'NONE',  ( 0.1758277556431633000, -0.1858977724976321500, -0.03159101657134780200 ) ) ;
#5315 = CARTESIAN_POINT ( 'NONE',  ( 0.1125081707998670900, 0.1680978532737180400, 0.0004344654438955916000 ) ) ;
#5316 = ORIENTED_EDGE ( 'NONE', *, *, #196, .T. ) ;
#5317 = LINE ( 'NONE', #12, #5322 ) ;
#5318 = CARTESIAN_POINT ( 'NONE',  ( 0.1297694154824000100, 0.03930974205144999900, 0.1813215718308000000 ) ) ;
#5319 = CARTESIAN_POINT ( 'NONE',  ( 0.2604265447220000000, 0.007584189914803999800, 0.1916732933393000000 ) ) ;
#5320 = CARTESIAN_POINT ( 'NONE',  ( 0.09999999999999993600, 0.1639077258564723400, 0.09020369832214762700 ) ) ;
#5321 = VECTOR ( 'NONE', #4044, 39.37007874015748100 ) ;
#5322 = VECTOR ( 'NONE', #1860, 39.37007874015748100 ) ;
#5323 = CARTESIAN_POINT ( 'NONE',  ( 0.2586723541684000100, 0.07332680592404000600, 0.1772550559557999900 ) ) ;
#5324 = COLOUR_RGB ( '',0.7529411764705882200, 0.7529411764705882200, 0.7529411764705882200 ) ;
#5325 = CARTESIAN_POINT ( 'NONE',  ( 0.1125175866417866300, 0.1680966171984325800, 0.0007519208840102432600 ) ) ;
#5326 = EDGE_CURVE ( 'NONE', #6063, #3889, #5136, .T. ) ;
#5327 = CARTESIAN_POINT ( 'NONE',  ( 0.2678235772154402600, -0.1852165709721438300, 0.03493950666018879500 ) ) ;
#5328 = EDGE_CURVE ( 'NONE', #563, #1948, #3569, .T. ) ;
#5329 = ADVANCED_FACE ( 'NONE', ( #5237 ), #1939, .T. ) ;
#5330 = DIRECTION ( 'NONE',  ( -0.0000000000000000000, -0.0000000000000000000, -1.000000000000000000 ) ) ;
#5331 = CARTESIAN_POINT ( 'NONE',  ( 0.1763484822209551700, -0.1814799791546417000, -0.05098281868112519700 ) ) ;
#5332 = CARTESIAN_POINT ( 'NONE',  ( 0.1172439797142634100, 0.09823716426312498200, 0.1381717720007737100 ) ) ;
#5333 = ORIENTED_EDGE ( 'NONE', *, *, #5191, .T. ) ;
#5334 = CARTESIAN_POINT ( 'NONE',  ( 0.1142499430330010700, 0.1581471189834413000, 0.05811414471509830000 ) ) ;
#5335 = B_SPLINE_CURVE_WITH_KNOTS ( 'NONE', 3,
 ( #72, #746, #30, #89 ),
 .UNSPECIFIED., .F., .F.,
 ( 4, 4 ),
 ( 1.387549688844457200E-016, 0.003694680973670559200 ),
 .UNSPECIFIED. ) ;
#5336 = CARTESIAN_POINT ( 'NONE',  ( 0.2595817344969108500, 0.05030301540800848100, 0.1806259848596737100 ) ) ;
#5337 = ADVANCED_FACE ( 'NONE', ( #232 ), #5667, .T. ) ;
#5338 = CARTESIAN_POINT ( 'NONE',  ( 0.1114112799531999900, 0.1696823636536000100, -0.02662361840707000100 ) ) ;
#5339 = ORIENTED_EDGE ( 'NONE', *, *, #3063, .F. ) ;
#5340 = CARTESIAN_POINT ( 'NONE',  ( 0.1773723452484943800, -0.1672847481231047900, -0.08685990216428404700 ) ) ;
#5341 = CARTESIAN_POINT ( 'NONE',  ( 0.1159413975148465800, 0.1304819829124555500, 0.1082274457379552000 ) ) ;
#5342 = CARTESIAN_POINT ( 'NONE',  ( 0.1542243976218999900, 0.1855263119420999800, -0.001643490920541000000 ) ) ;
#5343 = CARTESIAN_POINT ( 'NONE',  ( 0.2569181636148000200, 0.1300421779412999900, 0.1410149329478999900 ) ) ;
#5344 = CARTESIAN_POINT ( 'NONE',  ( 0.2406015159481681700, -0.1521257583360962100, -0.1097049559196076200 ) ) ;
#5345 = DIRECTION ( 'NONE',  ( 0.0000000000000000000, -0.7071067811865479100, 0.7071067811865469100 ) ) ;
#5346 = LINE ( 'NONE', #4031, #5943 ) ;
#5347 = CARTESIAN_POINT ( 'NONE',  ( 0.1139045391292173700, 0.1618221856797097400, 0.04698816095448719200 ) ) ;
#5348 = EDGE_CURVE ( 'NONE', #6276, #5556, #421, .T. ) ;
#5349 = CARTESIAN_POINT ( 'NONE',  ( 0.2964992073019803200, -0.1430028537833860900, 0.1212666237302449100 ) ) ;
#5350 = ORIENTED_EDGE ( 'NONE', *, *, #4737, .F. ) ;
#5351 = CARTESIAN_POINT ( 'NONE',  ( -0.7339999999999999900, -0.3025000000000186400, -0.1910000000000000300 ) ) ;
#5352 = CARTESIAN_POINT ( 'NONE',  ( 0.1132048400623817100, 0.1665080230193065100, 0.02385688771131309200 ) ) ;
#5353 = CARTESIAN_POINT ( 'NONE',  ( 0.2551639730611999800, 0.1707480619179000100, 0.08741443104104998400 ) ) ;
#5354 = CARTESIAN_POINT ( 'NONE',  ( 0.1128069989422205400, 0.1678179350263336000, 0.01050556665979695200 ) ) ;
#5355 = CARTESIAN_POINT ( 'NONE',  ( 0.2407912924820273200, -0.1478832861250218800, -0.1154324977777119300 ) ) ;
#5356 = ORIENTED_EDGE ( 'NONE', *, *, #5285, .T. ) ;
#5357 = CARTESIAN_POINT ( 'NONE',  ( 0.1358662620927000000, 0.008414871037633999200, -0.1715519322988000000 ) ) ;
#5358 = CARTESIAN_POINT ( 'NONE',  ( 0.1778754816982358900, -0.1575526216217112100, -0.1033606329863246000 ) ) ;
#5359 = DIRECTION ( 'NONE',  ( 0.0000000000000000000, 0.0000000000000000000, -1.000000000000000000 ) ) ;
#5360 = ADVANCED_FACE ( 'NONE', ( #641 ), #498, .T. ) ;
#5361 = CARTESIAN_POINT ( 'NONE',  ( 0.1125733581797382100, 0.1680804115651174400, 0.002632208227180813700 ) ) ;
#5362 = CARTESIAN_POINT ( 'NONE',  ( 0.2534097825075999900, 0.1904331347683999900, 0.02305230238860000000 ) ) ;
#5363 = CARTESIAN_POINT ( 'NONE',  ( 0.1786793797614000000, 0.03608453342773999800, -0.1819905570552000100 ) ) ;
#5364 = CARTESIAN_POINT ( 'NONE',  ( -0.8979999999999999100, 0.2605000000000000100, 0.02200000000000000600 ) ) ;
#5365 = EDGE_CURVE ( 'NONE', #936, #2594, #4776, .T. ) ;
#5366 = EDGE_CURVE ( 'NONE', #6426, #2346, #1458, .T. ) ;
#5367 = DIRECTION ( 'NONE',  ( 1.000000000000000000, 0.0000000000000000000, -0.0000000000000000000 ) ) ;
#5368 = ADVANCED_FACE ( 'NONE', ( #2803 ), #20, .T. ) ;
#5369 = CARTESIAN_POINT ( 'NONE',  ( 0.1152742997319945000, 0.1440423464767954000, 0.08967412712843075800 ) ) ;
#5370 = ORIENTED_EDGE ( 'NONE', *, *, #3357, .F. ) ;
#5371 = CARTESIAN_POINT ( 'NONE',  ( 0.1786169937767711200, -0.1400342286664582000, -0.1250403198134111000 ) ) ;
#5372 = EDGE_CURVE ( 'NONE', #6081, #5223, #2029, .T. ) ;
#5373 = CARTESIAN_POINT ( 'NONE',  ( 0.1133805057673629900, 0.1655593849971230300, 0.02971275154138906500 ) ) ;
#5374 = CARTESIAN_POINT ( 'NONE',  ( 0.2516555919540000000, 0.1866739432338999900, -0.04414782503758000300 ) ) ;
#5375 = ORIENTED_EDGE ( 'NONE', *, *, #3357, .T. ) ;
#5376 = ORIENTED_EDGE ( 'NONE', *, *, #5837, .F. ) ;
#5377 = ADVANCED_FACE ( 'NONE', ( #4010 ), #118, .T. ) ;
#5378 = CARTESIAN_POINT ( 'NONE',  ( 0.1129398596283650600, 0.1674594659706173100, 0.01497265169787075800 ) ) ;
#5379 = CARTESIAN_POINT ( 'NONE',  ( 0.2226686874330996700, 0.1850957794406379900, 0.02998084738023882100 ) ) ;
#5380 = CYLINDRICAL_SURFACE ( 'NONE', #2601, 0.08500000000161785100 ) ;
#5381 = CARTESIAN_POINT ( 'NONE',  ( 0.7031250000000230900, -1.580032583335568400E-013, -1.499955289021284700E-014 ) ) ;
#5382 = ORIENTED_EDGE ( 'NONE', *, *, #1467, .F. ) ;
#5383 = CARTESIAN_POINT ( 'NONE',  ( 0.1126513464873971400, 0.1680278863113543500, 0.005261187529871390300 ) ) ;
#5384 = CARTESIAN_POINT ( 'NONE',  ( 0.2499014014003999600, 0.1599332609999999700, -0.1059129248627999900 ) ) ;
#5385 = CARTESIAN_POINT ( 'NONE',  ( 0.2031343619009000100, -0.1708656078440999900, -0.07230174593521999900 ) ) ;
#5386 = CARTESIAN_POINT ( 'NONE',  ( 0.1125398998878314900, 0.1680916417773965200, 0.001504199433281262800 ) ) ;
#5387 = CIRCLE ( 'NONE', #2637, 0.03270000000000705700 ) ;
#5388 = CARTESIAN_POINT ( 'NONE',  ( 0.2657662931586769500, -0.1548130988493597900, 0.1057769462255046700 ) ) ;
#5389 = ORIENTED_EDGE ( 'NONE', *, *, #378, .T. ) ;
#5390 = ORIENTED_EDGE ( 'NONE', *, *, #1272, .T. ) ;
#5391 = CARTESIAN_POINT ( 'NONE',  ( 0.1788619657036039100, -0.1337096264395046000, -0.1317600935171552300 ) ) ;
#5392 = CARTESIAN_POINT ( 'NONE',  ( 0.1046871833027734600, -1.618567888573413100E-008, -0.1680991218989395800 ) ) ;
#5393 = CARTESIAN_POINT ( 'NONE',  ( -0.7339999999999999900, 0.3025000000000185900, -0.1949999999999999800 ) ) ;
#5394 = ADVANCED_FACE ( 'NONE', ( #2554 ), #858, .T. ) ;
#5395 = ORIENTED_EDGE ( 'NONE', *, *, #4514, .T. ) ;
#5396 = ORIENTED_EDGE ( 'NONE', *, *, #388, .T. ) ;
#5397 = CARTESIAN_POINT ( 'NONE',  ( 0.1395416205823999900, 0.05487509762308000200, 0.1766297375486000100 ) ) ;
#5398 = CARTESIAN_POINT ( 'NONE',  ( 0.2481472108468000000, 0.1135031222745999900, -0.1546390667446999900 ) ) ;
#5399 = CARTESIAN_POINT ( 'NONE',  ( 0.1056802371719294900, 0.03384546465088684300, -0.1657677781557027100 ) ) ;
#5400 = ORIENTED_EDGE ( 'NONE', *, *, #802, .F. ) ;
#5401 = CARTESIAN_POINT ( 'NONE',  ( 0.2263958350640943600, 0.1155694615639820500, 0.1489060404065248300 ) ) ;
#5402 = ADVANCED_FACE ( 'NONE', ( #1870 ), #119, .F. ) ;
#5403 = ORIENTED_EDGE ( 'NONE', *, *, #1114, .F. ) ;
#5404 = DIRECTION ( 'NONE',  ( 0.0000000000000000000, 0.0000000000000000000, 1.000000000000000000 ) ) ;
#5405 = CARTESIAN_POINT ( 'NONE',  ( 0.1792261254448369600, -0.1236498036654128100, -0.1410190208407665900 ) ) ;
#5406 = EDGE_CURVE ( 'NONE', #485, #5725, #5294, .T. ) ;
#5407 = CARTESIAN_POINT ( 'NONE',  ( 0.1074134798395202500, 0.08874678573184541200, -0.1444676084754467900 ) ) ;
#5408 = EDGE_CURVE ( 'NONE', #3786, #3514, #5086, .T. ) ;
#5409 = CARTESIAN_POINT ( 'NONE',  ( 0.2275893440404999900, -0.1054996537360000000, 0.1526183604561000000 ) ) ;
#5410 = CARTESIAN_POINT ( 'NONE',  ( 0.2463930202931000100, 0.05309954387743000300, -0.1843275407678000000 ) ) ;
#5411 = CARTESIAN_POINT ( 'NONE',  ( 0.1412958111360000100, -0.009517719268151999700, 0.1847126146573999900 ) ) ;
#5412 = EDGE_LOOP ( 'NONE', ( #4148, #5638, #5803, #1874, #2026, #3436, #3588 ) ) ;
#5413 = CARTESIAN_POINT ( 'NONE',  ( -0.6092085976862999800, 0.005570542432810000000, -0.02187869767582999500 ) ) ;
#5414 = ORIENTED_EDGE ( 'NONE', *, *, #247, .T. ) ;
#5415 = CARTESIAN_POINT ( 'NONE',  ( 0.1094097631209686400, 0.1384991514956147900, -0.09850134683365741100 ) ) ;
#5416 = ORIENTED_EDGE ( 'NONE', *, *, #2604, .F. ) ;
#5417 = CARTESIAN_POINT ( 'NONE',  ( 0.1438309879106528500, 0.1680757245033080700, 0.002921792217550912900 ) ) ;
#5418 = LENGTH_MEASURE_WITH_UNIT ( LENGTH_MEASURE( 0.02539999999999999900 ), #1412 );
#5419 = CARTESIAN_POINT ( 'NONE',  ( 0.2446388297394999900, -0.01384117132933000000, -0.1913233648824000100 ) ) ;
#5420 = CARTESIAN_POINT ( 'NONE',  ( 0.1430500016896000000, -0.07273869551068000400, 0.1700541549514000000 ) ) ;
#5421 = ORIENTED_EDGE ( 'NONE', *, *, #4912, .T. ) ;
#5422 = DIRECTION ( 'NONE',  ( -0.0000000000000000000, 1.000000000000000000, -0.0000000000000000000 ) ) ;
#5423 = EDGE_CURVE ( 'NONE', #1703, #5989, #5991, .T. ) ;
#5424 = CARTESIAN_POINT ( 'NONE',  ( 0.1793469623337453400, -0.1202008991567638800, -0.1439686549134699700 ) ) ;
#5425 = ADVANCED_FACE ( 'NONE', ( #5937 ), #515, .T. ) ;
#5426 = CARTESIAN_POINT ( 'NONE',  ( 0.1108977123418802800, 0.1600427707719277700, -0.05309872078073182800 ) ) ;
#5427 = CARTESIAN_POINT ( 'NONE',  ( 0.2520443261800000000, 0.1280116172359999900, 0.1342963554932999900 ) ) ;
#5428 = CARTESIAN_POINT ( 'NONE',  ( 0.1116800470418623800, 0.1663725171643029000, -0.02747909872621130700 ) ) ;
#5429 = FACE_OUTER_BOUND ( 'NONE', #3483, .T. ) ;
#5430 = CARTESIAN_POINT ( 'NONE',  ( 0.2657812726049317800, -0.1551293044316717200, 0.1053127974010516500 ) ) ;
#5431 = ADVANCED_FACE ( 'NONE', ( #482 ), #117, .T. ) ;
#5432 = EDGE_CURVE ( 'NONE', #5804, #1941, #133, .T. ) ;
#5433 = CARTESIAN_POINT ( 'NONE',  ( 0.1448041922431999900, -0.1270042425476000100, 0.1344591099280000000 ) ) ;
#5434 = EDGE_CURVE ( 'NONE', #2290, #3963, #945, .T. ) ;
#5435 = CARTESIAN_POINT ( 'NONE',  ( 0.2719234957014970400, -0.1504946762804444400, -0.1118320022376077800 ) ) ;
#5436 = CARTESIAN_POINT ( 'NONE',  ( 0.2428846391859000000, -0.07907791820555999700, -0.1747652567479000000 ) ) ;
#5437 = FACE_OUTER_BOUND ( 'NONE', #4743, .T. ) ;
#5438 = CARTESIAN_POINT ( 'NONE',  ( -0.8930000000000029000, 0.2525000000000500200, 0.1470000000000028200 ) ) ;
#5439 = ORIENTED_EDGE ( 'NONE', *, *, #2224, .T. ) ;
#5440 = CARTESIAN_POINT ( 'NONE',  ( 0.2411304486322999900, -0.1345793552716000000, -0.1366916727532999900 ) ) ;
#5441 = CARTESIAN_POINT ( 'NONE',  ( 0.1120821744174322800, 0.1680968623595154900, -0.01392791486361708700 ) ) ;
#5442 = CYLINDRICAL_SURFACE ( 'NONE', #2278, 0.1265000000000135500 ) ;
#5443 = CARTESIAN_POINT ( 'NONE',  ( 0.2392054147556986800, -0.1773509146248163400, -0.06381389792450163600 ) ) ;
#5444 = EDGE_CURVE ( 'NONE', #6184, #6402, #1004, .T. ) ;
#5445 = VERTEX_POINT ( 'NONE', #705 ) ;
#5446 = DIRECTION ( 'NONE',  ( 1.000000000000000000, 0.0000000000000000000, 0.0000000000000000000 ) ) ;
#5447 = CARTESIAN_POINT ( 'NONE',  ( 0.1795273931298541300, -0.1149021780811338300, -0.1481815258837460000 ) ) ;
#5448 = CARTESIAN_POINT ( 'NONE',  ( 0.1465583827968000000, -0.1656333617575999900, 0.08230987636785000400 ) ) ;
#5449 = CONICAL_SURFACE ( 'NONE', #2354, 0.1721956082217836200, 0.7649928327132559100 ) ;
#5450 = CARTESIAN_POINT ( 'NONE',  ( 0.2764993083194999800, 0.1574937352778000000, -0.09807219911664000200 ) ) ;
#5451 = CARTESIAN_POINT ( 'NONE',  ( 0.2393762580787000000, -0.1735126492994999700, -0.08178985854541000200 ) ) ;
#5452 = CARTESIAN_POINT ( 'NONE',  ( -0.6029831838260000200, 0.02242564374333999900, -0.02441668864549000100 ) ) ;
#5453 = CARTESIAN_POINT ( 'NONE',  ( -0.6311768232580999800, 0.001682978159880000000, -0.01885262297219000200 ) ) ;
#5454 = ORIENTED_EDGE ( 'NONE', *, *, #4011, .F. ) ;
#5455 = EDGE_CURVE ( 'NONE', #936, #2187, #2762, .T. ) ;
#5456 = B_SPLINE_CURVE_WITH_KNOTS ( 'NONE', 3,
 ( #973, #979, #949, #937, #925, #911, #903, #899, #886, #882, #872, #866, #859, #848, #837, #831, #819, #818, #809, #799, #797, #785, #779, #771, #759, #754, #748, #739, #720, #712, #701, #697, #690, #685 ),
 .UNSPECIFIED., .F., .F.,
 ( 4, 2, 2, 2, 2, 2, 2, 2, 2, 2, 2, 2, 2, 2, 2, 2, 4 ),
 ( 0.0000000000000000000, 0.0008846011486549191500, 0.001769202297309839200, 0.002653803445964759200, 0.003538404594619679700, 0.004423005743274599700, 0.005307606891929521000, 0.006192208040584441500, 0.007076809189239362800, 0.007961410337894284100, 0.008846011486549202800, 0.009730612635204126700, 0.01061521378385904900, 0.01149981493251397100, 0.01238441608116889200, 0.01326901722982381500, 0.01415361837847873800 ),
 .UNSPECIFIED. ) ;
#5457 = CARTESIAN_POINT ( 'NONE',  ( -0.7810000000000001400, 0.2454999999999532600, -0.2454999999999532300 ) ) ;
#5458 = CARTESIAN_POINT ( 'NONE',  ( 0.1051609430858412000, 0.01615453016057957400, -0.1680978975784927800 ) ) ;
#5459 = CARTESIAN_POINT ( 'NONE',  ( 0.1255033234561446500, -0.1483580278273049200, 0.08627877797060196100 ) ) ;
#5460 = ADVANCED_FACE ( 'NONE', ( #1122 ), #1078, .T. ) ;
#5461 = ORIENTED_EDGE ( 'NONE', *, *, #1364, .F. ) ;
#5462 = B_SPLINE_CURVE_WITH_KNOTS ( 'NONE', 3,
 ( #4843, #4855, #4817, #4806, #4785, #4777, #4755, #4740, #4730, #4719 ),
 .UNSPECIFIED., .F., .F.,
 ( 4, 2, 2, 2, 4 ),
 ( 0.0000000000000000000, 0.1021346483386989400, 0.2042692966773978800, 0.3064039450160968000, 0.4085385933547957500 ),
 .UNSPECIFIED. ) ;
#5463 = CARTESIAN_POINT ( 'NONE',  ( 0.2376220675250999800, -0.1910846734257999900, -0.01681880442299999900 ) ) ;
#5464 = CARTESIAN_POINT ( 'NONE',  ( 0.2358678769715000000, -0.1851320977243000000, 0.05022285510698999000 ) ) ;
#5465 = CARTESIAN_POINT ( 'NONE',  ( 0.1068065055487679600, 0.07013303019869320000, -0.1539671433898224800 ) ) ;
#5466 = ORIENTED_EDGE ( 'NONE', *, *, #2896, .F. ) ;
#5467 = CARTESIAN_POINT ( 'NONE',  ( 0.2596443121413989400, 0.04801673854065816000, 0.1812443273029740200 ) ) ;
#5468 = ADVANCED_FACE ( 'NONE', ( #2095 ), #1182, .F. ) ;
#5469 = CARTESIAN_POINT ( 'NONE',  ( 0.1796174023935949200, -0.1122214634718187700, -0.1502350765746654200 ) ) ;
#5470 = CARTESIAN_POINT ( 'NONE',  ( -0.9689999999986324000, -0.1767766952966000100, 0.1767766952966000100 ) ) ;
#5471 = CARTESIAN_POINT ( 'NONE',  ( 0.1087151086256204900, 0.1229327516526642900, -0.1167548777088205900 ) ) ;
#5472 = VERTEX_POINT ( 'NONE', #1207 ) ;
#5473 = CARTESIAN_POINT ( 'NONE',  ( 0.3009542904590000200, -0.06404818675175000300, -0.1741270082431999900 ) ) ;
#5474 = CARTESIAN_POINT ( 'NONE',  ( 0.2341136864179000100, -0.1563877248033999900, 0.1110815578990000000 ) ) ;
#5475 = CARTESIAN_POINT ( 'NONE',  ( 0.1105175050174681500, 0.1554542031302689200, -0.06517182463255738500 ) ) ;
#5476 = CARTESIAN_POINT ( 'NONE',  ( 0.2399679105917779900, -0.1649598487265290200, -0.08965645913539747900 ) ) ;
#5477 = EDGE_CURVE ( 'NONE', #6502, #1918, #1687, .T. ) ;
#5478 = ADVANCED_FACE ( 'NONE', ( #4005, #2313 ), #1333, .F. ) ;
#5479 = DIRECTION ( 'NONE',  ( 0.0000000000000000000, -0.7071067811865471300, 0.7071067811865480200 ) ) ;
#5480 = ORIENTED_EDGE ( 'NONE', *, *, #5444, .T. ) ;
#5481 = DIRECTION ( 'NONE',  ( 0.0000000000000000000, 1.000000000000000000, 0.0000000000000000000 ) ) ;
#5482 = CARTESIAN_POINT ( 'NONE',  ( -0.6773980176467115900, -0.003493859223133918200, 0.02182250319206027700 ) ) ;
#5483 = CARTESIAN_POINT ( 'NONE',  ( 0.1797220524662442300, -0.1090429128674088200, -0.1525370075543753800 ) ) ;
#5484 = CARTESIAN_POINT ( 'NONE',  ( 0.2323594958642999900, -0.1083902804601000100, 0.1582649180218000100 ) ) ;
#5485 = CARTESIAN_POINT ( 'NONE',  ( 0.1483125733503999900, -0.1838701835614000000, 0.02002693835218000200 ) ) ;
#5486 = CARTESIAN_POINT ( 'NONE',  ( 0.2688465772915684100, -0.1884401874480000900, -0.003507615717150375900 ) ) ;
#5487 = DIRECTION ( 'NONE',  ( 0.0000000000000000000, -0.7071067811865479100, -0.7071067811865470200 ) ) ;
#5488 = LINE ( 'NONE', #3600, #5736 ) ;
#5489 = ADVANCED_FACE ( 'NONE', ( #6367 ), #3849, .F. ) ;
#5490 = EDGE_CURVE ( 'NONE', #2090, #2259, #3069, .T. ) ;
#5491 = CARTESIAN_POINT ( 'NONE',  ( 0.2306053053106999800, -0.04704876387075999900, 0.1859641234248000100 ) ) ;
#5492 = CARTESIAN_POINT ( 'NONE',  ( 0.3254092725985000000, -0.1835045176963000000, 0.02735701080198000100 ) ) ;
#5493 = CARTESIAN_POINT ( 'NONE',  ( -0.8939999999999999100, 0.03500000000000000300, 0.2446000000000000100 ) ) ;
#5494 = ORIENTED_EDGE ( 'NONE', *, *, #6180, .T. ) ;
#5495 = LINE ( 'NONE', #6332, #5562 ) ;
#5496 = UNCERTAINTY_MEASURE_WITH_UNIT (LENGTH_MEASURE( 1.000000000000000100E-005 ), #2323, 'distance_accuracy_value', 'NONE');
#5497 = CARTESIAN_POINT ( 'NONE',  ( -0.7339999999999999900, -0.2425376259469500000, 0.1223294731452500100 ) ) ;
#5498 = ADVANCED_FACE ( 'NONE', ( #2789 ), #2892, .T. ) ;
#5499 = LINE ( 'NONE', #475, #1174 ) ;
#5500 = CARTESIAN_POINT ( 'NONE',  ( 0.1500667639040000100, -0.1794694865249000000, -0.04472161041614999800 ) ) ;
#5501 = CARTESIAN_POINT ( 'NONE',  ( 0.2264270417661679300, -0.1033012676106019300, -0.1344190237786460600 ) ) ;
#5502 = ORIENTED_EDGE ( 'NONE', *, *, #2085, .F. ) ;
#5503 = PLANE ( 'NONE',  #5227 ) ;
#5504 = FACE_OUTER_BOUND ( 'NONE', #2185, .T. ) ;
#5505 = CARTESIAN_POINT ( 'NONE',  ( 0.2288511147570999900, 0.02008501060933000000, 0.1907690696824999900 ) ) ;
#5506 = ADVANCED_FACE ( 'NONE', ( #2382 ), #1847, .T. ) ;
#5507 = CARTESIAN_POINT ( 'NONE',  ( 0.2312777774442461900, -0.05919051874298632300, 0.1789396391198970200 ) ) ;
#5508 = ORIENTED_EDGE ( 'NONE', *, *, #4707, .F. ) ;
#5509 = CARTESIAN_POINT ( 'NONE',  ( 0.1797742873188066800, -0.1074413424271626300, -0.1536643451421731700 ) ) ;
#5510 = DIRECTION ( 'NONE',  ( 1.000000000000000000, -0.0000000000000000000, 0.0000000000000000000 ) ) ;
#5511 = CARTESIAN_POINT ( 'NONE',  ( 0.1518209544575999900, -0.1529731109361000000, -0.1039641414772000000 ) ) ;
#5512 = CARTESIAN_POINT ( 'NONE',  ( 0.2270969242035000000, 0.08474612287782000400, 0.1720881880857000300 ) ) ;
#5513 = CARTESIAN_POINT ( 'NONE',  ( 0.09801651805054000000, -0.1249238849333000100, 0.1277046234231999900 ) ) ;
#5514 = DIRECTION ( 'NONE',  ( -0.9781476007338293400, 0.2079116908176477700, 0.0000000000000000000 ) ) ;
#5515 = VERTEX_POINT ( 'NONE', #1577 ) ;
#5516 = CARTESIAN_POINT ( 'NONE',  ( 0.2648278043059332200, -0.1325004912575693200, 0.1329773991916782500 ) ) ;
#5517 = CARTESIAN_POINT ( 'NONE',  ( 0.1797966543590987800, -0.1067523702710882800, -0.1541424099155565800 ) ) ;
#5518 = AXIS2_PLACEMENT_3D ( 'NONE', #1944, #1931, #1921 ) ;
#5519 = DIRECTION ( 'NONE',  ( -0.02967669730457962000, -0.1396178836890816800, -0.9897606479302330000 ) ) ;
#5520 = ORIENTED_EDGE ( 'NONE', *, *, #196, .F. ) ;
#5521 = CARTESIAN_POINT ( 'NONE',  ( 0.2140606878154199800, -3.225167470687423200E-008, 0.1680964471710961200 ) ) ;
#5522 = CARTESIAN_POINT ( 'NONE',  ( 0.2253427336499000100, 0.1389740507975000000, 0.1322212814017000000 ) ) ;
#5523 = DIRECTION ( 'NONE',  ( 2.449490783530942700E-015, 1.000000000000000000, 1.178340830472019000E-031 ) ) ;
#5524 = FACE_OUTER_BOUND ( 'NONE', #3593, .T. ) ;
#5525 = LINE ( 'NONE', #742, #5544 ) ;
#5526 = CARTESIAN_POINT ( 'NONE',  ( 0.2235885430962999700, 0.1760927022617999900, 0.07607639907174000600 ) ) ;
#5527 = CARTESIAN_POINT ( 'NONE',  ( 0.1535751450112000100, -0.1076432378218000100, -0.1504069315787000000 ) ) ;
#5528 = EDGE_CURVE ( 'NONE', #1186, #1053, #3242, .T. ) ;
#5529 = CARTESIAN_POINT ( 'NONE',  ( 0.2285050266758282000, 0.04400221616781587600, 0.1823695894094164700 ) ) ;
#5530 = ADVANCED_FACE ( 'NONE', ( #3136 ), #3167, .T. ) ;
#5531 = FACE_BOUND ( 'NONE', #5977, .T. ) ;
#5532 = CARTESIAN_POINT ( 'NONE',  ( 8.637009617417772100E-016, -0.1678464951687571000, 0.2951257157822630400 ) ) ;
#5533 = ORIENTED_EDGE ( 'NONE', *, *, #1811, .T. ) ;
#5534 = ORIENTED_EDGE ( 'NONE', *, *, #3975, .F. ) ;
#5535 = DIRECTION ( 'NONE',  ( 0.0000000000000000000, -0.7071067811865490200, -0.7071067811865460200 ) ) ;
#5536 = B_SPLINE_CURVE_WITH_KNOTS ( 'NONE', 3,
 ( #1752, #1777, #1805, #1711, #1699, #1690, #1689, #1684, #1677, #1675, #1669, #1664, #1656, #1654, #1646, #1641, #1632, #1621, #1614, #1606, #1594, #1586, #1585, #1573, #1564, #1551, #1540, #1539, #1526, #1521 ),
 .UNSPECIFIED., .F., .F.,
 ( 4, 2, 2, 2, 2, 2, 1, 1, 1, 1, 2, 2, 2, 2, 2, 2, 4 ),
 ( 0.0000000000000000000, 0.1249999999999996100, 0.2499999999999992000, 0.3749999999999987800, 0.4374999999999986100, 0.4687499999999985000, 0.4843749999999984500, 0.4921874999999983900, 0.4960937499999983900, 0.4980468749999983900, 0.4990234374999983900, 0.4999999999999983900, 0.5624999999999985600, 0.6249999999999987800, 0.7499999999999992200, 0.8749999999999995600, 1.000000000000000000 ),
 .UNSPECIFIED. ) ;
#5537 = CARTESIAN_POINT ( 'NONE',  ( 0.1224715001900000000, 0.09964776337665999500, 0.1482724661652999900 ) ) ;
#5538 = CARTESIAN_POINT ( 'NONE',  ( 0.2218343525427000400, 0.1915323223058000000, 0.01056560637370000000 ) ) ;
#5539 = CARTESIAN_POINT ( 'NONE',  ( 0.0000000000000000000, -0.3197999999999999700, 0.3197999999999999700 ) ) ;
#5540 = ADVANCED_FACE ( 'NONE', ( #2332 ), #5016, .T. ) ;
#5541 = EDGE_CURVE ( 'NONE', #4073, #714, #2660, .T. ) ;
#5542 = AXIS2_PLACEMENT_3D ( 'NONE', #3340, #3366, #3355 ) ;
#5543 = VERTEX_POINT ( 'NONE', #4976 ) ;
#5544 = VECTOR ( 'NONE', #271, 39.37007874015748900 ) ;
#5545 = CARTESIAN_POINT ( 'NONE',  ( 0.1798115614248287400, -0.1062924866066901800, -0.1544599890523005700 ) ) ;
#5546 = DIRECTION ( 'NONE',  ( 0.0000000000000000000, 0.0000000000000000000, 1.000000000000000000 ) ) ;
#5547 = VECTOR ( 'NONE', #27, 39.37007874015748100 ) ;
#5548 = DIRECTION ( 'NONE',  ( -0.0000000000000000000, 0.7071067811865469100, -0.7071067811865479100 ) ) ;
#5549 = CARTESIAN_POINT ( 'NONE',  ( 0.2651932808616214700, -0.1417352969678307200, 0.1228280808468981100 ) ) ;
#5550 = ORIENTED_EDGE ( 'NONE', *, *, #4177, .T. ) ;
#5551 = ORIENTED_EDGE ( 'NONE', *, *, #547, .F. ) ;
#5552 = CARTESIAN_POINT ( 'NONE',  ( 0.2200801619890999900, 0.1833920884012999700, -0.05624596592403000000 ) ) ;
#5553 = DIRECTION ( 'NONE',  ( 0.0000000000000000000, -1.000000000000000000, 0.0000000000000000000 ) ) ;
#5554 = EDGE_CURVE ( 'NONE', #4161, #1348, #3500, .T. ) ;
#5555 = CARTESIAN_POINT ( 'NONE',  ( 0.2345072604435903800, -0.1547013145688485900, 0.1060853995835381300 ) ) ;
#5556 = VERTEX_POINT ( 'NONE', #4935 ) ;
#5557 = CIRCLE ( 'NONE', #2694, 0.03899999999996994800 ) ;
#5558 = CARTESIAN_POINT ( 'NONE',  ( 0.1798207268324160100, -0.1060092219230257300, -0.1546544893434758100 ) ) ;
#5559 = CARTESIAN_POINT ( 'NONE',  ( -0.7810000000000001400, 0.3075000000000109900, -0.2454999999999766500 ) ) ;
#5560 = CARTESIAN_POINT ( 'NONE',  ( -0.6659736378617034900, -0.008343220732666939400, -0.01300562577294110200 ) ) ;
#5561 = CARTESIAN_POINT ( 'NONE',  ( 0.2183259714355000000, 0.1526741308868000100, -0.1161330305214999900 ) ) ;
#5562 = VECTOR ( 'NONE', #5288, 39.37007874015748100 ) ;
#5563 = CARTESIAN_POINT ( 'NONE',  ( 0.1469264823296000100, 0.1654281759294999900, -0.06743789024429000500 ) ) ;
#5564 = CARTESIAN_POINT ( 'NONE',  ( 0.01562000000000000000, -0.3075000000000000000, -0.2530236161518000200 ) ) ;
#5565 = VERTEX_POINT ( 'NONE', #5048 ) ;
#5566 = LINE ( 'NONE', #1693, #5586 ) ;
#5567 = CARTESIAN_POINT ( 'NONE',  ( 0.2653752488368108000, -0.1461469332526799400, 0.1176084055545795900 ) ) ;
#5568 = CARTESIAN_POINT ( 'NONE',  ( 0.1801935159013536600, -0.09447369991262792600, -0.1625443101450952700 ) ) ;
#5569 = ADVANCED_FACE ( 'NONE', ( #1325 ), #950, .F. ) ;
#5570 = PLANE ( 'NONE',  #2482 ) ;
#5571 = ORIENTED_EDGE ( 'NONE', *, *, #1800, .T. ) ;
#5572 = LINE ( 'NONE', #2685, #5639 ) ;
#5573 = CARTESIAN_POINT ( 'NONE',  ( 0.2165717808818999600, 0.1031601665532000000, -0.1617227730091000100 ) ) ;
#5574 = ORIENTED_EDGE ( 'NONE', *, *, #3719, .F. ) ;
#5575 = DIRECTION ( 'NONE',  ( 0.0000000000000000000, -1.000000000000000000, 0.0000000000000000000 ) ) ;
#5576 = EDGE_CURVE ( 'NONE', #3140, #4365, #5462, .T. ) ;
#5577 = ADVANCED_FACE ( 'NONE', ( #2221 ), #1608, .F. ) ;
#5578 = CARTESIAN_POINT ( 'NONE',  ( 0.2148175903283000300, 0.04094593178990999600, -0.1874025351985000000 ) ) ;
#5579 = ORIENTED_EDGE ( 'NONE', *, *, #915, .F. ) ;
#5580 = CARTESIAN_POINT ( 'NONE',  ( 0.2655861967782190400, -0.1509215818337293600, 0.1112964551466723300 ) ) ;
#5581 = DIRECTION ( 'NONE',  ( 0.0000000000000000000, 0.0000000000000000000, -1.000000000000000000 ) ) ;
#5582 = CARTESIAN_POINT ( 'NONE',  ( 0.1805966814902236200, -0.08108133392754028600, -0.1698536340124795800 ) ) ;
#5583 = DIRECTION ( 'NONE',  ( -1.000000000000000000, 0.0000000000000000000, 0.0000000000000000000 ) ) ;
#5584 = CARTESIAN_POINT ( 'NONE',  ( 0.2130633997747000100, -0.02630926930582999600, -0.1900108053138999900 ) ) ;
#5585 = EDGE_CURVE ( 'NONE', #1341, #3091, #2009, .T. ) ;
#5586 = VECTOR ( 'NONE', #4366, 39.37007874015748100 ) ;
#5587 = CARTESIAN_POINT ( 'NONE',  ( 0.7788404885582130800, 0.1443375672974409900, -0.2500000000000122700 ) ) ;
#5588 = CARTESIAN_POINT ( 'NONE',  ( -0.7043726773266498800, 0.01664708750609600000, 0.02182250319205000100 ) ) ;
#5590 = ORIENTED_EDGE ( 'NONE', *, *, #5348, .T. ) ;
#5589 = CARTESIAN_POINT ( 'NONE',  ( 0.7899107369748725700, 0.09685711861485928100, -0.2500000000000000000 ) ) ;
#5591 = CARTESIAN_POINT ( 'NONE',  ( -0.5873002854795057500, 0.09832192471132225600, 0.07959302181136090900 ) ) ;
#5592 = CONICAL_SURFACE ( 'NONE', #1934, 0.2894486372868748100, 1.134464013795892100 ) ;
#5593 = CARTESIAN_POINT ( 'NONE',  ( 0.1163746535797999900, -0.1451013036731000100, -0.1263790931336999900 ) ) ;
#5594 = CARTESIAN_POINT ( 'NONE',  ( 0.2113092092209999700, -0.09032551342389999500, -0.1692264449564999900 ) ) ;
#5595 = LINE ( 'NONE', #3990, #5270 ) ;
#5596 = CARTESIAN_POINT ( 'NONE',  ( 0.2656913337415118800, -0.1532144409007769600, 0.1080886754647987500 ) ) ;
#5597 = VECTOR ( 'NONE', #4720, 39.37007874015748100 ) ;
#5598 = CARTESIAN_POINT ( 'NONE',  ( 0.2095550186674000100, -0.1432216156007999900, -0.1276082330199999900 ) ) ;
#5599 = CARTESIAN_POINT ( 'NONE',  ( -0.7574999999999999500, -0.1308147545194999800, 0.2580939751330999500 ) ) ;
#5600 = CARTESIAN_POINT ( 'NONE',  ( 0.2580949551848736300, 0.1016015343812487500, 0.1579540238326428700 ) ) ;
#5601 = LINE ( 'NONE', #698, #5597 ) ;
#5602 = DIRECTION ( 'NONE',  ( 1.000000000000000000, -0.0000000000000000000, 0.0000000000000000000 ) ) ;
#5603 = CARTESIAN_POINT ( 'NONE',  ( 0.7968750000000300900, -2.656640782414118100E-018, -0.2499999999999521800 ) ) ;
#5604 = CONICAL_SURFACE ( 'NONE', #2645, 0.2492264973080051400, 1.134464013796779200 ) ;
#5605 = CARTESIAN_POINT ( 'NONE',  ( 0.2078008281137999900, -0.1784854008385000100, -0.07027985671629999300 ) ) ;
#5606 = CARTESIAN_POINT ( 'NONE',  ( 0.7968749999999541500, 0.04886364035932034400, -0.2500000000000000000 ) ) ;
#5607 = CARTESIAN_POINT ( 'NONE',  ( 0.2657438179713054200, -0.1543370823243911100, 0.1064723026417028200 ) ) ;
#5608 = ORIENTED_EDGE ( 'NONE', *, *, #2189, .T. ) ;
#5609 = ADVANCED_FACE ( 'NONE', ( #1140 ), #5204, .T. ) ;
#5610 = CARTESIAN_POINT ( 'NONE',  ( 0.1814752361407191400, -0.05011803945507514700, -0.1814200040573032100 ) ) ;
#5611 = DIRECTION ( 'NONE',  ( -0.9110794801765064200, 0.3867302948990171100, -0.1427370302641400300 ) ) ;
#5612 = DIRECTION ( 'NONE',  ( 0.1313901291254632200, -0.05577180091246948500, -0.9897606479302831800 ) ) ;
#5613 = EDGE_CURVE ( 'NONE', #5110, #327, #166, .T. ) ;
#5614 = CARTESIAN_POINT ( 'NONE',  ( 0.1408296357192999900, -0.1532316450010000100, 0.1163875875973000000 ) ) ;
#5615 = ORIENTED_EDGE ( 'NONE', *, *, #1290, .F. ) ;
#5616 = CARTESIAN_POINT ( 'NONE',  ( -1.044524830354221400, 0.2604999999999999000, -0.01699999999998999500 ) ) ;
#5617 = CONICAL_SURFACE ( 'NONE', #2397, 0.2894486372865390800, 1.134464013796779000 ) ;
#5618 = CARTESIAN_POINT ( 'NONE',  ( 0.2060466375602000000, -0.1917754372173999800, -0.004299129642035000300 ) ) ;
#5619 = DIRECTION ( 'NONE',  ( 4.360660245055357000E-016, 0.0000000000000000000, 1.000000000000000000 ) ) ;
#5620 = ORIENTED_EDGE ( 'NONE', *, *, #3943, .T. ) ;
#5621 = ORIENTED_EDGE ( 'NONE', *, *, #1310, .T. ) ;
#5622 = CARTESIAN_POINT ( 'NONE',  ( 0.2233217707461891100, 0.1805162553579587300, 0.05427345759219473500 ) ) ;
#5623 = CARTESIAN_POINT ( 'NONE',  ( 0.1819506252023445100, -0.03252715282817525400, -0.1856530294936896700 ) ) ;
#5624 = CARTESIAN_POINT ( 'NONE',  ( 0.7031250000000154300, -4.210354007422793300E-015, -3.267973162420875000E-014 ) ) ;
#5625 = DIRECTION ( 'NONE',  ( -1.000000000000000000, 4.094932536742629700E-016, 4.360660245055356500E-016 ) ) ;
#5626 = CARTESIAN_POINT ( 'NONE',  ( 0.2042924470065999600, -0.1814555264903000000, 0.06221090744036000100 ) ) ;
#5627 = VERTEX_POINT ( 'NONE', #4686 ) ;
#5628 = VECTOR ( 'NONE', #5719, 39.37007874015748100 ) ;
#5629 = CARTESIAN_POINT ( 'NONE',  ( -6.829619984160658000E-017, -5.640645680014677600E-014, 1.872367665934690800E-016 ) ) ;
#5630 = DIRECTION ( 'NONE',  ( 1.000000000000000000, 0.0000000000000000000, 0.0000000000000000000 ) ) ;
#5631 = AXIS2_PLACEMENT_3D ( 'NONE', #2921, #2914, #2909 ) ;
#5632 = ADVANCED_FACE ( 'NONE', ( #5504 ), #4547, .F. ) ;
#5633 = ORIENTED_EDGE ( 'NONE', *, *, #4799, .F. ) ;
#5634 = EDGE_LOOP ( 'NONE', ( #6326, #6213, #5907 ) ) ;
#5635 = CARTESIAN_POINT ( 'NONE',  ( 0.1652846178588000000, 0.08282274980126999600, 0.1736845994707000000 ) ) ;
#5636 = CARTESIAN_POINT ( 'NONE',  ( 0.2025382564530000000, -0.1487961485031000000, 0.1210620318312000000 ) ) ;
#5637 = CARTESIAN_POINT ( 'NONE',  ( 0.2665099808546155200, -0.1694024332991561400, 0.08190213838717190500 ) ) ;
#5638 = ORIENTED_EDGE ( 'NONE', *, *, #207, .F. ) ;
#5639 = VECTOR ( 'NONE', #1650, 39.37007874015748100 ) ;
#5640 = ADVANCED_FACE ( 'NONE', ( #4754 ), #3634, .T. ) ;
#5641 = CARTESIAN_POINT ( 'NONE',  ( 0.2007840658994000100, -0.09781805759686999800, 0.1650089125747999900 ) ) ;
#5642 = CARTESIAN_POINT ( 'NONE',  ( -0.6657449207471999300, -0.008917798484239999900, 0.05706836142175999300 ) ) ;
#5643 = CARTESIAN_POINT ( 'NONE',  ( 0.2839913163809725200, 0.1869847009504206100, -0.01424914979344710400 ) ) ;
#5644 = ORIENTED_EDGE ( 'NONE', *, *, #4761, .F. ) ;
#5645 = ORIENTED_EDGE ( 'NONE', *, *, #3492, .T. ) ;
#5646 = CARTESIAN_POINT ( 'NONE',  ( 0.1829736267983507500, 0.005958913076263805700, -0.1883787082099727900 ) ) ;
#5647 = DIRECTION ( 'NONE',  ( 0.0000000000000000000, 0.0000000000000000000, -1.000000000000000000 ) ) ;
#5648 = CARTESIAN_POINT ( 'NONE',  ( 0.1990298753457999900, -0.03479728462413000200, 0.1886411059728999900 ) ) ;
#5649 = DIRECTION ( 'NONE',  ( 1.000000000000000000, 0.0000000000000000000, 0.0000000000000000000 ) ) ;
#5650 = EDGE_CURVE ( 'NONE', #5903, #2693, #3648, .T. ) ;
#5651 = CARTESIAN_POINT ( 'NONE',  ( 0.2673562579280500700, -0.1807873525367876300, 0.05216314781521987100 ) ) ;
#5652 = ORIENTED_EDGE ( 'NONE', *, *, #4300, .F. ) ;
#5653 = CARTESIAN_POINT ( 'NONE',  ( 0.05000000000000000300, -6.430407353524017400E-014, 6.189280072995864100E-017 ) ) ;
#5654 = CARTESIAN_POINT ( 'NONE',  ( 0.1835212393327312100, 0.02686240313398306400, -0.1868680976844409300 ) ) ;
#5655 = PLANE ( 'NONE',  #2415 ) ;
#5656 = CARTESIAN_POINT ( 'NONE',  ( 0.1897395999983000100, 0.1868888237729000000, -0.04580888310501000200 ) ) ;
#5657 = ORIENTED_EDGE ( 'NONE', *, *, #5477, .T. ) ;
#5658 = CARTESIAN_POINT ( 'NONE',  ( 0.2224115860808474900, 0.1864166340648577000, 0.02034125344685270100 ) ) ;
#5659 = LINE ( 'NONE', #182, #5628 ) ;
#5660 = VECTOR ( 'NONE', #960, 39.37007874015748100 ) ;
#5661 = EDGE_CURVE ( 'NONE', #3057, #696, #438, .T. ) ;
#5662 = CARTESIAN_POINT ( 'NONE',  ( 0.1972756847922000100, 0.03250751640446000000, 0.1890491563414999900 ) ) ;
#5663 = CARTESIAN_POINT ( 'NONE',  ( 0.0000000000000000000, 0.3075000000000109900, -0.2454999999999766500 ) ) ;
#5664 = CARTESIAN_POINT ( 'NONE',  ( 0.2964992073019803200, -0.1430028537833860900, 0.1212666237302449100 ) ) ;
#5665 = LINE ( 'NONE', #668, #5680 ) ;
#5666 = ADVANCED_FACE ( 'NONE', ( #4989 ), #4468, .T. ) ;
#5667 = CONICAL_SURFACE ( 'NONE', #1620, 0.2492264973081017000, 1.134464013795892100 ) ;
#5668 = B_SPLINE_CURVE_WITH_KNOTS ( 'NONE', 3,
 ( #2018, #2028, #1969, #1959 ),
 .UNSPECIFIED., .F., .F.,
 ( 4, 4 ),
 ( 7.358683899002010700E-016, 0.003694680973536484600 ),
 .UNSPECIFIED. ) ;
#5669 = DIRECTION ( 'NONE',  ( 0.0000000000000000000, -1.000000000000000000, 0.0000000000000000000 ) ) ;
#5670 = FACE_OUTER_BOUND ( 'NONE', #6208, .T. ) ;
#5671 = DIRECTION ( 'NONE',  ( 0.0000000000000000000, 0.0000000000000000000, 1.000000000000000000 ) ) ;
#5672 = EDGE_CURVE ( 'NONE', #1948, #2693, #6346, .T. ) ;
#5673 = CARTESIAN_POINT ( 'NONE',  ( 0.1955214942385999900, 0.09581025475059999600, 0.1661827953614999900 ) ) ;
#5674 = VERTEX_POINT ( 'NONE', #4430 ) ;
#5675 = CARTESIAN_POINT ( 'NONE',  ( -0.6093477892880565500, 0.008833311815749483500, 0.06626127276150711700 ) ) ;
#5676 = ADVANCED_FACE ( 'NONE', ( #1284 ), #4420, .T. ) ;
#5677 = CARTESIAN_POINT ( 'NONE',  ( 0.1713814644690999900, -0.03242044753803000100, -0.1756792879570000000 ) ) ;
#5678 = CARTESIAN_POINT ( 'NONE',  ( 0.1843968257388695600, 0.05883386536972465300, -0.1783596039649554500 ) ) ;
#5679 = CARTESIAN_POINT ( 'NONE',  ( -0.3905000000000000700, -0.1682914139223499700, 0.2955706345359500100 ) ) ;
#5680 = VECTOR ( 'NONE', #5194, 39.37007874015748900 ) ;
#5681 = CARTESIAN_POINT ( 'NONE',  ( 0.2141945821377999600, -0.006890361547525999600, -0.1922975474048000100 ) ) ;
#5682 = DIRECTION ( 'NONE',  ( -0.9914466781300052000, 0.0000000000000000000, 0.1305123918445206500 ) ) ;
#5683 = EDGE_CURVE ( 'NONE', #4056, #6063, #3460, .T. ) ;
#5684 = CARTESIAN_POINT ( 'NONE',  ( 0.1937673036850000000, 0.1473175274538000000, 0.1228571395734999900 ) ) ;
#5685 = CARTESIAN_POINT ( 'NONE',  ( 0.1846977158083436000, 0.06958219875687607400, -0.1744961597960902900 ) ) ;
#5686 = CARTESIAN_POINT ( 'NONE',  ( -0.7809999999999999200, 0.05740959620435002300, 0.3075000000000000000 ) ) ;
#5687 = DIRECTION ( 'NONE',  ( 0.8660254037834188600, 0.0000000000000000000, -0.5000000000017661400 ) ) ;
#5688 = CARTESIAN_POINT ( 'NONE',  ( 0.1851625928136975400, 0.08547572492089983200, -0.1669864489496283900 ) ) ;
#5689 = VERTEX_POINT ( 'NONE', #4343 ) ;
#5690 = DIRECTION ( 'NONE',  ( 1.000000000000000000, -0.0000000000000000000, -0.0000000000000000000 ) ) ;
#5691 = CARTESIAN_POINT ( 'NONE',  ( 0.1920131131313999900, 0.1806880915252999900, 0.06440612133871000100 ) ) ;
#5692 = CARTESIAN_POINT ( 'NONE',  ( -0.3905000000000000700, 0.3075000000000000000, 0.2454999999999999400 ) ) ;
#5693 = CARTESIAN_POINT ( 'NONE',  ( 0.2694022580803053800, -0.1872337402893468300, -0.02474962994347390200 ) ) ;
#5694 = CARTESIAN_POINT ( 'NONE',  ( 0.1958364466086000000, -0.1786020507855999900, -0.003943518268658999600 ) ) ;
#5695 = ORIENTED_EDGE ( 'NONE', *, *, #1281, .F. ) ;
#5696 = ORIENTED_EDGE ( 'NONE', *, *, #5080, .T. ) ;
#5697 = DIRECTION ( 'NONE',  ( 0.0000000000000000000, -0.7071067811865461300, 0.7071067811865489100 ) ) ;
#5698 = ADVANCED_FACE ( 'NONE', ( #6511 ), #42, .T. ) ;
#5699 = EDGE_CURVE ( 'NONE', #5871, #3963, #1214, .T. ) ;
#5700 = VECTOR ( 'NONE', #9, 39.37007874015748100 ) ;
#5701 = CARTESIAN_POINT ( 'NONE',  ( 0.2386495642773000000, -0.1896886951022999900, -0.03231038890140999800 ) ) ;
#5702 = CARTESIAN_POINT ( 'NONE',  ( 0.1902589225778000000, 0.1918135598294999900, -0.001974181210748000000 ) ) ;
#5703 = CARTESIAN_POINT ( 'NONE',  ( 0.2703020503894110700, -0.1787595254030661400, -0.05766730590603398600 ) ) ;
#5704 = ORIENTED_EDGE ( 'NONE', *, *, #1144, .F. ) ;
#5705 = CIRCLE ( 'NONE', #2658, 0.1724999999999448600 ) ;
#5706 = CARTESIAN_POINT ( 'NONE',  ( 0.1853198087990060000, 0.09073394422257295700, -0.1641969106469873300 ) ) ;
#5707 = ADVANCED_FACE ( 'NONE', ( #2469 ), #1104, .F. ) ;
#5708 = EDGE_CURVE ( 'NONE', #4428, #92, #3909, .T. ) ;
#5709 = DIRECTION ( 'NONE',  ( 0.2057828098171378100, 0.9681320030734647000, 0.1427370302644847500 ) ) ;
#5710 = EDGE_CURVE ( 'NONE', #793, #1941, #379, .T. ) ;
#5711 = VERTEX_POINT ( 'NONE', #4173 ) ;
#5712 = ORIENTED_EDGE ( 'NONE', *, *, #1237, .F. ) ;
#5713 = CARTESIAN_POINT ( 'NONE',  ( 0.1855590182522543800, 0.09850797357315781200, -0.1595670328464991700 ) ) ;
#5714 = CARTESIAN_POINT ( 'NONE',  ( -0.7810000000000001400, -0.1764658973206429900, 0.1764658973207569300 ) ) ;
#5715 = CARTESIAN_POINT ( 'NONE',  ( 0.1885047320241999800, 0.1793242057145000000, -0.06811147191546000600 ) ) ;
#5716 = DIRECTION ( 'NONE',  ( 0.0000000000000000000, 1.000000000000000000, -1.751184611324595000E-015 ) ) ;
#5717 = ORIENTED_EDGE ( 'NONE', *, *, #4657, .T. ) ;
#5718 = ORIENTED_EDGE ( 'NONE', *, *, #4841, .F. ) ;
#5719 = DIRECTION ( 'NONE',  ( 0.0000000000000000000, 1.000000000000000000, 0.0000000000000000000 ) ) ;
#5720 = CARTESIAN_POINT ( 'NONE',  ( 0.2202914287481000100, -0.04013810986383999800, 0.1740779210771999900 ) ) ;
#5721 = DIRECTION ( 'NONE',  ( 1.336102987952929000E-015, 1.422805169700534000E-015, 1.000000000000000000 ) ) ;
#5722 = CARTESIAN_POINT ( 'NONE',  ( 0.1856794693476999100, 0.1023668121906061200, -0.1571411961670319500 ) ) ;
#5723 = ORIENTED_EDGE ( 'NONE', *, *, #3417, .F. ) ;
#5724 = CARTESIAN_POINT ( 'NONE',  ( -0.7340000000000579400, 0.09699999999999954500, 0.2605000000000000600 ) ) ;
#5725 = VERTEX_POINT ( 'NONE', #4174 ) ;
#5726 = EDGE_LOOP ( 'NONE', ( #6139, #6300, #5791 ) ) ;
#5727 = CARTESIAN_POINT ( 'NONE',  ( 0.2631045464169000100, -0.07016025503080000600, 0.1791737752233000000 ) ) ;
#5728 = CARTESIAN_POINT ( 'NONE',  ( 0.1867505414706000000, 0.1447576036847000000, -0.1258633535509000000 ) ) ;
#5729 = DIRECTION ( 'NONE',  ( -0.0000000000000000000, -1.000000000000000000, -0.0000000000000000000 ) ) ;
#5730 = LINE ( 'NONE', #103, #5732 ) ;
#5731 = DIRECTION ( 'NONE',  ( -1.000000000000000000, 2.410454112010823400E-015, 0.0000000000000000000 ) ) ;
#5732 = VECTOR ( 'NONE', #5630, 39.37007874015748100 ) ;
#5733 = ADVANCED_FACE ( 'NONE', ( #4943 ), #4107, .T. ) ;
#5734 = CARTESIAN_POINT ( 'NONE',  ( 0.2964992073019803200, -0.1430028537833860900, 0.1212666237302449100 ) ) ;
#5735 = CARTESIAN_POINT ( 'NONE',  ( 0.1849963509170000100, 0.09236934247828000600, -0.1681197679792000000 ) ) ;
#5736 = VECTOR ( 'NONE', #629, 39.37007874015748100 ) ;
#5737 = CARTESIAN_POINT ( 'NONE',  ( -0.9689999999986234100, 0.2440604652872998000, 0.02200000000000684700 ) ) ;
#5738 = EDGE_CURVE ( 'NONE', #3996, #2635, #6324, .T. ) ;
#5739 = CARTESIAN_POINT ( 'NONE',  ( 0.2276745148044618500, 0.07366365396899204900, 0.1726983542050262700 ) ) ;
#5740 = ADVANCED_FACE ( 'NONE', ( #2183 ), #4058, .T. ) ;
#5741 = CARTESIAN_POINT ( 'NONE',  ( 0.2447464108875999900, 0.1622981626056000100, 0.07465550963177999800 ) ) ;
#5742 = CARTESIAN_POINT ( 'NONE',  ( 0.1858214767711573500, 0.1068077046339092200, -0.1541159102398180500 ) ) ;
#5743 = ORIENTED_EDGE ( 'NONE', *, *, #1282, .T. ) ;
#5744 = CARTESIAN_POINT ( 'NONE',  ( 0.3265000000000000700, 0.0000000000000000000, -0.1419724318642401100 ) ) ;
#5745 = FACE_OUTER_BOUND ( 'NONE', #1942, .T. ) ;
#5746 = VECTOR ( 'NONE', #2631, 39.37007874015748900 ) ;
#5747 = CARTESIAN_POINT ( 'NONE',  ( 0.2875595285563999900, 0.1611929794911000100, 0.1050831632200000000 ) ) ;
#5748 = CARTESIAN_POINT ( 'NONE',  ( 0.1832421603633999900, 0.02860911255023999800, -0.1896783453931000000 ) ) ;
#5749 = CARTESIAN_POINT ( 'NONE',  ( 0.1000000000000000200, -0.06574722211748358600, -0.1588178052476583400 ) ) ;
#5750 = EDGE_CURVE ( 'NONE', #1280, #2671, #50, .T. ) ;
#5751 = LINE ( 'NONE', #5106, #5755 ) ;
#5752 = CARTESIAN_POINT ( 'NONE',  ( 0.1858826544838042800, 0.1086965252247081300, -0.1527774675915228300 ) ) ;
#5753 = CARTESIAN_POINT ( 'NONE',  ( -0.3905000000000001200, 0.3075000000000219800, -0.2455000000000000500 ) ) ;
#5754 = CONICAL_SURFACE ( 'NONE', #2108, 0.1878043917781492500, 0.7649928327132653500 ) ;
#5755 = VECTOR ( 'NONE', #1021, 39.37007874015748100 ) ;
#5756 = CARTESIAN_POINT ( 'NONE',  ( -0.7339999999999999900, -3.785396366181492200E-015, -0.1265000000000135200 ) ) ;
#5757 = CARTESIAN_POINT ( 'NONE',  ( -0.7810000000000001400, -0.2707499999999999900, -0.1910000000000000000 ) ) ;
#5758 = EDGE_CURVE ( 'NONE', #6042, #2798, #145, .T. ) ;
#5759 = DIRECTION ( 'NONE',  ( 1.000000000000000000, -0.0000000000000000000, -0.0000000000000000000 ) ) ;
#5760 = CARTESIAN_POINT ( 'NONE',  ( 0.1814879698097999800, -0.03867333290235999700, -0.1878848944526999900 ) ) ;
#5761 = FACE_OUTER_BOUND ( 'NONE', #688, .T. ) ;
#5762 = CARTESIAN_POINT ( 'NONE',  ( 0.1797337792561999900, -0.1011945875344000000, -0.1629601788670000100 ) ) ;
#5763 = DIRECTION ( 'NONE',  ( 0.0000000000000000000, 1.000000000000000000, -1.751184611324595000E-015 ) ) ;
#5764 = CARTESIAN_POINT ( 'NONE',  ( 0.2692013930271000000, 0.1060584983338999900, -0.1437556427219000000 ) ) ;
#5765 = CARTESIAN_POINT ( 'NONE',  ( 0.1859235101563039300, 0.1099523851172037500, -0.1518758560668854700 ) ) ;
#5766 = DIRECTION ( 'NONE',  ( 0.0000000000000000000, -0.7071067811865490200, -0.7071067811865460200 ) ) ;
#5767 = CARTESIAN_POINT ( 'NONE',  ( -0.7810000000000001400, 0.2512500000000000300, -0.1950000000000000100 ) ) ;
#5768 = ADVANCED_FACE ( 'NONE', ( #2709 ), #79, .T. ) ;
#5769 = DIRECTION ( 'NONE',  ( 2.449490783530942700E-015, 1.000000000000000000, 1.178340830472019000E-031 ) ) ;
#5770 = CARTESIAN_POINT ( 'NONE',  ( 0.3120145106959000300, 0.1356253851613999900, -0.1364967136516999900 ) ) ;
#5771 = ORIENTED_EDGE ( 'NONE', *, *, #4105, .T. ) ;
#5772 = CARTESIAN_POINT ( 'NONE',  ( 0.2183583038405481100, 0.1430166235465937500, -0.1223934779661522300 ) ) ;
#5773 = DIRECTION ( 'NONE',  ( 0.0000000000000000000, 0.0000000000000000000, -1.000000000000000000 ) ) ;
#5774 = DIRECTION ( 'NONE',  ( -0.9781476007335732100, 0.2079116908188524700, 0.0000000000000000000 ) ) ;
#5775 = EDGE_LOOP ( 'NONE', ( #1727, #2329, #5808, #6395, #2142, #1359, #1653, #6460 ) ) ;
#5776 = CARTESIAN_POINT ( 'NONE',  ( -0.5927205256605571100, 0.09844000258425714100, 0.07944715922857956100 ) ) ;
#5777 = EDGE_CURVE ( 'NONE', #4375, #5895, #1891, .T. ) ;
#5778 = CARTESIAN_POINT ( 'NONE',  ( -0.8979999999999999100, 0.2605000000000000100, 0.02200000000000000600 ) ) ;
#5779 = CARTESIAN_POINT ( 'NONE',  ( 0.1859459549267599700, 0.1106390115896833000, -0.1513759096093155500 ) ) ;
#5780 = DIRECTION ( 'NONE',  ( 0.02967669730475075100, 0.1396178836890412400, -0.9897606479302335500 ) ) ;
#5781 = CARTESIAN_POINT ( 'NONE',  ( 0.1779795887026000000, -0.1512573944050000000, -0.1179727480106000000 ) ) ;
#5782 = VERTEX_POINT ( 'NONE', #3877 ) ;
#5783 = EDGE_LOOP ( 'NONE', ( #1522, #891, #851, #1033 ) ) ;
#5784 = PLANE ( 'NONE',  #2511 ) ;
#5785 = CARTESIAN_POINT ( 'NONE',  ( 0.2706130263467800300, -0.1748361577190119500, -0.06880079749766758500 ) ) ;
#5786 = CARTESIAN_POINT ( 'NONE',  ( 0.2936563751667000100, -0.1192241812980000000, -0.1330399936273000100 ) ) ;
#5787 = DIRECTION ( 'NONE',  ( 1.000000000000000000, 0.0000000000000000000, -0.0000000000000000000 ) ) ;
#5788 = DIRECTION ( 'NONE',  ( -1.000000000000000000, -0.0000000000000000000, -0.0000000000000000000 ) ) ;
#5789 = CARTESIAN_POINT ( 'NONE',  ( 0.1865570059655923800, 0.1292552138072480500, -0.1376596909168873200 ) ) ;
#5790 = ORIENTED_EDGE ( 'NONE', *, *, #1430, .T. ) ;
#5791 = ORIENTED_EDGE ( 'NONE', *, *, #4830, .F. ) ;
#5792 = CARTESIAN_POINT ( 'NONE',  ( -0.8139999999999999500, 0.1820000000000000000, 0.2446000000000000100 ) ) ;
#5793 = EDGE_CURVE ( 'NONE', #283, #2530, #107, .T. ) ;
#5794 = CARTESIAN_POINT ( 'NONE',  ( 0.3358424420112999800, -0.1233743996505000000, -0.1436711636265000100 ) ) ;
#5795 = CARTESIAN_POINT ( 'NONE',  ( 0.1762253981489000100, -0.1826982896668999700, -0.05846116464649000300 ) ) ;
#5796 = CARTESIAN_POINT ( 'NONE',  ( 0.09999999999999992200, 0.1444085318846318500, -0.1075166661372863500 ) ) ;
#5797 = ORIENTED_EDGE ( 'NONE', *, *, #4207, .F. ) ;
#5798 = EDGE_LOOP ( 'NONE', ( #1929, #1743, #1855 ) ) ;
#5799 = CARTESIAN_POINT ( 'NONE',  ( 0.3749999999999968400, 1.237856014599161000E-016, 6.200868094368866900E-014 ) ) ;
#5800 = VECTOR ( 'NONE', #3002, 39.37007874015748100 ) ;
#5801 = ADVANCED_FACE ( 'NONE', ( #83, #88 ), #3742, .T. ) ;
#5802 = VERTEX_POINT ( 'NONE', #3795 ) ;
#5803 = ORIENTED_EDGE ( 'NONE', *, *, #4579, .F. ) ;
#5804 = VERTEX_POINT ( 'NONE', #3673 ) ;
#5805 = CARTESIAN_POINT ( 'NONE',  ( 0.2547737001297213400, -0.1593213392413733200, -0.05470422440788765700 ) ) ;
#5806 = CARTESIAN_POINT ( 'NONE',  ( 0.1744712075952999900, -0.1916464185670999900, 0.008247862962853999600 ) ) ;
#5807 = CARTESIAN_POINT ( 'NONE',  ( -0.6028893790392999600, 0.02286696056731000000, 0.06848175441409000400 ) ) ;
#5808 = ORIENTED_EDGE ( 'NONE', *, *, #4299, .F. ) ;
#5809 = CARTESIAN_POINT ( 'NONE',  ( 0.7031250000000230900, -0.2165063509434593500, 0.1250000000046166100 ) ) ;
#5810 = ADVANCED_FACE ( 'NONE', ( #73 ), #224, .F. ) ;
#5811 = ORIENTED_EDGE ( 'NONE', *, *, #1958, .T. ) ;
#5812 = CARTESIAN_POINT ( 'NONE',  ( 0.3181113573061999900, -0.1544771846196000000, 0.08972632733860998200 ) ) ;
#5813 = CARTESIAN_POINT ( 'NONE',  ( 0.1871293931712804700, 0.1442424771499577800, -0.1216064885942117300 ) ) ;
#5814 = LINE ( 'NONE', #4053, #6461 ) ;
#5815 = CARTESIAN_POINT ( 'NONE',  ( 0.3202192043751999600, -0.09248776573385000800, -0.1399032702035999900 ) ) ;
#5816 = CARTESIAN_POINT ( 'NONE',  ( 0.1090767382874000000, -0.1750174081401000000, -0.06157693189460000000 ) ) ;
#5817 = CARTESIAN_POINT ( 'NONE',  ( 0.1727170170417000100, -0.1770001015916000100, 0.07394149845264999500 ) ) ;
#5818 = CARTESIAN_POINT ( 'NONE',  ( 0.2607342443727127500, 0.007293650756270195400, 0.1884268273730253800 ) ) ;
#5819 = VERTEX_POINT ( 'NONE', #3618 ) ;
#5820 = FACE_OUTER_BOUND ( 'NONE', #4189, .T. ) ;
#5821 = CARTESIAN_POINT ( 'NONE',  ( 0.1709628264880999600, -0.1405624770229000100, 0.1305318940454000000 ) ) ;
#5822 = CARTESIAN_POINT ( 'NONE',  ( 0.3195921535510999900, -0.1101258367677000200, -0.1282430322544000100 ) ) ;
#5823 = ORIENTED_EDGE ( 'NONE', *, *, #5190, .T. ) ;
#5824 = CARTESIAN_POINT ( 'NONE',  ( 0.2533186517775143900, 0.1873709773189153900, 0.007435393547568461300 ) ) ;
#5825 = ORIENTED_EDGE ( 'NONE', *, *, #4345, .F. ) ;
#5826 = VECTOR ( 'NONE', #4592, 39.37007874015748900 ) ;
#5827 = CARTESIAN_POINT ( 'NONE',  ( -0.7339999999999999900, -0.3075000000000000000, 0.1306808075913018800 ) ) ;
#5828 = FACE_OUTER_BOUND ( 'NONE', #5940, .T. ) ;
#5829 = CARTESIAN_POINT ( 'NONE',  ( 0.1882338733126545900, 0.1674338330486523100, -0.08693094601451686900 ) ) ;
#5830 = CARTESIAN_POINT ( 'NONE',  ( 0.3183380519028999900, -0.1409319605665000100, -0.09817625722841999400 ) ) ;
#5831 = CARTESIAN_POINT ( 'NONE',  ( 0.1692086359345000000, -0.08681951846021999900, 0.1710519238884999900 ) ) ;
#5832 = CARTESIAN_POINT ( 'NONE',  ( 0.3164568994306000100, -0.1672255160364000100, -0.03919489578121000000 ) ) ;
#5833 = EDGE_LOOP ( 'NONE', ( #6420, #900, #724, #6129 ) ) ;
#5834 = EDGE_CURVE ( 'NONE', #6307, #4360, #214, .T. ) ;
#5835 = CARTESIAN_POINT ( 'NONE',  ( 0.2617910141377269300, -0.03252831932752452800, 0.1857308802030083200 ) ) ;
#5836 = FACE_OUTER_BOUND ( 'NONE', #5290, .T. ) ;
#5837 = EDGE_CURVE ( 'NONE', #412, #1936, #102, .T. ) ;
#5838 = CARTESIAN_POINT ( 'NONE',  ( 0.09071860275818999200, -0.06627687428063999700, 0.1584560954211000300 ) ) ;
#5839 = FACE_BOUND ( 'NONE', #4862, .T. ) ;
#5840 = CARTESIAN_POINT ( 'NONE',  ( 0.7211595114417496100, 0.1443375672974235000, -0.2500000000000047200 ) ) ;
#5841 = CARTESIAN_POINT ( 'NONE',  ( 0.1887659662483422700, 0.1756774701299103600, -0.06834408813766682000 ) ) ;
#5842 = CARTESIAN_POINT ( 'NONE',  ( 0.3145757469583999600, -0.1698797268243000000, 0.02532581529932000100 ) ) ;
#5843 = ORIENTED_EDGE ( 'NONE', *, *, #4105, .F. ) ;
#5844 = CARTESIAN_POINT ( 'NONE',  ( 0.1335317204269000100, -0.09586267385921998200, 0.1588493241321999900 ) ) ;
#5845 = CARTESIAN_POINT ( 'NONE',  ( 0.1000000000000000500, 0.1583199513252370200, 0.1004020112015551500 ) ) ;
#5846 = CARTESIAN_POINT ( 'NONE',  ( 0.1674544453809000100, -0.02238775463742000100, 0.1905129445044999900 ) ) ;
#5847 = ORIENTED_EDGE ( 'NONE', *, *, #1679, .T. ) ;
#5848 = DIRECTION ( 'NONE',  ( 0.0000000000000000000, 1.000000000000000000, 0.0000000000000000000 ) ) ;
#5849 = ADVANCED_FACE ( 'NONE', ( #231 ), #3533, .T. ) ;
#5850 = CARTESIAN_POINT ( 'NONE',  ( 0.2638388211745419900, -0.1041568433734650400, 0.1570323072719893300 ) ) ;
#5851 = CARTESIAN_POINT ( 'NONE',  ( 0.7968749999999452700, -0.2165063509407882700, 0.1250000000091932000 ) ) ;
#5852 = CARTESIAN_POINT ( 'NONE',  ( 0.1897898578497231000, 0.1858997204467021700, -0.03113828101359692900 ) ) ;
#5853 = VERTEX_POINT ( 'NONE', #3542 ) ;
#5854 = CARTESIAN_POINT ( 'NONE',  ( 0.3126945944860999900, -0.1485212899594000000, 0.08626691321740999300 ) ) ;
#5855 = CARTESIAN_POINT ( 'NONE',  ( 0.01562000000000000000, 0.3075000000000000000, 0.2553199999999999900 ) ) ;
#5856 = VECTOR ( 'NONE', #5548, 39.37007874015748900 ) ;
#5857 = CARTESIAN_POINT ( 'NONE',  ( 0.2166552872024098700, 0.09347757578116593100, -0.1625357845263012100 ) ) ;
#5858 = CARTESIAN_POINT ( 'NONE',  ( 0.1151735848976999800, 0.1416771370272000000, 0.09710048172726999700 ) ) ;
#5859 = VERTEX_POINT ( 'NONE', #3485 ) ;
#5860 = CARTESIAN_POINT ( 'NONE',  ( 0.7788404885582130800, -0.1443375672974409900, 0.2500000000000122700 ) ) ;
#5861 = CARTESIAN_POINT ( 'NONE',  ( 0.1553293355648000000, -0.04906075005484000100, -0.1783321362952000100 ) ) ;
#5862 = VECTOR ( 'NONE', #4404, 39.37007874015748900 ) ;
#5863 = CARTESIAN_POINT ( 'NONE',  ( 0.1579867025663999900, 0.1360555589611000000, 0.1261411498944000100 ) ) ;
#5864 = CARTESIAN_POINT ( 'NONE',  ( 0.2623111824585813700, -0.05187632545182939400, 0.1812260515176550600 ) ) ;
#5865 = ORIENTED_EDGE ( 'NONE', *, *, #2004, .F. ) ;
#5866 = ORIENTED_EDGE ( 'NONE', *, *, #1852, .T. ) ;
#5867 = CARTESIAN_POINT ( 'NONE',  ( 0.1902816565154157900, 0.1879322375067115400, -0.01253485518500383300 ) ) ;
#5868 = CIRCLE ( 'NONE', #2599, 0.004999999999953607500 ) ;
#5869 = CARTESIAN_POINT ( 'NONE',  ( 0.3108134420138000100, -0.1061687781941999900, 0.1350138422380000000 ) ) ;
#5870 = ORIENTED_EDGE ( 'NONE', *, *, #1811, .F. ) ;
#5871 = VERTEX_POINT ( 'NONE', #3487 ) ;
#5872 = CARTESIAN_POINT ( 'NONE',  ( 0.1909891338114581000, 0.1871869517702050800, 0.01404310567070995300 ) ) ;
#5873 = CIRCLE ( 'NONE', #2011, 0.2500000000000079900 ) ;
#5874 = CARTESIAN_POINT ( 'NONE',  ( 0.1570835261184000100, 0.01556187408889999800, -0.1843017428175000000 ) ) ;
#5875 = CARTESIAN_POINT ( 'NONE',  ( 0.1657002548273000000, 0.04480031640772000300, 0.1865189785213999800 ) ) ;
#5876 = CARTESIAN_POINT ( 'NONE',  ( 0.3089322895416000700, -0.04880898596352999800, 0.1646761514912999900 ) ) ;
#5877 = ORIENTED_EDGE ( 'NONE', *, *, #2224, .F. ) ;
#5878 = EDGE_LOOP ( 'NONE', ( #704, #741 ) ) ;
#5879 = CARTESIAN_POINT ( 'NONE',  ( 0.2228006160589378100, 0.1842208882905506100, 0.03489717481249246500 ) ) ;
#5880 = ADVANCED_FACE ( 'NONE', ( #124 ), #456, .F. ) ;
#5881 = CARTESIAN_POINT ( 'NONE',  ( 0.1396285670372000000, 0.1238651488140999900, -0.1189886259802000100 ) ) ;
#5882 = CONICAL_SURFACE ( 'NONE', #2526, 0.3057185771706840700, 0.08726646259979141400 ) ;
#5883 = CARTESIAN_POINT ( 'NONE',  ( -0.8940176194235500700, -0.1279863273947499900, 0.2481944801964499900 ) ) ;
#5884 = CARTESIAN_POINT ( 'NONE',  ( 0.7899107369740286900, -0.1680777916369651000, 0.2088807252608725600 ) ) ;
#5885 = EDGE_CURVE ( 'NONE', #4526, #2436, #184, .T. ) ;
#5886 = CARTESIAN_POINT ( 'NONE',  ( 0.1588377166720000000, 0.07826853933838000300, -0.1675808353110999900 ) ) ;
#5887 = CARTESIAN_POINT ( 'NONE',  ( 0.1639460642737000100, 0.1064728325649000100, 0.1595617050827999900 ) ) ;
#5888 = EDGE_CURVE ( 'NONE', #4288, #4375, #2727, .T. ) ;
#5889 = ORIENTED_EDGE ( 'NONE', *, *, #5372, .F. ) ;
#5890 = ORIENTED_EDGE ( 'NONE', *, *, #5305, .T. ) ;
#5891 = CARTESIAN_POINT ( 'NONE',  ( 0.1824416847060000000, 0.1511522322108999900, -0.1075901956943000100 ) ) ;
#5892 = CARTESIAN_POINT ( 'NONE',  ( -0.8979999999999999100, 0.2444999999999999400, 0.06100000000000999100 ) ) ;
#5893 = ADVANCED_FACE ( 'NONE', ( #61 ), #3345, .T. ) ;
#5894 = LINE ( 'NONE', #5015, #5856 ) ;
#5895 = VERTEX_POINT ( 'NONE', #3284 ) ;
#5896 = CARTESIAN_POINT ( 'NONE',  ( 0.1912199227930562200, 0.1863134203573210700, 0.02268775158381196300 ) ) ;
#5897 = ORIENTED_EDGE ( 'NONE', *, *, #4143, .T. ) ;
#5898 = EDGE_LOOP ( 'NONE', ( #5421, #6036, #3264, #715 ) ) ;
#5899 = CARTESIAN_POINT ( 'NONE',  ( 0.3070511370692999800, 0.01545013331451999800, 0.1710609467975000000 ) ) ;
#5900 = CARTESIAN_POINT ( 'NONE',  ( 0.2657910151420191900, -0.1553341176989487000, 0.1050103561595845100 ) ) ;
#5901 = CARTESIAN_POINT ( 'NONE',  ( 0.3051699845970000100, 0.07752533402679000200, 0.1532657152465999900 ) ) ;
#5902 = CARTESIAN_POINT ( 'NONE',  ( 0.1621918737200999900, 0.1550369583369000100, 0.1129599373402000000 ) ) ;
#5903 = VERTEX_POINT ( 'NONE', #3461 ) ;
#5904 = CARTESIAN_POINT ( 'NONE',  ( 0.1605919072255999900, 0.1313390583319999900, -0.1302280639399000000 ) ) ;
#5905 = CARTESIAN_POINT ( 'NONE',  ( 0.2592502737261101500, 0.06227274839162740000, 0.1768819849144871200 ) ) ;
#5906 = CARTESIAN_POINT ( 'NONE',  ( 0.1915585510898291100, 0.1842074918656956800, 0.03522038918131593900 ) ) ;
#5907 = ORIENTED_EDGE ( 'NONE', *, *, #6135, .F. ) ;
#5908 = DIRECTION ( 'NONE',  ( -0.0000000000000000000, -0.0000000000000000000, 1.000000000000000000 ) ) ;
#5909 = ADVANCED_FACE ( 'NONE', ( #212 ), #410, .T. ) ;
#5910 = CARTESIAN_POINT ( 'NONE',  ( 0.3032888321246999800, 0.1286420824894000100, 0.1138058619174000000 ) ) ;
#5911 = CIRCLE ( 'NONE', #2287, 0.2499999999997205600 ) ;
#5912 = CARTESIAN_POINT ( 'NONE',  ( 0.2068966668455000100, -0.07464246920662000200, -0.1698560899234000100 ) ) ;
#5913 = CARTESIAN_POINT ( 'NONE',  ( 0.1604376831665000100, 0.1845136817962000100, 0.05245103622543000100 ) ) ;
#5914 = CARTESIAN_POINT ( 'NONE',  ( 0.1623460977792000000, 0.1682396275547000100, -0.07684218147280999500 ) ) ;
#5915 = CARTESIAN_POINT ( 'NONE',  ( 0.2501279458258238700, 0.1555775526607189900, -0.1064380352967866100 ) ) ;
#5916 = EDGE_LOOP ( 'NONE', ( #4269, #6263, #199, #6446, #5928, #4321 ) ) ;
#5917 = DIRECTION ( 'NONE',  ( -5.918869505956197600E-017, 0.0000000000000000000, 1.000000000000000000 ) ) ;
#5918 = ADVANCED_FACE ( 'NONE', ( #240 ), #361, .T. ) ;
#5919 = CARTESIAN_POINT ( 'NONE',  ( 0.3014076796524999800, 0.1615748507987999900, 0.05825916171224000000 ) ) ;
#5920 = DIRECTION ( 'NONE',  ( -0.0000000000000000000, 0.0000000000000000000, -1.000000000000000000 ) ) ;
#5921 =( BOUNDED_CURVE ( )  B_SPLINE_CURVE ( 3, ( #810, #1279, #3190, #2643 ),
 .UNSPECIFIED., .F., .F. ) 
 B_SPLINE_CURVE_WITH_KNOTS ( ( 4, 4 ),
 ( 1.738899972861426700, 1.742787682401970800 ),
 .UNSPECIFIED. ) 
 CURVE ( )  GEOMETRIC_REPRESENTATION_ITEM ( )  RATIONAL_B_SPLINE_CURVE ( ( 1.000000000000000000, 0.9999987404766073100, 0.9999987404766073100, 1.000000000000000000 ) ) 
 REPRESENTATION_ITEM ( '' )  );
#5922 = ORIENTED_EDGE ( 'NONE', *, *, #345, .T. ) ;
#5923 = CARTESIAN_POINT ( 'NONE',  ( 0.1916701679928160300, 0.1833727944546597300, 0.03932589475458860700 ) ) ;
#5924 = CARTESIAN_POINT ( 'NONE',  ( 0.1641002883327999900, 0.1844272361034000100, -0.01399585488751000000 ) ) ;
#5925 = CARTESIAN_POINT ( 'NONE',  ( 0.1586834926128999900, 0.1912739294446999800, -0.01451543826624000100 ) ) ;
#5926 = CARTESIAN_POINT ( 'NONE',  ( 0.2995265271802000100, 0.1716684745086999600, -0.005522678233197000400 ) ) ;
#5927 = CARTESIAN_POINT ( 'NONE',  ( 0.2479489069255768900, 0.09559880127994305200, -0.1627656119525736100 ) ) ;
#5928 = ORIENTED_EDGE ( 'NONE', *, *, #6478, .T. ) ;
#5929 = DIRECTION ( 'NONE',  ( 1.000000000000000000, 5.558188429870848700E-017, 5.918869505956197600E-017 ) ) ;
#5930 = CARTESIAN_POINT ( 'NONE',  ( 0.1918357045533904100, 0.1819384012424261100, 0.04536502965405394400 ) ) ;
#5931 = CARTESIAN_POINT ( 'NONE',  ( 0.2976453747078999800, 0.1574961765564000200, -0.06852388121366999300 ) ) ;
#5932 = CARTESIAN_POINT ( 'NONE',  ( 0.2313516489849999900, -0.1814760683895999800, 0.03858715810756999100 ) ) ;
#5933 = CARTESIAN_POINT ( 'NONE',  ( 0.1569293020593000000, 0.1744853706567999800, -0.07969487754600000600 ) ) ;
#5934 = CARTESIAN_POINT ( 'NONE',  ( 0.1658544788864000100, 0.1779089730404999900, 0.05057353958219999700 ) ) ;
#5935 = ORIENTED_EDGE ( 'NONE', *, *, #5738, .T. ) ;
#5936 = CARTESIAN_POINT ( 'NONE',  ( -0.6034925973056000100, 0.01896540633267000000, -0.02391161799558000000 ) ) ;
#5937 = FACE_OUTER_BOUND ( 'NONE', #6503, .T. ) ;
#5938 = CARTESIAN_POINT ( 'NONE',  ( 1.707404996040164500E-017, 3.681415267913933400E-014, -3.018623448037659300E-018 ) ) ;
#5939 = CARTESIAN_POINT ( 'NONE',  ( 0.2957642222356999800, 0.1210612499040000000, -0.1218390107633000000 ) ) ;
#5940 = EDGE_LOOP ( 'NONE', ( #2922, #4282, #1041, #1176 ) ) ;
#5941 = DIRECTION ( 'NONE',  ( 1.000000000000000000, -9.341392738283457200E-015, 2.805651445712314900E-014 ) ) ;
#5942 = ADVANCED_FACE ( 'NONE', ( #453 ), #3193, .T. ) ;
#5943 = VECTOR ( 'NONE', #959, 39.37007874015748100 ) ;
#5944 = CARTESIAN_POINT ( 'NONE',  ( 0.3078127296317212900, 4.062929549639075200E-008, 0.1680977908734097000 ) ) ;
#5945 = VERTEX_POINT ( 'NONE', #3169 ) ;
#5946 = CARTESIAN_POINT ( 'NONE',  ( 0.1551751115056999900, 0.1362149013752000100, -0.1350626623271999900 ) ) ;
#5947 = CARTESIAN_POINT ( 'NONE',  ( 0.1676086694401000000, 0.1494873755297999900, 0.1089165109670000000 ) ) ;
#5948 = CARTESIAN_POINT ( 'NONE',  ( -0.7810000000000001400, -0.1880904037956571100, 0.1880904037955428400 ) ) ;
#5949 = ADVANCED_FACE ( 'NONE', ( #431, #377 ), #3110, .T. ) ;
#5950 = CARTESIAN_POINT ( 'NONE',  ( 0.1919180006352011200, 0.1811756074682512300, 0.04835484597620726100 ) ) ;
#5951 = ORIENTED_EDGE ( 'NONE', *, *, #4319, .T. ) ;
#5952 = EDGE_LOOP ( 'NONE', ( #121, #4636, #3178, #479 ) ) ;
#5953 = CARTESIAN_POINT ( 'NONE',  ( 0.2938830697634000100, 0.06751388803100999400, -0.1579317845555000000 ) ) ;
#5954 = CARTESIAN_POINT ( 'NONE',  ( 0.1534209209521000000, 0.08117418764957000400, -0.1738021213504999900 ) ) ;
#5955 = CARTESIAN_POINT ( 'NONE',  ( 0.2558066311244999700, 0.0009273810230389999800, 0.1855306360335000100 ) ) ;
#5956 = CARTESIAN_POINT ( 'NONE',  ( 0.1693628599936999900, 0.1026616135667999800, 0.1538501579478999700 ) ) ;
#5957 = CARTESIAN_POINT ( 'NONE',  ( 0.2526016230572197800, 0.1866882918002948100, -0.01945231426898489900 ) ) ;
#5958 = ORIENTED_EDGE ( 'NONE', *, *, #2780, .T. ) ;
#5959 = ORIENTED_EDGE ( 'NONE', *, *, #4737, .T. ) ;
#5960 = CARTESIAN_POINT ( 'NONE',  ( 0.1920131863833130800, 0.1802094387018662900, 0.05178878614652165900 ) ) ;
#5961 = CARTESIAN_POINT ( 'NONE',  ( 0.2920019172910999800, 0.004423190108880000100, -0.1717003551223000000 ) ) ;
#5962 = CARTESIAN_POINT ( 'NONE',  ( -0.5981479886612365300, 0.09855775558019547200, 0.07930103425097473300 ) ) ;
#5963 = CARTESIAN_POINT ( 'NONE',  ( 0.1516667303985000100, 0.01613959450566000000, -0.1911437773348000100 ) ) ;
#5964 = ORIENTED_EDGE ( 'NONE', *, *, #4244, .F. ) ;
#5965 = VERTEX_POINT ( 'NONE', #3086 ) ;
#5966 = CARTESIAN_POINT ( 'NONE',  ( -0.7340000000000001000, 0.05800000000000209200, 0.2525500000000125400 ) ) ;
#5967 = CARTESIAN_POINT ( 'NONE',  ( 0.1499125398448999900, -0.05088208576325999700, -0.1849525546016999900 ) ) ;
#5968 = CARTESIAN_POINT ( 'NONE',  ( 0.1711170505473000000, 0.04319667900179000000, 0.1798424897181999900 ) ) ;
#5969 = EDGE_LOOP ( 'NONE', ( #2020, #856, #2179, #2359 ) ) ;
#5970 = CARTESIAN_POINT ( 'NONE',  ( 0.2473623199802011100, 0.07529038472155169500, -0.1717164156419977700 ) ) ;
#5971 = ORIENTED_EDGE ( 'NONE', *, *, #6083, .F. ) ;
#5972 = VERTEX_POINT ( 'NONE', #3134 ) ;
#5973 = CARTESIAN_POINT ( 'NONE',  ( 0.2479893869604576600, -0.08724243225373350100, 0.1454520313184360400 ) ) ;
#5974 = CARTESIAN_POINT ( 'NONE',  ( 0.1920538032009323200, 0.1797794024463256500, 0.05324865736782400500 ) ) ;
#5975 = CARTESIAN_POINT ( 'NONE',  ( 0.2901207648188999800, -0.05929275532597999600, -0.1611984760072000000 ) ) ;
#5976 = EDGE_CURVE ( 'NONE', #5819, #1395, #346, .T. ) ;
#5977 = EDGE_LOOP ( 'NONE', ( #1085, #6030 ) ) ;
#5978 = CARTESIAN_POINT ( 'NONE',  ( 0.2802616132640000100, 0.1818531032757000100, 0.03676783984439999800 ) ) ;
#5979 = CARTESIAN_POINT ( 'NONE',  ( 0.1481583492913000100, -0.1116393950879000000, -0.1559906520675000100 ) ) ;
#5980 = CARTESIAN_POINT ( 'NONE',  ( 0.1728712411008999600, -0.02158637992289999500, 0.1836934907903000100 ) ) ;
#5981 = ORIENTED_EDGE ( 'NONE', *, *, #1090, .T. ) ;
#5982 = ORIENTED_EDGE ( 'NONE', *, *, #2376, .T. ) ;
#5983 = CARTESIAN_POINT ( 'NONE',  ( -0.6186326980890999300, 0.01242991354593000000, -0.02224646207903999800 ) ) ;
#5984 = ORIENTED_EDGE ( 'NONE', *, *, #1490, .F. ) ;
#5985 = CONICAL_SURFACE ( 'NONE', #2058, 0.1874616920256570700, 0.08726646259979303800 ) ;
#5986 = CARTESIAN_POINT ( 'NONE',  ( -1.237856014599481000E-016, -5.645250190430559300E-014, -0.1272500000000275100 ) ) ;
#5987 = CARTESIAN_POINT ( 'NONE',  ( 0.2882396123466000000, -0.1146274722983999900, -0.1279106135859000000 ) ) ;
#5988 = CARTESIAN_POINT ( 'NONE',  ( 0.1220182906674370200, -0.05770923161084788600, 0.1614811350156710200 ) ) ;
#5989 = VERTEX_POINT ( 'NONE', #3189 ) ;
#5990 = CARTESIAN_POINT ( 'NONE',  ( 0.1920808417294721200, 0.1794892054229178800, 0.05421925616362073500 ) ) ;
#5991 = LINE ( 'NONE', #469, #6218 ) ;
#5992 = CARTESIAN_POINT ( 'NONE',  ( 0.1464041587376999900, -0.1586520984987999900, -0.1078237156389000000 ) ) ;
#5993 = ORIENTED_EDGE ( 'NONE', *, *, #4486, .F. ) ;
#5994 = CARTESIAN_POINT ( 'NONE',  ( 0.1446499681841000000, -0.1861321279238999900, -0.04638185951340000100 ) ) ;
#5995 = CARTESIAN_POINT ( 'NONE',  ( 0.1746254316545000100, -0.08371179426246000400, 0.1649290817859999900 ) ) ;
#5996 = EDGE_LOOP ( 'NONE', ( #1407, #5310, #4292, #269 ) ) ;
#5997 = CARTESIAN_POINT ( 'NONE',  ( 0.7968749999999452700, -0.2165063509407882700, 0.1250000000091932000 ) ) ;
#5998 = CARTESIAN_POINT ( 'NONE',  ( 0.7788404885582452800, -0.1443375672974198100, -0.2500000000000103800 ) ) ;
#5999 = CARTESIAN_POINT ( 'NONE',  ( 0.2863584598742999800, -0.1537591947534000000, -0.07654211588946000000 ) ) ;
#6000 = VERTEX_POINT ( 'NONE', #3078 ) ;
#6001 = CARTESIAN_POINT ( 'NONE',  ( 0.3047165954034999900, 0.07292867543719999700, -0.1705983197378999900 ) ) ;
#6002 = CARTESIAN_POINT ( 'NONE',  ( 0.1428957776304999900, -0.1906961968338999900, 0.02077042021722000000 ) ) ;
#6003 = FACE_OUTER_BOUND ( 'NONE', #1497, .T. ) ;
#6004 = CARTESIAN_POINT ( 'NONE',  ( 0.2844773074020000000, -0.1711565025848999800, -0.01435409806935000100 ) ) ;
#6005 = CARTESIAN_POINT ( 'NONE',  ( 0.2472984196564910500, 0.07307119721322236100, -0.1726755669556234700 ) ) ;
#6006 = ORIENTED_EDGE ( 'NONE', *, *, #800, .F. ) ;
#6007 = CARTESIAN_POINT ( 'NONE',  ( 0.1920965610794413100, 0.1793178862383261500, 0.05478270826315329000 ) ) ;
#6008 = CARTESIAN_POINT ( 'NONE',  ( 0.1763796222081000000, -0.1355310115311000000, 0.1258594755282000100 ) ) ;
#6009 = DIRECTION ( 'NONE',  ( 0.9205048534524606900, -0.3907311284892255900, -2.610711003118954100E-015 ) ) ;
#6010 = CARTESIAN_POINT ( 'NONE',  ( -1.044524830354393700, 0.2604999999999999000, 0.06100000000009990500 ) ) ;
#6011 = EDGE_LOOP ( 'NONE', ( #3967, #6490, #5461, #5298 ) ) ;
#6012 = CARTESIAN_POINT ( 'NONE',  ( 0.1411415870769000000, -0.1717823496131999900, 0.08536555563929000600 ) ) ;
#6013 = CARTESIAN_POINT ( 'NONE',  ( 0.2825961549298000000, -0.1643602104923999900, 0.04986293991575999800 ) ) ;
#6014 = FACE_OUTER_BOUND ( 'NONE', #2690, .T. ) ;
#6015 = CARTESIAN_POINT ( 'NONE',  ( 0.2530633506802049100, 0.1875323830537442600, -0.002139912571355998400 ) ) ;
#6016 = ORIENTED_EDGE ( 'NONE', *, *, #386, .F. ) ;
#6017 = CARTESIAN_POINT ( 'NONE',  ( 0.1924681461535573400, 0.1752220419663903500, 0.06808707119092541300 ) ) ;
#6018 = CARTESIAN_POINT ( 'NONE',  ( 0.2466592820441939900, -0.04584423320845565400, 0.1632964782679872400 ) ) ;
#6019 = CARTESIAN_POINT ( 'NONE',  ( 0.1781338127617000100, -0.1706643431299000000, 0.07129474587862000300 ) ) ;
#6020 = CARTESIAN_POINT ( 'NONE',  ( 0.3291715775431000000, -0.1522350661565000100, -0.1060502454808000000 ) ) ;
#6021 = CARTESIAN_POINT ( 'NONE',  ( 0.1393873965232000100, -0.1317191594988000000, 0.1394507820479999900 ) ) ;
#6022 = CARTESIAN_POINT ( 'NONE',  ( 0.2807150024574999700, -0.1343309863333999900, 0.1070316811566000000 ) ) ;
#6023 = DIRECTION ( 'NONE',  ( 0.0000000000000000000, -0.7071067811865474600, -0.7071067811865474600 ) ) ;
#6024 = ORIENTED_EDGE ( 'NONE', *, *, #218, .F. ) ;
#6025 = EDGE_CURVE ( 'NONE', #2721, #3889, #371, .T. ) ;
#6026 = CARTESIAN_POINT ( 'NONE',  ( 0.7031250000000230900, 0.2165063509434593800, -0.1250000000046165800 ) ) ;
#6027 = CARTESIAN_POINT ( 'NONE',  ( 0.2788338499852000000, -0.08531356111031998500, 0.1490711040736000000 ) ) ;
#6028 = CARTESIAN_POINT ( 'NONE',  ( 0.2244738600488204700, -0.1468834556737389200, -0.08465732589106361700 ) ) ;
#6029 = ORIENTED_EDGE ( 'NONE', *, *, #2651, .F. ) ;
#6030 = ORIENTED_EDGE ( 'NONE', *, *, #2135, .T. ) ;
#6031 = CARTESIAN_POINT ( 'NONE',  ( -0.7340000000000001000, -0.2389999999999999900, -0.1910000000000000600 ) ) ;
#6032 = FACE_BOUND ( 'NONE', #4577, .T. ) ;
#6033 = CARTESIAN_POINT ( 'NONE',  ( 0.1376332059695999900, -0.07543905340103000700, 0.1763672607320999900 ) ) ;
#6034 = CARTESIAN_POINT ( 'NONE',  ( 0.1798880033152999700, -0.1847863918938000000, 0.007952628852321000000 ) ) ;
#6035 = ORIENTED_EDGE ( 'NONE', *, *, #1800, .F. ) ;
#6036 = ORIENTED_EDGE ( 'NONE', *, *, #2094, .F. ) ;
#6037 = CARTESIAN_POINT ( 'NONE',  ( 0.2279301169557481100, 0.06470602556848194200, 0.1762417211675814400 ) ) ;
#6038 = CARTESIAN_POINT ( 'NONE',  ( 0.1928662674977639500, 0.1694100382396793200, 0.08197690539852832400 ) ) ;
#6039 = CARTESIAN_POINT ( 'NONE',  ( 0.7968749999989376300, -0.1920745307629811400, 0.1673171538786359900 ) ) ;
#6040 = CARTESIAN_POINT ( 'NONE',  ( 0.2769526975130000000, -0.02423672415556999900, 0.1700387665428000100 ) ) ;
#6041 = CARTESIAN_POINT ( 'NONE',  ( 0.1358790154160000000, -0.009871055936392000500, 0.1915699024178000000 ) ) ;
#6042 = VERTEX_POINT ( 'NONE', #3019 ) ;
#6043 = ORIENTED_EDGE ( 'NONE', *, *, #1517, .F. ) ;
#6044 = CARTESIAN_POINT ( 'NONE',  ( 0.1017788229950999800, -0.1785037350196000100, 0.007131450645775999600 ) ) ;
#6045 = CARTESIAN_POINT ( 'NONE',  ( 0.1816421938688999900, -0.1761585632809999900, -0.05636853410415000600 ) ) ;
#6046 = CARTESIAN_POINT ( 'NONE',  ( 0.2470812497702803400, 0.06545311055067114200, -0.1757518152547282700 ) ) ;
#6047 = CARTESIAN_POINT ( 'NONE',  ( -1.039524830354386000, 0.05799999999991015800, 0.2446000000000000100 ) ) ;
#6048 = CARTESIAN_POINT ( 'NONE',  ( 0.1937381030338825300, 0.1526103900087537600, 0.1101378733250522600 ) ) ;
#6049 = ORIENTED_EDGE ( 'NONE', *, *, #1766, .F. ) ;
#6050 = ORIENTED_EDGE ( 'NONE', *, *, #1945, .F. ) ;
#6051 = CARTESIAN_POINT ( 'NONE',  ( 0.2750715450407000300, 0.04026608441540999900, 0.1669707954831000100 ) ) ;
#6052 = DIRECTION ( 'NONE',  ( 0.0000000000000000000, 0.0000000000000000000, -1.000000000000000000 ) ) ;
#6053 = CARTESIAN_POINT ( 'NONE',  ( 0.1341248248623999900, 0.05691228569483999800, 0.1831869558504999900 ) ) ;
#6054 = CARTESIAN_POINT ( 'NONE',  ( 0.0000000000000000000, 0.2454999999999766300, 0.3075000000000109300 ) ) ;
#6055 = EDGE_LOOP ( 'NONE', ( #2367, #3921, #5403, #509 ) ) ;
#6056 = ORIENTED_EDGE ( 'NONE', *, *, #2277, .F. ) ;
#6057 = ORIENTED_EDGE ( 'NONE', *, *, #265, .T. ) ;
#6058 = CARTESIAN_POINT ( 'NONE',  ( 0.1323706343088000000, 0.1166887691464000000, 0.1522504646562000100 ) ) ;
#6059 = CARTESIAN_POINT ( 'NONE',  ( 0.2731903925684000000, 0.09907714173954000600, 0.1403008456242000000 ) ) ;
#6060 = CARTESIAN_POINT ( 'NONE',  ( 0.2534169638398825500, 0.1871736880348276500, 0.01111636343119310600 ) ) ;
#6061 = ORIENTED_EDGE ( 'NONE', *, *, #3337, .T. ) ;
#6062 = CARTESIAN_POINT ( 'NONE',  ( 0.1942118172257954500, 0.1415922670523161200, 0.1244046437939746700 ) ) ;
#6063 = VERTEX_POINT ( 'NONE', #3003 ) ;
#6064 = CARTESIAN_POINT ( 'NONE',  ( 0.1833963844225000000, -0.1458431019392000000, -0.1137498869516000000 ) ) ;
#6065 = CARTESIAN_POINT ( 'NONE',  ( 0.1306164437552000100, 0.1620988350111000100, 0.1025692169884000100 ) ) ;
#6066 = CONICAL_SURFACE ( 'NONE', #2518, 0.1878043917781492500, 0.7649928327132612400 ) ;
#6067 = CARTESIAN_POINT ( 'NONE',  ( 0.1262338051346000000, -0.02929755963459999800, 0.1762272578022000000 ) ) ;
#6068 = CARTESIAN_POINT ( 'NONE',  ( 0.2465472443522999900, -0.1297620569692000100, -0.1317987635712999900 ) ) ;
#6069 = ORIENTED_EDGE ( 'NONE', *, *, #2780, .F. ) ;
#6070 = CARTESIAN_POINT ( 'NONE',  ( 0.2459872484439806200, -0.02307167916315478600, 0.1680944379175790000 ) ) ;
#6071 = CARTESIAN_POINT ( 'NONE',  ( 0.1952348384573284200, 0.1132875161211664800, 0.1506239380548907700 ) ) ;
#6072 = CARTESIAN_POINT ( 'NONE',  ( 0.2713092400961000200, 0.1438832674997000100, 0.09379880520258999900 ) ) ;
#6073 = PLANE ( 'NONE',  #2538 ) ;
#6074 = CARTESIAN_POINT ( 'NONE',  ( 0.1288622532016000000, 0.1875516637794000000, 0.04025982771619000100 ) ) ;
#6075 = CARTESIAN_POINT ( 'NONE',  ( 0.2469587570209970100, 0.06108401974969136800, -0.1772976010166371600 ) ) ;
#6076 = EDGE_LOOP ( 'NONE', ( #4880, #3895, #1154, #5897 ) ) ;
#6077 = CARTESIAN_POINT ( 'NONE',  ( 0.2544443021414276600, -0.1625902615763686900, -0.04404879056522479500 ) ) ;
#6078 = CARTESIAN_POINT ( 'NONE',  ( 0.1271080626480000100, 0.1899135141640999900, -0.02700631696505000100 ) ) ;
#6079 = CARTESIAN_POINT ( 'NONE',  ( 0.1851505749760999900, -0.09757230450466998500, -0.1571269825981999900 ) ) ;
#6080 = CARTESIAN_POINT ( 'NONE',  ( 0.2307855903607662900, -0.04108884377479273000, 0.1837969428143123900 ) ) ;
#6081 = VERTEX_POINT ( 'NONE', #2978 ) ;
#6082 = CARTESIAN_POINT ( 'NONE',  ( -0.7339999999999999900, 0.1950000000000057800, -0.3025000000000187000 ) ) ;
#6083 = EDGE_CURVE ( 'NONE', #1936, #6370, #219, .T. ) ;
#6084 = FACE_OUTER_BOUND ( 'NONE', #5412, .T. ) ;
#6085 = CARTESIAN_POINT ( 'NONE',  ( 0.2694280876239000300, 0.1683509261486000100, 0.03403791180239999800 ) ) ;
#6086 = CARTESIAN_POINT ( 'NONE',  ( 0.1506887872741000100, 0.1665969154964999600, 0.06449659038279000100 ) ) ;
#6087 = CARTESIAN_POINT ( 'NONE',  ( 0.1253538720943999900, 0.1688935544060000100, -0.09094753969791998000 ) ) ;
#6088 = CARTESIAN_POINT ( 'NONE',  ( 0.2675469351516000000, 0.1690215004918000100, -0.03053439736523000000 ) ) ;
#6089 = ORIENTED_EDGE ( 'NONE', *, *, #5750, .F. ) ;
#6090 = CARTESIAN_POINT ( 'NONE',  ( 0.2467156050407755800, 0.05234238782830255600, -0.1801519269522108600 ) ) ;
#6091 = CARTESIAN_POINT ( 'NONE',  ( 0.1957841454969482000, 0.09599121995283423100, 0.1625809446157786300 ) ) ;
#6092 = CARTESIAN_POINT ( 'NONE',  ( 0.1869047655296999800, -0.03728901224957999900, -0.1811595123814999900 ) ) ;
#6093 = CARTESIAN_POINT ( 'NONE',  ( 0.2656657826793000200, 0.1458001855290000100, -0.09079056256569000000 ) ) ;
#6094 = EDGE_CURVE ( 'NONE', #1514, #1922, #319, .T. ) ;
#6095 = ORIENTED_EDGE ( 'NONE', *, *, #465, .T. ) ;
#6096 = CARTESIAN_POINT ( 'NONE',  ( 0.09568197638479999900, 0.1793578057255000000, -0.05597028527635999900 ) ) ;
#6097 = DIRECTION ( 'NONE',  ( 1.000000000000000000, 0.0000000000000000000, 0.0000000000000000000 ) ) ;
#6098 = CARTESIAN_POINT ( 'NONE',  ( -0.6030052102993649400, 0.02443606253704718200, -0.02469962017143317500 ) ) ;
#6099 = CARTESIAN_POINT ( 'NONE',  ( 0.1235996815407999900, 0.1270796816081999900, -0.1436914954771000000 ) ) ;
#6100 = EDGE_LOOP ( 'NONE', ( #356, #1627, #1792 ) ) ;
#6101 = CARTESIAN_POINT ( 'NONE',  ( 0.1886589560832999900, 0.02758504292942000000, -0.1828887663418999600 ) ) ;
#6102 = CARTESIAN_POINT ( 'NONE',  ( 0.2204043272769341500, 0.1805721994111440800, -0.05497932261807302000 ) ) ;
#6103 = CARTESIAN_POINT ( 'NONE',  ( 0.1966648006921515600, 0.06553977527112379900, 0.1760094087502574500 ) ) ;
#6104 = ORIENTED_EDGE ( 'NONE', *, *, #4849, .F. ) ;
#6105 = CARTESIAN_POINT ( 'NONE',  ( 0.2637846302071000200, 0.1019693945258000100, -0.1382131189701000000 ) ) ;
#6106 = CARTESIAN_POINT ( 'NONE',  ( 0.1218454909872000000, 0.06961991665408999400, -0.1787444046173000100 ) ) ;
#6107 = CARTESIAN_POINT ( 'NONE',  ( 0.2619034777347999900, 0.04372478123240999100, -0.1660986770835999900 ) ) ;
#6108 = ORIENTED_EDGE ( 'NONE', *, *, #3492, .F. ) ;
#6109 = ORIENTED_EDGE ( 'NONE', *, *, #907, .F. ) ;
#6110 = CARTESIAN_POINT ( 'NONE',  ( 0.2453094239879928300, -1.058706441877371700E-008, 0.1680983007247106900 ) ) ;
#6111 = CARTESIAN_POINT ( 'NONE',  ( 0.1904131466369000100, 0.08906296108106999400, -0.1621018830572000000 ) ) ;
#6112 = CARTESIAN_POINT ( 'NONE',  ( 0.1969678015298486100, 0.05465578435020808400, 0.1797369141827996600 ) ) ;
#6113 = CARTESIAN_POINT ( 'NONE',  ( 0.2600223252625000200, -0.02070053766843000000, -0.1705054783079000000 ) ) ;
#6114 = LINE ( 'NONE', #4172, #4965 ) ;
#6115 = CARTESIAN_POINT ( 'NONE',  ( 0.1201369585242999900, -0.01878497478096000100, -0.1915024279870999600 ) ) ;
#6116 = CARTESIAN_POINT ( 'NONE',  ( 0.1200913004335999900, 0.003588598433377999900, -0.1917905642575999900 ) ) ;
#6117 = CARTESIAN_POINT ( 'NONE',  ( 0.2534589534279425600, 0.1870696084681357000, 0.01268705176932610800 ) ) ;
#6118 = ORIENTED_EDGE ( 'NONE', *, *, #5004, .F. ) ;
#6119 = ORIENTED_EDGE ( 'NONE', *, *, #5328, .F. ) ;
#6120 = CARTESIAN_POINT ( 'NONE',  ( 0.1183371098800000000, -0.06288459148661000600, -0.1812237023767999900 ) ) ;
#6121 = CARTESIAN_POINT ( 'NONE',  ( 0.1921673371905000000, 0.1395759726902000000, -0.1213580464911999800 ) ) ;
#6122 = CARTESIAN_POINT ( 'NONE',  ( 0.2534869144526592500, 0.1869959121817020600, 0.01373261558354265700 ) ) ;
#6123 =( BOUNDED_CURVE ( )  B_SPLINE_CURVE ( 3, ( #2698, #2773, #2729, #2689 ),
 .UNSPECIFIED., .F., .F. ) 
 B_SPLINE_CURVE_WITH_KNOTS ( ( 4, 4 ),
 ( 2.465527622237468500, 3.449833938501604800 ),
 .UNSPECIFIED. ) 
 CURVE ( )  GEOMETRIC_REPRESENTATION_ITEM ( )  RATIONAL_B_SPLINE_CURVE ( ( 1.000000000000000000, 0.9208783214322476800, 0.9208783214322476800, 1.000000000000000000 ) ) 
 REPRESENTATION_ITEM ( '' )  );
#6124 = VERTEX_POINT ( 'NONE', #2877 ) ;
#6125 = ORIENTED_EDGE ( 'NONE', *, *, #1168, .T. ) ;
#6126 = CARTESIAN_POINT ( 'NONE',  ( 0.3260000000000931600, -1.065763958315948100E-013, -0.1580000000000951800 ) ) ;
#6127 = CARTESIAN_POINT ( 'NONE',  ( 0.1974364764453381000, 0.03740773319832246800, 0.1838249400321477500 ) ) ;
#6128 = CARTESIAN_POINT ( 'NONE',  ( 0.2581411727903000200, -0.08219976600141000500, -0.1508105840260000100 ) ) ;
#6129 = ORIENTED_EDGE ( 'NONE', *, *, #1662, .T. ) ;
#6130 = CARTESIAN_POINT ( 'NONE',  ( 0.1165829193264000000, -0.1216155419226999800, -0.1483447527119000100 ) ) ;
#6131 = CARTESIAN_POINT ( 'NONE',  ( 0.2562600203179999900, -0.1320797123369000000, -0.1097979361723000100 ) ) ;
#6132 = ORIENTED_EDGE ( 'NONE', *, *, #1198, .T. ) ;
#6133 = ORIENTED_EDGE ( 'NONE', *, *, #686, .F. ) ;
#6134 = CARTESIAN_POINT ( 'NONE',  ( 0.2465559484117547100, 0.04650995157594553500, -0.1817370444094713600 ) ) ;
#6135 = EDGE_CURVE ( 'NONE', #1571, #2938, #4251, .T. ) ;
#6136 = CARTESIAN_POINT ( 'NONE',  ( 0.7812500000000014400, -1.184323651950592500E-013, -0.1875000000000052200 ) ) ;
#6137 = CARTESIAN_POINT ( 'NONE',  ( 0.1939215277440999900, 0.1729052554229000000, -0.06567340645310000600 ) ) ;
#6138 = CARTESIAN_POINT ( 'NONE',  ( 0.2543788678457000200, -0.1632896120857000000, -0.05326484035839999800 ) ) ;
#6139 = ORIENTED_EDGE ( 'NONE', *, *, #5777, .F. ) ;
#6140 = CARTESIAN_POINT ( 'NONE',  ( 0.1445919406637999900, -0.1913234285061999600, -0.02052667320693999900 ) ) ;
#6141 = CARTESIAN_POINT ( 'NONE',  ( 0.1148287287728000000, -0.1653733323448000100, -0.09720169833746999900 ) ) ;
#6142 = EDGE_LOOP ( 'NONE', ( #54, #306, #357, #77 ) ) ;
#6143 = CARTESIAN_POINT ( 'NONE',  ( 0.05000000000000000300, -6.430407353524017400E-014, -0.1874999999999693900 ) ) ;
#6144 = FACE_OUTER_BOUND ( 'NONE', #2850, .T. ) ;
#6145 = CARTESIAN_POINT ( 'NONE',  ( 0.1130745382191999900, -0.1887705030010000100, -0.03409119966311000000 ) ) ;
#6146 = CARTESIAN_POINT ( 'NONE',  ( 0.2524977153733999900, -0.1714177878426999800, 0.01079750433661000000 ) ) ;
#6147 = ORIENTED_EDGE ( 'NONE', *, *, #5103, .F. ) ;
#6148 = CARTESIAN_POINT ( 'NONE',  ( 0.3001557829685564900, -0.1498916908246751000, -0.1078377681825547100 ) ) ;
#6149 = CARTESIAN_POINT ( 'NONE',  ( 0.1975950636936585300, 0.03150556588083292000, 0.1849357103473037200 ) ) ;
#6150 = CARTESIAN_POINT ( 'NONE',  ( -0.7340000000000001000, 0.3075000000000000500, -0.1999999999999814100 ) ) ;
#6151 = ORIENTED_EDGE ( 'NONE', *, *, #3899, .F. ) ;
#6152 = CARTESIAN_POINT ( 'NONE',  ( 0.1956757182977000000, 0.1849475502971000000, -0.001903514950115999800 ) ) ;
#6153 = AXIS2_PLACEMENT_3D ( 'NONE', #6305, #6234, #6355 ) ;
#6154 = ORIENTED_EDGE ( 'NONE', *, *, #1327, .F. ) ;
#6155 = CARTESIAN_POINT ( 'NONE',  ( 0.1113203476656000100, -0.1889263645557000000, 0.03321663635982000100 ) ) ;
#6156 = FACE_BOUND ( 'NONE', #3296, .T. ) ;
#6157 = CARTESIAN_POINT ( 'NONE',  ( 0.2506165629011999900, -0.1553152649330999900, 0.07333359423068999700 ) ) ;
#6158 = LINE ( 'NONE', #5692, #2716 ) ;
#6159 = CARTESIAN_POINT ( 'NONE',  ( 0.1978364879808753600, 0.02245577511037835600, 0.1861753270739510100 ) ) ;
#6161 = ORIENTED_EDGE ( 'NONE', *, *, #4279, .F. ) ;
#6160 = CARTESIAN_POINT ( 'NONE',  ( 0.1974299088512999900, 0.1742203206341000100, 0.06210068973394000000 ) ) ;
#6162 = CARTESIAN_POINT ( 'NONE',  ( -0.7339999999999999900, 0.2525000000000500200, -0.1029999999999999900 ) ) ;
#6163 = CARTESIAN_POINT ( 'NONE',  ( 0.2487354104288999900, -0.1172581902362000000, 0.1255036568440000000 ) ) ;
#6164 = CARTESIAN_POINT ( 'NONE',  ( 0.1690469228033000000, -0.05897416544207000100, 0.1831610940951000100 ) ) ;
#6165 = CARTESIAN_POINT ( 'NONE',  ( 0.2460843125980718100, 0.02910217558494477400, -0.1856005711873044100 ) ) ;
#6166 = VERTEX_POINT ( 'NONE', #2886 ) ;
#6167 = CARTESIAN_POINT ( 'NONE',  ( 0.1095661571120000000, -0.1658216792179000000, 0.09643490179446997900 ) ) ;
#6168 = CARTESIAN_POINT ( 'NONE',  ( 0.2468542579565999900, -0.06262609435176000300, 0.1599331950485000100 ) ) ;
#6169 = CARTESIAN_POINT ( 'NONE',  ( 0.2847589568589412000, 0.1880330018071134100, 0.01457501398123909300 ) ) ;
#6170 = EDGE_LOOP ( 'NONE', ( #3973, #5717, #2536, #3341 ) ) ;
#6171 = CARTESIAN_POINT ( 'NONE',  ( 0.1979580859781677200, 0.01788194592762674600, 0.1866889925505425500 ) ) ;
#6172 = CARTESIAN_POINT ( 'NONE',  ( 0.1991840994049000100, 0.1420442634119999900, 0.1184594406195000100 ) ) ;
#6173 = CARTESIAN_POINT ( 'NONE',  ( 0.1078119665584000000, -0.1223010428551000000, 0.1477801674652000100 ) ) ;
#6174 = FACE_OUTER_BOUND ( 'NONE', #6142, .T. ) ;
#6175 = CARTESIAN_POINT ( 'NONE',  ( 0.2449731054843999900, 0.0008585251024486999800, 0.1717554105075999900 ) ) ;
#6176 = CARTESIAN_POINT ( 'NONE',  ( 0.2457796674867895300, 0.01762209119738547900, -0.1869907667154449800 ) ) ;
#6177 = ORIENTED_EDGE ( 'NONE', *, *, #3936, .F. ) ;
#6178 = CARTESIAN_POINT ( 'NONE',  ( 0.2486474582765103600, -0.1058495262315954900, 0.1324375702370949600 ) ) ;
#6179 = CARTESIAN_POINT ( 'NONE',  ( 0.2430919530120999900, 0.06422181178522999600, 0.1592991542493000000 ) ) ;
#6180 = EDGE_CURVE ( 'NONE', #1489, #1918, #273, .T. ) ;
#6181 = CARTESIAN_POINT ( 'NONE',  ( 0.2009382899584999900, 0.09238070512439999800, 0.1602342448102999900 ) ) ;
#6182 = CARTESIAN_POINT ( 'NONE',  ( 0.1935019049429000400, 0.1673600966793999900, 0.09495511921945999600 ) ) ;
#6183 = CARTESIAN_POINT ( 'NONE',  ( 0.1060577760048000000, -0.06372267220098000500, 0.1809307806664000300 ) ) ;
#6184 = VERTEX_POINT ( 'NONE', #2951 ) ;
#6185 = DIRECTION ( 'NONE',  ( -1.000000000000000000, -0.0000000000000000000, 0.0000000000000000000 ) ) ;
#6186 = CYLINDRICAL_SURFACE ( 'NONE', #1695, 0.08500000000169270800 ) ;
#6187 = CARTESIAN_POINT ( 'NONE',  ( 0.1043035854512000000, 0.002701287267680999500, 0.1918051947308999900 ) ) ;
#6188 = CARTESIAN_POINT ( 'NONE',  ( 0.2412108005398000100, 0.1185070473436000000, 0.1243251581546999900 ) ) ;
#6189 = ORIENTED_EDGE ( 'NONE', *, *, #4225, .F. ) ;
#6190 = VECTOR ( 'NONE', #1087, 39.37007874015748900 ) ;
#6191 = CARTESIAN_POINT ( 'NONE',  ( 0.1981015005522892800, 0.01246894579152422800, 0.1870938687207654700 ) ) ;
#6192 = CARTESIAN_POINT ( 'NONE',  ( 0.2026924805122000100, 0.03134390254053000300, 0.1822820992539999600 ) ) ;
#6193 = ORIENTED_EDGE ( 'NONE', *, *, #5130, .T. ) ;
#6194 = ORIENTED_EDGE ( 'NONE', *, *, #3380, .T. ) ;
#6195 = CARTESIAN_POINT ( 'NONE',  ( 0.1025493948976000000, 0.06879271368370000500, 0.1790645010158999600 ) ) ;
#6196 = CARTESIAN_POINT ( 'NONE',  ( 0.2393296480674999800, 0.1560407287819000100, 0.07177715350258999400 ) ) ;
#6197 = CARTESIAN_POINT ( 'NONE',  ( -0.6075796212838222600, 0.01178466763363515500, 0.06675447297832586000 ) ) ;
#6198 = CARTESIAN_POINT ( 'NONE',  ( 0.1751437694135999900, 0.09699875871346999600, -0.1500184328793000000 ) ) ;
#6199 = CARTESIAN_POINT ( 'NONE',  ( 0.2044466710658000000, -0.03355170799157999900, 0.1818886551402000000 ) ) ;
#6200 = CARTESIAN_POINT ( 'NONE',  ( 0.1981735954003366900, 0.009744421689076538500, 0.1872466115504189700 ) ) ;
#6201 = ORIENTED_EDGE ( 'NONE', *, *, #3544, .F. ) ;
#6202 = ORIENTED_EDGE ( 'NONE', *, *, #5366, .T. ) ;
#6203 = CARTESIAN_POINT ( 'NONE',  ( 0.2374484955953000100, 0.1715172600704000000, 0.009083055720035999200 ) ) ;
#6204 = CARTESIAN_POINT ( 'NONE',  ( 0.2179568870823999900, 0.1269711576180000100, -0.1445826386248000000 ) ) ;
#6205 = DIRECTION ( 'NONE',  ( -0.1305123918445206800, 0.0000000000000000000, -0.9914466781300053100 ) ) ;
#6206 = UNCERTAINTY_MEASURE_WITH_UNIT (LENGTH_MEASURE( 1.000000000000000100E-005 ), #2596, 'distance_accuracy_value', 'NONE');
#6207 = VERTEX_POINT ( 'NONE', #2746 ) ;
#6208 = EDGE_LOOP ( 'NONE', ( #6, #6177, #6147, #5718 ) ) ;
#6209 = DIRECTION ( 'NONE',  ( -0.0000000000000000000, 1.000000000000000000, -0.0000000000000000000 ) ) ;
#6210 = CARTESIAN_POINT ( 'NONE',  ( 0.1007952043438999900, 0.1264143980798999900, 0.1442772892951000000 ) ) ;
#6211 = CARTESIAN_POINT ( 'NONE',  ( 0.2062008616194000200, -0.09431663821602000200, 0.1591023814220000100 ) ) ;
#6212 = CARTESIAN_POINT ( 'NONE',  ( -0.6108307207146787000, 0.02609944567735376200, 0.06869961870803793800 ) ) ;
#6213 = ORIENTED_EDGE ( 'NONE', *, *, #218, .T. ) ;
#6214 = ORIENTED_EDGE ( 'NONE', *, *, #4114, .T. ) ;
#6215 = EDGE_LOOP ( 'NONE', ( #3845, #6379, #3992, #2385, #1039, #3608 ) ) ;
#6216 = CARTESIAN_POINT ( 'NONE',  ( 0.1982045762411399900, 0.008573036426977608700, 0.1873013061066886600 ) ) ;
#6217 = CARTESIAN_POINT ( 'NONE',  ( 0.2355673431229999800, 0.1627489307121000000, -0.05489500496799999000 ) ) ;
#6218 = VECTOR ( 'NONE', #234, 39.37007874015748900 ) ;
#6219 = CARTESIAN_POINT ( 'NONE',  ( 0.09904101379034999100, 0.1684719027724000100, 0.09172653629150000200 ) ) ;
#6220 = CARTESIAN_POINT ( 'NONE',  ( -0.8980000000000163400, 0.2525000000000499600, -0.09800000000000642900 ) ) ;
#6221 = EDGE_CURVE ( 'NONE', #2253, #3042, #309, .T. ) ;
#6222 = CARTESIAN_POINT ( 'NONE',  ( 0.2535032043119648200, 0.1869500500409202500, 0.01434150678594889700 ) ) ;
#6223 = CARTESIAN_POINT ( 'NONE',  ( 0.1995987515531000000, -0.1271862937614000000, -0.1254507165717999900 ) ) ;
#6224 = ORIENTED_EDGE ( 'NONE', *, *, #4515, .F. ) ;
#6225 = CARTESIAN_POINT ( 'NONE',  ( 0.1982252485902938300, 0.007791298304522372000, 0.1873353634414308100 ) ) ;
#6226 = CARTESIAN_POINT ( 'NONE',  ( 0.2079550521730000000, -0.1434699568880999900, 0.1167285891627000000 ) ) ;
#6227 = CARTESIAN_POINT ( 'NONE',  ( 0.2499496386244523500, -0.1363779221746872800, 0.1007323038216558500 ) ) ;
#6228 = CARTESIAN_POINT ( 'NONE',  ( 0.2336861906507000100, 0.1309751668228000000, -0.1111133894912999900 ) ) ;
#6229 = CARTESIAN_POINT ( 'NONE',  ( 0.2424118692218999700, -0.1157806254316000000, -0.1536899468424000000 ) ) ;
#6230 = ORIENTED_EDGE ( 'NONE', *, *, #1759, .F. ) ;
#6231 = CARTESIAN_POINT ( 'NONE',  ( 0.2448950684464519000, -0.01577904387641367000, -0.1881554449834593500 ) ) ;
#6232 = ORIENTED_EDGE ( 'NONE', *, *, #2982, .T. ) ;
#6233 = FACE_OUTER_BOUND ( 'NONE', #2226, .T. ) ;
#6234 = DIRECTION ( 'NONE',  ( 1.000000000000000000, 0.0000000000000000000, 0.0000000000000000000 ) ) ;
#6235 = CARTESIAN_POINT ( 'NONE',  ( 0.2097092427265999900, -0.1749602850919000100, 0.05998405401100999300 ) ) ;
#6236 = CARTESIAN_POINT ( 'NONE',  ( 0.1203129909907498800, 7.565373023899042200E-008, 0.1680985365446112900 ) ) ;
#6237 = ORIENTED_EDGE ( 'NONE', *, *, #5885, .T. ) ;
#6238 = CARTESIAN_POINT ( 'NONE',  ( 0.1982378835408171400, 0.007313417020673422200, 0.1873544211426649800 ) ) ;
#6239 = CARTESIAN_POINT ( 'NONE',  ( 0.2318050381785000100, 0.08068733900461000400, -0.1516253165453000100 ) ) ;
#6240 = CARTESIAN_POINT ( 'NONE',  ( 0.09728682323673999700, 0.1897870392723000100, 0.02788229559439999900 ) ) ;
#6241 = CARTESIAN_POINT ( 'NONE',  ( 0.2299238857061999800, 0.01899388974495000100, -0.1707041859592000100 ) ) ;
#6242 = ORIENTED_EDGE ( 'NONE', *, *, #436, .T. ) ;
#6243 = CARTESIAN_POINT ( 'NONE',  ( -0.7340000000000001000, 0.1999999999999814700, -0.3075000000000000000 ) ) ;
#6244 = CARTESIAN_POINT ( 'NONE',  ( 0.2240537336926000100, -0.1486686600816000100, 0.09905459038241999600 ) ) ;
#6245 = LINE ( 'NONE', #508, #4241 ) ;
#6246 = B_SPLINE_CURVE_WITH_KNOTS ( 'NONE', 3,
 ( #376, #3289, #330, #317, #368, #3913 ),
 .UNSPECIFIED., .F., .F.,
 ( 4, 2, 4 ),
 ( 0.0000000000000000000, 0.5000000000000001100, 1.000000000000000000 ),
 .UNSPECIFIED. ) ;
#6247 = CARTESIAN_POINT ( 'NONE',  ( 0.2280427332339000100, -0.04538447851441999900, -0.1656530704016999900 ) ) ;
#6248 = CARTESIAN_POINT ( 'NONE',  ( 0.1987621138421085100, -0.01251622083371033700, 0.1880944147781304400 ) ) ;
#6249 = CARTESIAN_POINT ( 'NONE',  ( 0.2261615807616999800, -0.1033475201764999900, -0.1371859481931000100 ) ) ;
#6250 = VERTEX_POINT ( 'NONE', #2733 ) ;
#6251 = CARTESIAN_POINT ( 'NONE',  ( 0.2668668513613999800, -0.1740002903052000100, 0.08215590844053999300 ) ) ;
#6252 = CARTESIAN_POINT ( 'NONE',  ( 0.09553263268313998100, 0.1877354213890000100, -0.03939489061806000100 ) ) ;
#6253 = CARTESIAN_POINT ( 'NONE',  ( 0.2443444508109050000, -0.03659988468327671200, -0.1848849763438174500 ) ) ;
#6254 = ORIENTED_EDGE ( 'NONE', *, *, #4409, .T. ) ;
#6255 = CARTESIAN_POINT ( 'NONE',  ( 0.2242804282894000100, -0.1467018174864999900, -0.08932678630418000600 ) ) ;
#6256 = CARTESIAN_POINT ( 'NONE',  ( -0.7339999999999999900, 0.3075000000000000500, 0.0000000000000000000 ) ) ;
#6257 = CARTESIAN_POINT ( 'NONE',  ( 0.1992772231432030100, -0.03208843623805761300, 0.1857616586423758200 ) ) ;
#6258 = CARTESIAN_POINT ( 'NONE',  ( 0.2114634332802000100, -0.1849107922924999900, -0.004145241329189999900 ) ) ;
#6259 = CARTESIAN_POINT ( 'NONE',  ( 0.09377844212953000100, 0.1625695953655000000, -0.1018217837951000000 ) ) ;
#6260 = CARTESIAN_POINT ( 'NONE',  ( 0.2223992758171000100, -0.1693189700026999900, -0.02884073700976999900 ) ) ;
#6261 = CARTESIAN_POINT ( 'NONE',  ( 0.2433214456558238400, -0.07348461967643353500, -0.1735665390817671700 ) ) ;
#6262 = CARTESIAN_POINT ( 'NONE',  ( 0.2485087158321999900, 0.06679718899872000300, 0.1656872551230999800 ) ) ;
#6263 = ORIENTED_EDGE ( 'NONE', *, *, #2750, .T. ) ;
#6264 = CARTESIAN_POINT ( 'NONE',  ( 0.2003053299081161100, -0.06946467006551664000, 0.1752355848254188400 ) ) ;
#6265 = CARTESIAN_POINT ( 'NONE',  ( 0.2132176238338000200, -0.1720964757560999900, -0.06776417343210000600 ) ) ;
#6266 = CARTESIAN_POINT ( 'NONE',  ( 0.2205181233448000000, -0.1680018852407999800, 0.03572214984423000000 ) ) ;
#6267 = CARTESIAN_POINT ( 'NONE',  ( 0.2913218335009000200, 0.04511024966383000300, 0.1870580261319000100 ) ) ;
#6268 = CARTESIAN_POINT ( 'NONE',  ( 0.09202425157592999900, 0.1173879608062000000, -0.1517122890735999900 ) ) ;
#6269 = CARTESIAN_POINT ( 'NONE',  ( 0.1000000000000000100, -0.04401331569024830700, -0.1670101555944627800 ) ) ;
#6270 = ORIENTED_EDGE ( 'NONE', *, *, #1596, .T. ) ;
#6271 = ORIENTED_EDGE ( 'NONE', *, *, #1178, .F. ) ;
#6272 = CARTESIAN_POINT ( 'NONE',  ( 0.2008183273719348300, -0.08727420053796355900, 0.1670849924624580000 ) ) ;
#6273 = CIRCLE ( 'NONE', #2545, 0.03899999999996994800 ) ;
#6274 = CARTESIAN_POINT ( 'NONE',  ( 0.2149718143874000100, -0.1380949656454000000, -0.1230404676071000000 ) ) ;
#6275 = DIRECTION ( 'NONE',  ( -1.000000000000000000, -5.558188429870848700E-017, -5.918869505956197600E-017 ) ) ;
#6276 = VERTEX_POINT ( 'NONE', #2782 ) ;
#6277 = ORIENTED_EDGE ( 'NONE', *, *, #4505, .F. ) ;
#6278 = CARTESIAN_POINT ( 'NONE',  ( 0.2018422104622961700, -0.1194579044037645500, 0.1458049890289231900 ) ) ;
#6279 = LINE ( 'NONE', #5792, #6330 ) ;
#6280 = CARTESIAN_POINT ( 'NONE',  ( 0.2186369708726000100, -0.1429367140929000100, 0.09523552346079999800 ) ) ;
#6281 = CARTESIAN_POINT ( 'NONE',  ( 0.09027006102231999200, 0.05775330459049000200, -0.1829237856342999800 ) ) ;
#6282 = CARTESIAN_POINT ( 'NONE',  ( 0.08851587046872000400, -0.008992082648162999200, -0.1916134099488000000 ) ) ;
#6283 = CARTESIAN_POINT ( 'NONE',  ( 0.2167260049410000000, -0.08709229134755000500, -0.1631689462832000300 ) ) ;
#6284 = VERTEX_POINT ( 'NONE', #2758 ) ;
#6285 = VERTEX_POINT ( 'NONE', #2673 ) ;
#6286 = DIRECTION ( 'NONE',  ( 1.336102987952929000E-015, 1.422805169700534000E-015, 1.000000000000000000 ) ) ;
#6287 = CARTESIAN_POINT ( 'NONE',  ( 0.2729636979717000000, 0.1757994799486000100, -0.03175886595334000100 ) ) ;
#6288 = FACE_OUTER_BOUND ( 'NONE', #159, .T. ) ;
#6289 = CARTESIAN_POINT ( 'NONE',  ( 0.2167558184003000000, -0.09766654566176999300, 0.1412867961407000000 ) ) ;
#6290 = CARTESIAN_POINT ( 'NONE',  ( 0.2023530960888392000, -0.1338510899271971900, 0.1327076351290030500 ) ) ;
#6291 = VERTEX_POINT ( 'NONE', #2681 ) ;
#6292 = CARTESIAN_POINT ( 'NONE',  ( 0.2184801954945999900, -0.02536752309141000100, -0.1832093257850999600 ) ) ;
#6293 = MANIFOLD_SOLID_BREP ( 'Imported3', #3131 ) ;
#6294 = ORIENTED_EDGE ( 'NONE', *, *, #3702, .T. ) ;
#6295 = ORIENTED_EDGE ( 'NONE', *, *, #800, .T. ) ;
#6296 = CARTESIAN_POINT ( 'NONE',  ( 0.3157768156404000000, 0.1923208540618000000, -0.006187077723843000300 ) ) ;
#6297 = CARTESIAN_POINT ( 'NONE',  ( 0.2428490581362898700, -0.08956063935007752000, -0.1655186551209028600 ) ) ;
#6298 = LINE ( 'NONE', #5753, #6415 ) ;
#6299 = CARTESIAN_POINT ( 'NONE',  ( 0.08676167991511998800, -0.07463040690856000100, -0.1767112617458999900 ) ) ;
#6300 = ORIENTED_EDGE ( 'NONE', *, *, #5036, .T. ) ;
#6301 = CARTESIAN_POINT ( 'NONE',  ( 0.2148746659280000000, -0.03859057807268000100, 0.1673663166214000000 ) ) ;
#6302 = EDGE_LOOP ( 'NONE', ( #2929, #2765, #5958, #4287 ) ) ;
#6303 = CARTESIAN_POINT ( 'NONE',  ( 0.2473296444670187700, 0.07415665188421452500, -0.1722093302019316000 ) ) ;
#6304 = CARTESIAN_POINT ( 'NONE',  ( 0.2031178406507002400, -0.1519099287367367800, 0.1103353353692011100 ) ) ;
#6305 = CARTESIAN_POINT ( 'NONE',  ( 0.3265000000000000700, 0.0000000000000000000, 1.194014991933950100E-013 ) ) ;
#6306 = CARTESIAN_POINT ( 'NONE',  ( 0.2202343860482000300, 0.03948026294860999800, -0.1806944192853000000 ) ) ;
#6307 = VERTEX_POINT ( 'NONE', #2542 ) ;
#6308 = CARTESIAN_POINT ( 'NONE',  ( 0.08500748936150999400, -0.1310801088589000100, -0.1400519463552999900 ) ) ;
#6309 = CARTESIAN_POINT ( 'NONE',  ( 0.2129935134558000000, 0.02594044126588000000, 0.1697875552611000100 ) ) ;
#6310 = VECTOR ( 'NONE', #2807, 39.37007874015748100 ) ;
#6311 = CARTESIAN_POINT ( 'NONE',  ( 0.2419825132132390200, -0.1167829814384480200, -0.1475766302464749400 ) ) ;
#6312 = CARTESIAN_POINT ( 'NONE',  ( 0.2974186801111999800, 0.004600565718516000200, -0.1785857600936000000 ) ) ;
#6313 = ORIENTED_EDGE ( 'NONE', *, *, #3728, .F. ) ;
#6315 = ORIENTED_EDGE ( 'NONE', *, *, #5758, .F. ) ;
#6314 = CARTESIAN_POINT ( 'NONE',  ( 0.2219885766017999600, 0.09946752518028000000, -0.1559338699613999600 ) ) ;
#6316 = CARTESIAN_POINT ( 'NONE',  ( 0.2033724915249949800, -0.1573422528252035600, 0.1024238031159980400 ) ) ;
#6317 = FACE_OUTER_BOUND ( 'NONE', #5969, .T. ) ;
#6318 = CARTESIAN_POINT ( 'NONE',  ( 0.2111123609835000000, 0.08680464231194000300, 0.1482082260044000100 ) ) ;
#6319 = CARTESIAN_POINT ( 'NONE',  ( 0.09026521356472999600, 0.1729376916272999900, -0.05396682846482000300 ) ) ;
#6320 = CARTESIAN_POINT ( 'NONE',  ( 0.08325329880791000600, -0.1713910666898000000, -0.08614945668856000000 ) ) ;
#6321 = CARTESIAN_POINT ( 'NONE',  ( 0.1000000000000000100, 0.1514882306874942600, -0.09804120619632995800 ) ) ;
#6322 = ORIENTED_EDGE ( 'NONE', *, *, #3870, .T. ) ;
#6323 = CYLINDRICAL_SURFACE ( 'NONE', #1501, 0.06200000000021190600 ) ;
#6324 = CIRCLE ( 'NONE', #1247, 0.2499999999998772400 ) ;
#6325 = CARTESIAN_POINT ( 'NONE',  ( 0.2237427671554000100, 0.1472091260198999900, -0.1119760225639000000 ) ) ;
#6326 = ORIENTED_EDGE ( 'NONE', *, *, #4477, .F. ) ;
#6327 = CARTESIAN_POINT ( 'NONE',  ( 0.2037540718669479700, -0.1645364434899724300, 0.09002934982336854900 ) ) ;
#6328 = CARTESIAN_POINT ( 'NONE',  ( 0.2092312085112000000, 0.1353984661627999900, 0.1056786795839000000 ) ) ;
#6329 = CARTESIAN_POINT ( 'NONE',  ( 0.08149910825429999800, -0.1905996360614999900, -0.02163862381909000000 ) ) ;
#6330 = VECTOR ( 'NONE', #5788, 39.37007874015748100 ) ;
#6331 = CARTESIAN_POINT ( 'NONE',  ( 0.2254969577090000000, 0.1768275273335999700, -0.05423262891837000300 ) ) ;
#6332 = CARTESIAN_POINT ( 'NONE',  ( -0.6659736319104976300, -0.008343223258799414500, 0.02200000000001574300 ) ) ;
#6333 = ORIENTED_EDGE ( 'NONE', *, *, #3630, .T. ) ;
#6334 = CARTESIAN_POINT ( 'NONE',  ( 0.3218736622507000200, -0.1739314742077000000, -0.04076666148936999900 ) ) ;
#6335 = CARTESIAN_POINT ( 'NONE',  ( 0.2039447630455522300, -0.1678949898100050300, 0.08370028975942668500 ) ) ;
#6336 = CARTESIAN_POINT ( 'NONE',  ( 0.2073500560388999700, 0.1648528365055000100, 0.04821072532974000200 ) ) ;
#6337 = CARTESIAN_POINT ( 'NONE',  ( 0.1128390432320000000, -0.08501935256022999400, -0.1649075914569000100 ) ) ;
#6338 = CARTESIAN_POINT ( 'NONE',  ( 0.08032964788523000400, -0.1877614395431000100, 0.02314136381611000100 ) ) ;
#6339 = ORIENTED_EDGE ( 'NONE', *, *, #1134, .F. ) ;
#6340 = CARTESIAN_POINT ( 'NONE',  ( 0.2538867670880255400, 0.1858186679597446700, 0.02867382278204767800 ) ) ;
#6341 = EDGE_CURVE ( 'NONE', #5853, #278, #268, .T. ) ;
#6342 = CARTESIAN_POINT ( 'NONE',  ( 0.2041670628506054900, -0.1713800469780886200, 0.07611889300985044700 ) ) ;
#6343 = CARTESIAN_POINT ( 'NONE',  ( 0.2272511482626000100, 0.1846763797337999900, 0.01018740811628000000 ) ) ;
#6344 = ORIENTED_EDGE ( 'NONE', *, *, #4613, .T. ) ;
#6345 = CARTESIAN_POINT ( 'NONE',  ( 0.2165635601012690100, 0.09048384002505816000, -0.1642273921774152800 ) ) ;
#6346 = LINE ( 'NONE', #4419, #5862 ) ;
#6347 = CARTESIAN_POINT ( 'NONE',  ( 0.2042781694439692300, -0.1730123100553386500, 0.07228293816307067300 ) ) ;
#6348 = CARTESIAN_POINT ( 'NONE',  ( 0.2054689035667000000, 0.1710041545278999900, -0.01607217050148999900 ) ) ;
#6349 = CARTESIAN_POINT ( 'NONE',  ( 0.07974491770069999700, -0.1825177322867000100, 0.04460021888318999700 ) ) ;
#6350 = ORIENTED_EDGE ( 'NONE', *, *, #3943, .F. ) ;
#6351 = ORIENTED_EDGE ( 'NONE', *, *, #5191, .F. ) ;
#6352 = CARTESIAN_POINT ( 'NONE',  ( 0.2035877510944000000, 0.1529828595698999900, -0.07808318643733999600 ) ) ;
#6353 = CARTESIAN_POINT ( 'NONE',  ( 0.2415883558097226000, -0.1279557335894194700, -0.1376989043567271900 ) ) ;
#6354 = CARTESIAN_POINT ( 'NONE',  ( 0.09448090770273000200, -0.1569587931677000100, 0.06974875421470999600 ) ) ;
#6355 = DIRECTION ( 'NONE',  ( 0.0000000000000000000, 0.0000000000000000000, -1.000000000000000000 ) ) ;
#6356 = CARTESIAN_POINT ( 'NONE',  ( 0.2043337119133601100, -0.1738006315320686500, 0.07035416026076195300 ) ) ;
#6357 = ORIENTED_EDGE ( 'NONE', *, *, #445, .T. ) ;
#6358 = ORIENTED_EDGE ( 'NONE', *, *, #3591, .T. ) ;
#6359 = CARTESIAN_POINT ( 'NONE',  ( 0.2017065986221000300, 0.1133363567940999900, -0.1290566284881000100 ) ) ;
#6360 = CARTESIAN_POINT ( 'NONE',  ( 0.1372940253715000100, -0.1787448058156000100, 0.04972973067228000200 ) ) ;
#6361 = CARTESIAN_POINT ( 'NONE',  ( 0.3096981042820999800, -0.1091978108667000000, -0.1445524401332999900 ) ) ;
#6362 = CARTESIAN_POINT ( 'NONE',  ( 0.1000001396367947600, 0.1517489156479767400, 0.1101236844791322600 ) ) ;
#6363 = ORIENTED_EDGE ( 'NONE', *, *, #6221, .F. ) ;
#6364 = VERTEX_POINT ( 'NONE', #2510 ) ;
#6365 = CARTESIAN_POINT ( 'NONE',  ( 0.1998254461499000000, 0.05766893317254000200, -0.1617870238358999600 ) ) ;
#6366 = AXIS2_PLACEMENT_3D ( 'NONE', #4016, #3935, #3941 ) ;
#6367 = FACE_OUTER_BOUND ( 'NONE', #301, .T. ) ;
#6368 = DIRECTION ( 'NONE',  ( -0.0000000000000000000, -0.0000000000000000000, 1.000000000000000000 ) ) ;
#6369 = ORIENTED_EDGE ( 'NONE', *, *, #2499, .F. ) ;
#6370 = VERTEX_POINT ( 'NONE', #2534 ) ;
#6371 = CARTESIAN_POINT ( 'NONE',  ( 0.2043575135086797800, -0.1741324982418335500, 0.06952528170270046200 ) ) ;
#6372 = CARTESIAN_POINT ( 'NONE',  ( 0.1979442936775999700, -0.006150439906515000000, -0.1716476706377000100 ) ) ;
#6373 = CARTESIAN_POINT ( 'NONE',  ( 0.3091133740974999500, -0.1261920640517000000, -0.1317146437238000100 ) ) ;
#6374 = LINE ( 'NONE', #1622, #17 ) ;
#6375 = CARTESIAN_POINT ( 'NONE',  ( 0.3079439137284000200, -0.1556004978080000000, -0.09998677401008999900 ) ) ;
#6376 = CARTESIAN_POINT ( 'NONE',  ( 0.1960631412053000000, -0.06910043653148000000, -0.1572446636076000000 ) ) ;
#6377 = VERTEX_POINT ( 'NONE', #2514 ) ;
#6378 = CARTESIAN_POINT ( 'NONE',  ( 0.2166400066520313700, 0.09298057108870011500, -0.1628205241630519000 ) ) ;
#6379 = ORIENTED_EDGE ( 'NONE', *, *, #1662, .F. ) ;
#6380 = CLOSED_SHELL ( 'NONE', ( #4367, #4309, #5020, #344, #535, #1262, #5707, #409, #5609, #500, #4928, #5740, #5394, #4339, #3404, #3260, #4714, #4618, #4025, #5577, #3060, #4465, #5540, #4919, #5733, #5368, #4317, #5489, #4790, #5676, #5329, #4183, #3290, #4652, #893, #4988, #5893, #5431, #4501, #737, #5053, #5849, #3011, #4415, #385, #4876, #1159, #5801, #4401, #5478, #5222, #4090, #5468, #4942, #2937, #987, #4781, #1031, #830, #5942, #5402, #4383, #5506, #4822, #4253, #4721, #5666, #5186, #4049, #803, #5909, #3053, #5360, #4285, #4747, #5260, #4473, #836, #4492, #4979, #4348, #3388, #1094, #4059, #962, #5164, #5460, #823, #5268, #4376, #352, #4812, #5698, #4597, #4532, #711, #5085, #5880, #2985, #4426, #5530, #4276 ) ) ;
#6381 = CARTESIAN_POINT ( 'NONE',  ( 0.1189358898421999900, 0.03639108358241000000, 0.1678588596983000000 ) ) ;
#6382 = CARTESIAN_POINT ( 'NONE',  ( 0.2043733807233076000, -0.1743524097453952900, 0.06897219999331913300 ) ) ;
#6383 = CARTESIAN_POINT ( 'NONE',  ( 0.1941819887330999700, -0.1222826041341000000, -0.1206139424243000000 ) ) ;
#6384 = CARTESIAN_POINT ( 'NONE',  ( 0.1617490075109999900, 0.01237188902358000000, 0.1851205889913999900 ) ) ;
#6385 = CARTESIAN_POINT ( 'NONE',  ( 0.2412277659275680100, -0.1371811792786797900, -0.1278172254610640300 ) ) ;
#6386 = VERTEX_POINT ( 'NONE', #2522 ) ;
#6387 = CARTESIAN_POINT ( 'NONE',  ( 0.2043825710897291500, -0.1744789103165876900, 0.06865151448295678200 ) ) ;
#6388 = CARTESIAN_POINT ( 'NONE',  ( 0.1923008362608000000, -0.1581792271308999900, -0.06693350661112999800 ) ) ;
#6389 = ORIENTED_EDGE ( 'NONE', *, *, #1852, .F. ) ;
#6390 = CARTESIAN_POINT ( 'NONE',  ( 0.3745621378494999900, 1.612253291571110300E-016, 0.3057185771707480200 ) ) ;
#6391 = ORIENTED_EDGE ( 'NONE', *, *, #3571, .T. ) ;
#6392 = CARTESIAN_POINT ( 'NONE',  ( 0.2048165159535698100, -0.1804205624427407400, 0.05349759926917486300 ) ) ;
#6393 = CARTESIAN_POINT ( 'NONE',  ( 0.1904196837884999900, -0.1717160177238999900, -0.003791475237474000000 ) ) ;
#6394 = CARTESIAN_POINT ( 'NONE',  ( 0.3061897231747999800, -0.1805614027678000000, -0.04008264649946000100 ) ) ;
#6395 = ORIENTED_EDGE ( 'NONE', *, *, #1229, .T. ) ;
#6396 = CARTESIAN_POINT ( 'NONE',  ( 0.2412175406829522600, -0.1374422763643546900, -0.1275365266428880300 ) ) ;
#6397 = CARTESIAN_POINT ( 'NONE',  ( 0.1433908719818000100, 0.1717514074701000100, -0.001521465477386999800 ) ) ;
#6398 = CARTESIAN_POINT ( 'NONE',  ( 0.2052648420089627800, -0.1846376823009326700, 0.03703223443594584600 ) ) ;
#6399 = CARTESIAN_POINT ( 'NONE',  ( 0.1885385313161999900, -0.1609794134350000000, 0.05988654526594999700 ) ) ;
#6400 = ORIENTED_EDGE ( 'NONE', *, *, #2311, .F. ) ;
#6401 = CARTESIAN_POINT ( 'NONE',  ( 0.1862039896505000000, 0.1837732715615000000, 0.02549555366257000000 ) ) ;
#6402 = VERTEX_POINT ( 'NONE', #2492 ) ;
#6403 = CARTESIAN_POINT ( 'NONE',  ( 0.1866573788439999900, -0.1274870841199000100, 0.1150991618737000100 ) ) ;
#6404 = DIRECTION ( 'NONE',  ( 2.185478394931743900E-015, 0.0000000000000000000, -1.000000000000000000 ) ) ;
#6405 = CARTESIAN_POINT ( 'NONE',  ( 0.2062036086525116100, -0.1883114778355573500, 0.001905003420981330000 ) ) ;
#6406 = ORIENTED_EDGE ( 'NONE', *, *, #2167, .T. ) ;
#6407 = CARTESIAN_POINT ( 'NONE',  ( 0.1847762263716999900, -0.07597340799249000000, 0.1540416138185999900 ) ) ;
#6408 = CARTESIAN_POINT ( 'NONE',  ( 0.3044355326211999900, -0.1832925157938999900, 0.02475520621269999800 ) ) ;
#6409 = CARTESIAN_POINT ( 'NONE',  ( 0.1828950738993999900, -0.01372023897582999900, 0.1712090429299000000 ) ) ;
#6410 = CARTESIAN_POINT ( 'NONE',  ( 0.2225296316613689100, 0.1858964689468258800, 0.02477894304668506300 ) ) ;
#6411 = ORIENTED_EDGE ( 'NONE', *, *, #1430, .F. ) ;
#6412 = CARTESIAN_POINT ( 'NONE',  ( 0.2066940492406677800, -0.1877292632209760500, -0.01676043833595545000 ) ) ;
#6413 = CARTESIAN_POINT ( 'NONE',  ( 0.1810139214271999900, 0.05047243536104999800, 0.1641746583234000000 ) ) ;
#6414 = CARTESIAN_POINT ( 'NONE',  ( 0.3026813420676000000, -0.1634589751227000000, 0.08654570651123000300 ) ) ;
#6415 = VECTOR ( 'NONE', #5759, 39.37007874015748100 ) ;
#6416 = CARTESIAN_POINT ( 'NONE',  ( 0.2106589717900000100, 0.06229412988653999800, -0.1747627591209000000 ) ) ;
#6417 = CARTESIAN_POINT ( 'NONE',  ( 0.1791327689548999900, 0.1075304410301999900, 0.1339327937669000100 ) ) ;
#6418 = CARTESIAN_POINT ( 'NONE',  ( 0.2411228823683707600, -0.1398359217444072000, -0.1249160238960136400 ) ) ;
#6419 = ORIENTED_EDGE ( 'NONE', *, *, #5277, .F. ) ;
#6420 = ORIENTED_EDGE ( 'NONE', *, *, #2212, .F. ) ;
#6421 = CARTESIAN_POINT ( 'NONE',  ( 0.7343750000000359700, -4.979670290067264300E-014, 0.1724999999999448600 ) ) ;
#6422 = FACE_OUTER_BOUND ( 'NONE', #5726, .T. ) ;
#6423 = CARTESIAN_POINT ( 'NONE',  ( 0.1772516164825999900, 0.1493881286600000100, 0.08475836145136998700 ) ) ;
#6424 = CARTESIAN_POINT ( 'NONE',  ( -0.8939999999999999100, 0.1820000000000000000, 0.2446000000000000100 ) ) ;
#6425 = ORIENTED_EDGE ( 'NONE', *, *, #1349, .T. ) ;
#6426 = VERTEX_POINT ( 'NONE', #2467 ) ;
#6427 = CARTESIAN_POINT ( 'NONE',  ( 0.2077170449497449400, -0.1803817944009016300, -0.05463745025614273600 ) ) ;
#6428 = CARTESIAN_POINT ( 'NONE',  ( 0.1753704640102999600, 0.1701285263295000100, 0.02360256709647999900 ) ) ;
#6429 = CARTESIAN_POINT ( 'NONE',  ( 0.3009271515140000100, -0.1235020872471000000, 0.1376816107132000100 ) ) ;
#6430 = CARTESIAN_POINT ( 'NONE',  ( 0.1734893115380999900, 0.1668197629235999800, -0.04088969508767999200 ) ) ;
#6431 = ORIENTED_EDGE ( 'NONE', *, *, #5326, .F. ) ;
#6432 = EDGE_LOOP ( 'NONE', ( #6400, #5574, #1099 ) ) ;
#6433 = CARTESIAN_POINT ( 'NONE',  ( 0.2410124018393907100, -0.1425760411459743300, -0.1218081800610431200 ) ) ;
#6434 = CARTESIAN_POINT ( 'NONE',  ( 0.2505937476563381300, -0.1482771873742754500, 0.08205741426639134900 ) ) ;
#6435 = CARTESIAN_POINT ( 'NONE',  ( 0.1716081590657999900, 0.1399295245656000100, -0.09960186965952000400 ) ) ;
#6436 = ORIENTED_EDGE ( 'NONE', *, *, #4882, .T. ) ;
#6437 = ORIENTED_EDGE ( 'NONE', *, *, #4279, .T. ) ;
#6438 = CARTESIAN_POINT ( 'NONE',  ( 0.2351139539294999900, -0.1584676804365000000, -0.09649102423538998000 ) ) ;
#6439 = CARTESIAN_POINT ( 'NONE',  ( 0.2991729609604000300, -0.06834099217382999500, 0.1718676978968000100 ) ) ;
#6440 = CARTESIAN_POINT ( 'NONE',  ( 0.1697270065935000100, 0.09325895473860999800, -0.1442344461661999900 ) ) ;
#6441 = CARTESIAN_POINT ( 'NONE',  ( -0.6022632228744000400, 0.02595154657729999800, -0.02493584674744000000 ) ) ;
#6442 = VECTOR ( 'NONE', #480, 39.37007874015748100 ) ;
#6443 = VERTEX_POINT ( 'NONE', #2502 ) ;
#6444 = CARTESIAN_POINT ( 'NONE',  ( 0.2082496000706657600, -0.1736042474268859000, -0.07384097538985202900 ) ) ;
#6445 = ORIENTED_EDGE ( 'NONE', *, *, #5477, .F. ) ;
#6446 = ORIENTED_EDGE ( 'NONE', *, *, #5793, .T. ) ;
#6447 = CARTESIAN_POINT ( 'NONE',  ( 0.1678458541212999900, 0.03340533932485999900, -0.1684781742993000100 ) ) ;
#6448 = CARTESIAN_POINT ( 'NONE',  ( -0.8940176194235500700, -0.1491995308303500400, 0.2043538597628500300 ) ) ;
#6449 = ORIENTED_EDGE ( 'NONE', *, *, #6341, .T. ) ;
#6450 = EDGE_LOOP ( 'NONE', ( #5494, #293, #3928, #796, #446, #2394 ) ) ;
#6451 = CARTESIAN_POINT ( 'NONE',  ( 0.2974187704067999800, -0.004766484017058999700, 0.1848953225881999900 ) ) ;
#6452 = CARTESIAN_POINT ( 'NONE',  ( 0.1659647016490000100, -0.03117047155712000100, -0.1689059425232999900 ) ) ;
#6453 = CARTESIAN_POINT ( 'NONE',  ( 0.2402216239103852600, -0.1601748354320097500, -0.09793103010181354600 ) ) ;
#6454 = EDGE_LOOP ( 'NONE', ( #1557, #1436, #1508 ) ) ;
#6455 = CARTESIAN_POINT ( 'NONE',  ( 0.2090800186516202900, -0.1581893422519941000, -0.1011799851096353800 ) ) ;
#6456 = CARTESIAN_POINT ( 'NONE',  ( 0.1640835491766999800, -0.09134007839874999600, -0.1454572431878000100 ) ) ;
#6457 = CARTESIAN_POINT ( 'NONE',  ( 0.2595689360690999800, -0.1266625985776000100, 0.1355693728075000000 ) ) ;
#6458 = CARTESIAN_POINT ( 'NONE',  ( 0.1622023967045000100, -0.1385979171761000100, -0.1014467380809000000 ) ) ;
#6459 = CARTESIAN_POINT ( 'NONE',  ( 0.2386952763579695500, -0.1829877712824903900, -0.04522102075316822300 ) ) ;
#6460 = ORIENTED_EDGE ( 'NONE', *, *, #3226, .F. ) ;
#6461 = VECTOR ( 'NONE', #4522, 39.37007874015748900 ) ;
#6462 = CARTESIAN_POINT ( 'NONE',  ( 0.1603212442322000100, -0.1662636063672000000, -0.04309571091601999800 ) ) ;
#6463 = DIRECTION ( 'NONE',  ( 1.456985596621163600E-015, 0.0000000000000000000, -1.000000000000000000 ) ) ;
#6464 = CARTESIAN_POINT ( 'NONE',  ( 0.2956645798531999900, 0.05939483629406999700, 0.1751606592774999900 ) ) ;
#6465 = ORIENTED_EDGE ( 'NONE', *, *, #3475, .T. ) ;
#6466 = CARTESIAN_POINT ( 'NONE',  ( 0.2093620891618674900, -0.1521902039686448000, -0.1100458792622114300 ) ) ;
#6467 = LINE ( 'NONE', #3411, #5113 ) ;
#6468 = CARTESIAN_POINT ( 'NONE',  ( 0.2939103892996000100, 0.1162441278301000100, 0.1438621189378999900 ) ) ;
#6469 = CARTESIAN_POINT ( 'NONE',  ( 0.2290053388161999700, 0.1697894243633000000, 0.07335322724968999800 ) ) ;
#6470 = CARTESIAN_POINT ( 'NONE',  ( 0.2376713838818253800, -0.1883753412799023500, -0.007016393166452877600 ) ) ;
#6471 = ORIENTED_EDGE ( 'NONE', *, *, #2156, .F. ) ;
#6472 = CARTESIAN_POINT ( 'NONE',  ( 0.1584400917599000100, -0.1704262920213000000, 0.02134736216366000000 ) ) ;
#6473 = CARTESIAN_POINT ( 'NONE',  ( 0.2840239182086000100, 0.1070233832459999800, 0.1515533341730999900 ) ) ;
#6474 = CARTESIAN_POINT ( 'NONE',  ( 0.2921561987460000200, 0.1587827174901000100, 0.09485282580180001700 ) ) ;
#6475 = CARTESIAN_POINT ( 'NONE',  ( 0.2307595293697999900, 0.1339994433799000000, 0.1274883908839999900 ) ) ;
#6476 = VERTEX_POINT ( 'NONE', #2478 ) ;
#6477 = CARTESIAN_POINT ( 'NONE',  ( -0.6142799136866999900, 0.02258742340747000400, -0.02412678468908000000 ) ) ;
#6478 = EDGE_CURVE ( 'NONE', #2530, #5804, #653, .T. ) ;
#6479 = CARTESIAN_POINT ( 'NONE',  ( 0.1565589392876000100, -0.1504974967775999900, 0.08277281027982000300 ) ) ;
#6480 = ORIENTED_EDGE ( 'NONE', *, *, #3337, .F. ) ;
#6481 = CARTESIAN_POINT ( 'NONE',  ( 0.1203129909907498800, 7.565373023899042200E-008, 0.1680985365446112900 ) ) ;
#6482 = CARTESIAN_POINT ( 'NONE',  ( 0.2904020081923999700, 0.1817737049493000100, 0.03416626357756000200 ) ) ;
#6483 = FACE_OUTER_BOUND ( 'NONE', #3546, .T. ) ;
#6484 = CARTESIAN_POINT ( 'NONE',  ( 0.2097930914021314800, -0.1418939472671706700, -0.1226867311390525700 ) ) ;
#6485 = CIRCLE ( 'NONE', #4063, 0.2343750000000291200 ) ;
#6486 = CARTESIAN_POINT ( 'NONE',  ( 0.2886478176387999900, 0.1823866747737999900, -0.03072649842782000000 ) ) ;
#6487 = CARTESIAN_POINT ( 'NONE',  ( 0.2325137199234000000, 0.08171261634144000300, 0.1659282526730999900 ) ) ;
#6488 = CARTESIAN_POINT ( 'NONE',  ( 0.7968750000009152700, -0.2409381711222929000, 0.08268284613353334100 ) ) ;
#6489 = CARTESIAN_POINT ( 'NONE',  ( 0.2099380748947017300, -0.1382451331330428500, -0.1267895443064787400 ) ) ;
#6490 = ORIENTED_EDGE ( 'NONE', *, *, #4392, .T. ) ;
#6491 = ORIENTED_EDGE ( 'NONE', *, *, #1819, .F. ) ;
#6492 = CARTESIAN_POINT ( 'NONE',  ( 0.1546777868153999800, -0.1092943197370000000, 0.1324975097790999900 ) ) ;
#6493 = CARTESIAN_POINT ( 'NONE',  ( 0.2868936270852000000, 0.1605461502006000100, -0.09183656125127999400 ) ) ;
#6494 = CARTESIAN_POINT ( 'NONE',  ( 0.3084789003480999400, 0.1701277748572999600, -0.07401967266995000700 ) ) ;
#6495 = CARTESIAN_POINT ( 'NONE',  ( 0.2342679104769999900, 0.01936606313542000100, 0.1839404479100000000 ) ) ;
#6496 = CARTESIAN_POINT ( 'NONE',  ( 0.2371576298034102100, -0.1880870943193974100, 0.01259880696201315500 ) ) ;
#6497 = ORIENTED_EDGE ( 'NONE', *, *, #5834, .F. ) ;
#6498 = EDGE_LOOP ( 'NONE', ( #6277, #671 ) ) ;
#6499 = CARTESIAN_POINT ( 'NONE',  ( 0.1527966343431000100, -0.05264122326337999900, 0.1634923355871000000 ) ) ;
#6500 = DIRECTION ( 'NONE',  ( 1.000000000000000000, 0.0000000000000000000, -0.0000000000000000000 ) ) ;
#6501 = CARTESIAN_POINT ( 'NONE',  ( 0.2851394365316000100, 0.1189408887840000000, -0.1416407032236000100 ) ) ;
#6502 = VERTEX_POINT ( 'NONE', #2408 ) ;
#6503 = EDGE_LOOP ( 'NONE', ( #2589, #2173, #2410, #2895, #3818, #2449 ) ) ;
#6504 = CARTESIAN_POINT ( 'NONE',  ( 0.2101575242522805700, -0.1324525304807508700, -0.1327406601274284100 ) ) ;
#6505 = VECTOR ( 'NONE', #971, 39.37007874015748100 ) ;
#6506 = CARTESIAN_POINT ( 'NONE',  ( 0.2360221010305999800, -0.04536464278197999800, 0.1793074957847000100 ) ) ;
#6507 = CARTESIAN_POINT ( 'NONE',  ( 0.2361265059658942100, -0.1814929931539805700, 0.05098858207346216400 ) ) ;
#6508 = ORIENTED_EDGE ( 'NONE', *, *, #5672, .T. ) ;
#6509 = VERTEX_POINT ( 'NONE', #2427 ) ;
#6510 = CARTESIAN_POINT ( 'NONE',  ( 0.2102677424607508100, -0.1294766786243832000, -0.1356656318516719600 ) ) ;
#6511 = FACE_OUTER_BOUND ( 'NONE', #2474, .T. ) ;
#6512 = CARTESIAN_POINT ( 'NONE',  ( 0.1509154818708000100, 0.01145330455081999800, 0.1713758085208000000 ) ) ;
#6513 = CARTESIAN_POINT ( 'NONE',  ( 0.2833852459780000200, 0.06269287516143000300, -0.1740075595127000000 ) ) ;
#6514 = ORIENTED_EDGE ( 'NONE', *, *, #4145, .F. ) ;
#6515 = CARTESIAN_POINT ( 'NONE',  ( 0.3310527300153000000, -0.09990552234259998700, -0.1511238721816000100 ) ) ;
#6516 = CARTESIAN_POINT ( 'NONE',  ( 0.2816310554243999800, -0.001273239823557000000, -0.1849524527384000000 ) ) ;
#6517 = CARTESIAN_POINT ( 'NONE',  ( 0.2377762915841999900, -0.1045104259830999900, 0.1525997896714000000 ) ) ;
#6518 = ORIENTED_EDGE ( 'NONE', *, *, #3063, .T. ) ;
#6519 = ORIENTED_EDGE ( 'NONE', *, *, #2319, .F. ) ;
#6520 = CARTESIAN_POINT ( 'NONE',  ( -0.7339999999999999900, -0.1279863273947999800, 0.2481944801965000100 ) ) ;
#6521 = CARTESIAN_POINT ( 'NONE',  ( 0.1490343293986000100, 0.07392882681583999600, 0.1550334745665999900 ) ) ;
#6522 = EDGE_CURVE ( 'NONE', #648, #63, #560, .T. ) ;
ENDSEC;
END-ISO-10303-21;
