ISO-10303-21;
HEADER;
FILE_DESCRIPTION (( 'STEP AP214' ),
    '1' );
FILE_NAME ('112bpcx.STEP',
    '2014-07-01T20:43:56',
    ( '' ),
    ( '' ),
    'SwSTEP 2.0',
    'SolidWorks 2014',
    '' );
FILE_SCHEMA (( 'AUTOMOTIVE_DESIGN' ));
ENDSEC;

DATA;
#1 = CARTESIAN_POINT ( 'NONE',  ( 0.2371786343129999600, 0.08389721970425000100, -0.1576572316284000100 ) ) ;
#2 = CARTESIAN_POINT ( 'NONE',  ( 0.2638054278586999800, -0.1185949307391999900, 0.1509781743668000000 ) ) ;
#3 = EDGE_CURVE ( 'NONE', #381, #3373, #762, .T. ) ;
#4 = CIRCLE ( 'NONE', #3029, 0.03270000000005143100 ) ;
#5 = ORIENTED_EDGE ( 'NONE', *, *, #2328, .T. ) ;
#6 = EDGE_CURVE ( 'NONE', #4416, #6691, #786, .T. ) ;
#7 = DIRECTION ( 'NONE',  ( 1.000000000000000000, 0.0000000000000000000, 0.0000000000000000000 ) ) ;
#8 = CARTESIAN_POINT ( 'NONE',  ( 0.1605487412355000000, 0.1313779135157000000, -0.1302665904484000000 ) ) ;
#9 = CARTESIAN_POINT ( 'NONE',  ( 0.2831886391983623500, 0.1824455945263316600, -0.04430615453554540000 ) ) ;
#10 = LINE ( 'NONE', #4024, #98 ) ;
#11 = ORIENTED_EDGE ( 'NONE', *, *, #7111, .F. ) ;
#12 = PLANE ( 'NONE',  #5381 ) ;
#13 = DIRECTION ( 'NONE',  ( -0.9914466781300052000, 0.0000000000000000000, 0.1305123918445206500 ) ) ;
#14 = EDGE_CURVE ( 'NONE', #1798, #5856, #740, .T. ) ;
#15 = DIRECTION ( 'NONE',  ( 1.000000000000000000, 0.0000000000000000000, -0.0000000000000000000 ) ) ;
#17 = EDGE_CURVE ( 'NONE', #5533, #4409, #706, .T. ) ;
#16 = CARTESIAN_POINT ( 'NONE',  ( 0.2837021546593089200, 0.1860517068533575100, -0.02522381737489666500 ) ) ;
#18 = CARTESIAN_POINT ( 'NONE',  ( 0.1587945506818999600, 0.07829169420574999500, -0.1676304122171000100 ) ) ;
#19 = AXIS2_PLACEMENT_3D ( 'NONE', #1877, #2046, #2062 ) ;
#20 = VECTOR ( 'NONE', #5115, 39.37007874015748900 ) ;
#21 = ORIENTED_EDGE ( 'NONE', *, *, #1664, .T. ) ;
#22 = CARTESIAN_POINT ( 'NONE',  ( 0.2352974818407999900, 0.01974949924770000000, -0.1774950911819999600 ) ) ;
#23 = CARTESIAN_POINT ( 'NONE',  ( -0.6134316555180999700, 0.02792294460643000200, 0.06887535623222000600 ) ) ;
#24 = CARTESIAN_POINT ( 'NONE',  ( -0.7677204956737500000, 0.2444999999999999700, 0.1057546442206999800 ) ) ;
#25 = CARTESIAN_POINT ( 'NONE',  ( -0.7810000000000001400, 0.2454999999999532600, 0.2454999999999532300 ) ) ;
#26 = VECTOR ( 'NONE', #4141, 39.37007874015748100 ) ;
#27 = CARTESIAN_POINT ( 'NONE',  ( -0.7326511801730000200, 0.2605000000000000100, -0.06637111058979000600 ) ) ;
#28 = ORIENTED_EDGE ( 'NONE', *, *, #1620, .F. ) ;
#29 = CARTESIAN_POINT ( 'NONE',  ( 0.2829319451339500400, 0.1798968619699404800, -0.05370193432099223300 ) ) ;
#30 = EDGE_CURVE ( 'NONE', #2545, #2702, #773, .T. ) ;
#31 = CARTESIAN_POINT ( 'NONE',  ( 0.2334163293684999900, -0.04718995089017999400, -0.1722430335865000300 ) ) ;
#32 = DIRECTION ( 'NONE',  ( -0.7213873210325371100, 8.481068866981748100E-017, -0.6925318281880618000 ) ) ;
#33 = AXIS2_PLACEMENT_3D ( 'NONE', #4210, #4452, #4467 ) ;
#34 = DIRECTION ( 'NONE',  ( 0.9914466781300418400, 0.0000000000000000000, 0.1305123918442425700 ) ) ;
#35 = CARTESIAN_POINT ( 'NONE',  ( 0.2290312840559709200, -0.02200500397183459400, -0.1681012974242530900 ) ) ;
#36 = LINE ( 'NONE', #4663, #82 ) ;
#37 = CARTESIAN_POINT ( 'NONE',  ( 0.2059171395897000100, -0.1919395485541000000, -0.004302808611158000100 ) ) ;
#38 = CARTESIAN_POINT ( 'NONE',  ( 0.1570403601282000000, 0.01556647789439000000, -0.1843562664159999800 ) ) ;
#39 = CARTESIAN_POINT ( 'NONE',  ( 0.2839609477979047100, 0.1871074514236695000, -0.01546202016177846000 ) ) ;
#40 = CARTESIAN_POINT ( 'NONE',  ( 0.2315351768962000100, -0.1074588617385000000, -0.1426434404440000100 ) ) ;
#41 = LINE ( 'NONE', #4000, #7185 ) ;
#42 = CARTESIAN_POINT ( 'NONE',  ( 0.2821620539388955400, 0.1701387559529238300, -0.08112256003863924100 ) ) ;
#43 = CARTESIAN_POINT ( 'NONE',  ( 0.1552861695746000100, -0.04907526412613999500, -0.1783848938526999800 ) ) ;
#44 = PLANE ( 'NONE',  #261 ) ;
#45 = CARTESIAN_POINT ( 'NONE',  ( 0.2847256877595055200, 0.1880033734402819500, 0.01346185366846317100 ) ) ;
#46 = B_SPLINE_CURVE_WITH_KNOTS ( 'NONE', 3,
 ( #3682, #3748, #3780, #3828 ),
 .UNSPECIFIED., .F., .F.,
 ( 4, 4 ),
 ( 0.0000000000000000000, 0.003694680973268197900 ),
 .UNSPECIFIED. ) ;
#47 = CARTESIAN_POINT ( 'NONE',  ( 0.2296540244239999900, -0.1525378673347999900, -0.09288035903138998400 ) ) ;
#48 = CIRCLE ( 'NONE', #5600, 0.1874999999999694400 ) ;
#49 = EDGE_CURVE ( 'NONE', #2037, #1945, #674, .T. ) ;
#50 = EDGE_CURVE ( 'NONE', #4431, #3694, #691, .T. ) ;
#51 = CARTESIAN_POINT ( 'NONE',  ( -0.8940000000000002400, -0.2043538597628516700, 0.1491995308303483400 ) ) ;
#52 = CARTESIAN_POINT ( 'NONE',  ( 0.2816490478064362900, 0.1607879700842213300, -0.09836304489524119700 ) ) ;
#53 = DIRECTION ( 'NONE',  ( -0.1273811335162092200, 0.9918538434790308300, 0.0000000000000000000 ) ) ;
#54 = CARTESIAN_POINT ( 'NONE',  ( 0.1535319790209999900, -0.1076750828634000000, -0.1504514277783000100 ) ) ;
#55 = VECTOR ( 'NONE', #4310, 39.37007874015748100 ) ;
#56 = CARTESIAN_POINT ( 'NONE',  ( 0.2277728719517000100, -0.1760547689595000100, -0.02998807098102999500 ) ) ;
#57 = CARTESIAN_POINT ( 'NONE',  ( 0.1517777884674000000, -0.1530183663111000000, -0.1039948980994999900 ) ) ;
#58 = CARTESIAN_POINT ( 'NONE',  ( 0.1500235979137999900, -0.1795225805546999700, -0.04473484080178000100 ) ) ;
#59 = CARTESIAN_POINT ( 'NONE',  ( 0.2852357522825263400, 0.1856180119017940800, 0.03283471386378170700 ) ) ;
#60 = EDGE_CURVE ( 'NONE', #2275, #4562, #3386, .T. ) ;
#61 = LINE ( 'NONE', #6363, #106 ) ;
#62 = DIRECTION ( 'NONE',  ( 0.9918538434790308300, 0.1273811335162092200, 0.0000000000000000000 ) ) ;
#63 = AXIS2_PLACEMENT_3D ( 'NONE', #420, #438, #449 ) ;
#64 = CARTESIAN_POINT ( 'NONE',  ( -0.6597219338546975700, 0.006384854396439942200, -0.01300562354213000100 ) ) ;
#65 = CARTESIAN_POINT ( 'NONE',  ( -0.7074985263545913200, 0.009283048678463417700, 0.02217749680796532800 ) ) ;
#66 = CARTESIAN_POINT ( 'NONE',  ( -0.6596256994690999900, -0.005711688774191999900, 0.05768773442891000200 ) ) ;
#67 = CARTESIAN_POINT ( 'NONE',  ( 0.7027643097711999700, 4.210354007422793300E-015, 3.267973162420875000E-014 ) ) ;
#68 = LINE ( 'NONE', #4171, #26 ) ;
#69 = CARTESIAN_POINT ( 'NONE',  ( 0.2258917194793999800, -0.1746852883073999600, 0.03714323821756000000 ) ) ;
#70 = CARTESIAN_POINT ( 'NONE',  ( 0.2655596184123000200, -0.1634469788950000100, 0.1007186569371000000 ) ) ;
#71 = CARTESIAN_POINT ( 'NONE',  ( 0.2806235448700045700, 0.1372799729069453500, -0.1291439764804874500 ) ) ;
#72 = AXIS2_PLACEMENT_3D ( 'NONE', #1513, #2003, #1974 ) ;
#73 = CARTESIAN_POINT ( 'NONE',  ( -0.7810000000000001400, 0.2454999999999766300, 0.3075000000000108800 ) ) ;
#74 = CARTESIAN_POINT ( 'NONE',  ( 0.2801110480660326000, 0.1231504622208732400, -0.1426925987804985300 ) ) ;
#75 = CARTESIAN_POINT ( 'NONE',  ( 0.7899107369756768200, -0.2649349102518244200, 0.04111927474520783700 ) ) ;
#76 = CIRCLE ( 'NONE', #437, 0.08500000000161785100 ) ;
#77 = CARTESIAN_POINT ( 'NONE',  ( 0.2862563570924765400, 0.1750344209739034800, 0.06993849668279951400 ) ) ;
#78 = CARTESIAN_POINT ( 'NONE',  ( 0.2240105670071000100, -0.1486229816722000100, 0.09902415588377000400 ) ) ;
#79 = CARTESIAN_POINT ( 'NONE',  ( 0.2041629490360999900, -0.1816108065899000000, 0.06226414426423999800 ) ) ;
#80 = FILL_AREA_STYLE ('',( #5469 ) ) ;
#81 = LINE ( 'NONE', #4163, #7163 ) ;
#82 = VECTOR ( 'NONE', #5876, 39.37007874015748100 ) ;
#83 = AXIS2_PLACEMENT_3D ( 'NONE', #2638, #2654, #2573 ) ;
#84 = CARTESIAN_POINT ( 'NONE',  ( 0.1482694073602000000, -0.1839245794879000000, 0.02003286309672000500 ) ) ;
#85 = VERTEX_POINT ( 'NONE', #5629 ) ;
#86 = CARTESIAN_POINT ( 'NONE',  ( 0.2790865637865747600, 0.09144332159750323500, -0.1648022497773513100 ) ) ;
#87 = CARTESIAN_POINT ( 'NONE',  ( 0.2221294145349000100, -0.1015518883163999800, 0.1469074271547000100 ) ) ;
#88 = B_SPLINE_CURVE_WITH_KNOTS ( 'NONE', 3,
 ( #5061, #5073, #5025, #5014, #5007, #4993, #4984, #4982, #4966, #4957, #4945, #4936, #4934, #4919, #4915, #4889, #4878, #4862, #4851, #4840, #4829, #4797, #4786, #4770, #4762, #4755, #4742, #4730 ),
 .UNSPECIFIED., .F., .F.,
 ( 4, 2, 2, 2, 2, 2, 2, 2, 2, 2, 2, 2, 2, 4 ),
 ( 1.338184093552745200E-015, 0.0003663931028437524600, 0.0007327862056861668000, 0.001099179308528581600, 0.001465572411370996600, 0.002198358617055823200, 0.002564751719898238300, 0.002931144822740653900, 0.003297537925583069900, 0.003663931028425485500, 0.004030324131267901100, 0.004396717234110315800, 0.005129503439795147900, 0.005862289645479979100 ),
 .UNSPECIFIED. ) ;
#89 = LINE ( 'NONE', #4254, #6264 ) ;
#90 = CARTESIAN_POINT ( 'NONE',  ( -0.4992896571633581000, 0.05749477982875826600, -0.1126792251917238800 ) ) ;
#91 = CIRCLE ( 'NONE', #4308, 0.1874999999999694400 ) ;
#92 = ORIENTED_EDGE ( 'NONE', *, *, #3580, .T. ) ;
#93 = CARTESIAN_POINT ( 'NONE',  ( 0.2867668973794048600, 0.1668773196371504400, 0.08767483654088462100 ) ) ;
#94 = CARTESIAN_POINT ( 'NONE',  ( 0.1465152168066000100, -0.1656823625255000000, 0.08233422681933999500 ) ) ;
#95 = CARTESIAN_POINT ( 'NONE',  ( 0.1447610262530000000, -0.1270418153247999900, 0.1344988881438999900 ) ) ;
#96 = CARTESIAN_POINT ( 'NONE',  ( 0.2785745763110888400, 0.07389445108230310900, -0.1733943185529861500 ) ) ;
#97 = SURFACE_SIDE_STYLE ('',( #6035 ) ) ;
#98 = VECTOR ( 'NONE', #4032, 39.37007874015748100 ) ;
#99 = ORIENTED_EDGE ( 'NONE', *, *, #4517, .F. ) ;
#100 = CARTESIAN_POINT ( 'NONE',  ( 0.2877884537171602200, 0.1455226752906779400, 0.1198094465724860700 ) ) ;
#101 = CARTESIAN_POINT ( 'NONE',  ( 0.7788404885582191900, -0.2886751345948362400, -2.714133640958143600E-014 ) ) ;
#102 = CARTESIAN_POINT ( 'NONE',  ( 0.2775511106885989500, 0.03703947756913818200, -0.1847959098255009800 ) ) ;
#103 = CARTESIAN_POINT ( 'NONE',  ( 0.2202482620626000400, -0.04012577743941000300, 0.1740244356785000100 ) ) ;
#104 = EDGE_CURVE ( 'NONE', #3562, #4264, #652, .T. ) ;
#105 = SURFACE_STYLE_USAGE ( .BOTH. , #97 ) ;
#107 = EDGE_CURVE ( 'NONE', #5004, #3157, #574, .T. ) ;
#106 = VECTOR ( 'NONE', #3115, 39.37007874015748100 ) ;
#108 = ORIENTED_EDGE ( 'NONE', *, *, #3368, .T. ) ;
#109 = CARTESIAN_POINT ( 'NONE',  ( 0.1430068356994000100, -0.07276021443591999800, 0.1701044635611999900 ) ) ;
#110 = DIRECTION ( 'NONE',  ( 0.0000000000000000000, 0.0000000000000000000, -1.000000000000000000 ) ) ;
#111 = CARTESIAN_POINT ( 'NONE',  ( -0.6470623850928000100, -0.008346602766878999400, 0.05964555433070999800 ) ) ;
#112 = CARTESIAN_POINT ( 'NONE',  ( 0.2183671095903000100, 0.02697239649933999600, 0.1765419953428999900 ) ) ;
#113 = LINE ( 'NONE', #5042, #165 ) ;
#114 = ORIENTED_EDGE ( 'NONE', *, *, #3444, .F. ) ;
#115 = CARTESIAN_POINT ( 'NONE',  ( -0.5034594237362214300, 0.04908726774478236500, -0.1169691328523120000 ) ) ;
#116 = AXIS2_PLACEMENT_3D ( 'NONE', #1309, #1308, #1302 ) ;
#118 = EDGE_CURVE ( 'NONE', #5400, #5596, #584, .T. ) ;
#117 = CARTESIAN_POINT ( 'NONE',  ( 0.2882994697679881500, 0.1323558748955316900, 0.1342260561159069900 ) ) ;
#119 = CARTESIAN_POINT ( 'NONE',  ( 0.2024087584825000100, -0.1489234804241000000, 0.1211656303533000000 ) ) ;
#120 = CARTESIAN_POINT ( 'NONE',  ( 0.2673138089659000100, -0.1881770912126999900, 0.03805970519316000100 ) ) ;
#121 = CARTESIAN_POINT ( 'NONE',  ( 0.2770396325415958000, 0.01774523688662073300, -0.1876383788263782400 ) ) ;
#122 = LINE ( 'NONE', #1942, #178 ) ;
#123 = VERTEX_POINT ( 'NONE', #5559 ) ;
#124 = CARTESIAN_POINT ( 'NONE',  ( 0.2164859571180999800, 0.09025787982643000700, 0.1541042033663999900 ) ) ;
#125 = CARTESIAN_POINT ( 'NONE',  ( -0.5061064439877347400, 0.03994854555850664600, -0.1204484530937992800 ) ) ;
#126 = CARTESIAN_POINT ( 'NONE',  ( 0.2893219776335481100, 0.1022546816368687400, 0.1583621678128211700 ) ) ;
#127 = CARTESIAN_POINT ( 'NONE',  ( -0.5087232090921760500, 0.02527488747394352300, -0.1240515884599025100 ) ) ;
#128 = CARTESIAN_POINT ( 'NONE',  ( 0.2760171855760814600, -0.02075667577379699700, -0.1873298951855036600 ) ) ;
#129 = EDGE_CURVE ( 'NONE', #3336, #5137, #513, .T. ) ;
#130 = LINE ( 'NONE', #4300, #55 ) ;
#131 = CARTESIAN_POINT ( 'NONE',  ( 0.2146048046458000100, 0.1407848493134999900, 0.1098827586642000000 ) ) ;
#132 = CARTESIAN_POINT ( 'NONE',  ( 0.1412526451457999900, -0.009520534978387000500, 0.1847672598076000000 ) ) ;
#133 = AXIS2_PLACEMENT_3D ( 'NONE', #4542, #4527, #4586 ) ;
#134 =( LENGTH_UNIT ( ) NAMED_UNIT ( * ) SI_UNIT ( $, .METRE. ) );
#135 = CARTESIAN_POINT ( 'NONE',  ( -0.7810000000000001400, -0.1767766952965930700, 0.1767766952966069700 ) ) ;
#136 = CIRCLE ( 'NONE', #4481, 0.06200000000006851400 ) ;
#137 = CARTESIAN_POINT ( 'NONE',  ( 0.1394984545922000100, 0.05489133180373000100, 0.1766819914704999800 ) ) ;
#138 = CARTESIAN_POINT ( 'NONE',  ( 0.2898334694482803700, 0.08532270717177949100, 0.1680846539020182700 ) ) ;
#139 = CARTESIAN_POINT ( 'NONE',  ( 0.2127236521735000100, 0.1714109650137000100, 0.05012863064995999600 ) ) ;
#140 = EDGE_CURVE ( 'NONE', #4766, #2578, #528, .T. ) ;
#141 = AXIS2_PLACEMENT_3D ( 'NONE', #271, #347, #364 ) ;
#142 = UNCERTAINTY_MEASURE_WITH_UNIT (LENGTH_MEASURE( 1.000000000000000100E-005 ), #149, 'distance_accuracy_value', 'NONE');
#143 = CARTESIAN_POINT ( 'NONE',  ( -0.5093523746427471900, 0.02022958178607537500, -0.1249748963535902100 ) ) ;
#144 = VECTOR ( 'NONE', #5070, 39.37007874015748100 ) ;
#145 = CARTESIAN_POINT ( 'NONE',  ( 0.2755062167575702000, -0.03996436713849603500, -0.1841804434487534800 ) ) ;
#146 = CARTESIAN_POINT ( 'NONE',  ( 0.1377442640385999900, 0.1125451537709999900, 0.1468440543317000000 ) ) ;
#147 = CARTESIAN_POINT ( 'NONE',  ( 0.1359900734850000000, 0.1563427092931000100, 0.09892698656923998300 ) ) ;
#148 = CARTESIAN_POINT ( 'NONE',  ( 0.2908569288416492100, 0.04931492973490584500, 0.1819469594292352800 ) ) ;
#149 =( CONVERSION_BASED_UNIT ( 'INCH', #5890 ) LENGTH_UNIT ( ) NAMED_UNIT ( #2956 ) );
#150 = CARTESIAN_POINT ( 'NONE',  ( -0.5103706770838999400, 3.930074648466654600E-014, -0.1265000000000640100 ) ) ;
#152 = EDGE_CURVE ( 'NONE', #4921, #3291, #549, .T. ) ;
#151 = CARTESIAN_POINT ( 'NONE',  ( 0.2744847884490355100, -0.07649846552990786900, -0.1722582067564729100 ) ) ;
#153 = CARTESIAN_POINT ( 'NONE',  ( 0.2913688964202848000, 0.03022886191062084200, 0.1860564887358976100 ) ) ;
#154 = AXIS2_PLACEMENT_3D ( 'NONE', #2784, #2805, #2817 ) ;
#155 = CARTESIAN_POINT ( 'NONE',  ( 0.2108424997012000000, 0.1778069930146999900, -0.01671154900288000100 ) ) ;
#156 = DIRECTION ( 'NONE',  ( -1.006075183802954900E-015, 0.7071067811865469100, -0.7071067811865482400 ) ) ;
#157 =( NAMED_UNIT ( * ) PLANE_ANGLE_UNIT ( ) SI_UNIT ( $, .RADIAN. ) );
#158 = CIRCLE ( 'NONE', #3408, 0.08500000000161785100 ) ;
#159 = CARTESIAN_POINT ( 'NONE',  ( 0.2006545679288999600, -0.09790176514782998600, 0.1651501185269000100 ) ) ;
#160 = CARTESIAN_POINT ( 'NONE',  ( 0.1342358829314000100, 0.1808917087263000000, 0.03883020220589999300 ) ) ;
#161 = CARTESIAN_POINT ( 'NONE',  ( 0.2739743289590119100, -0.09381318222557448500, -0.1634542981107545700 ) ) ;
#162 = EDGE_CURVE ( 'NONE', #3594, #1200, #499, .T. ) ;
#163 = CARTESIAN_POINT ( 'NONE',  ( 0.2089613472290000100, 0.1590687800422999900, -0.08118946948253000200 ) ) ;
#164 = AXIS2_PLACEMENT_3D ( 'NONE', #6410, #6389, #6353 ) ;
#165 = VECTOR ( 'NONE', #4669, 39.37007874015748100 ) ;
#166 = CARTESIAN_POINT ( 'NONE',  ( 0.2729539193074515500, -0.1249757246481713200, -0.1410875479148564800 ) ) ;
#167 = DIRECTION ( 'NONE',  ( 0.0000000000000000000, -0.7071067811865482400, -0.7071067811865469100 ) ) ;
#168 = CARTESIAN_POINT ( 'NONE',  ( 0.2690679995195000000, -0.1897407667674000100, -0.02928474541374000200 ) ) ;
#169 = CARTESIAN_POINT ( 'NONE',  ( 0.2923933073414779500, -0.008290057259526927700, 0.1883263702267268800 ) ) ;
#170 = LINE ( 'NONE', #1677, #225 ) ;
#171 =( NAMED_UNIT ( * ) SI_UNIT ( $, .STERADIAN. ) SOLID_ANGLE_UNIT ( ) );
#172 = AXIS2_PLACEMENT_3D ( 'NONE', #1489, #1503, #1514 ) ;
#173 = CARTESIAN_POINT ( 'NONE',  ( -0.5103706770838999400, 0.005096539471500183300, -0.1265000000000639500 ) ) ;
#174 = CARTESIAN_POINT ( 'NONE',  ( 0.2724439691459150700, -0.1387952500732500800, -0.1274948618358696900 ) ) ;
#175 = FACE_OUTER_BOUND ( 'NONE', #1952, .T. ) ;
#176 = CARTESIAN_POINT ( 'NONE',  ( -0.6653017114714000500, -0.003061945006954999900, 0.05679893740762000100 ) ) ;
#177 = VECTOR ( 'NONE', #2672, 39.37007874015748100 ) ;
#178 = VECTOR ( 'NONE', #5631, 39.37007874015748900 ) ;
#179 = CARTESIAN_POINT ( 'NONE',  ( 0.2070801947567000000, 0.1178450714043999800, -0.1341907224619000000 ) ) ;
#180 = CARTESIAN_POINT ( 'NONE',  ( 0.1324816923778000000, 0.1831696898608000100, -0.02604732330158000100 ) ) ;
#181 = ORIENTED_EDGE ( 'NONE', *, *, #4513, .F. ) ;
#182 = CARTESIAN_POINT ( 'NONE',  ( 0.2051990422844000000, 0.05996310221867000300, -0.1682231890591999700 ) ) ;
#183 = B_SPLINE_CURVE_WITH_KNOTS ( 'NONE', 3,
 ( #1591, #1590, #1452, #1450, #1445, #1440 ),
 .UNSPECIFIED., .F., .F.,
 ( 4, 2, 4 ),
 ( 0.0000000000000000000, 0.5000000000000000000, 1.000000000000000000 ),
 .UNSPECIFIED. ) ;
#184 = EDGE_CURVE ( 'NONE', #837, #3533, #604, .T. ) ;
#185 = CARTESIAN_POINT ( 'NONE',  ( 0.2339841884473999600, -0.1565215531963000100, 0.1111766156562000000 ) ) ;
#186 = CARTESIAN_POINT ( 'NONE',  ( 0.1307275018242000100, 0.1628961483662000100, -0.08771799475880000300 ) ) ;
#187 = CARTESIAN_POINT ( 'NONE',  ( 0.2716794258999754600, -0.1559799204471919700, -0.1044894609642354100 ) ) ;
#188 = LINE ( 'NONE', #3946, #7140 ) ;
#189 = ORIENTED_EDGE ( 'NONE', *, *, #4552, .F. ) ;
#190 = CARTESIAN_POINT ( 'NONE',  ( -0.3561257382826242800, 0.07538322070976295800, -0.1015855296597056600 ) ) ;
#191 = CARTESIAN_POINT ( 'NONE',  ( 0.2714206745099724800, -0.1612027929261823900, -0.09625821481116946000 ) ) ;
#192 = CARTESIAN_POINT ( 'NONE',  ( 0.7348833303678998800, -1.747129878956135700E-014, -0.1720120028468148400 ) ) ;
#193 = EDGE_CURVE ( 'NONE', #5896, #3594, #629, .T. ) ;
#194 = LINE ( 'NONE', #698, #209 ) ;
#195 = ORIENTED_EDGE ( 'NONE', *, *, #1174, .F. ) ;
#196 = CARTESIAN_POINT ( 'NONE',  ( 0.1289733112705999900, 0.1225670851820999900, -0.1385890139416000000 ) ) ;
#197 = CARTESIAN_POINT ( 'NONE',  ( 0.2929057506840394600, -0.02772015601791423500, 0.1864445067105528800 ) ) ;
#198 = EDGE_CURVE ( 'NONE', #5347, #6559, #477, .T. ) ;
#199 = CARTESIAN_POINT ( 'NONE',  ( -0.3933363259282999800, 0.07066936644393999300, -0.07746775905515000700 ) ) ;
#200 = CARTESIAN_POINT ( 'NONE',  ( 0.2033178898122000000, -0.006395114952112999000, -0.1784761092987000000 ) ) ;
#202 = LINE ( 'NONE', #5035, #144 ) ;
#201 = CARTESIAN_POINT ( 'NONE',  ( 0.2709072565502183600, -0.1702277647992747600, -0.07920890489215204300 ) ) ;
#203 = CARTESIAN_POINT ( 'NONE',  ( 0.7968749999999452700, -0.2165063509407882700, 0.1250000000091932600 ) ) ;
#204 = ORIENTED_EDGE ( 'NONE', *, *, #2770, .F. ) ;
#205 = CARTESIAN_POINT ( 'NONE',  ( 0.2939311131330683000, -0.06510797945969007400, 0.1768996448528582500 ) ) ;
#206 = CARTESIAN_POINT ( 'NONE',  ( -0.7043726773266939500, 0.01664708750609186800, 0.02217749680798001400 ) ) ;
#207 = CARTESIAN_POINT ( 'NONE',  ( 0.1272191207170000100, 0.06714771509438000100, -0.1723971951243999900 ) ) ;
#208 = CARTESIAN_POINT ( 'NONE',  ( 0.2014367373399000000, -0.07184937038274999400, -0.1635001259523000100 ) ) ;
#209 = VECTOR ( 'NONE', #621, 39.37007874015748100 ) ;
#210 = ORIENTED_EDGE ( 'NONE', *, *, #5541, .F. ) ;
#211 = CARTESIAN_POINT ( 'NONE',  ( 0.1989003773753000000, -0.03482706231086000300, 0.1888025351136999900 ) ) ;
#212 = CARTESIAN_POINT ( 'NONE',  ( -0.5101720174449594400, 0.01016187177294844800, -0.1261930943431520400 ) ) ;
#213 = CARTESIAN_POINT ( 'NONE',  ( 0.2357383790010000000, -0.1852905240403000000, 0.05026583318595000100 ) ) ;
#214 = CARTESIAN_POINT ( 'NONE',  ( 0.2706506079633065300, -0.1740777588525169700, -0.07033305434247494300 ) ) ;
#215 = CARTESIAN_POINT ( 'NONE',  ( -0.7330600000000000400, -0.3037699999999999800, -0.1910000000000000000 ) ) ;
#216 = VECTOR ( 'NONE', #5092, 39.37007874015748100 ) ;
#217 = DIRECTION ( 'NONE',  ( 0.0000000000000000000, 0.0000000000000000000, 1.000000000000000000 ) ) ;
#218 = EDGE_CURVE ( 'NONE', #4535, #1066, #561, .T. ) ;
#219 = DIRECTION ( 'NONE',  ( -1.000000000000000000, 0.0000000000000000000, -0.0000000000000000000 ) ) ;
#220 = CARTESIAN_POINT ( 'NONE',  ( 0.2944440322395309200, -0.08304915428598791400, 0.1692114761796198700 ) ) ;
#221 = AXIS2_PLACEMENT_3D ( 'NONE', #3019, #3014, #3002 ) ;
#222 = CARTESIAN_POINT ( 'NONE',  ( 0.1254649301633999900, 0.003461167389639999800, -0.1849800859507999800 ) ) ;
#223 = CARTESIAN_POINT ( 'NONE',  ( 0.2698808433814661700, -0.1835280504479759900, -0.04297975891754621200 ) ) ;
#224 = CARTESIAN_POINT ( 'NONE',  ( 0.1995555848676000000, -0.1271472158037000000, -0.1254121718699000000 ) ) ;
#225 = VECTOR ( 'NONE', #510, 39.37007874015748100 ) ;
#226 = CARTESIAN_POINT ( 'NONE',  ( -0.7810000000000001400, -0.2389999999999999900, -0.1910000000000000000 ) ) ;
#227 = CARTESIAN_POINT ( 'NONE',  ( 0.0000000000000000000, 3.928525470263913200E-014, -6.791203371749754800E-014 ) ) ;
#228 = CARTESIAN_POINT ( 'NONE',  ( -0.6312191169141000400, 0.001764223517134000000, 0.06285262297221000400 ) ) ;
#229 = DIRECTION ( 'NONE',  ( -0.0000000000000000000, -1.000000000000000000, -0.0000000000000000000 ) ) ;
#230 = CARTESIAN_POINT ( 'NONE',  ( 0.2693679085654316900, -0.1869960077663091500, -0.02377152652416838000 ) ) ;
#231 = EDGE_CURVE ( 'NONE', #6080, #4409, #427, .T. ) ;
#232 = AXIS2_PLACEMENT_3D ( 'NONE', #1545, #1538, #1533 ) ;
#233 = CARTESIAN_POINT ( 'NONE',  ( 0.1976744323954000000, -0.1644718680149999700, -0.06959623627455000000 ) ) ;
#234 = CARTESIAN_POINT ( 'NONE',  ( 0.1237107396098000000, -0.06065156116100999700, -0.1747884530803000000 ) ) ;
#235 = LINE ( 'NONE', #5100, #216 ) ;
#236 = CARTESIAN_POINT ( 'NONE',  ( 0.2708221900730999900, -0.1679455201749999700, -0.09302393902122999000 ) ) ;
#237 = DIRECTION ( 'NONE',  ( 0.0000000000000000000, -0.7071067811865474600, 0.7071067811865474600 ) ) ;
#238 = CARTESIAN_POINT ( 'NONE',  ( 0.2954703462163439400, -0.1157653405888394400, 0.1487516741563008900 ) ) ;
#239 = CIRCLE ( 'NONE', #4531, 0.07999999999995319200 ) ;
#240 = CARTESIAN_POINT ( 'NONE',  ( 0.1957932799231000000, -0.1785471753492000000, -0.003942306623636000100 ) ) ;
#241 = EDGE_CURVE ( 'NONE', #5596, #4981, #450, .T. ) ;
#242 = EDGE_CURVE ( 'NONE', #6690, #5764, #395, .T. ) ;
#243 = CARTESIAN_POINT ( 'NONE',  ( 0.2683425220770814800, -0.1879120241219625600, 0.01480416647407048700 ) ) ;
#244 = LINE ( 'NONE', #5109, #257 ) ;
#245 = CARTESIAN_POINT ( 'NONE',  ( 0.1219565490561999900, -0.1172969769649000000, -0.1430770341243000100 ) ) ;
#246 = CARTESIAN_POINT ( 'NONE',  ( 0.2678300704047671400, -0.1853878859624731000, 0.03416108189713590300 ) ) ;
#247 = CARTESIAN_POINT ( 'NONE',  ( 0.1939121274507999700, -0.1673834505317000100, 0.06226893472366999700 ) ) ;
#248 = DIRECTION ( 'NONE',  ( 0.0000000000000000000, -0.0000000000000000000, 1.000000000000000000 ) ) ;
#249 = CARTESIAN_POINT ( 'NONE',  ( -0.7339999999999999900, 0.0000000000000000000, -0.1910000000000000900 ) ) ;
#250 = CARTESIAN_POINT ( 'NONE',  ( 0.2668056502038654900, -0.1745365475586219400, 0.07118931242864601200 ) ) ;
#251 = LINE ( 'NONE', #64, #288 ) ;
#252 = CARTESIAN_POINT ( 'NONE',  ( 0.2959837410866968400, -0.1305288779405669500, 0.1359841929634546000 ) ) ;
#253 = AXIS2_PLACEMENT_3D ( 'NONE', #4283, #7073, #7186 ) ;
#254 = CARTESIAN_POINT ( 'NONE',  ( 0.1920309749785000000, -0.1325587389274000000, 0.1196780038927000000 ) ) ;
#255 = CARTESIAN_POINT ( 'NONE',  ( 0.1971461868216999900, 0.03253533462792999900, 0.1892109346704000100 ) ) ;
#256 = DIRECTION ( 'NONE',  ( 0.0000000000000000000, 1.000000000000000000, 0.0000000000000000000 ) ) ;
#257 = VECTOR ( 'NONE', #5057, 39.37007874015748100 ) ;
#258 = CARTESIAN_POINT ( 'NONE',  ( 0.1671865952668484300, -3.973920135504057400E-008, -0.1680973602015782600 ) ) ;
#259 = CARTESIAN_POINT ( 'NONE',  ( 0.2662936816752776200, -0.1662510595791854600, 0.08886729775389792800 ) ) ;
#260 = EDGE_CURVE ( 'NONE', #1991, #1649, #3234, .T. ) ;
#261 = AXIS2_PLACEMENT_3D ( 'NONE', #215, #248, #256 ) ;
#262 = CARTESIAN_POINT ( 'NONE',  ( 0.1901498225063000000, -0.07899576043351001800, 0.1601696533504000100 ) ) ;
#263 = CIRCLE ( 'NONE', #6759, 0.1874999999999656400 ) ;
#264 = CARTESIAN_POINT ( 'NONE',  ( 0.2765627883634135800, 9.159556301282127100E-008, 0.1680972335166995300 ) ) ;
#265 = CARTESIAN_POINT ( 'NONE',  ( 0.1678442139151001800, 0.02220229749334761900, -0.1681015753598857900 ) ) ;
#266 = ORIENTED_EDGE ( 'NONE', *, *, #4473, .F. ) ;
#267 = CARTESIAN_POINT ( 'NONE',  ( -0.6471768195032000500, -0.002336845953456000100, 0.05945589560161999900 ) ) ;
#268 = CARTESIAN_POINT ( 'NONE',  ( 0.1202023585026000000, -0.1595009293055000000, -0.09375006837603999700 ) ) ;
#269 = CARTESIAN_POINT ( 'NONE',  ( 0.1184481679488999800, -0.1820672669965000000, -0.03288062198606000300 ) ) ;
#270 = CARTESIAN_POINT ( 'NONE',  ( 0.2964992073019966400, -0.1430028537833895300, 0.1212666237302482100 ) ) ;
#271 = CARTESIAN_POINT ( 'NONE',  ( -0.8027898111744999900, 0.2437953433570999900, 0.1011381778515999900 ) ) ;
#272 = VECTOR ( 'NONE', #7036, 39.37007874015748900 ) ;
#273 = CARTESIAN_POINT ( 'NONE',  ( 0.1882686700339999700, -0.01426605360829000100, 0.1780200322285999900 ) ) ;
#274 = ORIENTED_EDGE ( 'NONE', *, *, #1849, .T. ) ;
#275 = CARTESIAN_POINT ( 'NONE',  ( -0.6187067552900000800, 0.01248373140302000100, 0.06624935034281000100 ) ) ;
#276 = CARTESIAN_POINT ( 'NONE',  ( -0.6579670863101000400, -8.216672526045000300E-005, 0.05757677142848000000 ) ) ;
#277 = B_SPLINE_CURVE_WITH_KNOTS ( 'NONE', 3,
 ( #1951, #1867, #1835, #1829, #1810, #1797, #1795, #1785, #1783, #1772, #1770, #1747, #1736, #1734, #1719, #1712, #1711, #1700, #1698, #1690, #1689, #1676, #1667, #1651, #1640, #1638 ),
 .UNSPECIFIED., .F., .F.,
 ( 4, 2, 2, 2, 2, 2, 1, 1, 2, 2, 2, 2, 2, 4 ),
 ( 0.0000000000000000000, 0.1250000000000000000, 0.2499999999999999400, 0.3749999999999998900, 0.4374999999999998900, 0.4687499999999998900, 0.4843749999999998900, 0.4921874999999998900, 0.4960937499999998900, 0.4999999999999998900, 0.6250000000000000000, 0.7500000000000000000, 0.8750000000000000000, 1.000000000000000000 ),
 .UNSPECIFIED. ) ;
#278 = DIRECTION ( 'NONE',  ( 0.0000000000000000000, 0.0000000000000000000, -1.000000000000000000 ) ) ;
#279 = CARTESIAN_POINT ( 'NONE',  ( 0.1166939773953000100, -0.1822175939111999900, 0.03203711440456000200 ) ) ;
#280 = CARTESIAN_POINT ( 'NONE',  ( 0.1863875175616999900, 0.05248031538444999900, 0.1707058077405999900 ) ) ;
#281 = VECTOR ( 'NONE', #5202, 39.37007874015748100 ) ;
#282 = ORIENTED_EDGE ( 'NONE', *, *, #3285, .F. ) ;
#283 = EDGE_CURVE ( 'NONE', #5897, #2766, #418, .T. ) ;
#284 = AXIS2_PLACEMENT_3D ( 'NONE', #6724, #6595, #6408 ) ;
#285 = CARTESIAN_POINT ( 'NONE',  ( -1.044524830354348000, 0.2524999999999999500, 0.06100000000018986800 ) ) ;
#286 = CARTESIAN_POINT ( 'NONE',  ( 0.1685025687932278100, 0.04433941501540493400, -0.1636316654953644500 ) ) ;
#287 = CARTESIAN_POINT ( 'NONE',  ( 0.2652702277618231900, -0.1446657586552614900, 0.1208483979075519000 ) ) ;
#288 = VECTOR ( 'NONE', #5178, 39.37007874015748900 ) ;
#289 = ORIENTED_EDGE ( 'NONE', *, *, #2353, .F. ) ;
#290 = DIRECTION ( 'NONE',  ( -1.000000000000000000, 0.0000000000000000000, 0.0000000000000000000 ) ) ;
#291 = CARTESIAN_POINT ( 'NONE',  ( 0.7968750000009153800, -0.2409381711222929000, 0.08268284613353336900 ) ) ;
#292 = CARTESIAN_POINT ( 'NONE',  ( 0.2647587423769569000, -0.1313935862474839000, 0.1351685382882157900 ) ) ;
#293 = CARTESIAN_POINT ( 'NONE',  ( 0.1149397868417000000, -0.1599333553919000100, 0.09301050075977999900 ) ) ;
#294 = CIRCLE ( 'NONE', #4047, 0.07999999999999205000 ) ;
#295 = CARTESIAN_POINT ( 'NONE',  ( 0.2725763806266999800, -0.1254745735397000100, -0.1453109716561999900 ) ) ;
#296 = CARTESIAN_POINT ( 'NONE',  ( -0.7809999999999999200, -0.2389999999999999600, -0.2467499999999999700 ) ) ;
#297 = VECTOR ( 'NONE', #5288, 39.37007874015748100 ) ;
#298 = ORIENTED_EDGE ( 'NONE', *, *, #107, .F. ) ;
#299 = CARTESIAN_POINT ( 'NONE',  ( 0.1845063650894999700, 0.1118081863560999900, 0.1392608699566000000 ) ) ;
#300 = AXIS2_PLACEMENT_3D ( 'NONE', #4078, #4093, #4101 ) ;
#301 = CARTESIAN_POINT ( 'NONE',  ( -0.8940290340353002100, -0.1605132393293000100, 0.2156675682618999800 ) ) ;
#302 = CARTESIAN_POINT ( 'NONE',  ( 0.1698144148543311300, 0.08513448359794541200, -0.1466159266495289700 ) ) ;
#303 = CARTESIAN_POINT ( 'NONE',  ( 0.2637362547509462500, -0.1011208623944109500, 0.1590891624750056200 ) ) ;
#304 = CARTESIAN_POINT ( 'NONE',  ( 0.1704679060373077700, 0.1037732676562451700, -0.1340467224094746800 ) ) ;
#305 = LINE ( 'NONE', #27, #339 ) ;
#306 = CARTESIAN_POINT ( 'NONE',  ( 0.1826252126171999900, 0.1553310445728999800, 0.08813019440448000000 ) ) ;
#307 = CARTESIAN_POINT ( 'NONE',  ( 0.1953919962681000000, 0.09589224412944999400, 0.1663250058608000100 ) ) ;
#308 = DIRECTION ( 'NONE',  ( -1.000000000000000000, 0.0000000000000000000, 0.0000000000000000000 ) ) ;
#309 = AXIS2_PLACEMENT_3D ( 'NONE', #1003, #1039, #2035 ) ;
#310 = DIRECTION ( 'NONE',  ( 0.0000000000000000000, 1.000000000000000000, 0.0000000000000000000 ) ) ;
#311 = LINE ( 'NONE', #5222, #281 ) ;
#312 = CARTESIAN_POINT ( 'NONE',  ( 0.1717700247081107900, 0.1347770210181998800, -0.1028234423117980900 ) ) ;
#313 = CARTESIAN_POINT ( 'NONE',  ( 0.2632252525098019400, -0.08411848466103227800, 0.1686873119367146300 ) ) ;
#314 = CARTESIAN_POINT ( 'NONE',  ( 0.1807440601448999900, 0.1768965308251000100, 0.02454151768673000200 ) ) ;
#315 = EDGE_CURVE ( 'NONE', #1399, #1055, #330, .T. ) ;
#316 = CARTESIAN_POINT ( 'NONE',  ( 0.1724186521959372700, 0.1471401155052473300, -0.08417282471164187800 ) ) ;
#317 = CARTESIAN_POINT ( 'NONE',  ( 0.3009999999999994900, -5.645250190430559300E-014, -0.1272500000000276200 ) ) ;
#318 = CARTESIAN_POINT ( 'NONE',  ( 0.1131855962881000000, -0.1179581357758000000, 0.1425324972861000100 ) ) ;
#319 = CARTESIAN_POINT ( 'NONE',  ( 0.2622037311712353000, -0.04801284639713172800, 0.1822904350190515900 ) ) ;
#320 = B_SPLINE_CURVE_WITH_KNOTS ( 'NONE', 3,
 ( #4696, #5000, #5047, #5155 ),
 .UNSPECIFIED., .F., .F.,
 ( 4, 4 ),
 ( 5.237148561206105400E-016, 0.003694680973536621200 ),
 .UNSPECIFIED. ) ;
#321 = CARTESIAN_POINT ( 'NONE',  ( 0.1788629076725999900, 0.1734561391373000100, -0.04251635727154000300 ) ) ;
#322 = LINE ( 'NONE', #4639, #360 ) ;
#323 = CARTESIAN_POINT ( 'NONE',  ( 0.1737110434764437800, 0.1637892050728145000, -0.04365512327075866900 ) ) ;
#324 = DIRECTION ( 'NONE',  ( -0.0000000000000000000, -0.0000000000000000000, 1.000000000000000000 ) ) ;
#325 = CARTESIAN_POINT ( 'NONE',  ( -0.6628495554896000100, 0.002197614173844000000, 0.05682988971220000200 ) ) ;
#326 = EDGE_CURVE ( 'NONE', #5765, #1493, #3108, .T. ) ;
#327 = DIRECTION ( 'NONE',  ( -0.3907311284857228300, -0.9205048534539476100, -0.0000000000000000000 ) ) ;
#328 = CARTESIAN_POINT ( 'NONE',  ( 0.1114314057345000000, -0.06145988164944000300, 0.1745059330127999900 ) ) ;
#329 = CARTESIAN_POINT ( 'NONE',  ( 0.1769817552003999900, 0.1454961609890000100, -0.1035642028212000000 ) ) ;
#330 = LINE ( 'NONE', #5249, #297 ) ;
#331 = CARTESIAN_POINT ( 'NONE',  ( 0.1096772151809000000, 0.002605364622017000200, 0.1849941968964000100 ) ) ;
#332 = CARTESIAN_POINT ( 'NONE',  ( 0.2616932120738131900, -0.02889869592737309000, 0.1862617275564756600 ) ) ;
#333 = CARTESIAN_POINT ( 'NONE',  ( -0.3665989825274578700, 0.05884146498050357000, -0.1119818378084502700 ) ) ;
#334 = CARTESIAN_POINT ( 'NONE',  ( 0.1743548072691233400, 0.1681016018092300900, -0.02180675732882331200 ) ) ;
#335 = CARTESIAN_POINT ( 'NONE',  ( 0.1750161808375159700, 0.1680985130898339500, 0.0006802681601107338500 ) ) ;
#336 = CARTESIAN_POINT ( 'NONE',  ( 0.1079230246273000000, 0.06634988608151000400, 0.1727059249076000100 ) ) ;
#337 = CARTESIAN_POINT ( 'NONE',  ( 0.1936378057145000100, 0.1474435940487000000, 0.1229622742544000000 ) ) ;
#338 = CARTESIAN_POINT ( 'NONE',  ( -0.6199267571840000300, 0.02449109749003000300, 0.06823943751637999400 ) ) ;
#339 = VECTOR ( 'NONE', #13, 39.37007874015748100 ) ;
#340 = CARTESIAN_POINT ( 'NONE',  ( 0.1751006027280999900, 0.09696895586859000100, -0.1499723397524999900 ) ) ;
#341 = PLANE ( 'NONE',  #141 ) ;
#342 = CARTESIAN_POINT ( 'NONE',  ( 0.1750327734789193000, 0.1680949766796038500, 0.001244398666531546200 ) ) ;
#343 = CARTESIAN_POINT ( 'NONE',  ( 0.1750694553897843000, 0.1680809435104353700, 0.002491414614017282300 ) ) ;
#344 = CARTESIAN_POINT ( 'NONE',  ( -0.6143646376065999800, 0.02261583139313000000, 0.06812847451594999900 ) ) ;
#345 = VECTOR ( 'NONE', #5266, 39.37007874015748100 ) ;
#346 = CARTESIAN_POINT ( 'NONE',  ( 0.1732194502557999900, 0.03473426100311000100, -0.1751805249612999900 ) ) ;
#347 = DIRECTION ( 'NONE',  ( -0.1305123918442426000, 0.0000000000000000000, 0.9914466781300419500 ) ) ;
#348 = LINE ( 'NONE', #5613, #482 ) ;
#349 = CARTESIAN_POINT ( 'NONE',  ( 0.1061688340736999900, 0.1219254258558999900, 0.1391540062352000000 ) ) ;
#350 = CARTESIAN_POINT ( 'NONE',  ( 0.1751245259022588500, 0.1680494775115295400, 0.004363360138141203500 ) ) ;
#351 = VECTOR ( 'NONE', #5298, 39.37007874015748100 ) ;
#352 = CARTESIAN_POINT ( 'NONE',  ( 0.2606726570226859400, 0.009633786006248730800, 0.1882537513635501900 ) ) ;
#353 = ORIENTED_EDGE ( 'NONE', *, *, #4759, .T. ) ;
#354 = CARTESIAN_POINT ( 'NONE',  ( 0.1713382977835999900, -0.03241048636346000000, -0.1756253105387000100 ) ) ;
#355 = EDGE_CURVE ( 'NONE', #1916, #6772, #311, .T. ) ;
#356 = B_SPLINE_CURVE_WITH_KNOTS ( 'NONE', 3,
 ( #3944, #3988, #4165, #4179, #4187, #4204, #4213, #4229, #4236, #4252, #4306, #4320, #4329, #4354 ),
 .UNSPECIFIED., .F., .F.,
 ( 4, 2, 2, 2, 2, 2, 4 ),
 ( 0.0000000000000000000, 0.0008502775575741077400, 0.001275416336361164300, 0.001700555115148220900, 0.002125693893935277500, 0.002550832672722333800, 0.003401110230296443100 ),
 .UNSPECIFIED. ) ;
#357 = CARTESIAN_POINT ( 'NONE',  ( 0.1752533572879398400, 0.1679028684882404300, 0.008740365034596376100 ) ) ;
#358 = CARTESIAN_POINT ( 'NONE',  ( 0.2601626210689813000, 0.02904827749827589700, 0.1862330488808217100 ) ) ;
#359 = CARTESIAN_POINT ( 'NONE',  ( 0.1044146435201000100, 0.1624894695720000000, 0.08846932920215000400 ) ) ;
#360 = VECTOR ( 'NONE', #6466, 39.37007874015748900 ) ;
#361 = VERTEX_POINT ( 'NONE', #5132 ) ;
#362 = CARTESIAN_POINT ( 'NONE',  ( 0.1918836151609000000, 0.1808427148943999600, 0.06446123671124000300 ) ) ;
#363 = CARTESIAN_POINT ( 'NONE',  ( -0.7339999999999999900, -0.2439999999999624400, -0.3075000000000000000 ) ) ;
#364 = DIRECTION ( 'NONE',  ( 0.9914466781300418400, 0.0000000000000000000, 0.1305123918442425700 ) ) ;
#365 = B_SPLINE_CURVE_WITH_KNOTS ( 'NONE', 3,
 ( #2319, #2336, #2467, #2308, #2293, #2282, #2268, #2245, #2215, #2213, #2193, #2178, #2161, #2153, #2144, #2116, #2107, #2094, #2083, #2069, #2047, #2033, #2014, #2006 ),
 .UNSPECIFIED., .F., .F.,
 ( 4, 2, 2, 2, 2, 2, 2, 2, 2, 2, 2, 4 ),
 ( 0.0000000000000000000, 0.1249999999999999400, 0.2499999999999998900, 0.3749999999999998300, 0.4374999999999997800, 0.4687499999999997800, 0.4843749999999997800, 0.4999999999999997800, 0.6249999999999997800, 0.7499999999999998900, 0.8749999999999998900, 1.000000000000000000 ),
 .UNSPECIFIED. ) ;
#366 = CARTESIAN_POINT ( 'NONE',  ( 0.1694571453112999900, -0.09497374333765000500, -0.1512437817363999900 ) ) ;
#367 = AXIS2_PLACEMENT_3D ( 'NONE', #6913, #6901, #6964 ) ;
#368 = CARTESIAN_POINT ( 'NONE',  ( 0.1753643559440769000, 0.1676507968901439200, 0.01250490608799389800 ) ) ;
#369 = CIRCLE ( 'NONE', #2624, 0.005000000000035938400 ) ;
#370 = CARTESIAN_POINT ( 'NONE',  ( 0.1755871155951853300, 0.1669756102906268200, 0.02004326648617464600 ) ) ;
#371 = VERTEX_POINT ( 'NONE', #5121 ) ;
#372 = CARTESIAN_POINT ( 'NONE',  ( 0.2596448611499145300, 0.04799732440606288600, 0.1812494080166950100 ) ) ;
#373 = CARTESIAN_POINT ( 'NONE',  ( 0.1026604529664999900, 0.1830477060892999900, 0.02689219595094000100 ) ) ;
#374 = CARTESIAN_POINT ( 'NONE',  ( 0.1675759928389999900, -0.1441115799741999900, -0.1054824632718000000 ) ) ;
#375 = LINE ( 'NONE', #7118, #272 ) ;
#376 = ORIENTED_EDGE ( 'NONE', *, *, #5260, .F. ) ;
#377 = CARTESIAN_POINT ( 'NONE',  ( 0.1757366384810360700, 0.1662974246795277400, 0.02508131275095889700 ) ) ;
#378 = CARTESIAN_POINT ( 'NONE',  ( 0.2596324135078440000, 0.04845257778588848300, 0.1811284459003404100 ) ) ;
#379 = CARTESIAN_POINT ( 'NONE',  ( -0.8014409913475980500, 0.2525000000000000000, -0.05731573425037623400 ) ) ;
#380 = VECTOR ( 'NONE', #5321, 39.37007874015748100 ) ;
#381 = VERTEX_POINT ( 'NONE', #5123 ) ;
#382 = CARTESIAN_POINT ( 'NONE',  ( 0.1761882564939238600, 0.1635587908571804700, 0.04016669401776161400 ) ) ;
#383 = CARTESIAN_POINT ( 'NONE',  ( 0.1764934009762973200, 0.1607869255525600800, 0.05018491069518055100 ) ) ;
#384 = CARTESIAN_POINT ( 'NONE',  ( 0.1009062624129000000, 0.1810689411074999900, -0.03799597900323999800 ) ) ;
#385 = CARTESIAN_POINT ( 'NONE',  ( 0.09915207185929998700, 0.1567967529585999900, -0.09820609471063999900 ) ) ;
#386 = CARTESIAN_POINT ( 'NONE',  ( 0.2596120263292930300, 0.04919747081123796600, 0.1809276315217592000 ) ) ;
#387 = CARTESIAN_POINT ( 'NONE',  ( 0.1656948403667999900, -0.1728778577195000100, -0.04481013219216999800 ) ) ;
#388 = AXIS2_PLACEMENT_3D ( 'NONE', #850, #877, #895 ) ;
#389 = LINE ( 'NONE', #6998, #399 ) ;
#390 = CARTESIAN_POINT ( 'NONE',  ( 0.1774210318447602400, 0.1495607530293464000, 0.07955833668504780400 ) ) ;
#391 = DIRECTION ( 'NONE',  ( 0.0000000000000000000, 0.0000000000000000000, -1.000000000000000000 ) ) ;
#392 = CARTESIAN_POINT ( 'NONE',  ( 0.2322299978938000000, -0.1084830351636000000, 0.1584003528178999900 ) ) ;
#393 = CARTESIAN_POINT ( 'NONE',  ( 0.1638136878944999900, -0.1772061421467000000, 0.02219659683471000200 ) ) ;
#394 = CARTESIAN_POINT ( 'NONE',  ( 0.09739788130569000700, 0.1132195171517999900, -0.1463249893511000000 ) ) ;
#395 = LINE ( 'NONE', #5311, #351 ) ;
#396 = STYLED_ITEM ( 'NONE', ( #5316 ), #6105 ) ;
#397 = CARTESIAN_POINT ( 'NONE',  ( 0.1780557156521860600, 0.1381843136602030100, 0.09824576375233064200 ) ) ;
#398 = CARTESIAN_POINT ( 'NONE',  ( 0.2595814715622021800, 0.05031292058379490500, 0.1806232365810763200 ) ) ;
#399 = VECTOR ( 'NONE', #7052, 39.37007874015748100 ) ;
#400 = CARTESIAN_POINT ( 'NONE',  ( 0.1619325354222000100, -0.1564845452564999900, 0.08606565460270999800 ) ) ;
#401 = CARTESIAN_POINT ( 'NONE',  ( 0.1793576097238912300, 0.1082321958921932800, 0.1304948460565052400 ) ) ;
#402 = CARTESIAN_POINT ( 'NONE',  ( -0.6191467747307000100, 0.02892964163327000100, 0.06884440392764000500 ) ) ;
#403 = CARTESIAN_POINT ( 'NONE',  ( 0.2743305711803000200, -0.06755652151485999600, -0.1797088189852000300 ) ) ;
#404 = VECTOR ( 'NONE', #5374, 39.37007874015748100 ) ;
#405 = CARTESIAN_POINT ( 'NONE',  ( 0.1901294246073000100, 0.1919777037894999900, -0.001975870611237000000 ) ) ;
#406 = CARTESIAN_POINT ( 'NONE',  ( -0.8939999999999999100, 0.2524999999999999500, 0.1419999999999999900 ) ) ;
#407 = CARTESIAN_POINT ( 'NONE',  ( 0.1600513829498999800, -0.1136422351824000100, 0.1377684879107000100 ) ) ;
#408 = CARTESIAN_POINT ( 'NONE',  ( -0.7966199999999999900, -0.2454999999999532600, -0.2454999999999532300 ) ) ;
#409 = CARTESIAN_POINT ( 'NONE',  ( 0.1800248199881806000, 0.08967737294907085500, 0.1440473310629209200 ) ) ;
#410 = CARTESIAN_POINT ( 'NONE',  ( 0.1813917669736587500, 0.04759564608593520900, 0.1628626998862252300 ) ) ;
#411 = VECTOR ( 'NONE', #7164, 39.37007874015748100 ) ;
#412 = CARTESIAN_POINT ( 'NONE',  ( 0.2595103591108081600, 0.05290229124005431400, 0.1798909251574428700 ) ) ;
#413 = CARTESIAN_POINT ( 'NONE',  ( 0.09564369075209000500, 0.05570248613869999800, -0.1764281664224000000 ) ) ;
#414 = EDGE_CURVE ( 'NONE', #4784, #5400, #235, .T. ) ;
#415 = CARTESIAN_POINT ( 'NONE',  ( 0.1581702304777000100, -0.05473538138833999900, 0.1699963410360000300 ) ) ;
#416 = CARTESIAN_POINT ( 'NONE',  ( 0.09388950019849000300, -0.008672774010404000000, -0.1848092223871999900 ) ) ;
#417 = CARTESIAN_POINT ( 'NONE',  ( 0.1562890780054000100, 0.01190893664475000000, 0.1781934320406000100 ) ) ;
#418 = LINE ( 'NONE', #5252, #345 ) ;
#419 = CARTESIAN_POINT ( 'NONE',  ( 0.2593688622286242600, 0.05802673304664633700, 0.1783393252147869600 ) ) ;
#420 = CARTESIAN_POINT ( 'NONE',  ( -0.7810000000000002500, -0.3025000000000765400, -0.1959999999999233500 ) ) ;
#421 = EDGE_CURVE ( 'NONE', #1633, #5640, #244, .T. ) ;
#422 = EDGE_CURVE ( 'NONE', #2509, #6772, #369, .T. ) ;
#423 = VECTOR ( 'NONE', #4857, 39.37007874015748900 ) ;
#424 = CARTESIAN_POINT ( 'NONE',  ( 0.2592488272220734900, 0.06232294858901584600, 0.1768645368067638100 ) ) ;
#425 = CARTESIAN_POINT ( 'NONE',  ( -0.3905000000000000700, -0.1306808075911999900, 0.3075000000000000000 ) ) ;
#426 = CARTESIAN_POINT ( 'NONE',  ( 0.09213530964487999500, -0.07198028296087999300, -0.1704362491071999800 ) ) ;
#427 = LINE ( 'NONE', #5365, #404 ) ;
#428 = CARTESIAN_POINT ( 'NONE',  ( 0.1544079255330999800, 0.07686984231181999400, 0.1612009720196999900 ) ) ;
#429 = LINE ( 'NONE', #5440, #411 ) ;
#430 = EDGE_CURVE ( 'NONE', #2600, #4676, #202, .T. ) ;
#431 = ORIENTED_EDGE ( 'NONE', *, *, #5335, .T. ) ;
#432 = DIRECTION ( 'NONE',  ( -5.918869505956197600E-017, 0.0000000000000000000, 1.000000000000000000 ) ) ;
#433 = EDGE_CURVE ( 'NONE', #2777, #4508, #2852, .T. ) ;
#434 = DIRECTION ( 'NONE',  ( 1.000000000000000000, 5.558188429870848700E-017, 5.918869505956197600E-017 ) ) ;
#435 = CARTESIAN_POINT ( 'NONE',  ( -0.6339947540416999100, 0.007096172830217999800, 0.06285262297221000400 ) ) ;
#436 = CARTESIAN_POINT ( 'NONE',  ( 0.09038111909127999300, -0.1264254573578000000, -0.1350787051211999900 ) ) ;
#437 = AXIS2_PLACEMENT_3D ( 'NONE', #5828, #6749, #5693 ) ;
#438 = DIRECTION ( 'NONE',  ( 1.000000000000000000, 3.327275781182024300E-014, -3.327275781181986500E-014 ) ) ;
#439 = CARTESIAN_POINT ( 'NONE',  ( 0.1883752340536999900, 0.1794776619419000100, -0.06816975813221000400 ) ) ;
#440 = CARTESIAN_POINT ( 'NONE',  ( 0.2590104212560661000, 0.07077971597301611900, 0.1737329001818736200 ) ) ;
#441 = VECTOR ( 'NONE', #5390, 39.37007874015748100 ) ;
#442 = CARTESIAN_POINT ( 'NONE',  ( 0.1525267730609000100, 0.1309644007270000000, 0.1214209858757999800 ) ) ;
#443 = LINE ( 'NONE', #7093, #456 ) ;
#444 = ORIENTED_EDGE ( 'NONE', *, *, #2211, .T. ) ;
#445 = B_SPLINE_CURVE_WITH_KNOTS ( 'NONE', 3,
 ( #2935, #3184, #3037, #2923, #2914, #2905, #2881, #2858, #2848, #2827, #2812, #2807, #2796, #2768, #2754, #2753, #2742, #2735, #2727, #2718, #2703, #2689, #2664, #2651, #2627, #2607, #2591, #2569, #2556, #2546 ),
 .UNSPECIFIED., .F., .F.,
 ( 4, 2, 2, 2, 2, 2, 1, 1, 1, 1, 2, 2, 2, 2, 2, 2, 4 ),
 ( 0.0000000000000000000, 0.1250000000000000800, 0.2500000000000001100, 0.3750000000000001700, 0.4375000000000002200, 0.4687500000000002800, 0.4843750000000002800, 0.4921875000000002800, 0.4960937500000002800, 0.4980468750000002800, 0.4990234375000002800, 0.5000000000000002200, 0.5625000000000002200, 0.6250000000000002200, 0.7500000000000001100, 0.8750000000000001100, 1.000000000000000000 ),
 .UNSPECIFIED. ) ;
#446 = CARTESIAN_POINT ( 'NONE',  ( 1.707404996040164500E-017, 3.681415267913933400E-014, -3.018623448037659300E-018 ) ) ;
#447 = EDGE_CURVE ( 'NONE', #931, #2777, #2808, .T. ) ;
#448 = AXIS2_PLACEMENT_3D ( 'NONE', #4571, #4644, #4548 ) ;
#449 = DIRECTION ( 'NONE',  ( -2.731847993696793700E-014, 1.000000000000000000, 0.0000000000000000000 ) ) ;
#450 = LINE ( 'NONE', #5366, #380 ) ;
#451 = ORIENTED_EDGE ( 'NONE', *, *, #2746, .F. ) ;
#452 = CARTESIAN_POINT ( 'NONE',  ( 0.2588537026748541400, 0.07623591300798113200, 0.1714012870630231000 ) ) ;
#453 = VECTOR ( 'NONE', #1757, 39.37007874015748900 ) ;
#454 = CARTESIAN_POINT ( 'NONE',  ( 0.2462635223225999900, 0.05314498367540000000, -0.1844852785863000100 ) ) ;
#455 = CARTESIAN_POINT ( 'NONE',  ( -0.5237489997751325600, 0.04781168451467433800, -0.1174976283838687800 ) ) ;
#456 = VECTOR ( 'NONE', #5405, 39.37007874015748900 ) ;
#457 = ORIENTED_EDGE ( 'NONE', *, *, #4298, .F. ) ;
#458 = CARTESIAN_POINT ( 'NONE',  ( 0.1506456205886000100, 0.1665457286350000000, 0.06447677382118000000 ) ) ;
#459 = EDGE_CURVE ( 'NONE', #2995, #5759, #113, .T. ) ;
#460 = CARTESIAN_POINT ( 'NONE',  ( -0.7339999999999999900, -0.2768323048345000000, 0.1495530842210000000 ) ) ;
#461 = CARTESIAN_POINT ( 'NONE',  ( 0.2583902031195976500, 0.09201671626097748800, 0.1637763419360555300 ) ) ;
#462 = CARTESIAN_POINT ( 'NONE',  ( 0.08862692853766999900, -0.1653049740492000000, -0.08309029156128000500 ) ) ;
#463 = VECTOR ( 'NONE', #5442, 39.37007874015748100 ) ;
#464 = ORIENTED_EDGE ( 'NONE', *, *, #2056, .F. ) ;
#465 = CARTESIAN_POINT ( 'NONE',  ( 0.3078127296317015900, 4.062929515606087500E-008, 0.1680977908734060100 ) ) ;
#466 = DIRECTION ( 'NONE',  ( 1.000000000000000000, -0.0000000000000000000, -0.0000000000000000000 ) ) ;
#467 = CARTESIAN_POINT ( 'NONE',  ( -0.6235582130208999800, 0.01603145877490000000, 0.06643900907189000100 ) ) ;
#468 = CARTESIAN_POINT ( 'NONE',  ( 0.1487644681163000100, 0.1785839729601999800, -0.001581991982924000000 ) ) ;
#469 = EDGE_CURVE ( 'NONE', #5602, #1776, #130, .T. ) ;
#471 = EDGE_CURVE ( 'NONE', #123, #5304, #566, .T. ) ;
#470 = VECTOR ( 'NONE', #7086, 39.37007874015748900 ) ;
#472 = CARTESIAN_POINT ( 'NONE',  ( 0.2580900783339328800, 0.1017517768385489300, 0.1578590887667490300 ) ) ;
#473 = DIRECTION ( 'NONE',  ( 1.000000000000000000, -0.0000000000000000000, 0.0000000000000000000 ) ) ;
#474 = CARTESIAN_POINT ( 'NONE',  ( 0.2760847617339000100, -0.001321637714622000100, -0.1919827925804999900 ) ) ;
#475 = FACE_OUTER_BOUND ( 'NONE', #6066, .T. ) ;
#476 = CARTESIAN_POINT ( 'NONE',  ( 0.1828098434928216400, -1.933905378519911100E-008, 0.1680978880106576100 ) ) ;
#477 = LINE ( 'NONE', #5421, #441 ) ;
#478 = CARTESIAN_POINT ( 'NONE',  ( 0.08687273798406998400, -0.1838314475861999900, -0.02087023680965000000 ) ) ;
#479 = CARTESIAN_POINT ( 'NONE',  ( 0.08570327761500000400, -0.1810940353576999700, 0.02231961454566000100 ) ) ;
#480 = DIRECTION ( 'NONE',  ( -0.0000000000000000000, 1.000000000000000000, -0.0000000000000000000 ) ) ;
#481 = CARTESIAN_POINT ( 'NONE',  ( 0.1468833156441000100, 0.1653773481629000100, -0.06741716996902000200 ) ) ;
#482 = VECTOR ( 'NONE', #6038, 39.37007874015748100 ) ;
#483 = CARTESIAN_POINT ( 'NONE',  ( -1.044524830354230300, -0.2043538597627155600, 0.1491995308302135300 ) ) ;
#484 = CARTESIAN_POINT ( 'NONE',  ( 0.2572163287304685700, 0.1284100862878257700, 0.1383827554814758000 ) ) ;
#485 = DIRECTION ( 'NONE',  ( -0.0000000000000000000, -1.000000000000000000, -0.0000000000000000000 ) ) ;
#486 = VECTOR ( 'NONE', #2972, 39.37007874015748100 ) ;
#487 = CARTESIAN_POINT ( 'NONE',  ( 0.1866210435001000000, 0.1448814796312999900, -0.1259710607917000100 ) ) ;
#488 = CARTESIAN_POINT ( 'NONE',  ( 0.2566693286662039000, 0.1427168680727184100, 0.1231010851700103900 ) ) ;
#489 = CARTESIAN_POINT ( 'NONE',  ( 0.1450021631718000100, 0.1287927168246000000, -0.1237221975507000100 ) ) ;
#490 = VECTOR ( 'NONE', #5702, 39.37007874015748100 ) ;
#491 = AXIS2_PLACEMENT_3D ( 'NONE', #649, #693, #704 ) ;
#492 = B_SPLINE_CURVE_WITH_KNOTS ( 'NONE', 3,
 ( #3918, #4046, #3954, #3887, #3851, #3850, #3842, #3827, #3813, #3805, #3803, #3762 ),
 .UNSPECIFIED., .F., .F.,
 ( 4, 1, 1, 1, 1, 1, 1, 1, 1, 4 ),
 ( 0.0000000000000000000, 0.1063152953726753400, 0.2185862569013548300, 0.3308572184300342900, 0.4431281799587137900, 0.5553991414873937800, 0.6676701030160732100, 0.7799410645447526500, 0.8922120260734322000, 1.000000000000000000 ),
 .UNSPECIFIED. ) ;
#493 = CARTESIAN_POINT ( 'NONE',  ( 0.1820915036948442500, 0.02408790372562309000, 0.1680949519917427100 ) ) ;
#494 = DIRECTION ( 'NONE',  ( 0.0000000000000000000, 0.0000000000000000000, 1.000000000000000000 ) ) ;
#495 = CARTESIAN_POINT ( 'NONE',  ( 0.08511854743046000400, -0.1760365320193000000, 0.04301646618734000100 ) ) ;
#496 = CARTESIAN_POINT ( 'NONE',  ( 0.3151580659921999800, -0.1051116365461000100, -0.1391432980985999900 ) ) ;
#497 = DIRECTION ( 'NONE',  ( -0.0000000000000000000, -0.0000000000000000000, -1.000000000000000000 ) ) ;
#498 = CARTESIAN_POINT ( 'NONE',  ( 0.2556463278804166400, 0.1648002889784744600, 0.09146366687197721200 ) ) ;
#499 = LINE ( 'NONE', #5474, #490 ) ;
#500 = CARTESIAN_POINT ( 'NONE',  ( 0.1431210106995000100, 0.07400170161093999600, -0.1625376824012999800 ) ) ;
#501 = CARTESIAN_POINT ( 'NONE',  ( 0.7031250000000229800, 8.349797351103793100E-014, -7.833574121832274700E-014 ) ) ;
#502 = CARTESIAN_POINT ( 'NONE',  ( 0.3145733358075999400, -0.1214699659848999900, -0.1267858911181999900 ) ) ;
#503 = CARTESIAN_POINT ( 'NONE',  ( 0.7661333303678999900, -1.749236418443148600E-014, 6.189280072997399900E-017 ) ) ;
#504 = CARTESIAN_POINT ( 'NONE',  ( 0.2778389522875000000, 0.06507593205813000400, -0.1806218663809999700 ) ) ;
#505 = CARTESIAN_POINT ( 'NONE',  ( 0.2551703271588906000, 0.1725855499896255300, 0.07510521656624516400 ) ) ;
#506 = CARTESIAN_POINT ( 'NONE',  ( 0.1412398582272000000, 0.008749629036431999900, -0.1783765623244999700 ) ) ;
#507 = VECTOR ( 'NONE', #5535, 39.37007874015748100 ) ;
#508 = DIRECTION ( 'NONE',  ( 1.000000000000000000, -0.0000000000000000000, 0.0000000000000000000 ) ) ;
#509 = CARTESIAN_POINT ( 'NONE',  ( 0.3134038754385999900, -0.1497779382404000000, -0.09624527603389999900 ) ) ;
#510 = DIRECTION ( 'NONE',  ( 0.0000000000000000000, 1.000000000000000000, 0.0000000000000000000 ) ) ;
#511 = LINE ( 'NONE', #6579, #519 ) ;
#512 = AXIS2_PLACEMENT_3D ( 'NONE', #4355, #4337, #4278 ) ;
#513 = LINE ( 'NONE', #5648, #507 ) ;
#514 = CARTESIAN_POINT ( 'NONE',  ( -1.792775245842172800E-016, -0.2955706345359250300, 0.1682914139223749600 ) ) ;
#515 = VERTEX_POINT ( 'NONE', #4196 ) ;
#516 = CARTESIAN_POINT ( 'NONE',  ( 0.1848668529464000100, 0.09244838730531000600, -0.1682636360378000100 ) ) ;
#517 = CARTESIAN_POINT ( 'NONE',  ( 0.2542893250585647200, 0.1830820097351526800, 0.04366590518886247900 ) ) ;
#518 = CARTESIAN_POINT ( 'NONE',  ( 0.1393587057550000100, -0.05773935450451999500, -0.1689997777352000000 ) ) ;
#519 = VECTOR ( 'NONE', #6619, 39.37007874015748100 ) ;
#520 = CARTESIAN_POINT ( 'NONE',  ( 0.05099999999999996200, 3.681698735523857500E-014, 0.2343750000000291200 ) ) ;
#521 = ORIENTED_EDGE ( 'NONE', *, *, #1261, .F. ) ;
#522 = DIRECTION ( 'NONE',  ( 0.0000000000000000000, 0.0000000000000000000, -1.000000000000000000 ) ) ;
#523 = CARTESIAN_POINT ( 'NONE',  ( 0.3116496848849000200, -0.1738048079109000000, -0.03858275671662000200 ) ) ;
#524 = DIRECTION ( 'NONE',  ( -1.000000000000000000, -0.0000000000000000000, 0.0000000000000000000 ) ) ;
#525 = CARTESIAN_POINT ( 'NONE',  ( -0.7810000000000001400, 0.1910000000000000000, 0.2707499999999999900 ) ) ;
#526 = CARTESIAN_POINT ( 'NONE',  ( 0.2538843236797662700, 0.1858257409606503000, 0.02858559461235737900 ) ) ;
#527 = CARTESIAN_POINT ( 'NONE',  ( 0.1374775532827000000, -0.1160662217566000000, -0.1357328037828000000 ) ) ;
#528 = CIRCLE ( 'NONE', #6700, 0.2500000000001205100 ) ;
#529 = VERTEX_POINT ( 'NONE', #4238 ) ;
#530 = CARTESIAN_POINT ( 'NONE',  ( -0.5206825004946338300, 0.05627955300575615500, -0.1132910495736134400 ) ) ;
#531 = CARTESIAN_POINT ( 'NONE',  ( 0.3098954943312999800, -0.1764337228817000100, 0.02382886815586000200 ) ) ;
#532 = LINE ( 'NONE', #6957, #470 ) ;
#533 = ORIENTED_EDGE ( 'NONE', *, *, #6545, .T. ) ;
#534 = CARTESIAN_POINT ( 'NONE',  ( 0.3081413037776999900, -0.1573423518926000100, 0.08330717232541000300 ) ) ;
#535 = CARTESIAN_POINT ( 'NONE',  ( 0.7031250000000154300, -0.2165063509434527500, -0.1250000000046127500 ) ) ;
#536 = CARTESIAN_POINT ( 'NONE',  ( 0.2535090485081533100, 0.1869328080980420500, 0.01455995751526008500 ) ) ;
#537 = CARTESIAN_POINT ( 'NONE',  ( 0.1355964008104000000, -0.1579857323074000100, -0.08327829338424999600 ) ) ;
#538 = VECTOR ( 'NONE', #5595, 39.37007874015748100 ) ;
#539 = AXIS2_PLACEMENT_3D ( 'NONE', #3241, #3141, #3127 ) ;
#540 = ORIENTED_EDGE ( 'NONE', *, *, #6844, .F. ) ;
#541 = CARTESIAN_POINT ( 'NONE',  ( 0.7499999999999641400, 1.164130068862634600E-014, -0.1874999999998915000 ) ) ;
#542 = CARTESIAN_POINT ( 'NONE',  ( 0.3063871132241000100, -0.1188806479210999900, 0.1325295746268999900 ) ) ;
#543 = CARTESIAN_POINT ( 'NONE',  ( 0.3260000000000931600, -1.065763958315948100E-013, -0.1580000000000951800 ) ) ;
#544 = CARTESIAN_POINT ( 'NONE',  ( 0.2795931428410999800, 0.1234620230370999900, -0.1470246938892000000 ) ) ;
#545 = CARTESIAN_POINT ( 'NONE',  ( 0.2534996653699312400, 0.1869598425806617800, 0.01420921194510124700 ) ) ;
#546 = CIRCLE ( 'NONE', #5263, 0.004999999999940460900 ) ;
#547 = CARTESIAN_POINT ( 'NONE',  ( 0.1337152483382000000, -0.1775720054587999800, -0.01905131303161999900 ) ) ;
#548 = DIRECTION ( 'NONE',  ( -1.000000000000000000, -5.558188429870848700E-017, -5.918869505956197600E-017 ) ) ;
#549 = CIRCLE ( 'NONE', #6393, 0.1725000000000312100 ) ;
#550 = FILL_AREA_STYLE_COLOUR ( '', #5797 ) ;
#551 = CARTESIAN_POINT ( 'NONE',  ( 0.1831126623928000000, 0.02863359472465000200, -0.1898406621489000000 ) ) ;
#552 = CARTESIAN_POINT ( 'NONE',  ( -0.7810000000000001400, 0.1999999999999617400, -0.3075000000000000000 ) ) ;
#553 = CARTESIAN_POINT ( 'NONE',  ( 0.3046329226705000200, -0.06578367710450000500, 0.1654364208582000100 ) ) ;
#554 = CIRCLE ( 'NONE', #5361, 0.004999999999940460900 ) ;
#555 = CARTESIAN_POINT ( 'NONE',  ( 0.0000000000000000000, -0.2454999999999532600, -0.2454999999999532300 ) ) ;
#556 = CARTESIAN_POINT ( 'NONE',  ( 0.2534845038252041500, 0.1870019841953531900, 0.01364233561085384900 ) ) ;
#557 = EDGE_CURVE ( 'NONE', #85, #2509, #68, .T. ) ;
#558 = CARTESIAN_POINT ( 'NONE',  ( 0.1318340958659000000, -0.1720562287601999600, 0.04786885905685000400 ) ) ;
#559 = DIRECTION ( 'NONE',  ( -0.9958334855789730000, -0.07319745986078492200, -0.05438566786904601400 ) ) ;
#560 = CARTESIAN_POINT ( 'NONE',  ( -0.7339999999999999900, 0.0000000000000000000, -0.2605000000000000600 ) ) ;
#561 = CIRCLE ( 'NONE', #4007, 0.1874999999999694400 ) ;
#562 = PLANE ( 'NONE',  #1914 ) ;
#563 = CARTESIAN_POINT ( 'NONE',  ( 0.3028787321168999700, -0.004588122523962999800, 0.1779765527596999800 ) ) ;
#564 = CARTESIAN_POINT ( 'NONE',  ( 0.3011245415632999900, 0.05717228574183999500, 0.1686061598581000100 ) ) ;
#565 = CARTESIAN_POINT ( 'NONE',  ( 0.2534617565657869600, 0.1870632711869090500, 0.01279167226049601200 ) ) ;
#566 = B_SPLINE_CURVE_WITH_KNOTS ( 'NONE', 3,
 ( #4265, #4271, #4230, #4218 ),
 .UNSPECIFIED., .F., .F.,
 ( 4, 4 ),
 ( 3.358437641971339900E-017, 0.003694680973804415200 ),
 .UNSPECIFIED. ) ;
#567 = CARTESIAN_POINT ( 'NONE',  ( 0.1299529433936000000, -0.1422180791712000000, 0.1080221983346999900 ) ) ;
#568 = EDGE_CURVE ( 'NONE', #2462, #6419, #89, .T. ) ;
#569 = CONICAL_SURFACE ( 'NONE', #4760, 0.2492264973082483300, 1.134464013796606900 ) ;
#570 = CARTESIAN_POINT ( 'NONE',  ( -0.5257269567748774600, 0.03880900262798233500, -0.1207944791027946000 ) ) ;
#571 = CARTESIAN_POINT ( 'NONE',  ( 0.7031250000000193200, 3.964380975180757000E-014, -0.2499999999999777700 ) ) ;
#572 = CARTESIAN_POINT ( 'NONE',  ( 0.2993703510097000000, 0.1118942808295000000, 0.1384788086732000000 ) ) ;
#573 = CARTESIAN_POINT ( 'NONE',  ( 0.1280717909214000000, -0.09227552133793999500, 0.1529052300377999900 ) ) ;
#574 = CIRCLE ( 'NONE', #1316, 0.07999999999999286800 ) ;
#575 = DIRECTION ( 'NONE',  ( 0.0000000000000000000, 1.000000000000000000, 0.0000000000000000000 ) ) ;
#576 = DIRECTION ( 'NONE',  ( -1.000000000000000000, 0.0000000000000000000, -0.0000000000000000000 ) ) ;
#577 = CARTESIAN_POINT ( 'NONE',  ( 0.1813584718391999800, -0.03870642750743000200, -0.1880456764674999800 ) ) ;
#578 = CARTESIAN_POINT ( 'NONE',  ( -0.6473002657960998900, 0.003672128387704000200, 0.05926623687253999900 ) ) ;
#579 = DIRECTION ( 'NONE',  ( 1.006075183802954900E-015, -0.7071067811865469100, 0.7071067811865482400 ) ) ;
#580 = LINE ( 'NONE', #6603, #588 ) ;
#581 = CARTESIAN_POINT ( 'NONE',  ( 0.2534086450308615800, 0.1871927801851525600, 0.01080440979336653700 ) ) ;
#582 = CARTESIAN_POINT ( 'NONE',  ( 0.2976161604561000100, 0.1528410794882000000, 0.09130343980263000400 ) ) ;
#583 = AXIS2_PLACEMENT_3D ( 'NONE', #3391, #3369, #3351 ) ;
#584 = LINE ( 'NONE', #5607, #538 ) ;
#585 = CARTESIAN_POINT ( 'NONE',  ( 0.1261906384491000000, -0.02928855796656999700, 0.1761731120204000100 ) ) ;
#586 = DIRECTION ( 'NONE',  ( 0.0000000000000000000, 0.0000000000000000000, -1.000000000000000000 ) ) ;
#587 = CARTESIAN_POINT ( 'NONE',  ( -0.5283344656046420300, 0.01982673578199170900, -0.1253169797550402500 ) ) ;
#588 = VECTOR ( 'NONE', #6689, 39.37007874015748100 ) ;
#589 = FILL_AREA_STYLE ('',( #550 ) ) ;
#590 = VERTEX_POINT ( 'NONE', #4112 ) ;
#591 = CARTESIAN_POINT ( 'NONE',  ( 0.7031250000000230900, 0.2165063509434593800, -0.1250000000046165800 ) ) ;
#592 = CARTESIAN_POINT ( 'NONE',  ( 0.04999999999999999600, 3.684424488560181800E-014, -0.2343750000000291200 ) ) ;
#593 = CARTESIAN_POINT ( 'NONE',  ( 0.2533022835758710900, 0.1873976945188282300, 0.006820846929526700600 ) ) ;
#594 = VECTOR ( 'NONE', #5478, 39.37007874015748100 ) ;
#595 = CARTESIAN_POINT ( 'NONE',  ( 0.1243094859768000100, 0.03783878328685000300, 0.1745365729635000000 ) ) ;
#596 = CARTESIAN_POINT ( 'NONE',  ( 0.2813473333947000300, 0.1666487672762000100, -0.09532741647358999900 ) ) ;
#597 = CIRCLE ( 'NONE', #5557, 0.1874999999999893100 ) ;
#598 = VERTEX_POINT ( 'NONE', #4087 ) ;
#599 = SURFACE_SIDE_STYLE ('',( #6096 ) ) ;
#600 = EDGE_CURVE ( 'NONE', #4692, #1281, #81, .T. ) ;
#601 = CARTESIAN_POINT ( 'NONE',  ( 0.2958619699025000200, 0.1749717458309000000, 0.03288776442310999800 ) ) ;
#602 = CARTESIAN_POINT ( 'NONE',  ( 0.2941077793488999800, 0.1755617783682000000, -0.02957671504074000200 ) ) ;
#603 = CARTESIAN_POINT ( 'NONE',  ( -0.5289345453334946000, 0.009927232898024968000, -0.1265000000000139100 ) ) ;
#604 = LINE ( 'NONE', #5543, #594 ) ;
#605 = VERTEX_POINT ( 'NONE', #4069 ) ;
#606 = CARTESIAN_POINT ( 'NONE',  ( 0.1224283335045000000, 0.09961714662574999700, 0.1482269094863999900 ) ) ;
#607 = B_SPLINE_CURVE_WITH_KNOTS ( 'NONE', 3,
 ( #5402, #5294, #5510, #5589 ),
 .UNSPECIFIED., .F., .F.,
 ( 4, 4 ),
 ( 7.358683899002010700E-016, 0.003694680973536484600 ),
 .UNSPECIFIED. ) ;
#608 = DIRECTION ( 'NONE',  ( 0.0000000000000000000, 0.7071067811865474600, 0.7071067811865474600 ) ) ;
#609 = CARTESIAN_POINT ( 'NONE',  ( 0.7968750000000000000, -0.2165063509434214700, -0.1250000000046352900 ) ) ;
#610 = AXIS2_PLACEMENT_3D ( 'NONE', #2514, #2417, #2547 ) ;
#611 = CARTESIAN_POINT ( 'NONE',  ( 0.2532108793827814700, 0.1874801483370182600, 0.003392549426686062700 ) ) ;
#612 = PLANE ( 'NONE',  #491 ) ;
#613 = ORIENTED_EDGE ( 'NONE', *, *, #6904, .T. ) ;
#614 = SURFACE_STYLE_USAGE ( .BOTH. , #599 ) ;
#615 = CARTESIAN_POINT ( 'NONE',  ( 0.2923535887952999900, 0.1545385246721000000, -0.08840004365716999700 ) ) ;
#616 = CARTESIAN_POINT ( 'NONE',  ( -0.5289345453334943800, 3.930074648465033400E-014, -0.1265000000000136000 ) ) ;
#617 = CARTESIAN_POINT ( 'NONE',  ( 0.1205471810322999900, 0.1473132964709000000, 0.1009633053878999800 ) ) ;
#618 = CARTESIAN_POINT ( 'NONE',  ( -0.3544645175687971600, 0.07550533098228340300, -0.1014948027894530100 ) ) ;
#620 = FACE_OUTER_BOUND ( 'NONE', #6684, .T. ) ;
#619 = CARTESIAN_POINT ( 'NONE',  ( 0.2530277546877098300, 0.1875196394773597000, -0.003477895541026006100 ) ) ;
#621 = DIRECTION ( 'NONE',  ( -1.000000000000000000, 0.0000000000000000000, 0.0000000000000000000 ) ) ;
#622 = ORIENTED_EDGE ( 'NONE', *, *, #7081, .F. ) ;
#623 = CARTESIAN_POINT ( 'NONE',  ( 0.2529052498124726400, 0.1873787446363763000, -0.008076694244368935400 ) ) ;
#624 =( LENGTH_UNIT ( ) NAMED_UNIT ( * ) SI_UNIT ( $, .METRE. ) );
#625 = CARTESIAN_POINT ( 'NONE',  ( 0.1796042812855999900, -0.1012811845421000000, -0.1630996316205000100 ) ) ;
#626 = AXIS2_PLACEMENT_3D ( 'NONE', #3227, #3220, #3209 ) ;
#627 = CARTESIAN_POINT ( 'NONE',  ( 0.1186660285600000000, 0.1741846856419000100, 0.03942708932175999900 ) ) ;
#628 = CARTESIAN_POINT ( 'NONE',  ( -0.6030052107786719700, 0.02443606028210791600, 0.06869962017146971600 ) ) ;
#629 = LINE ( 'NONE', #5429, #463 ) ;
#630 = CARTESIAN_POINT ( 'NONE',  ( 0.2905993982417000000, 0.1144901291802999900, -0.1363405181769999900 ) ) ;
#631 = CARTESIAN_POINT ( 'NONE',  ( 0.2888452076881000100, 0.06034691222922999900, -0.1674962090044999900 ) ) ;
#632 = CARTESIAN_POINT ( 'NONE',  ( -0.6186555719779699400, 0.02776264927546357900, 0.02038833120802500600 ) ) ;
#633 =( CONVERSION_BASED_UNIT ( 'INCH', #3615 ) LENGTH_UNIT ( ) NAMED_UNIT ( #2867 ) );
#634 = LINE ( 'NONE', #7041, #656 ) ;
#635 = ORIENTED_EDGE ( 'NONE', *, *, #2601, .T. ) ;
#636 = CARTESIAN_POINT ( 'NONE',  ( -0.5826100461440810700, 0.1203877659098143700, -0.03884631023993767600 ) ) ;
#637 = CARTESIAN_POINT ( 'NONE',  ( 0.2525364699511919400, 0.1864450656640697600, -0.02189076289605905800 ) ) ;
#638 = CARTESIAN_POINT ( 'NONE',  ( 0.2870910171345000300, -0.001225595279857000100, -0.1780315451036999800 ) ) ;
#639 = CARTESIAN_POINT ( 'NONE',  ( 0.7031249999990882800, -0.2409381711213976800, -0.08268284613508393400 ) ) ;
#640 = CARTESIAN_POINT ( 'NONE',  ( 0.1167848760877000000, 0.1764326190329000000, -0.02768275159864000100 ) ) ;
#641 = VECTOR ( 'NONE', #5724, 39.37007874015748100 ) ;
#642 = CARTESIAN_POINT ( 'NONE',  ( 0.2522889297295796100, 0.1851412816805372800, -0.03112428930960792200 ) ) ;
#643 = CARTESIAN_POINT ( 'NONE',  ( -0.6563129136412000400, 0.005549663342188000000, 0.05746580842804999800 ) ) ;
#644 =( GEOMETRIC_REPRESENTATION_CONTEXT ( 3 ) GLOBAL_UNCERTAINTY_ASSIGNED_CONTEXT ( ( #5899 ) ) GLOBAL_UNIT_ASSIGNED_CONTEXT ( ( #633, #645, #653 ) ) REPRESENTATION_CONTEXT ( 'NONE', 'WORKASPACE' ) );
#645 =( NAMED_UNIT ( * ) PLANE_ANGLE_UNIT ( ) SI_UNIT ( $, .RADIAN. ) );
#646 = CARTESIAN_POINT ( 'NONE',  ( 0.1778500907320000000, -0.1513868325307999900, -0.1180737028860000000 ) ) ;
#647 = LINE ( 'NONE', #6661, #767 ) ;
#648 = CARTESIAN_POINT ( 'NONE',  ( 0.1149037236155000000, 0.1537392674729000100, -0.09087928872557998700 ) ) ;
#649 = CARTESIAN_POINT ( 'NONE',  ( -0.3670924776391000200, 0.06119636229217000100, -0.1114846922673000000 ) ) ;
#650 = CARTESIAN_POINT ( 'NONE',  ( 0.2853368265808999800, -0.06264723908567000600, -0.1666495120874000000 ) ) ;
#651 = CARTESIAN_POINT ( 'NONE',  ( 0.2515412481224670300, 0.1791114881517466300, -0.05857396144898311500 ) ) ;
#652 = LINE ( 'NONE', #5623, #669 ) ;
#653 =( NAMED_UNIT ( * ) SI_UNIT ( $, .STERADIAN. ) SOLID_ANGLE_UNIT ( ) );
#654 =( BOUNDED_CURVE ( )  B_SPLINE_CURVE ( 3, ( #3979, #3921, #3905, #3886 ),
 .UNSPECIFIED., .F., .F. ) 
 B_SPLINE_CURVE_WITH_KNOTS ( ( 4, 4 ),
 ( 1.738899972860948000, 1.742787682401498500 ),
 .UNSPECIFIED. ) 
 CURVE ( )  GEOMETRIC_REPRESENTATION_ITEM ( )  RATIONAL_B_SPLINE_CURVE ( ( 1.000000000000000000, 0.9999987404766073100, 0.9999987404766073100, 1.000000000000000000 ) ) 
 REPRESENTATION_ITEM ( '' )  );
#655 = DIRECTION ( 'NONE',  ( -0.0000000000000000000, -0.0000000000000000000, 1.000000000000000000 ) ) ;
#656 = VECTOR ( 'NONE', #6462, 39.37007874015748100 ) ;
#657 = CARTESIAN_POINT ( 'NONE',  ( 0.1760959001783999900, -0.1828546332579000000, -0.05851119263762999400 ) ) ;
#658 = DIRECTION ( 'NONE',  ( -1.000000000000000000, 0.0000000000000000000, 0.0000000000000000000 ) ) ;
#659 = CARTESIAN_POINT ( 'NONE',  ( 0.1130225711432000000, 0.1093126140501000000, -0.1412287632035000000 ) ) ;
#660 = EDGE_CURVE ( 'NONE', #6593, #823, #10, .T. ) ;
#661 = AXIS2_PLACEMENT_3D ( 'NONE', #503, #524, #494 ) ;
#662 = CARTESIAN_POINT ( 'NONE',  ( 0.2510360457946900200, 0.1722488933372521000, -0.07654482749931305900 ) ) ;
#663 = VECTOR ( 'NONE', #5839, 39.37007874015748100 ) ;
#664 = CARTESIAN_POINT ( 'NONE',  ( 0.2500121452930737500, 0.1530667069961122500, -0.1100215894995523300 ) ) ;
#665 = CARTESIAN_POINT ( 'NONE',  ( 0.2835826360272999900, -0.1163564291269999900, -0.1347513308706999900 ) ) ;
#666 = CARTESIAN_POINT ( 'NONE',  ( 0.1111414186708999800, 0.04943297542765000300, -0.1716135068310999900 ) ) ;
#667 = CIRCLE ( 'NONE', #5697, 0.1874999999999656400 ) ;
#668 = EDGE_CURVE ( 'NONE', #1312, #7038, #41, .T. ) ;
#669 = VECTOR ( 'NONE', #5615, 39.37007874015748100 ) ;
#670 = CARTESIAN_POINT ( 'NONE',  ( 0.2818284454737000100, -0.1557410434973000000, -0.08626395820679998200 ) ) ;
#671 = CARTESIAN_POINT ( 'NONE',  ( -0.7574999999999999500, -0.2580939751330999500, 0.1308147545195000000 ) ) ;
#672 = CARTESIAN_POINT ( 'NONE',  ( 0.7031250000000360800, 0.04886364035930381600, -0.2500000000000000000 ) ) ;
#673 = LINE ( 'NONE', #6731, #733 ) ;
#674 = LINE ( 'NONE', #5758, #663 ) ;
#675 = CARTESIAN_POINT ( 'NONE',  ( -0.9692624151769500000, 0.01700000000000000100, -0.2444999999999999700 ) ) ;
#676 = CARTESIAN_POINT ( 'NONE',  ( -0.5873002854795420500, 0.09832192471129065600, 0.07959302181135763400 ) ) ;
#677 = ORIENTED_EDGE ( 'NONE', *, *, #14, .F. ) ;
#678 = CARTESIAN_POINT ( 'NONE',  ( 0.2494934471192354600, 0.1407084916373027000, -0.1255024695490033800 ) ) ;
#679 = CARTESIAN_POINT ( 'NONE',  ( 0.2800742549201000200, -0.1759524456474000100, -0.02715664463415000400 ) ) ;
#680 = CARTESIAN_POINT ( 'NONE',  ( 0.2783200643664999800, -0.1745024012382999900, 0.03529393457952000000 ) ) ;
#681 = CARTESIAN_POINT ( 'NONE',  ( 0.1092602661986000100, -0.01743479964996000000, -0.1777381393038000000 ) ) ;
#682 = LINE ( 'NONE', #6994, #710 ) ;
#683 = ORIENTED_EDGE ( 'NONE', *, *, #184, .T. ) ;
#684 = CARTESIAN_POINT ( 'NONE',  ( -0.6035826476055208300, 0.09867518311600800800, 0.07915464760213580800 ) ) ;
#685 = CARTESIAN_POINT ( 'NONE',  ( 0.2484425549254956100, 0.1113232269543946900, -0.1521866725201238800 ) ) ;
#686 = CARTESIAN_POINT ( 'NONE',  ( -0.5981479886612682800, 0.09855775558016341400, 0.07930103425097238800 ) ) ;
#687 = CARTESIAN_POINT ( 'NONE',  ( 0.2479103609055936500, 0.09427131646259541400, -0.1633509137961363900 ) ) ;
#688 = CARTESIAN_POINT ( 'NONE',  ( 0.7211595114417815900, 0.1443375672974181200, 0.2500000000000014400 ) ) ;
#689 = CARTESIAN_POINT ( 'NONE',  ( 0.2831015239483000200, 0.1893194852736999900, -0.03189446199307999900 ) ) ;
#690 = CARTESIAN_POINT ( 'NONE',  ( 0.1073791137263999900, -0.08183795387171001500, -0.1587367988151000000 ) ) ;
#691 = LINE ( 'NONE', #5772, #641 ) ;
#692 = ORIENTED_EDGE ( 'NONE', *, *, #4131, .F. ) ;
#693 = DIRECTION ( 'NONE',  ( -0.7097075932838556900, 1.354602194303389800E-015, -0.7044963676522665300 ) ) ;
#694 = CARTESIAN_POINT ( 'NONE',  ( 0.1743417096247999700, -0.1918104194963999900, 0.008254921050350999500 ) ) ;
#695 = DIRECTION ( 'NONE',  ( 1.000000000000000000, -0.0000000000000000000, -0.0000000000000000000 ) ) ;
#696 = CYLINDRICAL_SURFACE ( 'NONE', #4549, 0.1874999999999694400 ) ;
#697 = VERTEX_POINT ( 'NONE', #4053 ) ;
#698 = CARTESIAN_POINT ( 'NONE',  ( -0.7574999999999999500, 0.1949999999999999800, -0.2605000000000000100 ) ) ;
#699 = EDGE_CURVE ( 'NONE', #3969, #1312, #7062, .T. ) ;
#700 = CARTESIAN_POINT ( 'NONE',  ( -0.5927205256605924100, 0.09844000258422527800, 0.07944715922857671600 ) ) ;
#701 = CARTESIAN_POINT ( 'NONE',  ( 0.2473629979948004400, 0.07531149586095096900, -0.1717070205552832000 ) ) ;
#702 = CARTESIAN_POINT ( 'NONE',  ( 0.2765658738128000100, -0.1515694078833000100, 0.09339950666551999300 ) ) ;
#703 = AXIS2_PLACEMENT_3D ( 'NONE', #2159, #2280, #2296 ) ;
#704 = DIRECTION ( 'NONE',  ( 0.7044952661621193300, -0.001768339944935035900, -0.7097064836458827400 ) ) ;
#705 = CARTESIAN_POINT ( 'NONE',  ( -0.7809999999999999200, -0.3075000000000000000, -0.05740959620434999500 ) ) ;
#706 = CIRCLE ( 'NONE', #2170, 0.3075000000000286400 ) ;
#707 = ORIENTED_EDGE ( 'NONE', *, *, #140, .T. ) ;
#708 = CARTESIAN_POINT ( 'NONE',  ( 0.1054979612540999900, -0.1346721083199000100, -0.1172955617148000000 ) ) ;
#709 = CARTESIAN_POINT ( 'NONE',  ( 0.2473515154111448900, 0.07491330515613382800, -0.1718812780547288000 ) ) ;
#710 = VECTOR ( 'NONE', #6874, 39.37007874015748100 ) ;
#711 = PRESENTATION_LAYER_ASSIGNMENT (  '', '', ( #1407 ) ) ;
#712 = CARTESIAN_POINT ( 'NONE',  ( 0.7100892630251107700, 0.09685711861487997200, -0.2500000000000000000 ) ) ;
#713 = CARTESIAN_POINT ( 'NONE',  ( 0.2748116832592000200, -0.1099767248782000000, 0.1400067021537000100 ) ) ;
#714 = CARTESIAN_POINT ( 'NONE',  ( 0.1036168087818000000, -0.1684683091884000000, -0.05927274156060000100 ) ) ;
#715 = CARTESIAN_POINT ( 'NONE',  ( 0.2304758073402000100, -0.04708902572932000000, 0.1861232617447000100 ) ) ;
#716 = VECTOR ( 'NONE', #5893, 39.37007874015748100 ) ;
#717 = CARTESIAN_POINT ( 'NONE',  ( 0.2730574927055999800, -0.05484480681410999800, 0.1693777058984000100 ) ) ;
#718 = CARTESIAN_POINT ( 'NONE',  ( 0.2473316348686889500, 0.07422288417325492700, -0.1721806325183201400 ) ) ;
#719 = CARTESIAN_POINT ( 'NONE',  ( 0.7211595114417496100, 0.1443375672974235000, -0.2500000000000047200 ) ) ;
#720 = CARTESIAN_POINT ( 'NONE',  ( -0.3772794277176711500, 0.07379624821149376200, -0.1027441665007119400 ) ) ;
#721 = FACE_OUTER_BOUND ( 'NONE', #5162, .T. ) ;
#722 = CARTESIAN_POINT ( 'NONE',  ( 0.2713033021519999900, 0.007039070962229000200, 0.1778966413733000000 ) ) ;
#723 = CARTESIAN_POINT ( 'NONE',  ( 0.2473018370640630600, 0.07318672022151789800, -0.1726262075323522500 ) ) ;
#724 = CARTESIAN_POINT ( 'NONE',  ( 0.1017356563096000100, -0.1784488897906999800, 0.007129259509310000200 ) ) ;
#725 = CARTESIAN_POINT ( 'NONE',  ( -0.7810000000000001400, -0.1762784278060430300, 0.1762784278060569000 ) ) ;
#726 = EDGE_CURVE ( 'NONE', #5759, #3215, #188, .T. ) ;
#727 = VECTOR ( 'NONE', #6320, 39.37007874015748900 ) ;
#728 = DIRECTION ( 'NONE',  ( -0.0000000000000000000, -0.0000000000000000000, -1.000000000000000000 ) ) ;
#729 = CARTESIAN_POINT ( 'NONE',  ( -0.3732199028521962500, 0.07411768620742235900, -0.1025132929492043000 ) ) ;
#730 = CARTESIAN_POINT ( 'NONE',  ( 0.09985450383730000400, -0.1632028830960000100, 0.07252347925506999500 ) ) ;
#731 = CARTESIAN_POINT ( 'NONE',  ( 0.1725875190712000400, -0.1771515689727999900, 0.07400477369959000700 ) ) ;
#732 = DIRECTION ( 'NONE',  ( 0.0000000000000000000, -0.7071067811865482400, -0.7071067811865469100 ) ) ;
#733 = VECTOR ( 'NONE', #6931, 39.37007874015748100 ) ;
#734 = CARTESIAN_POINT ( 'NONE',  ( 0.2848557145019000000, 0.1886832154813999900, 0.03546497814190999900 ) ) ;
#735 = CARTESIAN_POINT ( 'NONE',  ( -0.3691585363994601100, 0.07442269477256377400, -0.1022919903001730400 ) ) ;
#736 = CARTESIAN_POINT ( 'NONE',  ( 0.2695491115984000000, 0.06805639048224999800, 0.1645147248822000100 ) ) ;
#737 = CARTESIAN_POINT ( 'NONE',  ( 0.2472324699166747200, 0.07076544967359996200, -0.1736417247143791600 ) ) ;
#738 = CARTESIAN_POINT ( 'NONE',  ( 0.09797335136503000600, -0.1248855021001999800, 0.1276653862089000000 ) ) ;
#739 = EDGE_CURVE ( 'NONE', #5317, #3554, #492, .T. ) ;
#740 = LINE ( 'NONE', #5902, #716 ) ;
#741 = CARTESIAN_POINT ( 'NONE',  ( -0.3650968112726624700, 0.07472328455558568900, -0.1020719390686966300 ) ) ;
#742 = CARTESIAN_POINT ( 'NONE',  ( 0.3265899843067000000, -1.065975624152775600E-013, -1.148795437741948800E-013 ) ) ;
#743 = CARTESIAN_POINT ( 'NONE',  ( 0.2677949210448000200, 0.1206953054836000000, 0.1308793860524999900 ) ) ;
#744 = PLANE ( 'NONE',  #1922 ) ;
#745 = CARTESIAN_POINT ( 'NONE',  ( -0.8944982674906000200, 0.2612046566428999900, 0.1415017325094000100 ) ) ;
#746 = CIRCLE ( 'NONE', #6608, 0.004999999999940460900 ) ;
#747 = CARTESIAN_POINT ( 'NONE',  ( 0.09609219889275999500, -0.06891348198402000300, 0.1647597506005000200 ) ) ;
#748 = CARTESIAN_POINT ( 'NONE',  ( 0.2470943798755213200, 0.06591005482170342300, -0.1755764446119732500 ) ) ;
#749 = CARTESIAN_POINT ( 'NONE',  ( -0.3561257382826242800, 0.07538322070976295800, -0.1015855296597056600 ) ) ;
#750 = VECTOR ( 'NONE', #6560, 39.37007874015748100 ) ;
#751 = CARTESIAN_POINT ( 'NONE',  ( -0.6603961357058000200, 0.007456583453276000200, 0.05686084201679000200 ) ) ;
#752 = CIRCLE ( 'NONE', #3137, 0.08500000000161266100 ) ;
#753 = CARTESIAN_POINT ( 'NONE',  ( -0.6186555718706457900, 0.02776264978033654900, -0.02469961882353363300 ) ) ;
#754 = CARTESIAN_POINT ( 'NONE',  ( 0.2660407304911999700, 0.1584754255901000000, 0.08113145769471000200 ) ) ;
#755 = VERTEX_POINT ( 'NONE', #3924 ) ;
#756 = CARTESIAN_POINT ( 'NONE',  ( 0.09421104642048999700, -0.003199357749789999900, 0.1785626176333999800 ) ) ;
#757 = EDGE_CURVE ( 'NONE', #6418, #5602, #7175, .T. ) ;
#758 = AXIS2_PLACEMENT_3D ( 'NONE', #5507, #5651, #5514 ) ;
#759 = CARTESIAN_POINT ( 'NONE',  ( 0.2642865399375999800, 0.1767456200667000000, 0.02139540203754000000 ) ) ;
#760 = CARTESIAN_POINT ( 'NONE',  ( -0.7339999999999606800, -0.06517801355389150900, -0.1484760073499043800 ) ) ;
#761 = PLANE ( 'NONE',  #4520 ) ;
#762 = LINE ( 'NONE', #6081, #750 ) ;
#763 = ORIENTED_EDGE ( 'NONE', *, *, #5122, .F. ) ;
#764 = CARTESIAN_POINT ( 'NONE',  ( -0.5289345453334943800, 3.930074648465033400E-014, -0.1265000000000136000 ) ) ;
#765 = CARTESIAN_POINT ( 'NONE',  ( -0.3621065331526547900, 0.07494458142408576300, -0.1019099353972951900 ) ) ;
#766 = CARTESIAN_POINT ( 'NONE',  ( 0.2469771214178858600, 0.06173087494740942000, -0.1770707717655615200 ) ) ;
#767 = VECTOR ( 'NONE', #6590, 39.37007874015748900 ) ;
#768 = ORIENTED_EDGE ( 'NONE', *, *, #4180, .F. ) ;
#769 = CARTESIAN_POINT ( 'NONE',  ( 0.1708333285176000000, -0.1406827630007000100, 0.1306435963777000100 ) ) ;
#770 = DIRECTION ( 'NONE',  ( -0.7071067811865435800, 0.0000000000000000000, 0.7071067811865515700 ) ) ;
#771 = CARTESIAN_POINT ( 'NONE',  ( 0.09232989394822001300, 0.06296711357409000300, 0.1671227107248999800 ) ) ;
#773 = CIRCLE ( 'NONE', #6777, 0.1724999999999967400 ) ;
#772 = CARTESIAN_POINT ( 'NONE',  ( 0.2467440770823237700, 0.05336096958859196800, -0.1798439227850563700 ) ) ;
#774 = DIRECTION ( 'NONE',  ( 0.0000000000000000000, 0.0000000000000000000, -1.000000000000000000 ) ) ;
#775 = ORIENTED_EDGE ( 'NONE', *, *, #3410, .F. ) ;
#776 = CARTESIAN_POINT ( 'NONE',  ( 0.2465906776315610600, 0.04776553311246510600, -0.1814041214917171700 ) ) ;
#777 = CARTESIAN_POINT ( 'NONE',  ( 0.09044874147595000100, 0.1202321293609000000, 0.1320570358176000000 ) ) ;
#778 = CARTESIAN_POINT ( 'NONE',  ( 0.2625323493840000000, 0.1732566230519999900, -0.04097466924730999700 ) ) ;
#779 = EDGE_CURVE ( 'NONE', #2122, #4458, #7087, .T. ) ;
#780 = CIRCLE ( 'NONE', #7112, 0.07999999999999205000 ) ;
#781 = ORIENTED_EDGE ( 'NONE', *, *, #1279, .F. ) ;
#782 = CARTESIAN_POINT ( 'NONE',  ( -0.7575000000000000600, 0.1909999999999999500, 0.2389999999999999900 ) ) ;
#783 = CARTESIAN_POINT ( 'NONE',  ( -1.054000000000241200, 0.2605000000000000100, 0.02200000000000684700 ) ) ;
#784 = DIRECTION ( 'NONE',  ( 0.0000000000000000000, -1.000000000000000000, 0.0000000000000000000 ) ) ;
#785 = CARTESIAN_POINT ( 'NONE',  ( 0.08856758900368000300, 0.1605004627716999900, 0.07832327466180999400 ) ) ;
#786 = LINE ( 'NONE', #6057, #727 ) ;
#787 = CARTESIAN_POINT ( 'NONE',  ( -0.3591160334254214200, 0.07516340459711176600, -0.1017486488199082500 ) ) ;
#788 = CARTESIAN_POINT ( 'NONE',  ( 0.2461363695981096900, 0.03102201382119637900, -0.1852624501607894600 ) ) ;
#789 = CARTESIAN_POINT ( 'NONE',  ( 0.2866099050554999900, 0.1648183036554999600, 0.09845833408510000500 ) ) ;
#790 = CARTESIAN_POINT ( 'NONE',  ( 0.2607781588304000100, 0.1484379460493000000, -0.09830035933993999700 ) ) ;
#791 = CARTESIAN_POINT ( 'NONE',  ( -0.5289345453334940400, -0.01141040072594193400, -0.1265000000000132400 ) ) ;
#792 = LINE ( 'NONE', #4259, #4395 ) ;
#793 = CARTESIAN_POINT ( 'NONE',  ( 0.08668643653141001900, 0.1780787452113999900, 0.01351534294277000100 ) ) ;
#794 = CARTESIAN_POINT ( 'NONE',  ( 0.2458413513342570800, 0.01992137922537920800, -0.1867420651555365400 ) ) ;
#795 = DIRECTION ( 'NONE',  ( -1.000000000000000000, -0.0000000000000000000, 0.0000000000000000000 ) ) ;
#796 = DIRECTION ( 'NONE',  ( -0.0000000000000000000, 1.000000000000000000, -0.0000000000000000000 ) ) ;
#797 = CARTESIAN_POINT ( 'NONE',  ( 0.08543233488323000200, 0.1730159385478000100, -0.03095933506760999800 ) ) ;
#798 = CARTESIAN_POINT ( 'NONE',  ( 0.2590239682768000200, 0.1053450060061000000, -0.1435242757075000100 ) ) ;
#799 = EDGE_LOOP ( 'NONE', ( #376, #3097, #204, #4439, #2911 ) ) ;
#800 = CARTESIAN_POINT ( 'NONE',  ( 0.08480528405913997900, 0.1664664150442000100, -0.05194740592004999700 ) ) ;
#801 = CARTESIAN_POINT ( 'NONE',  ( -0.7339999999999999900, 0.1999999999999624900, -0.3075000000000000000 ) ) ;
#802 = CARTESIAN_POINT ( 'NONE',  ( 0.7788404885582452800, -0.1443375672974198100, -0.2500000000000103800 ) ) ;
#803 = CARTESIAN_POINT ( 'NONE',  ( 0.2449798578180444900, -0.01259664437048258100, -0.1883252351164485800 ) ) ;
#804 = VECTOR ( 'NONE', #5074, 39.37007874015748900 ) ;
#805 = CARTESIAN_POINT ( 'NONE',  ( 0.3310958967007999700, -0.09993507873793999700, -0.1511685811908000100 ) ) ;
#806 = CARTESIAN_POINT ( 'NONE',  ( -0.7339999999999999900, -0.2368807716974999600, 0.1166726188958000000 ) ) ;
#807 = DIRECTION ( 'NONE',  ( 0.9961946980917315600, 0.0000000000000000000, -0.08715574274781830200 ) ) ;
#808 = CARTESIAN_POINT ( 'NONE',  ( 0.7211595114417496100, 0.1443375672974235000, -0.2500000000000047200 ) ) ;
#809 = CARTESIAN_POINT ( 'NONE',  ( 0.2572697777231999800, 0.04928297703701999000, -0.1710788699035999900 ) ) ;
#810 = ORIENTED_EDGE ( 'NONE', *, *, #4646, .F. ) ;
#811 = CARTESIAN_POINT ( 'NONE',  ( 0.1690791379640000100, -0.08689381403963999900, 0.1711983011319999900 ) ) ;
#812 = CARTESIAN_POINT ( 'NONE',  ( 0.2444369438410300700, -0.03318062259419821800, -0.1855291845093585100 ) ) ;
#813 = CARTESIAN_POINT ( 'NONE',  ( 0.3304688458767000000, -0.1189934050317999900, -0.1385694359059000100 ) ) ;
#814 = CARTESIAN_POINT ( 'NONE',  ( 0.3292147442285999800, -0.1522801039050999900, -0.1060816197523000000 ) ) ;
#815 = CARTESIAN_POINT ( 'NONE',  ( 0.2434139459545858800, -0.07026739404655535400, -0.1748903762853340500 ) ) ;
#816 = DIRECTION ( 'NONE',  ( -1.000000000000000000, -0.0000000000000000000, -0.0000000000000000000 ) ) ;
#817 = LINE ( 'NONE', #4997, #804 ) ;
#818 = AXIS2_PLACEMENT_3D ( 'NONE', #5898, #5872, #5925 ) ;
#819 = CARTESIAN_POINT ( 'NONE',  ( -0.8940290340353002100, -0.2481944801964500200, 0.1279863273947499700 ) ) ;
#820 = AXIS2_PLACEMENT_3D ( 'NONE', #3536, #3557, #3526 ) ;
#821 = CARTESIAN_POINT ( 'NONE',  ( 0.3273335917563000000, -0.1806908727817999900, -0.04235095274427999600 ) ) ;
#822 = CARTESIAN_POINT ( 'NONE',  ( -0.4251320852194043800, 0.06719307914287123200, -0.06846938875930201600 ) ) ;
#823 = VERTEX_POINT ( 'NONE', #3898 ) ;
#824 = CARTESIAN_POINT ( 'NONE',  ( 0.2555155871695999900, -0.01284632746305999900, -0.1775718642689000100 ) ) ;
#825 = CARTESIAN_POINT ( 'NONE',  ( 0.2429338620451551900, -0.08677495858811100400, -0.1670540806271294000 ) ) ;
#826 = CARTESIAN_POINT ( 'NONE',  ( 0.3254524392839999200, -0.1835588063075999900, 0.02736510419468999800 ) ) ;
#827 = AXIS2_PLACEMENT_3D ( 'NONE', #1457, #1481, #1498 ) ;
#828 = LINE ( 'NONE', #4834, #423 ) ;
#829 = ORIENTED_EDGE ( 'NONE', *, *, #4366, .T. ) ;
#830 = CARTESIAN_POINT ( 'NONE',  ( 0.0000000000000000000, 0.2454999999999532600, 0.2454999999999532300 ) ) ;
#831 = DIRECTION ( 'NONE',  ( 0.0000000000000000000, 0.0000000000000000000, -1.000000000000000000 ) ) ;
#832 = VERTEX_POINT ( 'NONE', #3661 ) ;
#833 = CARTESIAN_POINT ( 'NONE',  ( 0.2420365242938799800, -0.1152136251444310600, -0.1488675218074877700 ) ) ;
#834 = CARTESIAN_POINT ( 'NONE',  ( 0.2537613966160000000, -0.07339413754767999700, -0.1622038817329999900 ) ) ;
#835 = CARTESIAN_POINT ( 'NONE',  ( 0.2520072060624000100, -0.1249063700210999900, -0.1268668632070000000 ) ) ;
#836 = DIRECTION ( 'NONE',  ( 1.000000000000000000, -0.0000000000000000000, -0.0000000000000000000 ) ) ;
#837 = VERTEX_POINT ( 'NONE', #3653 ) ;
#838 = CARTESIAN_POINT ( 'NONE',  ( 0.3235712868117999700, -0.1604805423570000200, 0.09321330985192000100 ) ) ;
#839 = VERTEX_POINT ( 'NONE', #3737 ) ;
#840 = AXIS2_PLACEMENT_3D ( 'NONE', #4402, #4390, #4494 ) ;
#841 = ORIENTED_EDGE ( 'NONE', *, *, #60, .F. ) ;
#842 = VERTEX_POINT ( 'NONE', #3670 ) ;
#843 = CARTESIAN_POINT ( 'NONE',  ( 0.7499999999999998900, 0.2886751345948389000, 2.249079231033906700E-014 ) ) ;
#844 = CARTESIAN_POINT ( 'NONE',  ( 0.2416192704520362100, -0.1271682510909881400, -0.1385421251908020800 ) ) ;
#845 = CARTESIAN_POINT ( 'NONE',  ( 0.3216901343395000000, -0.1147177156259999900, 0.1458854460123000000 ) ) ;
#846 = CARTESIAN_POINT ( 'NONE',  ( 0.2502530155088000300, -0.1610413063207999900, -0.07591115527958000600 ) ) ;
#847 = CARTESIAN_POINT ( 'NONE',  ( 0.7031250000000024400, -1.162341282646013300E-014, 8.094143919163550900E-017 ) ) ;
#848 = EDGE_LOOP ( 'NONE', ( #6520, #622, #6162, #3190 ) ) ;
#849 = VERTEX_POINT ( 'NONE', #3585 ) ;
#850 = CARTESIAN_POINT ( 'NONE',  ( 0.3853461368341024000, 7.896685069038138800E-017, -1.420881095142174500E-014 ) ) ;
#851 = PLANE ( 'NONE',  #1656 ) ;
#852 = CARTESIAN_POINT ( 'NONE',  ( 0.3198089818672000300, -0.05273919006129999800, 0.1779362279429000100 ) ) ;
#853 = ORIENTED_EDGE ( 'NONE', *, *, #4351, .F. ) ;
#854 = ORIENTED_EDGE ( 'NONE', *, *, #3136, .F. ) ;
#855 = CARTESIAN_POINT ( 'NONE',  ( 0.7968749999999652500, 0.2165063509407895200, 0.1250000000091939500 ) ) ;
#856 = CARTESIAN_POINT ( 'NONE',  ( -0.3665989825274416600, -0.01018588260999499100, -0.1119818378084420200 ) ) ;
#857 = CARTESIAN_POINT ( 'NONE',  ( 0.1673249474103999700, -0.02240691290081000100, 0.1906759754663000200 ) ) ;
#858 = CARTESIAN_POINT ( 'NONE',  ( 0.2883640956090999800, 0.1206627538671000000, 0.1493305491834000000 ) ) ;
#859 = CARTESIAN_POINT ( 'NONE',  ( 0.2412274029126119700, -0.1371932385246916500, -0.1278041044134933500 ) ) ;
#860 = VERTEX_POINT ( 'NONE', #3549 ) ;
#861 = CLOSED_SHELL ( 'NONE', ( #6941, #6474, #3256, #5089, #6445, #6046, #5310, #6260, #6621, #6483, #4209, #4965, #7133, #6606, #5636, #6058, #6252, #4641, #6011, #6575, #6922, #3657, #3188, #6319, #3420, #6995, #6041, #6354, #6715, #6337, #5577, #6135 ) ) ;
#862 = DIRECTION ( 'NONE',  ( -1.000000000000000000, 1.108751990959527400E-015, 1.180700948117231100E-015 ) ) ;
#863 = B_SPLINE_CURVE_WITH_KNOTS ( 'NONE', 3,
 ( #5200, #4704, #5245, #5254, #5274, #5286, #5302, #5319, #5327, #5344 ),
 .UNSPECIFIED., .F., .F.,
 ( 4, 2, 2, 2, 4 ),
 ( 0.0000000000000000000, 0.1249997906622010400, 0.2499995813244020900, 0.3749993719866031600, 0.4999991626488041700 ),
 .UNSPECIFIED. ) ;
#864 = CARTESIAN_POINT ( 'NONE',  ( 0.3179278293948999400, 0.01669421114293000200, 0.1848351406432000000 ) ) ;
#865 = CARTESIAN_POINT ( 'NONE',  ( 0.7968750000008981700, 0.2409381711222836300, 0.08268284613354942600 ) ) ;
#866 = CARTESIAN_POINT ( 'NONE',  ( -0.7339999999999617900, 0.02117801355389459600, -0.1484760073499041800 ) ) ;
#867 = ORIENTED_EDGE ( 'NONE', *, *, #3259, .F. ) ;
#868 = ORIENTED_EDGE ( 'NONE', *, *, #49, .F. ) ;
#869 = CARTESIAN_POINT ( 'NONE',  ( 0.3160466769227000000, 0.08376783998054999900, 0.1656069989308000000 ) ) ;
#870 = CARTESIAN_POINT ( 'NONE',  ( 0.2484988249552000100, -0.1773503289277000000, -0.01560994109634000100 ) ) ;
#871 = DIRECTION ( 'NONE',  ( -7.918399981635679700E-016, 0.0000000000000000000, -1.000000000000000000 ) ) ;
#872 = CARTESIAN_POINT ( 'NONE',  ( 0.2467446344015999700, -0.1718255987662999900, 0.04661305228315999700 ) ) ;
#873 = ORIENTED_EDGE ( 'NONE', *, *, #2678, .F. ) ;
#874 = CARTESIAN_POINT ( 'NONE',  ( 0.2412189576780286700, -0.1374088619327711000, -0.1275722784280545500 ) ) ;
#875 = CARTESIAN_POINT ( 'NONE',  ( 0.3141655244504000200, 0.1390006185206000000, 0.1229697536890999900 ) ) ;
#876 = ORIENTED_EDGE ( 'NONE', *, *, #3263, .F. ) ;
#877 = DIRECTION ( 'NONE',  ( 1.000000000000000000, 0.0000000000000000000, -0.0000000000000000000 ) ) ;
#878 = CARTESIAN_POINT ( 'NONE',  ( 0.2449904438479999800, -0.1451472477457000100, 0.1030974932630000000 ) ) ;
#879 = CARTESIAN_POINT ( 'NONE',  ( 0.2412044747618955800, -0.1377776568993130400, -0.1271737842608018100 ) ) ;
#880 = CARTESIAN_POINT ( 'NONE',  ( 0.3122843719780999400, 0.1745852038756999800, 0.06295031420341000400 ) ) ;
#881 = EDGE_LOOP ( 'NONE', ( #3052, #3018, #2988, #2958 ) ) ;
#882 = CARTESIAN_POINT ( 'NONE',  ( 0.7899107369756669400, 0.2649349102518288600, 0.04111927474520023900 ) ) ;
#883 = CARTESIAN_POINT ( 'NONE',  ( 0.7661333303678999900, -1.747129878956135700E-014, -0.1720120028468148400 ) ) ;
#884 = CARTESIAN_POINT ( 'NONE',  ( -0.4407343882913999900, 0.06569599219341000500, -0.07034261538015999800 ) ) ;
#885 = CARTESIAN_POINT ( 'NONE',  ( 0.2432362532943999900, -0.1005996532716000200, 0.1468895163890000000 ) ) ;
#886 = CARTESIAN_POINT ( 'NONE',  ( -0.6597219338547034600, 0.006384854396426871900, 0.02200000000001575300 ) ) ;
#887 = ORIENTED_EDGE ( 'NONE', *, *, #6048, .T. ) ;
#888 = CARTESIAN_POINT ( 'NONE',  ( 0.2411827414375216900, -0.1383297877099367300, -0.1265745762013881200 ) ) ;
#889 = CARTESIAN_POINT ( 'NONE',  ( -0.4865187516669999800, 0.06076042051660000100, -0.08454047742480999500 ) ) ;
#890 = ORIENTED_EDGE ( 'NONE', *, *, #6921, .T. ) ;
#891 = B_SPLINE_CURVE_WITH_KNOTS ( 'NONE', 3,
 ( #6719, #6567, #6544, #6528 ),
 .UNSPECIFIED., .F., .F.,
 ( 4, 4 ),
 ( 9.865456060692729800E-016, 0.003694680973536137200 ),
 .UNSPECIFIED. ) ;
#892 = CARTESIAN_POINT ( 'NONE',  ( 0.3846441616224999800, 4.481875076957911400E-017, -0.1874385851268934000 ) ) ;
#893 = CARTESIAN_POINT ( 'NONE',  ( -0.7809999999999999200, -0.3075000000000109900, -0.2454999999999766500 ) ) ;
#894 = CARTESIAN_POINT ( 'NONE',  ( 0.1655707568568000300, 0.04483865416314999900, 0.1866785916570999900 ) ) ;
#895 = DIRECTION ( 'NONE',  ( 0.0000000000000000000, 0.0000000000000000000, -1.000000000000000000 ) ) ;
#896 = DIRECTION ( 'NONE',  ( 0.0000000000000000000, -1.000000000000000000, 0.0000000000000000000 ) ) ;
#897 = ORIENTED_EDGE ( 'NONE', *, *, #5065, .F. ) ;
#898 = CARTESIAN_POINT ( 'NONE',  ( 0.3104032195059000000, 0.1854915877869999800, -0.005967376114026999600 ) ) ;
#899 = DIRECTION ( 'NONE',  ( 1.456985596621206800E-015, 0.0000000000000000000, -1.000000000000000000 ) ) ;
#900 = DIRECTION ( 'NONE',  ( 1.000000000000000000, 1.111637685973589300E-015, 1.183773901191338300E-015 ) ) ;
#901 = CARTESIAN_POINT ( 'NONE',  ( 0.2411319676960984000, -0.1396106063133503700, -0.1251661786331768100 ) ) ;
#902 = CARTESIAN_POINT ( 'NONE',  ( 0.2414820627406999700, -0.04366710107369999700, 0.1725978220380000300 ) ) ;
#903 = ORIENTED_EDGE ( 'NONE', *, *, #4806, .T. ) ;
#904 = CARTESIAN_POINT ( 'NONE',  ( 0.3085220670336000200, 0.1701781060467999800, -0.07404157090596999400 ) ) ;
#905 = CARTESIAN_POINT ( 'NONE',  ( 0.2901182861627000200, 0.06165252943534999000, 0.1818187973203000100 ) ) ;
#906 = CARTESIAN_POINT ( 'NONE',  ( 0.3066409145612999900, 0.1308093610573000100, -0.1316497488870000100 ) ) ;
#907 = ORIENTED_EDGE ( 'NONE', *, *, #7072, .F. ) ;
#908 = CARTESIAN_POINT ( 'NONE',  ( -0.9689999999986292900, -0.02199999999999999200, -0.2444999999999997700 ) ) ;
#909 = ORIENTED_EDGE ( 'NONE', *, *, #5128, .F. ) ;
#910 = DIRECTION ( 'NONE',  ( -0.7213873210325400000, 8.481068866981711200E-017, -0.6925318281880589200 ) ) ;
#911 = ORIENTED_EDGE ( 'NONE', *, *, #4258, .F. ) ;
#912 = CARTESIAN_POINT ( 'NONE',  ( 0.3047597620890999900, 0.07295025090883000600, -0.1706487901350000300 ) ) ;
#913 = CARTESIAN_POINT ( 'NONE',  ( 0.2410301696083794500, -0.1421418534383440700, -0.1223085824089045200 ) ) ;
#914 = CARTESIAN_POINT ( 'NONE',  ( 0.2397278721871000100, 0.01864138642946000200, 0.1770574094239999700 ) ) ;
#915 = ORIENTED_EDGE ( 'NONE', *, *, #6991, .F. ) ;
#916 = ORIENTED_EDGE ( 'NONE', *, *, #242, .F. ) ;
#917 = CARTESIAN_POINT ( 'NONE',  ( 0.2379736816334999900, 0.07865493604622998700, 0.1597192292525999900 ) ) ;
#918 = CARTESIAN_POINT ( 'NONE',  ( 0.7187499999999642500, 1.027537669179421400E-014, 0.0000000000000000000 ) ) ;
#919 = CARTESIAN_POINT ( 'NONE',  ( 0.7499999999999638100, 1.010356906406767300E-014, 6.189280072997044900E-017 ) ) ;
#920 = ORIENTED_EDGE ( 'NONE', *, *, #5093, .T. ) ;
#921 = ORIENTED_EDGE ( 'NONE', *, *, #3295, .T. ) ;
#922 = CARTESIAN_POINT ( 'NONE',  ( 0.2409424844962679600, -0.1442578677046130200, -0.1197898979118060400 ) ) ;
#923 = CARTESIAN_POINT ( 'NONE',  ( 0.2362194910799000100, 0.1289851937336000100, 0.1227177843593000000 ) ) ;
#924 = CARTESIAN_POINT ( 'NONE',  ( 0.3028786096168000200, 0.004779354850830999800, -0.1855260354958999900 ) ) ;
#925 = CARTESIAN_POINT ( 'NONE',  ( 0.1638165663031999900, 0.1065639464173000200, 0.1596982496011999900 ) ) ;
#926 = DIRECTION ( 'NONE',  ( 1.000000000000000000, 0.0000000000000000000, -0.0000000000000000000 ) ) ;
#927 = ORIENTED_EDGE ( 'NONE', *, *, #2750, .F. ) ;
#928 = ORIENTED_EDGE ( 'NONE', *, *, #4567, .T. ) ;
#929 = CARTESIAN_POINT ( 'NONE',  ( 0.3009974571444999900, -0.06406713498888000300, -0.1741785225797000100 ) ) ;
#930 = ORIENTED_EDGE ( 'NONE', *, *, #4643, .F. ) ;
#931 = VERTEX_POINT ( 'NONE', #3577 ) ;
#932 = CARTESIAN_POINT ( 'NONE',  ( -0.7339999999999999900, 0.3075000000000000500, 0.2440000000000035200 ) ) ;
#933 = CARTESIAN_POINT ( 'NONE',  ( 0.2407665414609079200, -0.1484142195680757400, -0.1146618964407726000 ) ) ;
#934 = CARTESIAN_POINT ( 'NONE',  ( 0.2344653005262999600, 0.1634359161726000000, 0.07060835470010999600 ) ) ;
#935 = CARTESIAN_POINT ( 'NONE',  ( 0.2327111099727000000, 0.1777658027313999700, 0.009806196028717999900 ) ) ;
#936 = CARTESIAN_POINT ( 'NONE',  ( -0.7339999999999999900, -0.3197999999999999700, 0.3197999999999999700 ) ) ;
#937 = CARTESIAN_POINT ( 'NONE',  ( 0.2991163046722000200, -0.1238575218980000100, -0.1382102501741999900 ) ) ;
#938 = EDGE_LOOP ( 'NONE', ( #907, #978, #2772 ) ) ;
#939 = CARTESIAN_POINT ( 'NONE',  ( 0.7031250000010105200, 0.1920745307629795300, -0.1673171538786387400 ) ) ;
#940 = DIRECTION ( 'NONE',  ( 0.0000000000000000000, 0.0000000000000000000, -1.000000000000000000 ) ) ;
#941 = CARTESIAN_POINT ( 'NONE',  ( 0.2406484823558188200, -0.1510842560604647200, -0.1111223419158391500 ) ) ;
#942 = CARTESIAN_POINT ( 'NONE',  ( 0.2515260939833999800, 0.1868336889802000300, -0.04418560442518999100 ) ) ;
#943 = CARTESIAN_POINT ( 'NONE',  ( 0.2972351522000000200, -0.1661402144645000000, -0.08270545101274999500 ) ) ;
#944 = CARTESIAN_POINT ( 'NONE',  ( 0.2309569194190999900, 0.1702106538300000000, -0.05220324779920999800 ) ) ;
#945 = CARTESIAN_POINT ( 'NONE',  ( 0.2402920137960047300, -0.1587570310053881800, -0.1001568840326640700 ) ) ;
#946 = ORIENTED_EDGE ( 'NONE', *, *, #3247, .T. ) ;
#947 = CARTESIAN_POINT ( 'NONE',  ( 0.2953539997276999900, -0.1849383907872000100, -0.01550992079210999900 ) ) ;
#948 = AXIS2_PLACEMENT_3D ( 'NONE', #4012, #4021, #4039 ) ;
#949 = DIRECTION ( 'NONE',  ( 1.000000000000000000, 0.0000000000000000000, 0.0000000000000000000 ) ) ;
#950 = DIRECTION ( 'NONE',  ( -1.000000000000000000, 0.0000000000000000000, 0.0000000000000000000 ) ) ;
#951 = CARTESIAN_POINT ( 'NONE',  ( 0.2934728472554000200, -0.1775948466978999600, 0.05387801064334000300 ) ) ;
#952 = CARTESIAN_POINT ( 'NONE',  ( 0.05000000000000000300, -6.430407353524017400E-014, 6.189280072995864100E-017 ) ) ;
#953 = AXIS2_PLACEMENT_3D ( 'NONE', #2101, #2126, #2148 ) ;
#954 = CARTESIAN_POINT ( 'NONE',  ( 0.2400513130967327500, -0.1634230634184186700, -0.09238344818598531700 ) ) ;
#955 = CARTESIAN_POINT ( 'NONE',  ( 0.2292027288655000000, 0.1417005709880999900, -0.1077858877591000000 ) ) ;
#956 = ORIENTED_EDGE ( 'NONE', *, *, #2609, .T. ) ;
#957 = CARTESIAN_POINT ( 'NONE',  ( 0.2274485383119000100, 0.09574545745838999900, -0.1500988356315000000 ) ) ;
#958 = DIRECTION ( 'NONE',  ( 0.0000000000000000000, 1.000000000000000000, 0.0000000000000000000 ) ) ;
#959 = CARTESIAN_POINT ( 'NONE',  ( 0.2915916947832000200, -0.1451476050874999900, 0.1156501013832999900 ) ) ;
#960 = CARTESIAN_POINT ( 'NONE',  ( -1.054000000000241900, -0.02199999999999999200, -0.2605000000000000100 ) ) ;
#961 = DIRECTION ( 'NONE',  ( -1.000000000000000000, 0.0000000000000000000, 0.0000000000000000000 ) ) ;
#962 = ORIENTED_EDGE ( 'NONE', *, *, #7187, .T. ) ;
#963 = CARTESIAN_POINT ( 'NONE',  ( 0.2393200460207278400, -0.1757737451940644700, -0.06782642375433986500 ) ) ;
#964 = CARTESIAN_POINT ( 'NONE',  ( 0.1620623757496000000, 0.1551696308148999800, 0.1130566025156999900 ) ) ;
#965 = AXIS2_PLACEMENT_3D ( 'NONE', #6119, #6074, #6062 ) ;
#966 = CARTESIAN_POINT ( 'NONE',  ( 0.2897105423108999900, -0.09218319179106999900, 0.1610746286813000100 ) ) ;
#967 = CARTESIAN_POINT ( 'NONE',  ( -0.7810000000000001400, -0.2156675682618569300, 0.1605132393293430000 ) ) ;
#968 = DIRECTION ( 'NONE',  ( 0.0000000000000000000, 0.0000000000000000000, -1.000000000000000000 ) ) ;
#969 = ORIENTED_EDGE ( 'NONE', *, *, #4869, .T. ) ;
#970 = B_SPLINE_CURVE_WITH_KNOTS ( 'NONE', 3,
 ( #6680, #6127, #7190, #7159, #1050, #3749, #3000, #822, #2250, #2756, #4075, #1524, #1782, #3512, #1299, #2551, #3273, #2018 ),
 .UNSPECIFIED., .F., .F.,
 ( 4, 2, 2, 2, 2, 2, 2, 2, 4 ),
 ( 4.675891551535930200E-014, 0.0005989389070213344800, 0.001197877813995909900, 0.001796816720970485500, 0.002395755627945061200, 0.002994694534919636800, 0.003593633441894212400, 0.004192572348868787500, 0.004791511255843363000 ),
 .UNSPECIFIED. ) ;
#971 = CARTESIAN_POINT ( 'NONE',  ( 0.2388203146658062200, -0.1817970289763670100, -0.04978119259471891500 ) ) ;
#972 = CARTESIAN_POINT ( 'NONE',  ( 0.2878293898386000100, -0.02618831709921000000, 0.1837306522449000100 ) ) ;
#973 = CARTESIAN_POINT ( 'NONE',  ( 0.2256943477583000000, 0.03800291431542000100, -0.1739328469597999900 ) ) ;
#974 = CARTESIAN_POINT ( 'NONE',  ( 0.2239401572047000100, -0.02441827218050000200, -0.1763536458371000000 ) ) ;
#975 = CARTESIAN_POINT ( 'NONE',  ( 0.1603081851960000100, 0.1846715789043000000, 0.05249592106465000200 ) ) ;
#976 = CARTESIAN_POINT ( 'NONE',  ( -0.8890000000000000100, 0.2605000000000000100, 0.1469999999999999900 ) ) ;
#977 = ORIENTED_EDGE ( 'NONE', *, *, #6649, .F. ) ;
#978 = ORIENTED_EDGE ( 'NONE', *, *, #4927, .F. ) ;
#979 = ORIENTED_EDGE ( 'NONE', *, *, #4994, .T. ) ;
#980 = DIRECTION ( 'NONE',  ( -1.082673996788498500E-015, -1.000000000000000000, 0.0000000000000000000 ) ) ;
#981 = EDGE_CURVE ( 'NONE', #5083, #7043, #6918, .T. ) ;
#982 = CARTESIAN_POINT ( 'NONE',  ( 0.2377964120141260200, -0.1881392369402847000, -0.01172249328643035200 ) ) ;
#983 = DIRECTION ( 'NONE',  ( -1.000000000000000000, 0.0000000000000000000, 0.0000000000000000000 ) ) ;
#984 = CARTESIAN_POINT ( 'NONE',  ( 0.2859482373664000200, 0.04350839578179999100, 0.1804156415839000000 ) ) ;
#985 = CARTESIAN_POINT ( 'NONE',  ( 0.2221859666510999900, -0.08383330399602000000, -0.1570631759115999900 ) ) ;
#986 = ORIENTED_EDGE ( 'NONE', *, *, #4365, .T. ) ;
#987 = CARTESIAN_POINT ( 'NONE',  ( 0.2840670848940999900, 0.1070550454139000000, 0.1515981702357999900 ) ) ;
#988 = ORIENTED_EDGE ( 'NONE', *, *, #2300, .F. ) ;
#989 = ORIENTED_EDGE ( 'NONE', *, *, #5592, .F. ) ;
#990 = DIRECTION ( 'NONE',  ( 1.000000000000000000, -0.0000000000000000000, -0.0000000000000000000 ) ) ;
#991 = CARTESIAN_POINT ( 'NONE',  ( 0.2372722407173675800, -0.1884071548591023400, 0.008297086459776521100 ) ) ;
#992 = CARTESIAN_POINT ( 'NONE',  ( -0.5281775802934940400, -0.02254154050296067900, -0.1249819451250737500 ) ) ;
#993 = CARTESIAN_POINT ( 'NONE',  ( 0.2287216167866000000, 0.02010219830544999700, 0.1909323198228000100 ) ) ;
#994 = ORIENTED_EDGE ( 'NONE', *, *, #3611, .F. ) ;
#995 = ORIENTED_EDGE ( 'NONE', *, *, #107, .T. ) ;
#996 = DIRECTION ( 'NONE',  ( -1.000000000000000000, 1.172870181530256900E-015, 1.101398411666896200E-015 ) ) ;
#997 = CARTESIAN_POINT ( 'NONE',  ( 0.2918724767163000100, -0.004947665731578000000, 0.1919234908215000100 ) ) ;
#998 = CARTESIAN_POINT ( 'NONE',  ( 0.2204317760975000000, -0.1329274618469999900, -0.1184363020552000000 ) ) ;
#999 = CARTESIAN_POINT ( 'NONE',  ( 0.2361994581820136800, -0.1822967115786909600, 0.04834892890489593500 ) ) ;
#1000 = EDGE_LOOP ( 'NONE', ( #5213, #5184, #5147 ) ) ;
#1001 = ORIENTED_EDGE ( 'NONE', *, *, #3089, .T. ) ;
#1002 = CARTESIAN_POINT ( 'NONE',  ( 0.2821859324218000100, 0.1554690563943000000, 0.1013516859129000000 ) ) ;
#1003 = CARTESIAN_POINT ( 'NONE',  ( -0.7810000000000001400, 0.2454999999999532600, -0.2454999999999532300 ) ) ;
#1004 = CARTESIAN_POINT ( 'NONE',  ( 0.4052700307959143400, 6.189280072998427900E-017, -8.505651413398584300E-014 ) ) ;
#1005 = CARTESIAN_POINT ( 'NONE',  ( -0.8890000000000000100, 0.2524999999999999500, 0.1470000000000000200 ) ) ;
#1006 = CARTESIAN_POINT ( 'NONE',  ( -0.8909895033928999500, 0.2437953433570999900, -0.01699999999998999900 ) ) ;
#1007 = B_SPLINE_CURVE_WITH_KNOTS ( 'NONE', 3,
 ( #4764, #5950, #6201, #6210 ),
 .UNSPECIFIED., .F., .F.,
 ( 4, 4 ),
 ( 2.351214105499948600E-016, 0.003694680973536693200 ),
 .UNSPECIFIED. ) ;
#1008 = ORIENTED_EDGE ( 'NONE', *, *, #568, .F. ) ;
#1009 = ORIENTED_EDGE ( 'NONE', *, *, #6977, .F. ) ;
#1010 = CARTESIAN_POINT ( 'NONE',  ( -0.5246688667071253100, -0.04422631832345478400, -0.1190488992937181200 ) ) ;
#1011 = CARTESIAN_POINT ( 'NONE',  ( 0.2186775855438999900, -0.1656566378662000000, -0.06522844287909000700 ) ) ;
#1012 = CARTESIAN_POINT ( 'NONE',  ( 0.2356508469434188700, -0.1758717225589602200, 0.06836558794833207100 ) ) ;
#1013 = CARTESIAN_POINT ( 'NONE',  ( 0.2803047799494999800, 0.1819069033268000100, 0.03677871736933000000 ) ) ;
#1014 = ORIENTED_EDGE ( 'NONE', *, *, #2750, .T. ) ;
#1015 = ORIENTED_EDGE ( 'NONE', *, *, #4470, .F. ) ;
#1016 = CARTESIAN_POINT ( 'NONE',  ( -0.5219631298938606200, -0.05433348793538821800, -0.1147209432003852100 ) ) ;
#1017 = CARTESIAN_POINT ( 'NONE',  ( 0.1585539946424000300, 0.1914376116174000000, -0.01452785981515999700 ) ) ;
#1018 = CARTESIAN_POINT ( 'NONE',  ( 0.7788404885582191900, -0.2886751345948362400, -2.714133640958143600E-014 ) ) ;
#1019 = VERTEX_POINT ( 'NONE', #3513 ) ;
#1020 = CARTESIAN_POINT ( 'NONE',  ( 0.2169233949903000000, -0.1779914435888000100, -0.003990126693306999600 ) ) ;
#1021 = DIRECTION ( 'NONE',  ( -0.0000000000000000000, 1.000000000000000000, -0.0000000000000000000 ) ) ;
#1022 = CARTESIAN_POINT ( 'NONE',  ( 0.2784236274772999800, 0.1826314737524999700, -0.03299309244523999900 ) ) ;
#1023 = EDGE_LOOP ( 'NONE', ( #2725, #2597, #2469, #2412 ) ) ;
#1024 = CARTESIAN_POINT ( 'NONE',  ( 0.2350812527462553500, -0.1658540787614959100, 0.08745046788211426100 ) ) ;
#1025 = CARTESIAN_POINT ( 'NONE',  ( 0.2151692044367000100, -0.1684132836603000100, 0.05773945497369999800 ) ) ;
#1026 = CARTESIAN_POINT ( 'NONE',  ( 0.2765424750050000100, 0.1575403287692999600, -0.09810121313528999400 ) ) ;
#1027 = CARTESIAN_POINT ( 'NONE',  ( 0.2134150138831000000, -0.1381013212995000100, 0.1123606136536000100 ) ) ;
#1028 = CARTESIAN_POINT ( 'NONE',  ( 0.2746613225326999800, 0.1101801885897000000, -0.1493423353597000100 ) ) ;
#1029 = EDGE_LOOP ( 'NONE', ( #5903, #2903, #5750, #6424, #4073 ) ) ;
#1030 = CARTESIAN_POINT ( 'NONE',  ( 0.2350695876060699700, -0.1656478679299309400, 0.08784076357265982500 ) ) ;
#1031 = CARTESIAN_POINT ( 'NONE',  ( -0.5156345902230633500, -0.06799202637340309700, -0.1068036868728948500 ) ) ;
#1032 = CARTESIAN_POINT ( 'NONE',  ( 0.1567998040888000100, 0.1746346860634999900, -0.07976307623228999500 ) ) ;
#1033 = ORIENTED_EDGE ( 'NONE', *, *, #6640, .F. ) ;
#1034 = DIRECTION ( 'NONE',  ( 0.0000000000000000000, 1.101551610344728300E-015, 1.000000000000000000 ) ) ;
#1035 = DIRECTION ( 'NONE',  ( 0.0000000000000000000, 0.0000000000000000000, -1.000000000000000000 ) ) ;
#1036 = CARTESIAN_POINT ( 'NONE',  ( 0.2116608233294999800, -0.09078731631820000100, 0.1531487816185000100 ) ) ;
#1037 = ORIENTED_EDGE ( 'NONE', *, *, #7061, .T. ) ;
#1038 = CARTESIAN_POINT ( 'NONE',  ( 0.2727801700604999800, 0.04724559427495000200, -0.1794732983427999900 ) ) ;
#1039 = DIRECTION ( 'NONE',  ( 1.000000000000000000, 0.0000000000000000000, 0.0000000000000000000 ) ) ;
#1040 = CARTESIAN_POINT ( 'NONE',  ( 0.2350491855664235400, -0.1652848592080691200, 0.08852211805730790500 ) ) ;
#1041 = CARTESIAN_POINT ( 'NONE',  ( 0.2936266672699999700, -0.07093874307149000700, 0.1784006651875999800 ) ) ;
#1042 = VERTEX_POINT ( 'NONE', #3602 ) ;
#1043 = CARTESIAN_POINT ( 'NONE',  ( -0.5131287841280154400, -0.07228406285547062100, -0.1039262153732897600 ) ) ;
#1044 = DIRECTION ( 'NONE',  ( -1.000000000000000000, 0.0000000000000000000, 0.0000000000000000000 ) ) ;
#1045 = DIRECTION ( 'NONE',  ( -3.184673439188023500E-017, -1.000000000000000000, 3.153335541836170600E-016 ) ) ;
#1046 = B_SPLINE_CURVE_WITH_KNOTS ( 'NONE', 3,
 ( #6827, #6808, #6786, #6775, #6761, #6753, #6743, #6734, #6726, #6721, #6708, #6699, #6685 ),
 .UNSPECIFIED., .F., .F.,
 ( 4, 1, 1, 1, 1, 1, 1, 1, 1, 1, 4 ),
 ( 0.0000000000000000000, 0.05420465887927194300, 0.1664726288034480700, 0.2787405987312633300, 0.3910085686554384800, 0.5032765385832537200, 0.6155445085110699000, 0.7278124784352451000, 0.8400804483630602800, 0.9523484182872354900, 1.000000000000000000 ),
 .UNSPECIFIED. ) ;
#1047 = CARTESIAN_POINT ( 'NONE',  ( 0.2708990175882000100, -0.02236738930169000100, -0.1842349446409999900 ) ) ;
#1048 = ORIENTED_EDGE ( 'NONE', *, *, #5183, .F. ) ;
#1049 = CARTESIAN_POINT ( 'NONE',  ( 0.2350186085951413200, -0.1647376744133183200, 0.08954159124634505900 ) ) ;
#1050 = CARTESIAN_POINT ( 'NONE',  ( -0.3872083326939982400, 0.07117873582235788300, -0.07809243907224026900 ) ) ;
#1051 = CARTESIAN_POINT ( 'NONE',  ( 0.2099066327758999900, -0.03229620546346000100, 0.1750823945938999900 ) ) ;
#1052 = EDGE_LOOP ( 'NONE', ( #873, #829, #810 ) ) ;
#1053 = ORIENTED_EDGE ( 'NONE', *, *, #5199, .F. ) ;
#1054 = CARTESIAN_POINT ( 'NONE',  ( 0.2081524422223000000, 0.03017101593545000100, 0.1754611160569000100 ) ) ;
#1055 = VERTEX_POINT ( 'NONE', #3492 ) ;
#1056 = CARTESIAN_POINT ( 'NONE',  ( 0.7968750000000300900, 2.656640782411016600E-018, 0.2499999999999521800 ) ) ;
#1057 = CARTESIAN_POINT ( 'NONE',  ( 0.2349474449461289300, -0.1634423876847865300, 0.09190237323074201800 ) ) ;
#1058 = CARTESIAN_POINT ( 'NONE',  ( 0.2690178651158999800, -0.08881866723030999700, -0.1629541752853999900 ) ) ;
#1059 = VERTEX_POINT ( 'NONE', #3480 ) ;
#1060 = CARTESIAN_POINT ( 'NONE',  ( 0.7031250000000229800, -8.349797351103793100E-014, 7.833574121832274700E-014 ) ) ;
#1061 = CARTESIAN_POINT ( 'NONE',  ( 0.1550456135351999900, 0.1363314669264000000, -0.1351782418527000000 ) ) ;
#1062 = CARTESIAN_POINT ( 'NONE',  ( -0.5073939154087566700, -0.08000866978566043000, -0.09810329629445750700 ) ) ;
#1063 = CARTESIAN_POINT ( 'NONE',  ( 0.2063982516686999900, 0.08892382570524000300, 0.1542382907592000100 ) ) ;
#1064 = DIRECTION ( 'NONE',  ( 0.0000000000000000000, 0.0000000000000000000, 1.000000000000000000 ) ) ;
#1065 = CARTESIAN_POINT ( 'NONE',  ( 0.2671367126436000100, -0.1427150536867000100, -0.1186391011781999900 ) ) ;
#1066 = VERTEX_POINT ( 'NONE', #3505 ) ;
#1067 = ORIENTED_EDGE ( 'NONE', *, *, #6269, .F. ) ;
#1068 = CARTESIAN_POINT ( 'NONE',  ( -0.6659736095169691600, -0.008343232764280032400, 0.05700562899728774800 ) ) ;
#1069 = CARTESIAN_POINT ( 'NONE',  ( 0.2348058481173545500, -0.1607791521758447600, 0.09655136719639632900 ) ) ;
#1070 = AXIS2_PLACEMENT_3D ( 'NONE', #3666, #3676, #3689 ) ;
#1071 = CARTESIAN_POINT ( 'NONE',  ( 0.2652555601714000100, -0.1764380414143000000, -0.05755383939640999100 ) ) ;
#1072 = CARTESIAN_POINT ( 'NONE',  ( 0.2046440611150000000, 0.1367289771720000000, 0.1140266967718000000 ) ) ;
#1073 = CARTESIAN_POINT ( 'NONE',  ( -0.5041430594377535000, -0.08349516284801672400, -0.09512766925899493500 ) ) ;
#1074 = ORIENTED_EDGE ( 'NONE', *, *, #6870, .T. ) ;
#1075 = ORIENTED_EDGE ( 'NONE', *, *, #5541, .T. ) ;
#1076 = CARTESIAN_POINT ( 'NONE',  ( 0.7100892630259330000, -0.1680777916369621500, 0.2088807252608775900 ) ) ;
#1077 = CARTESIAN_POINT ( 'NONE',  ( 0.2028898705614000100, 0.1677010086198999800, 0.05977688633834999500 ) ) ;
#1078 = DIRECTION ( 'NONE',  ( 1.000000000000000000, 0.0000000000000000000, 0.0000000000000000000 ) ) ;
#1079 = CARTESIAN_POINT ( 'NONE',  ( 0.2633744076990999800, -0.1852207152936999900, 0.01166694251385999900 ) ) ;
#1080 = B_SPLINE_CURVE_WITH_KNOTS ( 'NONE', 3,
 ( #6872, #6986, #6851, #6832 ),
 .UNSPECIFIED., .F., .F.,
 ( 4, 4 ),
 ( 0.0000000000000000000, 1.000000000000000000 ),
 .UNSPECIFIED. ) ;
#1081 = EDGE_LOOP ( 'NONE', ( #1526, #1515 ) ) ;
#1082 = ORIENTED_EDGE ( 'NONE', *, *, #7184, .F. ) ;
#1083 = CARTESIAN_POINT ( 'NONE',  ( -0.6596957078004539500, -0.01100804087513566700, 0.05798921319754537400 ) ) ;
#1084 = CARTESIAN_POINT ( 'NONE',  ( 0.2346857316399775500, -0.1583766676575718600, 0.1004097661515079400 ) ) ;
#1085 = CARTESIAN_POINT ( 'NONE',  ( 0.2011356800077999700, 0.1780268261114000300, -0.001832285555984999900 ) ) ;
#1086 = CARTESIAN_POINT ( 'NONE',  ( -0.4967417355398210900, -0.08975816100941227900, -0.08924230056354405500 ) ) ;
#1087 = CARTESIAN_POINT ( 'NONE',  ( 0.7211595114417496100, -0.1443375672974235000, 0.2500000000000047200 ) ) ;
#1088 = DIRECTION ( 'NONE',  ( 0.0000000000000000000, 0.0000000000000000000, -1.000000000000000000 ) ) ;
#1089 = ORIENTED_EDGE ( 'NONE', *, *, #2912, .F. ) ;
#1090 = CARTESIAN_POINT ( 'NONE',  ( 0.2614932552268000000, -0.1678215827481000000, 0.07923857231742999200 ) ) ;
#1091 = EDGE_CURVE ( 'NONE', #4980, #1508, #7107, .T. ) ;
#1092 = CARTESIAN_POINT ( 'NONE',  ( -0.6529357564364989300, -0.01223394173343921700, 0.05895580395289254400 ) ) ;
#1093 = CARTESIAN_POINT ( 'NONE',  ( 0.2344471683292243500, -0.1534245708095127200, 0.1079531826031910900 ) ) ;
#1094 = VERTEX_POINT ( 'NONE', #3507 ) ;
#1095 = CARTESIAN_POINT ( 'NONE',  ( 0.2596121027546000000, -0.1267000708790000100, 0.1356094801197000000 ) ) ;
#1096 = CARTESIAN_POINT ( 'NONE',  ( 0.2953808578236000200, -0.1281965999810000000, 0.1429151099125000000 ) ) ;
#1097 = CARTESIAN_POINT ( 'NONE',  ( 0.2577309502822999800, -0.06766888161294999600, 0.1728113584879000000 ) ) ;
#1098 = CARTESIAN_POINT ( 'NONE',  ( 0.1532914229816000100, 0.08124365225167000400, -0.1739508520684000200 ) ) ;
#1099 = ORIENTED_EDGE ( 'NONE', *, *, #4843, .F. ) ;
#1100 = CARTESIAN_POINT ( 'NONE',  ( 0.1993814894542000100, 0.1664351530553999600, -0.06321591225181999500 ) ) ;
#1101 = CARTESIAN_POINT ( 'NONE',  ( 0.7788404885582130800, -0.1443375672974409900, 0.2500000000000122700 ) ) ;
#1102 = CARTESIAN_POINT ( 'NONE',  ( -0.4925985739717461700, -0.09250783059376710400, -0.08635268526714289000 ) ) ;
#1103 = CARTESIAN_POINT ( 'NONE',  ( -0.6427771098145198500, -0.01182800653600123500, 0.06042249496572682500 ) ) ;
#1104 = CARTESIAN_POINT ( 'NONE',  ( -0.6394523956607005600, -0.01132474037389380600, 0.06090450703661626200 ) ) ;
#1105 = VERTEX_POINT ( 'NONE', #3440 ) ;
#1106 = CARTESIAN_POINT ( 'NONE',  ( 0.2342903523140570100, -0.1499260846005513700, 0.1127499534130452800 ) ) ;
#1107 = CARTESIAN_POINT ( 'NONE',  ( 0.1976272989005999900, 0.1343530497134000100, -0.1168168370178000000 ) ) ;
#1108 = CARTESIAN_POINT ( 'NONE',  ( 0.2558497978100000000, 0.0009276553826491000100, 0.1855855240586999900 ) ) ;
#1109 = CARTESIAN_POINT ( 'NONE',  ( 0.7899107369740286900, -0.1680777916369650400, 0.2088807252608725900 ) ) ;
#1110 = CARTESIAN_POINT ( 'NONE',  ( -0.4837503911993216700, -0.09713830919593764700, -0.08110877795014374800 ) ) ;
#1111 = VERTEX_POINT ( 'NONE', #3403 ) ;
#1112 = CARTESIAN_POINT ( 'NONE',  ( -0.6329277866771788600, -0.009591536052923035200, 0.06187779566140874000 ) ) ;
#1113 = CARTESIAN_POINT ( 'NONE',  ( 0.2338265828445594600, -0.1389484188028161600, 0.1264249871821792300 ) ) ;
#1114 = CARTESIAN_POINT ( 'NONE',  ( -0.6297255192490059900, -0.008347999184489736000, 0.06237019423823638600 ) ) ;
#1115 = CARTESIAN_POINT ( 'NONE',  ( 0.7968749999989376300, -0.1920745307629811400, 0.1673171538786359900 ) ) ;
#1116 = CARTESIAN_POINT ( 'NONE',  ( 0.2539686453378000000, 0.06939308963217999400, 0.1721262633654999900 ) ) ;
#1117 = CARTESIAN_POINT ( 'NONE',  ( 0.2520874928654999700, 0.1280494886357000100, 0.1343360861917000100 ) ) ;
#1118 = B_SPLINE_CURVE_WITH_KNOTS ( 'NONE', 3,
 ( #6371, #6375, #6356, #6349 ),
 .UNSPECIFIED., .F., .F.,
 ( 4, 4 ),
 ( 4.220764384040162200E-017, 0.003694680973535680600 ),
 .UNSPECIFIED. ) ;
#1119 = ORIENTED_EDGE ( 'NONE', *, *, #5174, .F. ) ;
#1120 = AXIS2_PLACEMENT_3D ( 'NONE', #4117, #4035, #4147 ) ;
#1121 = CARTESIAN_POINT ( 'NONE',  ( 0.1958731083470000000, 0.08573023140820000600, -0.1560360421157999900 ) ) ;
#1122 = CARTESIAN_POINT ( 'NONE',  ( 0.1941189177933999600, 0.02655281258380999900, -0.1760450817055000100 ) ) ;
#1123 = CARTESIAN_POINT ( 'NONE',  ( 0.2335263079662337800, -0.1309933732273517400, 0.1345875645616806400 ) ) ;
#1124 = CARTESIAN_POINT ( 'NONE',  ( 0.2502063403932000000, 0.1686054624998999700, 0.07755680364801999200 ) ) ;
#1125 = VERTEX_POINT ( 'NONE', #3430 ) ;
#1126 = CARTESIAN_POINT ( 'NONE',  ( -0.6207783777392169600, -0.003685832989093206600, 0.06382549446323006200 ) ) ;
#1127 = CARTESIAN_POINT ( 'NONE',  ( 0.7968749999999452700, -0.2165063509407882700, 0.1250000000091932600 ) ) ;
#1128 = CARTESIAN_POINT ( 'NONE',  ( 0.7968749999999541500, -0.04886364035932034400, 0.2500000000000000000 ) ) ;
#1129 = EDGE_LOOP ( 'NONE', ( #6032, #6019, #5952, #5940 ) ) ;
#1130 = CARTESIAN_POINT ( 'NONE',  ( 0.1923647272398000000, -0.03589366006177000000, -0.1743805363054000100 ) ) ;
#1131 = CARTESIAN_POINT ( 'NONE',  ( 0.2326521976352783600, -0.1060202607460132300, 0.1562022437171573500 ) ) ;
#1132 = ORIENTED_EDGE ( 'NONE', *, *, #2120, .T. ) ;
#1133 = CARTESIAN_POINT ( 'NONE',  ( -0.4790029276722412300, -0.09905952374180342100, -0.07871668777329213200 ) ) ;
#1134 = VERTEX_POINT ( 'NONE', #3439 ) ;
#1135 = CARTESIAN_POINT ( 'NONE',  ( -0.8709999999999825700, 0.2445000000000000200, 0.02199999999997281900 ) ) ;
#1136 = CARTESIAN_POINT ( 'NONE',  ( -0.6154681103421246700, 0.0007870732001756686900, 0.06480285403795815700 ) ) ;
#1137 = CARTESIAN_POINT ( 'NONE',  ( 0.2321050764866705600, -0.08791191675478710100, 0.1667139138055244200 ) ) ;
#1138 = EDGE_LOOP ( 'NONE', ( #7120, #1716, #1704, #2150, #2048, #5901 ) ) ;
#1139 = CARTESIAN_POINT ( 'NONE',  ( 0.2483251879209000000, 0.1853281972381999900, 0.009814442822352997800 ) ) ;
#1140 = CARTESIAN_POINT ( 'NONE',  ( 0.7031250000010105200, -0.1920745307629795300, 0.1673171538786387400 ) ) ;
#1141 = ORIENTED_EDGE ( 'NONE', *, *, #1475, .F. ) ;
#1142 = ORIENTED_EDGE ( 'NONE', *, *, #5217, .F. ) ;
#1143 = CARTESIAN_POINT ( 'NONE',  ( -0.4688307205978123300, -0.1022320022846987100, -0.07455014343924629100 ) ) ;
#1144 = AXIS2_PLACEMENT_3D ( 'NONE', #4722, #4738, #4749 ) ;
#1145 = CARTESIAN_POINT ( 'NONE',  ( 0.1515372324279999900, 0.01615340592210999900, -0.1913073481301000000 ) ) ;
#1146 = CARTESIAN_POINT ( 'NONE',  ( 0.1906105366862000100, -0.09392115580573999500, -0.1512473020783000100 ) ) ;
#1147 = DIRECTION ( 'NONE',  ( 0.0000000000000000000, -3.671838701159242700E-016, -1.000000000000000000 ) ) ;
#1148 = ORIENTED_EDGE ( 'NONE', *, *, #2897, .T. ) ;
#1149 = ORIENTED_EDGE ( 'NONE', *, *, #3113, .F. ) ;
#1150 = CARTESIAN_POINT ( 'NONE',  ( 0.2464440354486999700, 0.1758538232184000100, -0.05931526835216999900 ) ) ;
#1151 = CARTESIAN_POINT ( 'NONE',  ( -0.7339999999999999900, -0.2454999999997350400, 0.1306808075914037700 ) ) ;
#1152 = CARTESIAN_POINT ( 'NONE',  ( -0.6093477891513287000, 0.008833312010945429700, 0.06626127279586289900 ) ) ;
#1153 = CARTESIAN_POINT ( 'NONE',  ( 0.2310820723335111300, -0.05212374026004777000, 0.1811297351017742700 ) ) ;
#1154 = CARTESIAN_POINT ( 'NONE',  ( 0.1888563461325999900, -0.1403856634313999900, -0.1094933742675000000 ) ) ;
#1155 = ORIENTED_EDGE ( 'NONE', *, *, #4406, .F. ) ;
#1156 = ORIENTED_EDGE ( 'NONE', *, *, #5040, .F. ) ;
#1157 = CARTESIAN_POINT ( 'NONE',  ( 0.1871021555790000100, -0.1695667223647000000, -0.05425922756476000300 ) ) ;
#1158 = CARTESIAN_POINT ( 'NONE',  ( -0.4326017887029213200, 0.07715555570490997800, -0.1775000000000464000 ) ) ;
#1159 = CARTESIAN_POINT ( 'NONE',  ( 0.2445628829764000000, 0.1415215678019000100, -0.1200604776161000000 ) ) ;
#1160 = CARTESIAN_POINT ( 'NONE',  ( -0.6075796211911607100, 0.01178466782370407100, 0.06675447300880844900 ) ) ;
#1162 = EDGE_LOOP ( 'NONE', ( #7105, #7018, #7068, #7082, #7182, #1377 ) ) ;
#1161 = CARTESIAN_POINT ( 'NONE',  ( 0.2306061893289588500, -0.03443896026981860300, 0.1850412648741926700 ) ) ;
#1163 = ORIENTED_EDGE ( 'NONE', *, *, #4091, .F. ) ;
#1164 = AXIS2_PLACEMENT_3D ( 'NONE', #5176, #5218, #5223 ) ;
#1165 = CARTESIAN_POINT ( 'NONE',  ( 0.2426817305041000000, 0.08718445637211999500, -0.1638345118122999900 ) ) ;
#1166 = CARTESIAN_POINT ( 'NONE',  ( 0.1853479650253999900, -0.1778716982441999900, 0.007655042045953000000 ) ) ;
#1167 = CARTESIAN_POINT ( 'NONE',  ( 0.2408005780319000000, 0.02052331843178999800, -0.1844496526579999800 ) ) ;
#1168 = ORIENTED_EDGE ( 'NONE', *, *, #1544, .F. ) ;
#1169 = ORIENTED_EDGE ( 'NONE', *, *, #6979, .F. ) ;
#1170 = CARTESIAN_POINT ( 'NONE',  ( 0.1835937744718000000, -0.1642780955410999800, 0.06862690155561000600 ) ) ;
#1171 = CARTESIAN_POINT ( 'NONE',  ( 0.2971350483772000100, -0.1696723133527999700, 0.08983544784548000400 ) ) ;
#1172 = DIRECTION ( 'NONE',  ( -1.000000000000000000, -0.0000000000000000000, -0.0000000000000000000 ) ) ;
#1173 = CARTESIAN_POINT ( 'NONE',  ( 0.2389194255596000000, -0.04903893393716000200, -0.1789918104564000000 ) ) ;
#1174 = EDGE_CURVE ( 'NONE', #1212, #1281, #6938, .T. ) ;
#1175 = ORIENTED_EDGE ( 'NONE', *, *, #3410, .T. ) ;
#1176 = CARTESIAN_POINT ( 'NONE',  ( 0.2297256614639068000, -0.001462880601322320200, 0.1882110490433341600 ) ) ;
#1177 = CARTESIAN_POINT ( 'NONE',  ( 0.1818395839181999900, -0.1304594507135000100, 0.1211498229003000100 ) ) ;
#1178 = DIRECTION ( 'NONE',  ( 0.0000000000000000000, -0.7071067811865474600, -0.7071067811865474600 ) ) ;
#1179 = CARTESIAN_POINT ( 'NONE',  ( 0.2370382730872999900, -0.1116692838697000000, -0.1482324545915000000 ) ) ;
#1180 = ORIENTED_EDGE ( 'NONE', *, *, #6896, .F. ) ;
#1181 = CARTESIAN_POINT ( 'NONE',  ( 0.2293210166034072800, 0.01383531722322928200, 0.1875006881577455100 ) ) ;
#1182 = CARTESIAN_POINT ( 'NONE',  ( -0.6030052107786719700, 0.02443606028210791600, 0.06869962017146971600 ) ) ;
#1183 = CARTESIAN_POINT ( 'NONE',  ( 0.2351571206149999900, -0.1585145620633000300, -0.09651957047378999200 ) ) ;
#1184 = CARTESIAN_POINT ( 'NONE',  ( 0.1497830418744000000, -0.05092562797716000000, -0.1851108272741000000 ) ) ;
#1185 = EDGE_LOOP ( 'NONE', ( #6943, #1037, #986, #930, #1089, #1048 ) ) ;
#1186 = CARTESIAN_POINT ( 'NONE',  ( -0.4635695840907317300, -0.1034343657103412700, -0.07284293885410497700 ) ) ;
#1187 = CARTESIAN_POINT ( 'NONE',  ( 0.1800853933646000000, -0.08057930487155999500, 0.1587574472690999900 ) ) ;
#1188 = CARTESIAN_POINT ( 'NONE',  ( 0.1783312028109999800, -0.02077861912059000100, 0.1768196934222000000 ) ) ;
#1189 = CARTESIAN_POINT ( 'NONE',  ( 0.2289462247869896400, 0.02773466110911094300, 0.1854364851048669600 ) ) ;
#1190 = ORIENTED_EDGE ( 'NONE', *, *, #739, .F. ) ;
#1191 = CARTESIAN_POINT ( 'NONE',  ( 0.2332759681427999900, -0.1829528961455000000, -0.03116305493013999500 ) ) ;
#1192 = CARTESIAN_POINT ( 'NONE',  ( -0.6047765227176228300, 0.01790468955341202900, 0.06772510084547979400 ) ) ;
#1193 = DIRECTION ( 'NONE',  ( 1.000000000000000000, 0.0000000000000000000, 0.0000000000000000000 ) ) ;
#1194 = CARTESIAN_POINT ( 'NONE',  ( 0.1765770122574000000, 0.04158026234404999000, 0.1731127965366000000 ) ) ;
#1195 = EDGE_LOOP ( 'NONE', ( #6502, #6763, #6732, #6787, #6892, #6817 ) ) ;
#1196 = CARTESIAN_POINT ( 'NONE',  ( 0.7031250000000230900, -0.2165063509434593500, 0.1250000000046166100 ) ) ;
#1197 = CARTESIAN_POINT ( 'NONE',  ( 0.2289368453334370000, 0.02808241425123239300, 0.1853841854270643900 ) ) ;
#1198 = CARTESIAN_POINT ( 'NONE',  ( -0.4527259161806385100, -0.1052268336947479500, -0.07022873501196881500 ) ) ;
#1199 = CARTESIAN_POINT ( 'NONE',  ( 0.04900000000000000200, -6.430407353524017400E-014, -0.1874999999999693900 ) ) ;
#1200 = VERTEX_POINT ( 'NONE', #3360 ) ;
#1201 = CARTESIAN_POINT ( 'NONE',  ( 0.2289216948450574800, 0.02864391729533717600, 0.1852981767599795600 ) ) ;
#1202 = CARTESIAN_POINT ( 'NONE',  ( 0.2313948156704999900, -0.1815297568975000100, 0.03859857386590999400 ) ) ;
#1203 = CARTESIAN_POINT ( 'NONE',  ( 0.1748228217038000100, 0.09882002328448999400, 0.1480930959734000100 ) ) ;
#1204 = CARTESIAN_POINT ( 'NONE',  ( 0.2295136631981999900, -0.1544462844795999900, 0.1029040918027000100 ) ) ;
#1205 = ORIENTED_EDGE ( 'NONE', *, *, #140, .F. ) ;
#1206 = CARTESIAN_POINT ( 'NONE',  ( 0.1730686311501999900, 0.1438935685632999900, 0.1048408628685999900 ) ) ;
#1207 = CARTESIAN_POINT ( 'NONE',  ( -0.8939999999999997900, -0.1880904037955999600, 0.1880904037955999600 ) ) ;
#1208 = CARTESIAN_POINT ( 'NONE',  ( -0.4470834043168024900, -0.1058187199904807600, -0.06931773388633913300 ) ) ;
#1209 = ORIENTED_EDGE ( 'NONE', *, *, #4377, .F. ) ;
#1210 = VERTEX_POINT ( 'NONE', #3325 ) ;
#1211 = CARTESIAN_POINT ( 'NONE',  ( -0.6037141963506658100, 0.02110054550577560400, 0.06820782663231249300 ) ) ;
#1212 = VERTEX_POINT ( 'NONE', #3345 ) ;
#1213 = CARTESIAN_POINT ( 'NONE',  ( 0.2288989641056062800, 0.02948608272744356100, 0.1851672116318768800 ) ) ;
#1214 = CARTESIAN_POINT ( 'NONE',  ( 0.2988892389307999900, -0.1902597587660999600, 0.02569619136838999900 ) ) ;
#1215 = CARTESIAN_POINT ( 'NONE',  ( 0.1713144405965999800, 0.1712516319155000000, 0.04868108132591000100 ) ) ;
#1216 = CARTESIAN_POINT ( 'NONE',  ( 0.7343750000000043300, -1.652661323354626700E-014, 6.189280072997388800E-017 ) ) ;
#1217 = CARTESIAN_POINT ( 'NONE',  ( 0.2276325107259999900, -0.1055308651185000000, 0.1526635115997999900 ) ) ;
#1218 = CARTESIAN_POINT ( 'NONE',  ( -0.4357857989776322500, -0.1064147430917485600, -0.06839921186883848900 ) ) ;
#1219 = ORIENTED_EDGE ( 'NONE', *, *, #5473, .F. ) ;
#1220 = ORIENTED_EDGE ( 'NONE', *, *, #6813, .F. ) ;
#1221 = CARTESIAN_POINT ( 'NONE',  ( -0.7339999999999889900, 0.01449915831191275100, -0.1320213642512840500 ) ) ;
#1222 = CARTESIAN_POINT ( 'NONE',  ( 0.2288458906653797200, 0.03145044887724703100, 0.1848479591877515100 ) ) ;
#1223 = CARTESIAN_POINT ( 'NONE',  ( 0.7788404885582191900, 0.2886751345948362400, 2.714133640958143600E-014 ) ) ;
#1224 = DIRECTION ( 'NONE',  ( 1.000000000000000000, 0.0000000000000000000, -0.0000000000000000000 ) ) ;
#1225 = CARTESIAN_POINT ( 'NONE',  ( 0.2257513582536999900, -0.04169797407943000300, 0.1808430109314999900 ) ) ;
#1226 = CARTESIAN_POINT ( 'NONE',  ( 0.1695602500429999900, 0.1775259820378999900, -0.01347213099247000100 ) ) ;
#1227 = CARTESIAN_POINT ( 'NONE',  ( -0.4301432512033404600, -0.1064260493440209300, -0.06838125630517127900 ) ) ;
#1228 = EDGE_LOOP ( 'NONE', ( #3104, #2266, #2731 ) ) ;
#1229 = ORIENTED_EDGE ( 'NONE', *, *, #6196, .F. ) ;
#1230 = CARTESIAN_POINT ( 'NONE',  ( -0.7275988386385999800, -0.1142684558397000100, 0.2392849347534999900 ) ) ;
#1231 = CARTESIAN_POINT ( 'NONE',  ( 0.7100892630259330000, 0.1680777916369621500, -0.2088807252608775900 ) ) ;
#1232 = CARTESIAN_POINT ( 'NONE',  ( 0.1678060594893000000, 0.1619441126503999900, -0.07396675250419999800 ) ) ;
#1233 = CARTESIAN_POINT ( 'NONE',  ( 0.2287396035922321900, 0.03537593209856330200, 0.1841547682327694100 ) ) ;
#1234 = CARTESIAN_POINT ( 'NONE',  ( 0.2238702057813999600, 0.02802922116059000000, 0.1834592128926999800 ) ) ;
#1235 = EDGE_LOOP ( 'NONE', ( #5664, #5191, #1500 ) ) ;
#1236 = ORIENTED_EDGE ( 'NONE', *, *, #2290, .T. ) ;
#1237 = CARTESIAN_POINT ( 'NONE',  ( 0.0000000000000000000, 3.928525470263913200E-014, 0.1264999999999282000 ) ) ;
#1238 = CARTESIAN_POINT ( 'NONE',  ( 0.7968750000000300900, 2.656640782411016600E-018, 0.2499999999999521800 ) ) ;
#1239 = DIRECTION ( 'NONE',  ( 0.0000000000000000000, 0.0000000000000000000, -1.000000000000000000 ) ) ;
#1240 = CARTESIAN_POINT ( 'NONE',  ( 0.1660518689356999800, 0.1264243601049999900, -0.1253549390442000000 ) ) ;
#1241 = CARTESIAN_POINT ( 'NONE',  ( 0.1642976783820999900, 0.07533973615981999500, -0.1613099723658000000 ) ) ;
#1242 = CARTESIAN_POINT ( 'NONE',  ( 0.2286482600563436400, 0.03873333010733375600, 0.1834667988338349000 ) ) ;
#1243 = ORIENTED_EDGE ( 'NONE', *, *, #2746, .T. ) ;
#1244 = ORIENTED_EDGE ( 'NONE', *, *, #2806, .T. ) ;
#1245 = CARTESIAN_POINT ( 'NONE',  ( 0.2219890533091999900, 0.09379433804492000300, 0.1601422698215999900 ) ) ;
#1246 = CARTESIAN_POINT ( 'NONE',  ( -0.4188705499958480000, -0.1058819581966183600, -0.06922074198749293700 ) ) ;
#1247 = CARTESIAN_POINT ( 'NONE',  ( -0.7339999999999999900, -0.3075000000000000000, 0.1306808075913018800 ) ) ;
#1248 = CARTESIAN_POINT ( 'NONE',  ( -0.5206825004946338300, 0.05627955300575615500, -0.1132910495736134400 ) ) ;
#1249 = CARTESIAN_POINT ( 'NONE',  ( 0.7788404885582546100, 0.1443375672973983600, 0.2500000000000000000 ) ) ;
#1250 = CARTESIAN_POINT ( 'NONE',  ( 0.2284652525441220100, 0.04543367907333269900, 0.1819656523600636000 ) ) ;
#1251 = B_SPLINE_CURVE_WITH_KNOTS ( 'NONE', 3,
 ( #6797, #7183, #6643, #6635, #6612, #6600, #6581, #6568, #6555, #6548, #6538, #6527, #6521, #6506, #6493, #6487, #6472, #6458 ),
 .UNSPECIFIED., .F., .F.,
 ( 4, 2, 2, 2, 2, 2, 2, 2, 4 ),
 ( 0.4085385933547809300, 0.4824712691854333200, 0.5564039450160857000, 0.6303366208467380300, 0.7042692966773904700, 0.7782019725080429100, 0.8521346483386952300, 0.9260673241693475600, 1.000000000000000000 ),
 .UNSPECIFIED. ) ;
#1252 = EDGE_CURVE ( 'NONE', #2615, #4535, #6945, .T. ) ;
#1253 = ORIENTED_EDGE ( 'NONE', *, *, #2091, .F. ) ;
#1254 = CARTESIAN_POINT ( 'NONE',  ( 0.2201079008368999900, 0.1463010406793000000, 0.1141881532257999900 ) ) ;
#1255 = CARTESIAN_POINT ( 'NONE',  ( 0.1625434878285000100, 0.01497954986666999800, -0.1774051847018000000 ) ) ;
#1256 = CARTESIAN_POINT ( 'NONE',  ( 0.2182267483646000200, 0.1781271400128000000, 0.05209275619980999900 ) ) ;
#1257 = CARTESIAN_POINT ( 'NONE',  ( 0.1607892972748999900, -0.04722490027512000300, -0.1716589604311999900 ) ) ;
#1258 = CONICAL_SURFACE ( 'NONE', #5116, 0.1720120028468149200, 0.7649928327086166200 ) ;
#1259 = CARTESIAN_POINT ( 'NONE',  ( 0.2283428202820482500, 0.04988135049438369900, 0.1807979362293943800 ) ) ;
#1260 = CARTESIAN_POINT ( 'NONE',  ( -0.4132021155602310100, -0.1053152682454040500, -0.07009506287230428400 ) ) ;
#1261 = EDGE_CURVE ( 'NONE', #4185, #1134, #7114, .T. ) ;
#1262 = CARTESIAN_POINT ( 'NONE',  ( 0.7899107369740756600, 0.1680777916369644000, 0.2088807252608736700 ) ) ;
#1263 = ORIENTED_EDGE ( 'NONE', *, *, #433, .F. ) ;
#1264 = CARTESIAN_POINT ( 'NONE',  ( 0.2620512373050999900, -0.05914266016493000000, 0.1826508047227999600 ) ) ;
#1265 = CARTESIAN_POINT ( 'NONE',  ( 0.1590351067212999700, -0.1036152355140000000, -0.1447787148902000000 ) ) ;
#1266 = CARTESIAN_POINT ( 'NONE',  ( 0.2279742417340480700, 0.06312774015787096800, 0.1767931609277890700 ) ) ;
#1267 = CARTESIAN_POINT ( 'NONE',  ( 0.2163455958923000400, 0.1847737753384000000, -0.01736633609658000100 ) ) ;
#1268 = CARTESIAN_POINT ( 'NONE',  ( -0.4023301808627758300, -0.1035769147413485900, -0.07263915127076521500 ) ) ;
#1269 = EDGE_LOOP ( 'NONE', ( #4119, #4198, #4227, #4288, #4338, #4369, #4471, #4516 ) ) ;
#1270 = DIRECTION ( 'NONE',  ( -1.000000000000000000, 0.0000000000000000000, 0.0000000000000000000 ) ) ;
#1271 = CARTESIAN_POINT ( 'NONE',  ( 0.7968749999999652500, 0.2165063509407895200, 0.1250000000091939500 ) ) ;
#1272 = CARTESIAN_POINT ( 'NONE',  ( 0.2277268136863432300, 0.07183040789632227900, 0.1734543380172728400 ) ) ;
#1273 = CARTESIAN_POINT ( 'NONE',  ( 0.2144644434200999600, 0.1653013671091000100, -0.08437061186210000100 ) ) ;
#1274 = CARTESIAN_POINT ( 'NONE',  ( 0.7211595114417742600, 0.2886751345948361200, 3.196651316724173200E-015 ) ) ;
#1275 = CARTESIAN_POINT ( 'NONE',  ( -0.3970749647445217000, -0.1024067520206843100, -0.07430757377327962300 ) ) ;
#1276 = ORIENTED_EDGE ( 'NONE', *, *, #2172, .F. ) ;
#1277 = CARTESIAN_POINT ( 'NONE',  ( 0.1572809161677000100, -0.1472488679985000100, -0.1000738106930999900 ) ) ;
#1278 = CARTESIAN_POINT ( 'NONE',  ( -0.7574999999999999500, 0.2605000000000000100, -0.1949999999999999800 ) ) ;
#1279 = EDGE_CURVE ( 'NONE', #7119, #1313, #6928, .T. ) ;
#1280 = CARTESIAN_POINT ( 'NONE',  ( 0.2125832909477999900, 0.1224624430075999900, -0.1394485446510000100 ) ) ;
#1281 = VERTEX_POINT ( 'NONE', #3195 ) ;
#1282 = CARTESIAN_POINT ( 'NONE',  ( 0.7968749999989980200, 0.1920745307629762900, 0.1673171538786444000 ) ) ;
#1283 = CARTESIAN_POINT ( 'NONE',  ( 0.7192583303678999900, -1.161827879872718000E-014, 0.1879879971531077400 ) ) ;
#1284 = CARTESIAN_POINT ( 'NONE',  ( 0.2269794024961151500, 0.09722177559619334100, 0.1614296064970250600 ) ) ;
#1285 = CARTESIAN_POINT ( 'NONE',  ( 0.1555267256141000000, -0.1727537510962000000, -0.04304813093327999900 ) ) ;
#1286 = CARTESIAN_POINT ( 'NONE',  ( 0.1537725350605000100, -0.1769897743623999900, 0.01927753174259000000 ) ) ;
#1287 = B_SPLINE_CURVE_WITH_KNOTS ( 'NONE', 3,
 ( #1809, #1231, #939, #591 ),
 .UNSPECIFIED., .F., .F.,
 ( 4, 4 ),
 ( 1.170167104082255900E-016, 0.003694680973267752500 ),
 .UNSPECIFIED. ) ;
#1288 = ORIENTED_EDGE ( 'NONE', *, *, #2312, .F. ) ;
#1289 = CARTESIAN_POINT ( 'NONE',  ( 0.2107021384755000100, 0.06231255919742999900, -0.1748144615401000000 ) ) ;
#1290 = EDGE_CURVE ( 'NONE', #4079, #4971, #7022, .T. ) ;
#1291 = CARTESIAN_POINT ( 'NONE',  ( 0.2088209860032999900, -0.006645686501926998700, -0.1854691087437000100 ) ) ;
#1292 = CARTESIAN_POINT ( 'NONE',  ( 0.2264742923064779800, 0.1131956020583426800, 0.1507169202655440400 ) ) ;
#1293 = DIRECTION ( 'NONE',  ( 0.7213873210325343300, -7.150289397779634600E-016, 0.6925318281880646900 ) ) ;
#1294 = ORIENTED_EDGE ( 'NONE', *, *, #4975, .T. ) ;
#1295 = ORIENTED_EDGE ( 'NONE', *, *, #6678, .T. ) ;
#1296 = CARTESIAN_POINT ( 'NONE',  ( 0.2069398335310000100, -0.07466455169291999500, -0.1699063407365999900 ) ) ;
#1297 = CARTESIAN_POINT ( 'NONE',  ( 0.7899107369748725700, -0.09685711861485928100, 0.2500000000000000000 ) ) ;
#1298 = VERTEX_POINT ( 'NONE', #3139 ) ;
#1299 = CARTESIAN_POINT ( 'NONE',  ( -0.4989721662973798400, 0.05944265680770613500, -0.09068351362070704900 ) ) ;
#1300 = EDGE_CURVE ( 'NONE', #2801, #4167, #6899, .T. ) ;
#1301 = CARTESIAN_POINT ( 'NONE',  ( 0.1480288513207000100, -0.1117349302127999800, -0.1561241406664000100 ) ) ;
#1302 = DIRECTION ( 'NONE',  ( 2.375519994490233700E-015, 0.0000000000000000000, -1.000000000000000000 ) ) ;
#1303 = ORIENTED_EDGE ( 'NONE', *, *, #4781, .T. ) ;
#1304 = CARTESIAN_POINT ( 'NONE',  ( 0.2254503998015608400, 0.1415228192667145300, 0.1245210316577242400 ) ) ;
#1305 = ORIENTED_EDGE ( 'NONE', *, *, #4804, .F. ) ;
#1306 = ORIENTED_EDGE ( 'NONE', *, *, #2925, .T. ) ;
#1307 = CARTESIAN_POINT ( 'NONE',  ( 0.2050586810587000100, -0.1321290613462000100, -0.1303260354213000000 ) ) ;
#1308 = DIRECTION ( 'NONE',  ( 1.000000000000000000, 2.416603665159755800E-015, 2.573421524327912600E-015 ) ) ;
#1309 = CARTESIAN_POINT ( 'NONE',  ( 0.7656250000000041100, -1.645938416182718500E-014, 6.189280072997335800E-017 ) ) ;
#1310 = CARTESIAN_POINT ( 'NONE',  ( 0.2249316174862812900, 0.1538432833263394000, 0.1090058011284881400 ) ) ;
#1311 = CARTESIAN_POINT ( 'NONE',  ( 0.1520183445068999900, -0.1594353731342000000, 0.07922984664491999900 ) ) ;
#1312 = VERTEX_POINT ( 'NONE', #3110 ) ;
#1313 = VERTEX_POINT ( 'NONE', #3173 ) ;
#1314 = CARTESIAN_POINT ( 'NONE',  ( 0.1502641539533000100, -0.1222517528192000000, 0.1294276595922000100 ) ) ;
#1315 = CARTESIAN_POINT ( 'NONE',  ( 0.3260000000000000100, -0.1643199999999999900, -0.1643199999999999900 ) ) ;
#1316 = AXIS2_PLACEMENT_3D ( 'NONE', #5583, #5582, #5560 ) ;
#1317 = PRODUCT_DEFINITION_SHAPE ( 'NONE', 'NONE',  #6261 ) ;
#1318 = CARTESIAN_POINT ( 'NONE',  ( 0.2031775285864000100, -0.1709161573166000100, -0.07232313593384999400 ) ) ;
#1319 = CARTESIAN_POINT ( 'NONE',  ( -0.3869371063600485200, -0.09932754984999424300, -0.07837599262717037700 ) ) ;
#1320 = CARTESIAN_POINT ( 'NONE',  ( -0.7810000000000001400, 0.3075000000000000000, 0.2732499999999999900 ) ) ;
#1322 = ORIENTED_EDGE ( 'NONE', *, *, #3123, .F. ) ;
#1321 = CARTESIAN_POINT ( 'NONE',  ( 0.2238803807300700500, 0.1732688606164947400, 0.07437641241228183700 ) ) ;
#1323 = DIRECTION ( 'NONE',  ( 1.000000000000000000, 0.0000000000000000000, 0.0000000000000000000 ) ) ;
#1324 = ORIENTED_EDGE ( 'NONE', *, *, #3146, .T. ) ;
#1325 = CARTESIAN_POINT ( 'NONE',  ( 0.2012963761142000100, -0.1855429592836999900, -0.004096772944863999800 ) ) ;
#1326 = CARTESIAN_POINT ( 'NONE',  ( 0.7788404885582130800, -0.1443375672974409900, 0.2500000000000122700 ) ) ;
#1327 = CARTESIAN_POINT ( 'NONE',  ( -0.3820780394943300600, -0.09741124921636758200, -0.08077906846517106400 ) ) ;
#1328 = EDGE_CURVE ( 'NONE', #605, #2122, #6989, .T. ) ;
#1329 = AXIS2_PLACEMENT_3D ( 'NONE', #5895, #5886, #5879 ) ;
#1330 = ORIENTED_EDGE ( 'NONE', *, *, #3771, .F. ) ;
#1331 = ORIENTED_EDGE ( 'NONE', *, *, #3810, .F. ) ;
#1332 = CARTESIAN_POINT ( 'NONE',  ( 0.1485099633996999900, -0.07001681869508000200, 0.1636907405608999900 ) ) ;
#1333 = DIRECTION ( 'NONE',  ( 0.0000000000000000000, 0.0000000000000000000, -1.000000000000000000 ) ) ;
#1334 = CARTESIAN_POINT ( 'NONE',  ( 0.2233479262891348300, 0.1803301050070878500, 0.05524656945914346900 ) ) ;
#1335 = CARTESIAN_POINT ( 'NONE',  ( 0.1994152236419000100, -0.1739418206198000100, 0.06470873816668999700 ) ) ;
#1336 = B_SPLINE_CURVE_WITH_KNOTS ( 'NONE', 3,
 ( #6164, #6045, #6386, #5273, #5280, #5318, #5343, #7154, #6440, #6481, #6482, #6489, #6499, #6509, #6516, #6524, #6530, #6533, #6540, #6549, #6554, #6570 ),
 .UNSPECIFIED., .F., .F.,
 ( 4, 2, 2, 2, 2, 2, 2, 2, 2, 2, 4 ),
 ( 0.0000000000000000000, 0.1250000000000000800, 0.2500000000000001100, 0.3750000000000001100, 0.4375000000000001100, 0.4687500000000001700, 0.5000000000000001100, 0.6250000000000002200, 0.7500000000000001100, 0.8750000000000001100, 1.000000000000000000 ),
 .UNSPECIFIED. ) ;
#1337 = VERTEX_POINT ( 'NONE', #3050 ) ;
#1338 = ORIENTED_EDGE ( 'NONE', *, *, #152, .T. ) ;
#1339 = MECHANICAL_DESIGN_GEOMETRIC_PRESENTATION_REPRESENTATION (  '', ( #1407 ), #644 ) ;
#1340 = PLANE ( 'NONE',  #4625 ) ;
#1341 = CARTESIAN_POINT ( 'NONE',  ( 0.3006434294843999800, -0.1874248317464999900, -0.04160625228293999400 ) ) ;
#1342 = CARTESIAN_POINT ( 'NONE',  ( 0.1467557728461000000, -0.009161566889676999900, 0.1778006817465999600 ) ) ;
#1343 = CARTESIAN_POINT ( 'NONE',  ( 0.2228002093712606600, 0.1842236226896349400, 0.03488306069763274400 ) ) ;
#1344 = CARTESIAN_POINT ( 'NONE',  ( 0.1975340711696000100, -0.1377526172083000100, 0.1243671929280999900 ) ) ;
#1345 = EDGE_LOOP ( 'NONE', ( #5915, #5997, #4361, #4910, #5131, #2157 ) ) ;
#1346 = CARTESIAN_POINT ( 'NONE',  ( 0.1956529186974000100, -0.08209094953774998000, 0.1664453745177000000 ) ) ;
#1347 = CARTESIAN_POINT ( 'NONE',  ( -0.3905000000000000700, -0.1682914139223499700, 0.2955706345359500100 ) ) ;
#1348 = EDGE_CURVE ( 'NONE', #1600, #605, #6961, .T. ) ;
#1349 = CARTESIAN_POINT ( 'NONE',  ( -0.3687207229579383400, -0.09057298852954322200, -0.08858115630762254700 ) ) ;
#1350 = DIRECTION ( 'NONE',  ( -0.0000000000000000000, -0.0000000000000000000, -1.000000000000000000 ) ) ;
#1351 = VERTEX_POINT ( 'NONE', #3044 ) ;
#1352 = CARTESIAN_POINT ( 'NONE',  ( 0.1937717662251000100, -0.01482502200667000000, 0.1849951617932999700 ) ) ;
#1353 = CARTESIAN_POINT ( 'NONE',  ( 0.1450015822924999900, 0.05282167537065000200, 0.1700202653246999700 ) ) ;
#1354 = DIRECTION ( 'NONE',  ( 1.000000000000000000, -0.0000000000000000000, -0.0000000000000000000 ) ) ;
#1355 = CARTESIAN_POINT ( 'NONE',  ( 0.2227885315007174000, 0.1843055020218442600, 0.03444867872230180500 ) ) ;
#1356 = EDGE_LOOP ( 'NONE', ( #3040, #3504, #3437, #3364 ) ) ;
#1357 = CARTESIAN_POINT ( 'NONE',  ( -0.3611377833451882600, -0.08436092664493574600, -0.09477217424099207400 ) ) ;
#1358 = CARTESIAN_POINT ( 'NONE',  ( -0.7810000000000001400, -0.2580939751331000100, 0.1308147545195000000 ) ) ;
#1359 = DIRECTION ( 'NONE',  ( -1.000000000000000000, 0.0000000000000000000, 0.0000000000000000000 ) ) ;
#1360 = CARTESIAN_POINT ( 'NONE',  ( 0.1462746607671000000, -0.1587878646236000100, -0.1079159855060000000 ) ) ;
#1361 = ORIENTED_EDGE ( 'NONE', *, *, #3866, .F. ) ;
#1362 = CARTESIAN_POINT ( 'NONE',  ( 0.1432473917389000000, 0.1083016822818000000, 0.1413073560641000000 ) ) ;
#1363 = CARTESIAN_POINT ( 'NONE',  ( 0.2227684514028177600, 0.1844437144719794100, 0.03370129205636145100 ) ) ;
#1364 = CARTESIAN_POINT ( 'NONE',  ( 0.1918906137528000000, 0.05453658396739000100, 0.1773943534707999600 ) ) ;
#1365 = CARTESIAN_POINT ( 'NONE',  ( 0.1900094612806000100, 0.1161890224703000000, 0.1447173492026999900 ) ) ;
#1366 = ORIENTED_EDGE ( 'NONE', *, *, #3407, .T. ) ;
#1367 = AXIS2_PLACEMENT_3D ( 'NONE', #4201, #4175, #4146 ) ;
#1368 = DIRECTION ( 'NONE',  ( 0.0000000000000000000, 0.0000000000000000000, 1.000000000000000000 ) ) ;
#1369 = CARTESIAN_POINT ( 'NONE',  ( 0.1881283088083000000, 0.1614171807665000000, 0.09158328626634999700 ) ) ;
#1370 = PLANE ( 'NONE',  #2984 ) ;
#1371 = CARTESIAN_POINT ( 'NONE',  ( -0.3552436610350082600, -0.07654911405472494800, -0.1007098959261074900 ) ) ;
#1372 = EDGE_LOOP ( 'NONE', ( #3949, #3912, #3868, #3846 ) ) ;
#1373 = CARTESIAN_POINT ( 'NONE',  ( 0.1414932011853000100, 0.1504478679143000100, 0.09519698280671000400 ) ) ;
#1374 = CARTESIAN_POINT ( 'NONE',  ( 0.2227383554427329600, 0.1846474699043264600, 0.03258050000548112800 ) ) ;
#1375 = EDGE_CURVE ( 'NONE', #3826, #1600, #6778, .T. ) ;
#1376 = CARTESIAN_POINT ( 'NONE',  ( 0.1862471563360000000, 0.1838276396819000000, 0.02550309635536000500 ) ) ;
#1377 = ORIENTED_EDGE ( 'NONE', *, *, #2806, .F. ) ;
#1378 = DIRECTION ( 'NONE',  ( -0.9918538434790308300, 0.1273811335162092200, 0.0000000000000000000 ) ) ;
#1379 = DIRECTION ( 'NONE',  ( 0.0000000000000000000, 1.000000000000000000, 0.0000000000000000000 ) ) ;
#1380 = CARTESIAN_POINT ( 'NONE',  ( 0.1397390106316999900, 0.1740712568196999800, 0.03736612445168000000 ) ) ;
#1381 = DIRECTION ( 'NONE',  ( 0.0000000000000000000, -0.7071067811865475700, 0.7071067811865475700 ) ) ;
#1382 = CARTESIAN_POINT ( 'NONE',  ( 0.2226683008432216700, 0.1850980387524658600, 0.02996749913782872900 ) ) ;
#1383 = CYLINDRICAL_SURFACE ( 'NONE', #6758, 0.08500000000161785100 ) ;
#1384 = VERTEX_POINT ( 'NONE', #2941 ) ;
#1385 = CARTESIAN_POINT ( 'NONE',  ( 0.1843660038636999700, 0.1802524475591000000, -0.04418222092114999800 ) ) ;
#1386 = ORIENTED_EDGE ( 'NONE', *, *, #5984, .T. ) ;
#1387 = DIRECTION ( 'NONE',  ( 0.0000000000000000000, -0.7071067811865482400, 0.7071067811865469100 ) ) ;
#1388 = CARTESIAN_POINT ( 'NONE',  ( -0.8115000000000001100, 0.2444999999999999700, -0.1029999999999999900 ) ) ;
#1389 = CARTESIAN_POINT ( 'NONE',  ( -0.8939999999999999100, 0.2524999999999999500, 0.06100000000000999800 ) ) ;
#1390 = CARTESIAN_POINT ( 'NONE',  ( 0.1824848513915000000, 0.1511969496101000000, -0.1076220255500000000 ) ) ;
#1391 = CARTESIAN_POINT ( 'NONE',  ( 0.2480177128761999700, 0.1136002522793000000, -0.1547713987280000000 ) ) ;
#1392 = CARTESIAN_POINT ( 'NONE',  ( 0.1806036989191999700, 0.1007683655332000100, -0.1558485127191000000 ) ) ;
#1393 = ORIENTED_EDGE ( 'NONE', *, *, #4454, .F. ) ;
#1394 = ORIENTED_EDGE ( 'NONE', *, *, #2948, .F. ) ;
#1395 = EDGE_CURVE ( 'NONE', #3172, #2243, #445, .T. ) ;
#1396 = CARTESIAN_POINT ( 'NONE',  ( 0.2225288688736121700, 0.1859003939146013100, 0.02475152068844091100 ) ) ;
#1397 = CARTESIAN_POINT ( 'NONE',  ( 0.1787225464469000000, 0.03609520880093999900, -0.1820443977711999900 ) ) ;
#1398 = ORIENTED_EDGE ( 'NONE', *, *, #152, .F. ) ;
#1399 = VERTEX_POINT ( 'NONE', #2525 ) ;
#1400 = CARTESIAN_POINT ( 'NONE',  ( -0.7675952453406500500, -0.1056628548891000000, -0.2444999999999999700 ) ) ;
#1401 = CARTESIAN_POINT ( 'NONE',  ( 0.1379848200781000100, 0.1762633475567000100, -0.02506521905188999900 ) ) ;
#1402 = CARTESIAN_POINT ( 'NONE',  ( 0.3023976200380000300, -0.1615151226913000000, -0.1037874319121000100 ) ) ;
#1403 = CARTESIAN_POINT ( 'NONE',  ( 0.2224105167215123500, 0.1864210529460033900, 0.02030226037492753600 ) ) ;
#1404 = VERTEX_POINT ( 'NONE', #2512 ) ;
#1405 = VERTEX_POINT ( 'NONE', #2507 ) ;
#1406 = CARTESIAN_POINT ( 'NONE',  ( 0.1768413939747000000, -0.03368038469351000000, -0.1825066108088000100 ) ) ;
#1407 = STYLED_ITEM ( 'NONE', ( #6355 ), #3668 ) ;
#1408 = CARTESIAN_POINT ( 'NONE',  ( 0.1749602415024000300, -0.09869497716024999700, -0.1571697719760999900 ) ) ;
#1409 = CARTESIAN_POINT ( 'NONE',  ( 0.7968750000000300900, -2.656640782414118100E-018, -0.2499999999999521800 ) ) ;
#1410 = DIRECTION ( 'NONE',  ( 0.7071067811865514600, -0.7071067811865433500, 0.0000000000000000000 ) ) ;
#1411 = DIRECTION ( 'NONE',  ( 1.006075183802954900E-015, -0.7071067811865469100, 0.7071067811865482400 ) ) ;
#1412 = CARTESIAN_POINT ( 'NONE',  ( 0.2269674262330000100, 0.08481864415430000200, 0.1722354521095999800 ) ) ;
#1413 = EDGE_LOOP ( 'NONE', ( #4294, #4855 ) ) ;
#1414 = EDGE_LOOP ( 'NONE', ( #5105, #540, #6616 ) ) ;
#1415 = CARTESIAN_POINT ( 'NONE',  ( 0.1730790890301000000, -0.1497581183413999900, -0.1096154467283000000 ) ) ;
#1416 = CARTESIAN_POINT ( 'NONE',  ( 0.1362306295244999900, 0.1567542121021000000, -0.08441062169672000600 ) ) ;
#1417 = CARTESIAN_POINT ( 'NONE',  ( 3.201699555815084100E-018, 3.681415267913933400E-014, 0.2343750000000291200 ) ) ;
#1418 = EDGE_CURVE ( 'NONE', #4458, #2839, #6868, .T. ) ;
#1419 =( BOUNDED_CURVE ( )  B_SPLINE_CURVE ( 3, ( #5599, #7172, #5432, #5644 ),
 .UNSPECIFIED., .F., .F. ) 
 B_SPLINE_CURVE_WITH_KNOTS ( ( 4, 4 ),
 ( 3.141592653590177700, 3.781199547894019500 ),
 .UNSPECIFIED. ) 
 CURVE ( )  GEOMETRIC_REPRESENTATION_ITEM ( )  RATIONAL_B_SPLINE_CURVE ( ( 1.000000000000000000, 0.9661981524663506600, 0.9661981524663506600, 1.000000000000000000 ) ) 
 REPRESENTATION_ITEM ( '' )  );
#1420 = ORIENTED_EDGE ( 'NONE', *, *, #4911, .F. ) ;
#1421 = CARTESIAN_POINT ( 'NONE',  ( 0.2221753603702572300, 0.1872457211716946100, 0.01144349740200089800 ) ) ;
#1422 = CARTESIAN_POINT ( 'NONE',  ( 0.1711979365578000000, -0.1796515080855999900, -0.04656586986921999700 ) ) ;
#1423 = CARTESIAN_POINT ( 'NONE',  ( -0.8939999999999999100, -0.1419999999999999900, -0.2444999999999999700 ) ) ;
#1424 = ORIENTED_EDGE ( 'NONE', *, *, #447, .F. ) ;
#1425 = AXIS2_PLACEMENT_3D ( 'NONE', #5641, #5562, #5554 ) ;
#1426 = CARTESIAN_POINT ( 'NONE',  ( 0.4052700307959145000, 6.799434825635448900E-017, 0.1892431148549023600 ) ) ;
#1427 = DIRECTION ( 'NONE',  ( -1.000000000000000000, 0.0000000000000000000, 0.0000000000000000000 ) ) ;
#1428 = CARTESIAN_POINT ( 'NONE',  ( 0.1445204702135000100, -0.1862914100131999900, -0.04642155067026999800 ) ) ;
#1429 = CARTESIAN_POINT ( 'NONE',  ( 0.2220206534066797300, 0.1875053560243907000, 0.005590851158928290600 ) ) ;
#1430 = EDGE_LOOP ( 'NONE', ( #2599, #2582, #2502, #2430 ) ) ;
#1431 = CARTESIAN_POINT ( 'NONE',  ( 0.0000000000000000000, 3.930074648464835200E-014, -0.1265000000000640300 ) ) ;
#1432 = CARTESIAN_POINT ( 'NONE',  ( -1.044524830354393700, 0.2444999999999998800, 0.06100000000009993300 ) ) ;
#1433 = CARTESIAN_POINT ( 'NONE',  ( -0.7810000000000001400, -0.2038555922723069600, 0.1487012633397930000 ) ) ;
#1434 = CARTESIAN_POINT ( 'NONE',  ( 0.1344764389709000000, 0.1179457406456000000, -0.1333635687787000100 ) ) ;
#1435 = CARTESIAN_POINT ( 'NONE',  ( 0.1693167840856000000, -0.1841493821050000100, 0.02306629749075999800 ) ) ;
#1436 = CARTESIAN_POINT ( 'NONE',  ( 0.1327222484172999900, 0.06461593647023999900, -0.1658970255673999900 ) ) ;
#1437 = CARTESIAN_POINT ( 'NONE',  ( 0.2215627243277254700, 0.1874807225786697700, -0.01172817738870241000 ) ) ;
#1438 = CARTESIAN_POINT ( 'NONE',  ( 0.1674356316133000000, -0.1626158775810999900, 0.08943785426144998400 ) ) ;
#1439 = ORIENTED_EDGE ( 'NONE', *, *, #3247, .F. ) ;
#1440 = CARTESIAN_POINT ( 'NONE',  ( 0.3159018322300875000, -0.1678359380240446700, -0.009352362540219949900 ) ) ;
#1441 = DIRECTION ( 'NONE',  ( -1.000000000000000000, 0.0000000000000000000, -0.0000000000000000000 ) ) ;
#1442 = DIRECTION ( 'NONE',  ( 0.0000000000000000000, 0.0000000000000000000, -1.000000000000000000 ) ) ;
#1443 = EDGE_CURVE ( 'NONE', #5679, #2839, #6839, .T. ) ;
#1444 = EDGE_LOOP ( 'NONE', ( #853, #915 ) ) ;
#1445 = CARTESIAN_POINT ( 'NONE',  ( 0.3126644209216266600, -0.1722456400597848500, 0.01170036726383794100 ) ) ;
#1446 = CARTESIAN_POINT ( 'NONE',  ( 0.2212656940241262100, 0.1863975365104909000, -0.02295173669702877500 ) ) ;
#1447 = CARTESIAN_POINT ( 'NONE',  ( 0.1309680578637000000, 0.003330665412033000200, -0.1780054833623999900 ) ) ;
#1448 = ORIENTED_EDGE ( 'NONE', *, *, #5020, .F. ) ;
#1449 = CARTESIAN_POINT ( 'NONE',  ( 0.1655544791409999900, -0.1180949324687000000, 0.1431664930738000000 ) ) ;
#1450 = CARTESIAN_POINT ( 'NONE',  ( 0.3094310115051049400, -0.1726450603111280300, 0.03422215599508905700 ) ) ;
#1451 = EDGE_CURVE ( 'NONE', #7056, #6559, #6755, .T. ) ;
#1452 = CARTESIAN_POINT ( 'NONE',  ( 0.3029641926720638700, -0.1644640576943416100, 0.07892807236653116800 ) ) ;
#1453 = CARTESIAN_POINT ( 'NONE',  ( 0.2203993703604354700, 0.1805216991466408500, -0.05515885948099726000 ) ) ;
#1454 = CARTESIAN_POINT ( 'NONE',  ( 0.1292138673100000100, -0.05836471750813999900, -0.1681981220669999900 ) ) ;
#1455 = AXIS2_PLACEMENT_3D ( 'NONE', #725, #579, #732 ) ;
#1456 = EDGE_LOOP ( 'NONE', ( #11, #5581, #2526, #6869 ) ) ;
#1457 = CARTESIAN_POINT ( 'NONE',  ( -0.7810000000000001400, 0.1927500000000000000, -0.1927500000000000000 ) ) ;
#1458 = CARTESIAN_POINT ( 'NONE',  ( 0.3035670804069999800, -0.1309888271252999900, -0.1367213289222999900 ) ) ;
#1459 = CARTESIAN_POINT ( 'NONE',  ( 0.1636733266688000000, -0.05688000731712000000, 0.1766570886463000000 ) ) ;
#1460 = ORIENTED_EDGE ( 'NONE', *, *, #3042, .F. ) ;
#1461 = B_SPLINE_CURVE_WITH_KNOTS ( 'NONE', 3,
 ( #3878, #35, #3684, #2042, #3566, #2124, #3357, #2233, #3203, #2302, #2985, #2366, #2835, #2468, #2711, #2860, #4154, #2641 ),
 .UNSPECIFIED., .F., .F.,
 ( 4, 2, 2, 2, 2, 2, 2, 2, 4 ),
 ( 0.0000000000000000000, 0.1250000000000000300, 0.2500000000000000000, 0.3750000000000000000, 0.5000000000000000000, 0.6249999999999998900, 0.7499999999999998900, 0.8750000000000000000, 1.000000000000000000 ),
 .UNSPECIFIED. ) ;
#1462 = VERTEX_POINT ( 'NONE', #2450 ) ;
#1463 = CARTESIAN_POINT ( 'NONE',  ( 0.2198548442474496900, 0.1730723129452738900, -0.07461858245366194400 ) ) ;
#1464 = EDGE_CURVE ( 'NONE', #4414, #839, #6725, .T. ) ;
#1465 = ORIENTED_EDGE ( 'NONE', *, *, #5999, .T. ) ;
#1466 = PLANE ( 'NONE',  #827 ) ;
#1467 = ORIENTED_EDGE ( 'NONE', *, *, #3740, .T. ) ;
#1468 = CARTESIAN_POINT ( 'NONE',  ( 0.01467999999999999900, 3.928525470263913200E-014, -6.791203371749754800E-014 ) ) ;
#1469 = CARTESIAN_POINT ( 'NONE',  ( 0.7100892630247255300, 0.2649349102526907300, 0.04111927474370739900 ) ) ;
#1470 = EDGE_LOOP ( 'NONE', ( #3264, #4611, #195, #4432 ) ) ;
#1471 = ORIENTED_EDGE ( 'NONE', *, *, #7176, .T. ) ;
#1472 = CARTESIAN_POINT ( 'NONE',  ( 0.1427662796598999900, -0.1908593846133999600, 0.02078819445084999900 ) ) ;
#1473 = CARTESIAN_POINT ( 'NONE',  ( 0.2188318380137505800, 0.1542564705897605200, -0.1083021207139278800 ) ) ;
#1474 = CARTESIAN_POINT ( 'NONE',  ( 0.1617921741964999900, 0.01237554916603000000, 0.1851753557067999900 ) ) ;
#1475 = EDGE_CURVE ( 'NONE', #5477, #5364, #365, .T. ) ;
#1476 = LINE ( 'NONE', #301, #6232 ) ;
#1477 = ORIENTED_EDGE ( 'NONE', *, *, #1395, .F. ) ;
#1478 = ORIENTED_EDGE ( 'NONE', *, *, #6933, .F. ) ;
#1479 = DIRECTION ( 'NONE',  ( 0.0000000000000000000, 0.0000000000000000000, 1.000000000000000000 ) ) ;
#1480 = CARTESIAN_POINT ( 'NONE',  ( 0.1274596767563999900, -0.1128743398201999800, -0.1376823698964000100 ) ) ;
#1481 = DIRECTION ( 'NONE',  ( -1.000000000000000000, 0.0000000000000000000, 0.0000000000000000000 ) ) ;
#1482 = CARTESIAN_POINT ( 'NONE',  ( 0.1257054862028000000, -0.1534870084628000000, -0.09021525831149999900 ) ) ;
#1483 = CARTESIAN_POINT ( 'NONE',  ( 0.2183533578930377500, 0.1428931407513867900, -0.1225328660322055300 ) ) ;
#1484 = CARTESIAN_POINT ( 'NONE',  ( 0.1599110217241999900, 0.07988173430528999800, 0.1675171020176000100 ) ) ;
#1485 = EDGE_CURVE ( 'NONE', #3459, #5679, #7013, .T. ) ;
#1486 = ORIENTED_EDGE ( 'NONE', *, *, #2700, .T. ) ;
#1487 = ORIENTED_EDGE ( 'NONE', *, *, #2479, .F. ) ;
#1488 = DIRECTION ( 'NONE',  ( 0.0000000000000000000, 0.0000000000000000000, -1.000000000000000000 ) ) ;
#1489 = CARTESIAN_POINT ( 'NONE',  ( 0.3853461368341024000, 7.896685069038138800E-017, -1.420881095142174500E-014 ) ) ;
#1490 = CARTESIAN_POINT ( 'NONE',  ( 0.1580298692519999900, 0.1360958101082999900, 0.1261784679285999900 ) ) ;
#1491 = CARTESIAN_POINT ( 'NONE',  ( 0.1239512956491999900, -0.1752024911200000000, -0.03164087085266999900 ) ) ;
#1492 = ORIENTED_EDGE ( 'NONE', *, *, #2017, .F. ) ;
#1493 = VERTEX_POINT ( 'NONE', #1982 ) ;
#1494 = CARTESIAN_POINT ( 'NONE',  ( 0.1221971050956000000, -0.1753471500166000100, 0.03082916739825000000 ) ) ;
#1495 = CARTESIAN_POINT ( 'NONE',  ( 0.1204429145419999800, -0.1539031300909000100, 0.08950357580612999800 ) ) ;
#1496 = CARTESIAN_POINT ( 'NONE',  ( 0.2174624436438834500, 0.1188971357938515400, -0.1459288794803601500 ) ) ;
#1497 = AXIS2_PLACEMENT_3D ( 'NONE', #2851, #2966, #3034 ) ;
#1498 = DIRECTION ( 'NONE',  ( 0.0000000000000000000, 1.000000000000000000, 0.0000000000000000000 ) ) ;
#1499 = EDGE_LOOP ( 'NONE', ( #3794, #3789, #3760, #3720 ) ) ;
#1500 = ORIENTED_EDGE ( 'NONE', *, *, #1300, .F. ) ;
#1501 = DIRECTION ( 'NONE',  ( 1.000000000000000000, 0.0000000000000000000, -0.0000000000000000000 ) ) ;
#1502 = CARTESIAN_POINT ( 'NONE',  ( 0.7187499999999642500, 1.027537669179421400E-014, 0.0000000000000000000 ) ) ;
#1503 = DIRECTION ( 'NONE',  ( 1.000000000000000000, 0.0000000000000000000, -0.0000000000000000000 ) ) ;
#1504 = CARTESIAN_POINT ( 'NONE',  ( 0.1186887239884000000, -0.1135105698939000000, 0.1371583646091000000 ) ) ;
#1505 = CARTESIAN_POINT ( 'NONE',  ( 0.1561487167796999900, 0.1730712753453000100, 0.06700308417901000600 ) ) ;
#1506 = CARTESIAN_POINT ( 'NONE',  ( 0.1169345334347999800, -0.05914256058522000100, 0.1679262543094000000 ) ) ;
#1507 = CARTESIAN_POINT ( 'NONE',  ( 0.2170500095154421500, 0.1062814146417576100, -0.1551225589400728500 ) ) ;
#1508 = VERTEX_POINT ( 'NONE', #1965 ) ;
#1509 = CARTESIAN_POINT ( 'NONE',  ( -0.7574999999999999500, -0.1308147545194999800, 0.2580939751330999500 ) ) ;
#1510 = EDGE_CURVE ( 'NONE', #1351, #837, #6566, .T. ) ;
#1511 = AXIS2_PLACEMENT_3D ( 'NONE', #135, #156, #167 ) ;
#1512 = AXIS2_PLACEMENT_3D ( 'NONE', #3989, #4048, #4017 ) ;
#1513 = CARTESIAN_POINT ( 'NONE',  ( 0.3749999999999933900, 9.604090065077565000E-017, -1.778689154624841300E-014 ) ) ;
#1514 = DIRECTION ( 'NONE',  ( 0.0000000000000000000, 0.0000000000000000000, -1.000000000000000000 ) ) ;
#1515 = ORIENTED_EDGE ( 'NONE', *, *, #3700, .F. ) ;
#1516 = CARTESIAN_POINT ( 'NONE',  ( 0.1542675643073999900, 0.1855811986879999700, -0.001643977136579999900 ) ) ;
#1517 = CARTESIAN_POINT ( 'NONE',  ( -0.8944982674906000200, -0.1415017325094000100, -0.2605000000000000100 ) ) ;
#1518 = EDGE_CURVE ( 'NONE', #4534, #2509, #6748, .T. ) ;
#1519 = AXIS2_PLACEMENT_3D ( 'NONE', #3324, #3383, #3392 ) ;
#1520 = CARTESIAN_POINT ( 'NONE',  ( 0.1410120891063000000, -0.1719293519167000000, 0.08543860699376999700 ) ) ;
#1521 = ORIENTED_EDGE ( 'NONE', *, *, #3113, .T. ) ;
#1522 = CARTESIAN_POINT ( 'NONE',  ( 0.3041518105916000100, -0.1133485950765999900, -0.1500471105964000000 ) ) ;
#1523 = CARTESIAN_POINT ( 'NONE',  ( 0.2166646700841946000, 0.09378196349294362600, -0.1623602817382812900 ) ) ;
#1524 = CARTESIAN_POINT ( 'NONE',  ( -0.4715178995440218500, 0.06254286598380615100, -0.07538114070355250700 ) ) ;
#1525 = CARTESIAN_POINT ( 'NONE',  ( -0.6816944748690910700, -0.001670121333286095200, -0.01054266999527583700 ) ) ;
#1526 = ORIENTED_EDGE ( 'NONE', *, *, #3466, .F. ) ;
#1527 = CARTESIAN_POINT ( 'NONE',  ( 0.1151803428812000100, 0.002507130356728000200, 0.1780190622602000100 ) ) ;
#1528 = AXIS2_PLACEMENT_3D ( 'NONE', #555, #576, #586 ) ;
#1529 = CARTESIAN_POINT ( 'NONE',  ( 0.1523864118350999900, 0.1718571157266000100, -0.07005869008074999700 ) ) ;
#1530 = CARTESIAN_POINT ( 'NONE',  ( 0.1134261523276000000, 0.06384818929169000500, 0.1661941148136000000 ) ) ;
#1531 = CARTESIAN_POINT ( 'NONE',  ( 0.2166558130757029700, 0.09349434929713812400, -0.1625261102139941000 ) ) ;
#1532 = ORIENTED_EDGE ( 'NONE', *, *, #4951, .F. ) ;
#1533 = DIRECTION ( 'NONE',  ( 0.0000000000000000000, -0.7071067811865475700, -0.7071067811865475700 ) ) ;
#1534 = CARTESIAN_POINT ( 'NONE',  ( -0.7809999999999999200, -0.2454999999999766000, -0.3075000000000000000 ) ) ;
#1535 = CARTESIAN_POINT ( 'NONE',  ( 0.1505052593628999900, 0.1338390359134999900, -0.1285698450157000100 ) ) ;
#1536 = EDGE_CURVE ( 'NONE', #3478, #6578, #6848, .T. ) ;
#1537 = EDGE_LOOP ( 'NONE', ( #5926, #5880, #6126, #6103 ) ) ;
#1538 = DIRECTION ( 'NONE',  ( 5.073078206652347000E-012, -0.7071067811865475700, 0.7071067811865475700 ) ) ;
#1539 = CARTESIAN_POINT ( 'NONE',  ( 0.1116719617740000000, 0.1173282748360999900, 0.1339072582564000100 ) ) ;
#1540 = CARTESIAN_POINT ( 'NONE',  ( 0.1099177712204000000, 0.1563628669745000000, 0.08513362736551000100 ) ) ;
#1541 = CARTESIAN_POINT ( 'NONE',  ( 0.2166410206466945500, 0.09301326392646439000, -0.1628018270230449100 ) ) ;
#1542 = CARTESIAN_POINT ( 'NONE',  ( -0.9692624151769500000, 0.2444999999999999700, 0.06100000000000999800 ) ) ;
#1543 = EDGE_LOOP ( 'NONE', ( #5090, #5170, #5238, #5379 ) ) ;
#1544 = EDGE_CURVE ( 'NONE', #5364, #5317, #277, .T. ) ;
#1545 = CARTESIAN_POINT ( 'NONE',  ( -0.9689999999985478000, -0.1880904037953290700, 0.1880904037953290400 ) ) ;
#1546 = AXIS2_PLACEMENT_3D ( 'NONE', #5352, #5244, #5235 ) ;
#1547 = CARTESIAN_POINT ( 'NONE',  ( 0.1392578985526999900, -0.1318318778304000100, 0.1395701166956999900 ) ) ;
#1548 = AXIS2_PLACEMENT_3D ( 'NONE', #4619, #4607, #4594 ) ;
#1549 = ORIENTED_EDGE ( 'NONE', *, *, #1464, .T. ) ;
#1550 = CARTESIAN_POINT ( 'NONE',  ( 0.1486241068905999900, 0.07690121494259000200, -0.1689061869999000100 ) ) ;
#1551 = CARTESIAN_POINT ( 'NONE',  ( 0.7031249999990882800, 0.2409381711213976800, 0.08268284613508390700 ) ) ;
#1552 = CARTESIAN_POINT ( 'NONE',  ( 0.2166188248816072200, 0.09229046584778168000, -0.1632139388381727800 ) ) ;
#1553 = ORIENTED_EDGE ( 'NONE', *, *, #3007, .T. ) ;
#1554 = VERTEX_POINT ( 'NONE', #1622 ) ;
#1555 = CARTESIAN_POINT ( 'NONE',  ( -1.044524830354221400, 0.2604999999999999000, -0.01699999999998999500 ) ) ;
#1556 = EDGE_CURVE ( 'NONE', #4237, #3533, #6623, .T. ) ;
#1557 = AXIS2_PLACEMENT_3D ( 'NONE', #67, #7, #110 ) ;
#1558 = CARTESIAN_POINT ( 'NONE',  ( 0.1467429544182999900, 0.009092454478087000400, -0.1853656613487000000 ) ) ;
#1559 = CARTESIAN_POINT ( 'NONE',  ( 0.1081635806668000000, 0.1761459631361000100, 0.02587823610481000000 ) ) ;
#1560 = VERTEX_POINT ( 'NONE', #1630 ) ;
#1561 = CARTESIAN_POINT ( 'NONE',  ( 0.1064093901132000000, 0.1742418067226000100, -0.03656335531219000200 ) ) ;
#1562 = FACE_OUTER_BOUND ( 'NONE', #3374, .T. ) ;
#1563 = CARTESIAN_POINT ( 'NONE',  ( 0.7031250000000154300, 0.2165063509434527700, 0.1250000000046127800 ) ) ;
#1564 = CARTESIAN_POINT ( 'NONE',  ( 0.2165669849120479300, 0.09059578692126930800, -0.1641652440763050900 ) ) ;
#1565 = ORIENTED_EDGE ( 'NONE', *, *, #6823, .F. ) ;
#1566 = ORIENTED_EDGE ( 'NONE', *, *, #557, .F. ) ;
#1567 = DIRECTION ( 'NONE',  ( 1.000000000000000000, 0.0000000000000000000, 0.0000000000000000000 ) ) ;
#1568 = DIRECTION ( 'NONE',  ( 1.000000000000000000, 0.0000000000000000000, 0.0000000000000000000 ) ) ;
#1569 = EDGE_LOOP ( 'NONE', ( #4818, #4731, #4744, #4772 ) ) ;
#1570 = ORIENTED_EDGE ( 'NONE', *, *, #4309, .T. ) ;
#1571 = CARTESIAN_POINT ( 'NONE',  ( 0.1448618019460999900, -0.06000168124164000100, -0.1756214782897000100 ) ) ;
#1572 = CARTESIAN_POINT ( 'NONE',  ( 0.1046551995596000000, 0.1508847920389999900, -0.09450327189679000300 ) ) ;
#1573 = CARTESIAN_POINT ( 'NONE',  ( 0.2164631055688407100, 0.08717415219867188900, -0.1660263355019692400 ) ) ;
#1574 = CARTESIAN_POINT ( 'NONE',  ( 0.1429806494737999900, -0.1206138949859000000, -0.1410510473574999900 ) ) ;
#1575 = EDGE_CURVE ( 'NONE', #2462, #3279, #6583, .T. ) ;
#1576 = ORIENTED_EDGE ( 'NONE', *, *, #6167, .F. ) ;
#1577 = ORIENTED_EDGE ( 'NONE', *, *, #4530, .F. ) ;
#1578 = CARTESIAN_POINT ( 'NONE',  ( -0.7330600000000000400, 0.2596600000000000000, -0.1950000000000000100 ) ) ;
#1579 = CARTESIAN_POINT ( 'NONE',  ( 0.7031250000000154300, -4.210354007422793300E-015, -3.267973162420875000E-014 ) ) ;
#1580 = ORIENTED_EDGE ( 'NONE', *, *, #4366, .F. ) ;
#1581 = CARTESIAN_POINT ( 'NONE',  ( 0.1029010090059999900, 0.1089506190522000100, -0.1408078622277000000 ) ) ;
#1582 = CARTESIAN_POINT ( 'NONE',  ( 0.1375037079991000000, -0.07550361017677000000, 0.1765181865614000000 ) ) ;
#1583 = CARTESIAN_POINT ( 'NONE',  ( 0.2163737242962255600, 0.08418710870366726000, -0.1675491318160795800 ) ) ;
#1584 = EDGE_CURVE ( 'NONE', #4322, #6307, #6650, .T. ) ;
#1585 = AXIS2_PLACEMENT_3D ( 'NONE', #2195, #2294, #2260 ) ;
#1586 = CARTESIAN_POINT ( 'NONE',  ( -0.5098849684823000300, 0.05744844891055000300, -0.1063279985567000000 ) ) ;
#1587 = ADVANCED_BREP_SHAPE_REPRESENTATION ( '112bpcx', ( #6105, #3583, #3668, #4134 ), #3032 ) ;
#1588 = CONICAL_SURFACE ( 'NONE', #2541, 0.3081220228479096800, 1.483529864194679700 ) ;
#1589 = ORIENTED_EDGE ( 'NONE', *, *, #5106, .T. ) ;
#1590 = CARTESIAN_POINT ( 'NONE',  ( 0.2997307832555422500, -0.1558731500911571300, 0.1010807365258605500 ) ) ;
#1591 = CARTESIAN_POINT ( 'NONE',  ( 0.2964992073019966400, -0.1430028537833895300, 0.1212666237302482100 ) ) ;
#1592 = PLANE ( 'NONE',  #3125 ) ;
#1593 = CARTESIAN_POINT ( 'NONE',  ( 0.1011468184523999900, 0.05360224544517999700, -0.1697760106518000100 ) ) ;
#1594 = CARTESIAN_POINT ( 'NONE',  ( 0.1410994970015000100, -0.1641758837102000000, -0.08654127945953998800 ) ) ;
#1595 = CONICAL_SURFACE ( 'NONE', #4027, 0.1879879971531076600, 0.7649928327086217300 ) ;
#1596 = CARTESIAN_POINT ( 'NONE',  ( 0.09939262789878000600, -0.008345770421068000500, -0.1778410621434000100 ) ) ;
#1597 = CARTESIAN_POINT ( 'NONE',  ( 0.2161945059702208000, 0.07814383081182632600, -0.1704947695686432600 ) ) ;
#1598 = CARTESIAN_POINT ( 'NONE',  ( 0.1392183445292999900, -0.1845295805679000000, -0.01979777608473999600 ) ) ;
#1599 = EDGE_CURVE ( 'NONE', #598, #4693, #183, .T. ) ;
#1600 = VERTEX_POINT ( 'NONE', #1525 ) ;
#1601 = AXIS2_PLACEMENT_3D ( 'NONE', #6199, #6178, #6171 ) ;
#1602 = AXIS2_PLACEMENT_3D ( 'NONE', #5766, #5786, #5710 ) ;
#1603 = CYLINDRICAL_SURFACE ( 'NONE', #3681, 0.07999999999999286800 ) ;
#1604 = DIRECTION ( 'NONE',  ( 0.0000000000000000000, -0.0000000000000000000, 1.000000000000000000 ) ) ;
#1605 = DIRECTION ( 'NONE',  ( 1.000000000000000000, -0.0000000000000000000, 0.0000000000000000000 ) ) ;
#1606 = CARTESIAN_POINT ( 'NONE',  ( 0.09763843734516999800, -0.06926629423461999600, -0.1640100162612999900 ) ) ;
#1607 = CARTESIAN_POINT ( 'NONE',  ( 0.1373371920570000100, -0.1787976862973000000, 0.04974444288782999700 ) ) ;
#1608 = DIRECTION ( 'NONE',  ( -1.000000000000000000, 0.0000000000000000000, 0.0000000000000000000 ) ) ;
#1609 = AXIS2_PLACEMENT_3D ( 'NONE', #1858, #1857, #1846 ) ;
#1610 = CARTESIAN_POINT ( 'NONE',  ( -0.7909999999999906000, 0.2437953433570999600, 0.02199999999997281900 ) ) ;
#1611 = CARTESIAN_POINT ( 'NONE',  ( 0.09588424679156999600, -0.1216586343908999900, -0.1299856147946000000 ) ) ;
#1612 = CARTESIAN_POINT ( 'NONE',  ( 0.2160744193785187100, 0.07402268148073160000, -0.1723252763426577600 ) ) ;
#1613 = ORIENTED_EDGE ( 'NONE', *, *, #2172, .T. ) ;
#1614 = CARTESIAN_POINT ( 'NONE',  ( 0.1354560395847000100, -0.1477904269359000000, 0.1122546929580000000 ) ) ;
#1615 = DIRECTION ( 'NONE',  ( 0.0000000000000000000, 1.000000000000000000, 0.0000000000000000000 ) ) ;
#1616 = EDGE_LOOP ( 'NONE', ( #2634, #2671, #2826, #2929 ) ) ;
#1617 = CARTESIAN_POINT ( 'NONE',  ( 0.1335748871124000100, -0.09589103420427000400, 0.1588963186658000100 ) ) ;
#1618 = CARTESIAN_POINT ( 'NONE',  ( 0.09413005623796000300, -0.1590722139445000000, -0.07995740425821000500 ) ) ;
#1619 = CARTESIAN_POINT ( 'NONE',  ( 0.2157123364803161500, 0.06140862694041774500, -0.1773891663019923300 ) ) ;
#1620 = EDGE_CURVE ( 'NONE', #515, #5897, #6592, .T. ) ;
#1621 = DIRECTION ( 'NONE',  ( 0.0000000000000000000, 0.0000000000000000000, -1.000000000000000000 ) ) ;
#1622 = CARTESIAN_POINT ( 'NONE',  ( -0.7810000000000001400, 0.3075000000000000000, -0.1999999999999616800 ) ) ;
#1623 = ORIENTED_EDGE ( 'NONE', *, *, #459, .F. ) ;
#1624 = DIRECTION ( 'NONE',  ( 0.0000000000000000000, -0.7071067811865475700, -0.7071067811865475700 ) ) ;
#1625 = CARTESIAN_POINT ( 'NONE',  ( 0.1316937346402000100, -0.03043613379848000500, 0.1830758760902000100 ) ) ;
#1626 = CARTESIAN_POINT ( 'NONE',  ( 0.1357495174455000100, -0.009879503067097998600, 0.1917338378686999900 ) ) ;
#1627 = CARTESIAN_POINT ( 'NONE',  ( -0.6659736379831047200, -0.008343220681135105100, -0.01300562577293784900 ) ) ;
#1628 = UNCERTAINTY_MEASURE_WITH_UNIT (LENGTH_MEASURE( 1.000000000000000100E-005 ), #3230, 'distance_accuracy_value', 'NONE');
#1629 = AXIS2_PLACEMENT_3D ( 'NONE', #1151, #990, #1034 ) ;
#1630 = CARTESIAN_POINT ( 'NONE',  ( -0.6030052102994238900, 0.02443606253704468400, -0.02469962017143144000 ) ) ;
#1631 = EDGE_LOOP ( 'NONE', ( #3651, #3624, #3586, #3553 ) ) ;
#1632 = SURFACE_STYLE_FILL_AREA ( #3378 ) ;
#1633 = VERTEX_POINT ( 'NONE', #1423 ) ;
#1634 = ORIENTED_EDGE ( 'NONE', *, *, #4332, .F. ) ;
#1635 = CARTESIAN_POINT ( 'NONE',  ( 0.09237586568435998700, -0.1769001539630999900, -0.02008333260358000100 ) ) ;
#1636 = CARTESIAN_POINT ( 'NONE',  ( 0.01562000000000000000, -0.3075000000000000000, -0.2530236161518000200 ) ) ;
#1637 = CARTESIAN_POINT ( 'NONE',  ( 0.1298125821679000100, 0.03932137158152000700, 0.1813752146319000100 ) ) ;
#1638 = CARTESIAN_POINT ( 'NONE',  ( 0.1359359335602122500, 1.594679668245271300E-008, -0.1680997772876464400 ) ) ;
#1639 = ORIENTED_EDGE ( 'NONE', *, *, #2726, .T. ) ;
#1640 = CARTESIAN_POINT ( 'NONE',  ( 0.1365217660296040600, 0.01976236226845199200, -0.1681014037141058700 ) ) ;
#1641 = VERTEX_POINT ( 'NONE', #1432 ) ;
#1642 = CARTESIAN_POINT ( 'NONE',  ( 0.2154685170507190100, 0.05266439869755731900, -0.1801952746616130600 ) ) ;
#1643 = CARTESIAN_POINT ( 'NONE',  ( 0.09120640531529000700, -0.1742659548037000000, 0.02147806211268999500 ) ) ;
#1644 = AXIS2_PLACEMENT_3D ( 'NONE', #1636, #896, #1847 ) ;
#1645 = CARTESIAN_POINT ( 'NONE',  ( 0.1279314296956000100, 0.1035203169369000000, 0.1540346935076999900 ) ) ;
#1646 = CARTESIAN_POINT ( 'NONE',  ( 0.1339953268919000000, 0.05696098823680999900, 0.1833437176163000000 ) ) ;
#1647 = CARTESIAN_POINT ( 'NONE',  ( 0.2147297662695417100, 0.02566259710630055700, -0.1866685973363156600 ) ) ;
#1648 = CARTESIAN_POINT ( 'NONE',  ( 0.1260502772234000100, 0.1530852835705000000, 0.1049192205034999900 ) ) ;
#1649 = VERTEX_POINT ( 'NONE', #1409 ) ;
#1650 = ORIENTED_EDGE ( 'NONE', *, *, #6932, .F. ) ;
#1651 = CARTESIAN_POINT ( 'NONE',  ( 0.1371242270248487800, 0.04011881550489195000, -0.1645675831573187900 ) ) ;
#1652 = CARTESIAN_POINT ( 'NONE',  ( 0.7788404885582191900, 0.2886751345948362400, 2.714133640958143600E-014 ) ) ;
#1653 = PLANE ( 'NONE',  #5305 ) ;
#1654 = CARTESIAN_POINT ( 'NONE',  ( 0.1241691247510999900, 0.1810095397627000100, 0.04097191016543999500 ) ) ;
#1655 = CARTESIAN_POINT ( 'NONE',  ( -0.8939999999999999100, -0.06100000000000001300, -0.2524999999999999500 ) ) ;
#1656 = AXIS2_PLACEMENT_3D ( 'NONE', #6975, #7091, #658 ) ;
#1657 = CARTESIAN_POINT ( 'NONE',  ( 0.1222879722788000100, 0.1833455510316000000, -0.02876740918853000100 ) ) ;
#1658 = EDGE_LOOP ( 'NONE', ( #3159, #3109, #3079, #3528 ) ) ;
#1659 = EDGE_LOOP ( 'NONE', ( #2485, #2585 ) ) ;
#1660 = CARTESIAN_POINT ( 'NONE',  ( 0.09062167513075999900, -0.1693991426724000000, 0.04139454696900000300 ) ) ;
#1661 = CARTESIAN_POINT ( 'NONE',  ( 0.3206611936925000100, -0.1009931572807999900, -0.1336913918497000000 ) ) ;
#1662 = CARTESIAN_POINT ( 'NONE',  ( 0.2142275424255755700, 0.006618531069970829000, -0.1883744346275859300 ) ) ;
#1663 = CARTESIAN_POINT ( 'NONE',  ( 0.1204068198065999900, 0.1597630351151999600, -0.09444009480833999400 ) ) ;
#1664 = EDGE_CURVE ( 'NONE', #1281, #4980, #6667, .T. ) ;
#1665 = VERTEX_POINT ( 'NONE', #1431 ) ;
#1666 = ORIENTED_EDGE ( 'NONE', *, *, #6921, .F. ) ;
#1667 = CARTESIAN_POINT ( 'NONE',  ( 0.1383613625201079400, 0.07916585668745138000, -0.1497511539740728500 ) ) ;
#1668 = CARTESIAN_POINT ( 'NONE',  ( 0.7968750000000000000, 0.2600877442874999800, 0.2600000000000000100 ) ) ;
#1669 = CARTESIAN_POINT ( 'NONE',  ( 0.3200764635079000300, -0.1167105354147000000, -0.1218181722161000000 ) ) ;
#1670 = FACE_OUTER_BOUND ( 'NONE', #5256, .T. ) ;
#1671 = CARTESIAN_POINT ( 'NONE',  ( 0.7968750000000000000, 1.749236418443148600E-014, -6.189280072997399900E-017 ) ) ;
#1672 = CARTESIAN_POINT ( 'NONE',  ( 0.2132036480912763200, -0.03187834155503229500, -0.1857900677270708200 ) ) ;
#1673 = EDGE_LOOP ( 'NONE', ( #4177, #4190, #4114, #4098 ) ) ;
#1674 = CARTESIAN_POINT ( 'NONE',  ( 0.1185256673343000100, 0.1135956693698000100, -0.1467623478752999900 ) ) ;
#1675 = EDGE_CURVE ( 'NONE', #3059, #6720, #6659, .T. ) ;
#1676 = CARTESIAN_POINT ( 'NONE',  ( 0.1389960370201195100, 0.09785011810561038100, -0.1384435598745758200 ) ) ;
#1677 = CARTESIAN_POINT ( 'NONE',  ( -0.7339999999999999900, 0.0000000000000000000, 0.3075000000000000500 ) ) ;
#1678 = CARTESIAN_POINT ( 'NONE',  ( 0.2126819776009422300, -0.05132546427573193200, -0.1814511325696065700 ) ) ;
#1679 = AXIS2_PLACEMENT_3D ( 'NONE', #7055, #7019, #7015 ) ;
#1680 = ORIENTED_EDGE ( 'NONE', *, *, #5441, .T. ) ;
#1681 = CARTESIAN_POINT ( 'NONE',  ( 0.1166445148619999900, 0.05136984401520999800, -0.1783376177651999900 ) ) ;
#1682 = CARTESIAN_POINT ( 'NONE',  ( 0.3189070031387999900, -0.1439093460149999900, -0.09247419809477999700 ) ) ;
#1683 = DIRECTION ( 'NONE',  ( 9.616739269741827800E-016, 1.000000000000000000, 0.0000000000000000000 ) ) ;
#1684 = CARTESIAN_POINT ( 'NONE',  ( 0.1322411363383000100, 0.1167886252601999900, 0.1523807525994000100 ) ) ;
#1685 = ORIENTED_EDGE ( 'NONE', *, *, #1451, .T. ) ;
#1686 = PLANE ( 'NONE',  #3895 ) ;
#1687 = EDGE_CURVE ( 'NONE', #6691, #2684, #6473, .T. ) ;
#1688 = CARTESIAN_POINT ( 'NONE',  ( 0.1147633623897000000, -0.01811792494193000000, -0.1847022238212000000 ) ) ;
#1689 = CARTESIAN_POINT ( 'NONE',  ( 0.1402975995249503600, 0.1301792120310378600, -0.1085913429102196700 ) ) ;
#1690 = CARTESIAN_POINT ( 'NONE',  ( 0.1409644875297687600, 0.1438214788117407600, -0.09004629366558494800 ) ) ;
#1691 = ORIENTED_EDGE ( 'NONE', *, *, #2822, .F. ) ;
#1692 = CARTESIAN_POINT ( 'NONE',  ( 0.2116191899739126900, -0.08857464279576776600, -0.1664845560054706000 ) ) ;
#1693 = DIRECTION ( 'NONE',  ( -1.000000000000000000, -0.0000000000000000000, -0.0000000000000000000 ) ) ;
#1694 = CARTESIAN_POINT ( 'NONE',  ( 0.3171528125852000100, -0.1669947959929999900, -0.03707100893345000000 ) ) ;
#1695 = DIRECTION ( 'NONE',  ( 0.0000000000000000000, -1.000000000000000000, 0.0000000000000000000 ) ) ;
#1696 = CARTESIAN_POINT ( 'NONE',  ( 0.7499999999999635800, 1.166426281611034500E-014, 0.1874999999998909500 ) ) ;
#1697 = ORIENTED_EDGE ( 'NONE', *, *, #5065, .T. ) ;
#1698 = CARTESIAN_POINT ( 'NONE',  ( 0.1423304770442005400, 0.1627799479204388200, -0.04786429539165529300 ) ) ;
#1699 = CARTESIAN_POINT ( 'NONE',  ( 0.2110780728372182200, -0.1063514176502605600, -0.1558158058141861400 ) ) ;
#1700 = CARTESIAN_POINT ( 'NONE',  ( 0.1430295785538149600, 0.1680992905686339000, -0.02424635109924731100 ) ) ;
#1701 = CARTESIAN_POINT ( 'NONE',  ( 0.1128822099175000000, -0.08504450497960000500, -0.1649563782892000100 ) ) ;
#1702 = CARTESIAN_POINT ( 'NONE',  ( 0.3153986220316000200, -0.1695207049395000000, 0.02289520654959999500 ) ) ;
#1703 = CARTESIAN_POINT ( 'NONE',  ( 0.1110010574452000000, -0.1399487920308999900, -0.1218914025878000000 ) ) ;
#1704 = ORIENTED_EDGE ( 'NONE', *, *, #4927, .T. ) ;
#1705 = AXIS2_PLACEMENT_3D ( 'NONE', #5858, #5834, #5936 ) ;
#1706 = DIRECTION ( 'NONE',  ( 0.0000000000000000000, 0.0000000000000000000, -1.000000000000000000 ) ) ;
#1707 = CARTESIAN_POINT ( 'NONE',  ( 0.3136444314779999200, -0.1511773711624999900, 0.08004303456537000000 ) ) ;
#1708 = CARTESIAN_POINT ( 'NONE',  ( 0.2105100186129730000, -0.1226639121558855800, -0.1418065684477836100 ) ) ;
#1709 = CARTESIAN_POINT ( 'NONE',  ( 0.1091199049729000000, -0.1750691858955000000, -0.06159514902713999300 ) ) ;
#1710 = ORIENTED_EDGE ( 'NONE', *, *, #4441, .T. ) ;
#1711 = CARTESIAN_POINT ( 'NONE',  ( 0.1437671370740191700, 0.1680975451977433900, 0.0007570961571725314600 ) ) ;
#1712 = CARTESIAN_POINT ( 'NONE',  ( 0.1437946370668804500, 0.1680911294241952100, 0.001689339905795678900 ) ) ;
#1713 = CARTESIAN_POINT ( 'NONE',  ( 0.3118902409243999300, -0.1142226718911000100, 0.1273368069842000000 ) ) ;
#1714 = CARTESIAN_POINT ( 'NONE',  ( 0.2104881847030228600, -0.1232880509389291700, -0.1412648138178991000 ) ) ;
#1715 = LINE ( 'NONE', #5195, #4291 ) ;
#1716 = ORIENTED_EDGE ( 'NONE', *, *, #2300, .T. ) ;
#1717 = CARTESIAN_POINT ( 'NONE',  ( -0.6754427768132645900, 0.01305795632193489100, -0.01054266999527513100 ) ) ;
#1718 = CARTESIAN_POINT ( 'NONE',  ( 0.2104492203091363500, -0.1243955242507974200, -0.1402908380361968800 ) ) ;
#1719 = CARTESIAN_POINT ( 'NONE',  ( 0.1438443796872763400, 0.1680657266096141100, 0.003375381417064316000 ) ) ;
#1720 = ORIENTED_EDGE ( 'NONE', *, *, #4699, .T. ) ;
#1721 = CARTESIAN_POINT ( 'NONE',  ( 0.1359359335602122500, 1.594679668245271300E-008, -0.1680997772876464400 ) ) ;
#1722 = EDGE_LOOP ( 'NONE', ( #2709, #2775, #2964, #2976 ) ) ;
#1723 = CARTESIAN_POINT ( 'NONE',  ( 0.1072387525006999900, -0.1854408227288000000, 0.007408596099443999800 ) ) ;
#1724 = DIRECTION ( 'NONE',  ( 2.460002620993068900E-016, 1.000000000000000000, 0.0000000000000000000 ) ) ;
#1725 = ORIENTED_EDGE ( 'NONE', *, *, #6153, .T. ) ;
#1726 = DIRECTION ( 'NONE',  ( -1.000000000000000000, 0.0000000000000000000, 0.0000000000000000000 ) ) ;
#1727 = EDGE_CURVE ( 'NONE', #3291, #4921, #6495, .T. ) ;
#1728 = CARTESIAN_POINT ( 'NONE',  ( -0.8940000000000001300, 0.2605000000000000100, 0.06100000000001001800 ) ) ;
#1729 = CARTESIAN_POINT ( 'NONE',  ( 0.1304869457846999900, 0.1622375506718999900, 0.1026569903317999900 ) ) ;
#1730 = CARTESIAN_POINT ( 'NONE',  ( 0.2103908569987413000, -0.1260457351008290900, -0.1388222357121169100 ) ) ;
#1731 = ORIENTED_EDGE ( 'NONE', *, *, #6687, .T. ) ;
#1732 = ORIENTED_EDGE ( 'NONE', *, *, #4561, .F. ) ;
#1733 = CARTESIAN_POINT ( 'NONE',  ( 0.1053576000284000000, -0.1695974513964999800, 0.07536507330467000200 ) ) ;
#1734 = CARTESIAN_POINT ( 'NONE',  ( 0.1439188859872169400, 0.1680087469700033700, 0.005900466132709199600 ) ) ;
#1735 = B_SPLINE_SURFACE_WITH_KNOTS ( 'NONE', 3, 3, ( 
 ( #3049, #3071, #3025, #3023, #3009, #3008, #2999, #2990, #2983, #2979, #2971, #2957, #2949, #2938, #2930, #2921, #2901, #2891, #2889, #2868, #2864, #2847, #2837, #2824, #2815, #2794, #2788, #2776, #2758, #2740, #2732, #2723, #2707, #2698, #2687, #2675, #2663, #2649, #2645, #2630, #2620, #2604, #2598, #2586, #2577, #2567, #2555, #2544, #2536, #2530, #2528, #2522, #2521, #2510, #2505, #2499, #2497, #2488, #2484, #2482, #2475, #2464, #2449, #2448, #2429, #2420, #2409, #2403, #2396, #2383, #2373, #2357, #2355, #2345, #2334, #2324, #2306, #2298, #2291, #2289, #2272, #2267, #2256, #2247, #2241, #2229, #2221, #2212, #2199, #2196, #2183, #2175, #2169, #2152, #2147, #2138, #2121, #2114, #2105, #2090, #2080, #2065, #2055, #2040, #2032, #2021, #2012, #2005, #2000, #1998, #1993, #1984, #1979, #1977, #1963, #1956, #1948, #1940, #1932, #1930, #1918, #1912, #1908, #1890, #1883, #1870, #1865, #1852, #1851, #1844, #1832 ),
 ( #1819, #1806, #1800, #1791, #1777, #1768, #1753, #1751, #1743, #1733, #1723, #1709, #1703, #1701, #1688, #1681, #1674, #1663, #1657, #1654, #1648, #1645, #1637, #1625, #1617, #1614, #1607, #1598, #1594, #1574, #1571, #1558, #1550, #1535, #1529, #1516, #1505, #1490, #1484, #1474, #1459, #1449, #1438, #1435, #1422, #1415, #1408, #1406, #1397, #1392, #1390, #1385, #1376, #1369, #1365, #1364, #1352, #1346, #1344, #1335, #1325, #1318, #1307, #1296, #1291, #1289, #1280, #1273, #1267, #1256, #1254, #1245, #1234, #1225, #1217, #1204, #1202, #1191, #1183, #1179, #1173, #1167, #1165, #1159, #1150, #1139, #1124, #1117, #1116, #1108, #1097, #1095, #1090, #1079, #1071, #1065, #1058, #1047, #1038, #1028, #1026, #1022, #1013, #1002, #987, #984, #972, #966, #959, #951, #947, #943, #937, #929, #924, #912, #906, #904, #898, #880, #875, #869, #864, #852, #845, #838, #826, #821, #814, #813, #805 ),
 ( #800, #797, #793, #785, #777, #771, #756, #747, #738, #730, #724, #714, #708, #690, #681, #666, #659, #648, #640, #627, #617, #606, #595, #585, #573, #567, #558, #547, #537, #527, #518, #506, #500, #489, #481, #468, #458, #442, #428, #417, #415, #407, #400, #393, #387, #374, #366, #354, #346, #340, #329, #321, #314, #306, #299, #280, #273, #262, #254, #247, #240, #233, #224, #208, #200, #182, #179, #163, #155, #139, #131, #124, #112, #103, #87, #78, #69, #56, #47, #40, #31, #22, #1, #4732, #4747, #4773, #4783, #4988, #5027, #5006, #5039, #4814, #4846, #4841, #4944, #4938, #4803, #4948, #4952, #4972, #4979, #5049, #5066, #5056, #5077, #4962, #4968, #4930, #4923, #4918, #4899, #4823, #4893, #4816, #4867, #5107, #5370, #5372, #5134, #5380, #5378, #5455, #5450, #5572, #5551, #5547, #5564, #5110, #5416, #5396, #5088 ),
 ( #5097, #5485, #5521, #5112, #5500, #5530, #5130, #5104, #5476, #5426, #5763, #5785, #5778, #5795, #5836, #5900, #5850, #5905, #5830, #5885, #5822, #5881, #5811, #5868, #5805, #5863, #5712, #5741, #5731, #5753, #6283, #5920, #6253, #5911, #6259, #6275, #5214, #5237, #5205, #5228, #5189, #5173, #5157, #5139, #5300, #5246, #5279, #5255, #5308, #5325, #5351, #5334, #4710, #5967, #5964, #5994, #6001, #4703, #5593, #5635, #5660, #5662, #5598, #5626, #5667, #5680, #5622, #5620, #5707, #5705, #5686, #5685, #5700, #5691, #5610, #5617, #6325, #6328, #6215, #6224, #6018, #6195, #6040, #6064, #6078, #6025, #6208, #6061, #6114, #6360, #6139, #6358, #6351, #6158, #6181, #6367, #6115, #6142, #6336, #6334, #6166, #6189, #6088, #6094, #6093, #6149, #6231, #6233, #6132, #6106, #6121, #6109, #6251, #6240, #6302, #6308, #6311, #6317, #6301, #5943, #5938, #5972, #5983, #5992, #6292, #5946, #5927, #6007, #6070, #6084, #5419 ) ),
 .UNSPECIFIED., .F., .F., .F.,
 ( 4, 4 ),
 ( 4, 1, 1, 1, 1, 1, 1, 1, 1, 1, 1, 1, 1, 1, 1, 1, 1, 1, 1, 1, 1, 1, 1, 1, 1, 1, 1, 1, 1, 1, 1, 1, 1, 1, 1, 1, 1, 1, 1, 1, 1, 1, 1, 1, 1, 1, 1, 1, 1, 1, 1, 1, 1, 1, 1, 1, 1, 1, 1, 1, 1, 1, 1, 1, 1, 1, 1, 1, 1, 1, 1, 1, 1, 1, 1, 1, 1, 1, 1, 1, 1, 1, 1, 1, 1, 1, 1, 1, 1, 1, 1, 1, 1, 1, 1, 1, 1, 1, 1, 1, 1, 1, 1, 1, 1, 1, 1, 1, 1, 1, 1, 1, 1, 1, 1, 1, 1, 1, 1, 1, 1, 1, 1, 1, 1, 1, 1, 1, 4 ),
 ( -0.02828835864533000100, 1.028306110044000100 ),
 ( 0.05229797070326999700, 0.05560549153364000000, 0.05891301236399999800, 0.06222053319436000200, 0.06552805402472999800, 0.06883557485508999500, 0.07214309568545000700, 0.07545061651581999600, 0.07875813734617999300, 0.08206565817654999700, 0.08537317900690999400, 0.08868069983727000500, 0.09198822066763999400, 0.09529574149800000600, 0.09860326232836999500, 0.1019107831587000000, 0.1052183039891000000, 0.1085258248195000000, 0.1118333456498000100, 0.1151408664802000000, 0.1184483873105000000, 0.1217559081409000000, 0.1250634289712999900, 0.1283709498015999900, 0.1316784706320000000, 0.1349859914624000100, 0.1382935122927000100, 0.1416010331230999900, 0.1449085539535000000, 0.1482160747838000000, 0.1515235956142000100, 0.1548311164445999900, 0.1581386372748999900, 0.1614461581053000000, 0.1647536789356000000, 0.1680611997660000100, 0.1713687205963999900, 0.1746762414266999900, 0.1779837622571000000, 0.1812912830875000000, 0.1845988039178000100, 0.1879063247481999900, 0.1912138455785999900, 0.1945213664089000000, 0.1978288872393000100, 0.2011364080696000100, 0.2044439288999999900, 0.2077514497304000000, 0.2110589705607000000, 0.2143664913911000100, 0.2176740122215000100, 0.2209815330517999900, 0.2242890538822000000, 0.2275965747126000000, 0.2309040955429000100, 0.2342116163733000100, 0.2375191372035999900, 0.2408266580340000000, 0.2441341788644000000, 0.2474416996947000100, 0.2507492205251000100, 0.2540567413554999900, 0.2573642621858000000, 0.2606717830161999800, 0.2639793038466000100, 0.2672868246769000100, 0.2705943455072999900, 0.2739018663376999700, 0.2772093871679999800, 0.2805169079984000100, 0.2838244288287000100, 0.2871319496590999900, 0.2904394704894999700, 0.2937469913197999800, 0.2970545121502000100, 0.3003620329805999900, 0.3036695538108999900, 0.3069770746412999700, 0.3102845954717000100, 0.3135921163020000100, 0.3168996371323999900, 0.3202071579627000000, 0.3235146787930999700, 0.3268221996235000100, 0.3301297204538000100, 0.3334372412841999900, 0.3367447621146000300, 0.3400522829448999800, 0.3433598037753000100, 0.3466673246056999900, 0.3499748454359999900, 0.3532823662664000300, 0.3565898870966999800, 0.3598974079271000100, 0.3632049287574999900, 0.3665124495877999900, 0.3698199704181999700, 0.3731274912486000100, 0.3764350120789000100, 0.3797425329092999900, 0.3830500537397000200, 0.3863575745699999700, 0.3896650954004000100, 0.3929726162307000100, 0.3962801370610999900, 0.3995876578915000300, 0.4028951787217999700, 0.4062026995522000100, 0.4095102203825999900, 0.4128177412128999900, 0.4161252620433000300, 0.4194327828737000100, 0.4227403037040000100, 0.4260478245343999900, 0.4293553453648000200, 0.4326628661951000300, 0.4359703870255000100, 0.4392779078558000100, 0.4425854286861999900, 0.4458929495166000200, 0.4492004703469000300, 0.4525079911773000100, 0.4558155120076999900, 0.4591230328379999900, 0.4624305536684000200, 0.4657380744988000000, 0.4690455953291000100, 0.4723531161594999900, 0.4756606369897999900 ),
 .UNSPECIFIED. ) ;
#1736 = CARTESIAN_POINT ( 'NONE',  ( 0.1440919806058382200, 0.1677448976831575100, 0.01176250792565102000 ) ) ;
#1737 = LINE ( 'NONE', #206, #3424 ) ;
#1738 = CARTESIAN_POINT ( 'NONE',  ( -0.3552436608100559300, 0.07538321970847577900, -0.1007098961526873600 ) ) ;
#1739 = CARTESIAN_POINT ( 'NONE',  ( 0.3101360503708000000, -0.06320614412099999400, 0.1589542986935000000 ) ) ;
#1740 = ORIENTED_EDGE ( 'NONE', *, *, #3722, .F. ) ;
#1741 = EDGE_LOOP ( 'NONE', ( #3024, #3858, #4376, #4674 ) ) ;
#1742 = CARTESIAN_POINT ( 'NONE',  ( 0.2102552589041965500, -0.1298189115026163700, -0.1353432831125698500 ) ) ;
#1743 = CARTESIAN_POINT ( 'NONE',  ( 0.1034764475561000000, -0.1297787298286000000, 0.1326675345547000100 ) ) ;
#1744 = DIRECTION ( 'NONE',  ( 0.0000000000000000000, 0.0000000000000000000, -1.000000000000000000 ) ) ;
#1746 = ORIENTED_EDGE ( 'NONE', *, *, #7187, .F. ) ;
#1745 = CARTESIAN_POINT ( 'NONE',  ( 0.3742980247883999600, 0.3056954702719921800, -2.131481711931640500E-014 ) ) ;
#1747 = CARTESIAN_POINT ( 'NONE',  ( 0.1442390558539593200, 0.1672985537375941700, 0.01672931148605975500 ) ) ;
#1748 = ORIENTED_EDGE ( 'NONE', *, *, #3295, .F. ) ;
#1749 = CARTESIAN_POINT ( 'NONE',  ( 0.2101400313312327100, -0.1329194593100280500, -0.1322760821696389600 ) ) ;
#1750 = EDGE_CURVE ( 'NONE', #6593, #6772, #6511, .T. ) ;
#1751 = CARTESIAN_POINT ( 'NONE',  ( 0.1015952950839000000, -0.07161363016159999500, 0.1712153196344999900 ) ) ;
#1752 = CARTESIAN_POINT ( 'NONE',  ( 0.3083818598172000100, -0.004408350920148999600, 0.1710030837287999900 ) ) ;
#1753 = CARTESIAN_POINT ( 'NONE',  ( 0.09971414261158000100, -0.003324714062499999800, 0.1855590066230000100 ) ) ;
#1754 = EDGE_LOOP ( 'NONE', ( #2919, #927, #2854, #2986 ) ) ;
#1755 = ORIENTED_EDGE ( 'NONE', *, *, #6490, .F. ) ;
#1756 = CARTESIAN_POINT ( 'NONE',  ( 0.3066276692636000200, 0.05493216389509000100, 0.1619998411269999700 ) ) ;
#1757 = DIRECTION ( 'NONE',  ( 0.9961946980917673100, 0.08715574274740874000, -3.396172651765299000E-016 ) ) ;
#1758 = CARTESIAN_POINT ( 'NONE',  ( -0.5186212848389000200, 0.05577536743447000100, -0.1192232542262000000 ) ) ;
#1760 = ORIENTED_EDGE ( 'NONE', *, *, #5020, .T. ) ;
#1759 = EDGE_CURVE ( 'NONE', #5568, #3981, #6525, .T. ) ;
#1761 = DIRECTION ( 'NONE',  ( 1.000000000000000000, 0.0000000000000000000, 0.0000000000000000000 ) ) ;
#1762 = CARTESIAN_POINT ( 'NONE',  ( 0.2099109086722612300, -0.1389400068941919500, -0.1260389767821494800 ) ) ;
#1763 = DIRECTION ( 'NONE',  ( -1.000000000000000000, 4.268512490100835400E-016, 0.0000000000000000000 ) ) ;
#1764 = CARTESIAN_POINT ( 'NONE',  ( 0.3048734787099999800, 0.1075100443107000100, 0.1330529384181000100 ) ) ;
#1765 = CARTESIAN_POINT ( 'NONE',  ( 8.637009617417772100E-016, -0.1678464951687571000, 0.2951257157822630400 ) ) ;
#1766 = DIRECTION ( 'NONE',  ( 1.000000000000000000, -7.813423130936676000E-016, 7.337292704353690100E-016 ) ) ;
#1767 = ORIENTED_EDGE ( 'NONE', *, *, #981, .F. ) ;
#1768 = CARTESIAN_POINT ( 'NONE',  ( 0.09783299013930998900, 0.06543427285946999700, 0.1736708645811000100 ) ) ;
#1769 = EDGE_CURVE ( 'NONE', #1384, #4431, #6936, .T. ) ;
#1770 = CARTESIAN_POINT ( 'NONE',  ( 0.1445314842597484300, 0.1661233508255423900, 0.02656916335857993300 ) ) ;
#1771 = PLANE ( 'NONE',  #1644 ) ;
#1772 = CARTESIAN_POINT ( 'NONE',  ( 0.1447241404096701900, 0.1649627307916380600, 0.03300355231630682600 ) ) ;
#1773 = AXIS2_PLACEMENT_3D ( 'NONE', #4063, #4107, #4071 ) ;
#1774 = CARTESIAN_POINT ( 'NONE',  ( 0.2097599368822220300, -0.1427119800505118100, -0.1217433640862574200 ) ) ;
#1775 = CARTESIAN_POINT ( 'NONE',  ( 0.3031192881563999900, 0.1468524674046000100, 0.08772599266137999500 ) ) ;
#1776 = VERTEX_POINT ( 'NONE', #1247 ) ;
#1777 = CARTESIAN_POINT ( 'NONE',  ( 0.09595183766704000500, 0.1249430299806000000, 0.1372312565119999900 ) ) ;
#1778 = CARTESIAN_POINT ( 'NONE',  ( 0.3013650976028000000, 0.1681160110056999800, 0.03159915756369999900 ) ) ;
#1779 = CARTESIAN_POINT ( 'NONE',  ( 0.05000000000000000300, -6.430407353524017400E-014, 6.189280072995864100E-017 ) ) ;
#1780 = DIRECTION ( 'NONE',  ( 5.073078206652347000E-012, -0.7071067811865475700, 0.7071067811865475700 ) ) ;
#1781 = AXIS2_PLACEMENT_3D ( 'NONE', #4487, #4436, #4415 ) ;
#1782 = CARTESIAN_POINT ( 'NONE',  ( -0.4787218949334560700, 0.06177939325670991900, -0.07842461627674728000 ) ) ;
#1783 = CARTESIAN_POINT ( 'NONE',  ( 0.1452952204976225800, 0.1604410516086534600, 0.05181246684981378300 ) ) ;
#1784 = SHAPE_DEFINITION_REPRESENTATION ( #1317, #1587 ) ;
#1785 = CARTESIAN_POINT ( 'NONE',  ( 0.1456667560738401400, 0.1560514856745998400, 0.06368929593303963900 ) ) ;
#1786 = CARTESIAN_POINT ( 'NONE',  ( 0.2093123514599303000, -0.1532999472595362200, -0.1085357381376975100 ) ) ;
#1787 = CARTESIAN_POINT ( 'NONE',  ( 0.1287327552311000000, 0.1877121606329000000, 0.04029427996012000000 ) ) ;
#1788 = VERTEX_POINT ( 'NONE', #1238 ) ;
#1789 = CARTESIAN_POINT ( 'NONE',  ( 0.2996109070492000100, 0.1686829249153999900, -0.02841784156456999800 ) ) ;
#1790 = CARTESIAN_POINT ( 'NONE',  ( -1.044524830354221400, 0.2444999999999998800, -0.01699999999998999900 ) ) ;
#1791 = CARTESIAN_POINT ( 'NONE',  ( 0.09407068519477000700, 0.1667891456182999700, 0.08139211462246998000 ) ) ;
#1792 = EDGE_CURVE ( 'NONE', #6488, #4322, #6340, .T. ) ;
#1793 = CARTESIAN_POINT ( 'NONE',  ( 0.3266102505536999100, 2.240937538479272500E-017, 7.881168036096894900E-014 ) ) ;
#1794 = AXIS2_PLACEMENT_3D ( 'NONE', #3755, #3744, #3730 ) ;
#1795 = CARTESIAN_POINT ( 'NONE',  ( 0.1467538093552413500, 0.1397164209927787600, 0.09666308320668300100 ) ) ;
#1796 = CARTESIAN_POINT ( 'NONE',  ( 0.2090210677755032200, -0.1593894504743819100, -0.09930831908605024200 ) ) ;
#1797 = CARTESIAN_POINT ( 'NONE',  ( 0.1474417736131725900, 0.1245775313735910000, 0.1149946647244549800 ) ) ;
#1798 = VERTEX_POINT ( 'NONE', #1237 ) ;
#1799 = CARTESIAN_POINT ( 'NONE',  ( -0.7810000000000001400, -0.1491995308303291400, 0.2043538597628708500 ) ) ;
#1800 = CARTESIAN_POINT ( 'NONE',  ( 0.09218953272249999500, 0.1850561752512999700, 0.01404489721236000000 ) ) ;
#1801 = CARTESIAN_POINT ( 'NONE',  ( 0.01562000000000000000, -0.1690409471104999900, 0.2963201677239999900 ) ) ;
#1802 = ORIENTED_EDGE ( 'NONE', *, *, #2623, .T. ) ;
#1803 = DIRECTION ( 'NONE',  ( -1.000000000000000000, -0.0000000000000000000, -0.0000000000000000000 ) ) ;
#1804 = CARTESIAN_POINT ( 'NONE',  ( -0.7810000000000001400, 0.1959999999999617300, 0.3075000000000000000 ) ) ;
#1805 = CARTESIAN_POINT ( 'NONE',  ( 0.2081685365135239600, -0.1748396358015641100, -0.07103743487038194400 ) ) ;
#1806 = CARTESIAN_POINT ( 'NONE',  ( 0.09093543107432000600, 0.1797949991570000100, -0.03217237480606999900 ) ) ;
#1807 = ORIENTED_EDGE ( 'NONE', *, *, #6823, .T. ) ;
#1808 = VERTEX_POINT ( 'NONE', #1221 ) ;
#1809 = CARTESIAN_POINT ( 'NONE',  ( 0.7211595114417496100, 0.1443375672974235000, -0.2500000000000047200 ) ) ;
#1810 = CARTESIAN_POINT ( 'NONE',  ( 0.1487442262697037100, 0.09079081414390249800, 0.1431942664858156200 ) ) ;
#1811 = ORIENTED_EDGE ( 'NONE', *, *, #3667, .T. ) ;
#1812 = CARTESIAN_POINT ( 'NONE',  ( 0.2978567164956000300, 0.1484834033699999900, -0.08493635724895999600 ) ) ;
#1813 = EDGE_CURVE ( 'NONE', #2013, #2839, #2762, .T. ) ;
#1814 = CARTESIAN_POINT ( 'NONE',  ( 0.2961025259419999800, 0.1100041822519000100, -0.1309984303210000000 ) ) ;
#1815 = B_SPLINE_CURVE_WITH_KNOTS ( 'NONE', 3,
 ( #3863, #3847, #3840, #3821, #3816, #3808 ),
 .UNSPECIFIED., .F., .F.,
 ( 4, 2, 4 ),
 ( 0.0000000000000000000, 0.0006864888788068194900, 0.001372977757613639000 ),
 .UNSPECIFIED. ) ;
#1816 = CARTESIAN_POINT ( 'NONE',  ( -0.7339999999999994300, 0.2605000000000000100, -0.06619355419097182300 ) ) ;
#1817 = LINE ( 'NONE', #6265, #6879 ) ;
#1818 = EDGE_LOOP ( 'NONE', ( #1565, #1549, #1760, #1746 ) ) ;
#1819 = CARTESIAN_POINT ( 'NONE',  ( 0.09030838025022999700, 0.1729888541123000000, -0.05398279419804000200 ) ) ;
#1820 = EDGE_LOOP ( 'NONE', ( #4761, #4580, #4615, #5418 ) ) ;
#1821 = ORIENTED_EDGE ( 'NONE', *, *, #6882, .F. ) ;
#1822 = CARTESIAN_POINT ( 'NONE',  ( 0.2076286087272741500, -0.1813219945070588500, -0.05142645739818244000 ) ) ;
#1823 = CARTESIAN_POINT ( 'NONE',  ( -0.3606309928618999800, 0.07575749298613000700, -0.1108403419652000000 ) ) ;
#1824 = CARTESIAN_POINT ( 'NONE',  ( -0.8014409913476006100, 0.2525000000000000000, 0.1013157342504046300 ) ) ;
#1825 = ORIENTED_EDGE ( 'NONE', *, *, #4454, .T. ) ;
#1826 = ORIENTED_EDGE ( 'NONE', *, *, #1451, .F. ) ;
#1827 = AXIS2_PLACEMENT_3D ( 'NONE', #5998, #5980, #5965 ) ;
#1828 = CARTESIAN_POINT ( 'NONE',  ( 0.2943483353884000000, 0.05798240231476999700, -0.1609333803163000000 ) ) ;
#1829 = CARTESIAN_POINT ( 'NONE',  ( 0.1493587146683043900, 0.07214573348486629000, 0.1530820045900079300 ) ) ;
#1830 = CARTESIAN_POINT ( 'NONE',  ( 0.2066056059315803400, -0.1879994351856816800, -0.01342566138517213000 ) ) ;
#1831 = LINE ( 'NONE', #5768, #4381 ) ;
#1832 = CARTESIAN_POINT ( 'NONE',  ( 0.3365989928918999800, -0.1037030698330000000, -0.1568683001981000000 ) ) ;
#1833 = ORIENTED_EDGE ( 'NONE', *, *, #3407, .F. ) ;
#1834 = EDGE_LOOP ( 'NONE', ( #5403, #2058, #1934, #7170, #7026, #1074 ) ) ;
#1835 = CARTESIAN_POINT ( 'NONE',  ( 0.1505142156061612100, 0.03523272034460023200, 0.1655270678496207900 ) ) ;
#1836 = EDGE_CURVE ( 'NONE', #5264, #2743, #6450, .T. ) ;
#1837 = AXIS2_PLACEMENT_3D ( 'NONE', #6323, #6309, #6297 ) ;
#1838 = CARTESIAN_POINT ( 'NONE',  ( 0.2061225309221365600, -0.1882030111568665200, 0.004962679347246475700 ) ) ;
#1839 = CARTESIAN_POINT ( 'NONE',  ( 0.1269785646774999900, 0.1900760321648999900, -0.02702942755126999700 ) ) ;
#1840 = CARTESIAN_POINT ( 'NONE',  ( 0.2925941448348000100, -0.001177574062476999900, -0.1710559213652999800 ) ) ;
#1841 = CARTESIAN_POINT ( 'NONE',  ( -0.9689999999986325100, -0.1762784278057318300, 0.1762784278057318000 ) ) ;
#1842 = ORIENTED_EDGE ( 'NONE', *, *, #7009, .F. ) ;
#1843 = ORIENTED_EDGE ( 'NONE', *, *, #315, .F. ) ;
#1844 = CARTESIAN_POINT ( 'NONE',  ( 0.3359719420677999600, -0.1234799786774000000, -0.1437941118369000000 ) ) ;
#1845 = DIRECTION ( 'NONE',  ( -0.08715574274815707200, -0.9961946980917019100, 2.947866460067690900E-017 ) ) ;
#1846 = DIRECTION ( 'NONE',  ( 9.640653440872212300E-016, 1.000000000000000000, 0.0000000000000000000 ) ) ;
#1847 = DIRECTION ( 'NONE',  ( 0.0000000000000000000, 0.0000000000000000000, 1.000000000000000000 ) ) ;
#1848 = CARTESIAN_POINT ( 'NONE',  ( 0.2052132336800536500, -0.1841938749246402600, 0.03893671632457076200 ) ) ;
#1849 = EDGE_CURVE ( 'NONE', #3064, #1105, #6304, .T. ) ;
#1850 = ORIENTED_EDGE ( 'NONE', *, *, #4951, .T. ) ;
#1851 = CARTESIAN_POINT ( 'NONE',  ( 0.3347178404196999300, -0.1580217321974000100, -0.1100813624214000000 ) ) ;
#1852 = CARTESIAN_POINT ( 'NONE',  ( 0.3328366879473999600, -0.1875037117588000100, -0.04394776954598000200 ) ) ;
#1853 = CARTESIAN_POINT ( 'NONE',  ( 0.2908399542812000200, -0.06019259787107000100, -0.1601198586384000000 ) ) ;
#1854 = CARTESIAN_POINT ( 'NONE',  ( 0.2047870114474142900, -0.1800154482187754400, 0.05453061900200725800 ) ) ;
#1855 = CARTESIAN_POINT ( 'NONE',  ( 0.3747930772632997500, -0.3081220228479096300, 1.641243052443608100E-015 ) ) ;
#1856 = EDGE_CURVE ( 'NONE', #5117, #3806, #6374, .T. ) ;
#1857 = DIRECTION ( 'NONE',  ( -1.000000000000000000, 7.813423130936676000E-016, -7.337292704353690100E-016 ) ) ;
#1858 = CARTESIAN_POINT ( 'NONE',  ( 0.3259999999999852500, 2.288618996399881900E-017, 7.881123260227538400E-014 ) ) ;
#1859 = EDGE_LOOP ( 'NONE', ( #1878, #1866, #1807, #2185, #2198, #2223, #2401, #2358 ) ) ;
#1860 = CARTESIAN_POINT ( 'NONE',  ( 0.3009999999999996600, -5.653164585482858500E-014, 5.335577574977961000E-017 ) ) ;
#1861 = CARTESIAN_POINT ( 'NONE',  ( 0.7973833303678999900, -1.749236418443148600E-014, 6.189280072997399900E-017 ) ) ;
#1862 = CARTESIAN_POINT ( 'NONE',  ( 0.2890857637275999800, -0.1117973569207000000, -0.1294715104779000100 ) ) ;
#1863 = CARTESIAN_POINT ( 'NONE',  ( 0.2043830000431103600, -0.1744851696902636500, 0.06863563782985267200 ) ) ;
#1864 = LINE ( 'NONE', #4596, #6420 ) ;
#1865 = CARTESIAN_POINT ( 'NONE',  ( 0.3309555354750999800, -0.1904797789662000000, 0.02839688873144000100 ) ) ;
#1866 = ORIENTED_EDGE ( 'NONE', *, *, #2880, .F. ) ;
#1867 = CARTESIAN_POINT ( 'NONE',  ( 0.1510552281454173600, 0.01695038862305359500, 0.1680971479122767800 ) ) ;
#1868 = AXIS2_PLACEMENT_3D ( 'NONE', #5627, #5860, #5611 ) ;
#1869 = DIRECTION ( 'NONE',  ( -1.000000000000000000, 1.228479761022789000E-015, 1.308198073516607000E-015 ) ) ;
#1870 = CARTESIAN_POINT ( 'NONE',  ( 0.3290743830028000100, -0.1665313631715000000, 0.09672786075733999500 ) ) ;
#1871 = LINE ( 'NONE', #5297, #6455 ) ;
#1872 = CARTESIAN_POINT ( 'NONE',  ( -0.3955471786270000100, 0.07083895267086000300, -0.08304770820121999700 ) ) ;
#1873 = ORIENTED_EDGE ( 'NONE', *, *, #3080, .T. ) ;
#1874 = CARTESIAN_POINT ( 'NONE',  ( 0.2873315731739999900, -0.1496388051584000000, -0.08288396779956999600 ) ) ;
#1875 = FACE_OUTER_BOUND ( 'NONE', #4018, .T. ) ;
#1876 = CARTESIAN_POINT ( 'NONE',  ( 0.2043737741494276700, -0.1743582526380436600, 0.06895749633418711600 ) ) ;
#1877 = CARTESIAN_POINT ( 'NONE',  ( -0.7330600000000000400, 0.1950000000000000100, -0.3033400000000000000 ) ) ;
#1878 = ORIENTED_EDGE ( 'NONE', *, *, #5128, .T. ) ;
#1879 = DIRECTION ( 'NONE',  ( 1.341772099048953400E-015, 0.0000000000000000000, 1.000000000000000000 ) ) ;
#1880 = CARTESIAN_POINT ( 'NONE',  ( 0.1252243741239000000, 0.1690380846302999800, -0.09102536782087999900 ) ) ;
#1881 = CARTESIAN_POINT ( 'NONE',  ( 0.2855773826204000000, -0.1690582850875000100, -0.02609259424434999900 ) ) ;
#1882 = EDGE_LOOP ( 'NONE', ( #5493, #2414, #909, #887 ) ) ;
#1883 = CARTESIAN_POINT ( 'NONE',  ( 0.3271932305305999500, -0.1190430770144999800, 0.1513859676351000100 ) ) ;
#1884 = DIRECTION ( 'NONE',  ( 0.0000000000000000000, 0.0000000000000000000, -1.000000000000000000 ) ) ;
#1885 = CARTESIAN_POINT ( 'NONE',  ( -0.7574999999999999500, 0.3024999999999999400, -0.1949999999999999800 ) ) ;
#1886 = ORIENTED_EDGE ( 'NONE', *, *, #5592, .T. ) ;
#1887 = CARTESIAN_POINT ( 'NONE',  ( 0.2043583294271292300, -0.1741443240772351200, 0.06949574377935856300 ) ) ;
#1888 = VECTOR ( 'NONE', #3194, 39.37007874015748100 ) ;
#1889 = ORIENTED_EDGE ( 'NONE', *, *, #1769, .F. ) ;
#1890 = CARTESIAN_POINT ( 'NONE',  ( 0.3253120780582999800, -0.05472768900503000000, 0.1846452047189999800 ) ) ;
#1891 = CARTESIAN_POINT ( 'NONE',  ( -0.3905000000000000700, -0.3075000000000000000, -0.1960000000000000100 ) ) ;
#1892 = DIRECTION ( 'NONE',  ( -0.0000000000000000000, -1.000000000000000000, -0.0000000000000000000 ) ) ;
#1893 = ORIENTED_EDGE ( 'NONE', *, *, #1599, .T. ) ;
#1894 = CARTESIAN_POINT ( 'NONE',  ( 0.2838231920666999800, -0.1676650562511000100, 0.03391104927270000000 ) ) ;
#1895 = DIRECTION ( 'NONE',  ( 1.000000000000000000, -3.630371203666332700E-016, -3.409145479564126600E-016 ) ) ;
#1896 = ORIENTED_EDGE ( 'NONE', *, *, #2866, .F. ) ;
#1897 = CARTESIAN_POINT ( 'NONE',  ( -0.3706279330721000100, 0.07413793405709000200, -0.1000468914757000100 ) ) ;
#1898 = CARTESIAN_POINT ( 'NONE',  ( -0.7574999999999997300, 0.3025000000000160300, 0.2390000000000008000 ) ) ;
#1899 = LINE ( 'NONE', #3297, #4116 ) ;
#1900 = CARTESIAN_POINT ( 'NONE',  ( 0.2043351590751320000, -0.1738215018488779900, 0.07030250062351847700 ) ) ;
#1901 = CARTESIAN_POINT ( 'NONE',  ( 0.2820690015130999900, -0.1456306223774999900, 0.08973993152971998500 ) ) ;
#1902 = EDGE_LOOP ( 'NONE', ( #4590, #4635, #4680, #4721 ) ) ;
#1903 = EDGE_LOOP ( 'NONE', ( #1720, #1589, #1467, #1366 ) ) ;
#1904 = DIRECTION ( 'NONE',  ( -0.0000000000000000000, -0.0000000000000000000, -1.000000000000000000 ) ) ;
#1905 = CARTESIAN_POINT ( 'NONE',  ( 0.2042810720406253200, -0.1730547634807390300, 0.07218057046919457200 ) ) ;
#1906 = AXIS2_PLACEMENT_3D ( 'NONE', #6632, #6694, #6804 ) ;
#1907 = CARTESIAN_POINT ( 'NONE',  ( 0.7788404885582546100, 0.1443375672973983600, 0.2500000000000000000 ) ) ;
#1908 = CARTESIAN_POINT ( 'NONE',  ( 0.3234309255860000100, 0.01732365617585000100, 0.1918042367082999900 ) ) ;
#1909 = DIRECTION ( 'NONE',  ( 0.0000000000000000000, 0.7071067811865472400, 0.7071067811865476800 ) ) ;
#1910 = ORIENTED_EDGE ( 'NONE', *, *, #3027, .T. ) ;
#1911 = ORIENTED_EDGE ( 'NONE', *, *, #4309, .F. ) ;
#1912 = CARTESIAN_POINT ( 'NONE',  ( 0.3215497731138000600, 0.08692625521456999500, 0.1718511096586999900 ) ) ;
#1913 = DIRECTION ( 'NONE',  ( -1.000000000000000000, 0.0000000000000000000, 0.0000000000000000000 ) ) ;
#1914 = AXIS2_PLACEMENT_3D ( 'NONE', #936, #950, #958 ) ;
#1915 = EDGE_LOOP ( 'NONE', ( #1811, #266, #4500, #5817 ) ) ;
#1916 = VERTEX_POINT ( 'NONE', #932 ) ;
#1917 = CARTESIAN_POINT ( 'NONE',  ( 0.2803148109595000000, -0.1056676219476999900, 0.1345209660472000100 ) ) ;
#1918 = CARTESIAN_POINT ( 'NONE',  ( 0.3196686206414999800, 0.1442415519286000000, 0.1276062531316999900 ) ) ;
#1919 = VERTEX_POINT ( 'NONE', #960 ) ;
#1920 = ORIENTED_EDGE ( 'NONE', *, *, #6, .F. ) ;
#1921 = DIRECTION ( 'NONE',  ( -1.000000000000000000, -0.0000000000000000000, -0.0000000000000000000 ) ) ;
#1922 = AXIS2_PLACEMENT_3D ( 'NONE', #1006, #1035, #1044 ) ;
#1923 = CARTESIAN_POINT ( 'NONE',  ( 0.2041728064522253800, -0.1714674951605129600, 0.07591875731954202100 ) ) ;
#1924 = CARTESIAN_POINT ( 'NONE',  ( 0.1234701835702999900, 0.1271884297186000000, -0.1438144591043999900 ) ) ;
#1925 = AXIS2_PLACEMENT_3D ( 'NONE', #501, #508, #522 ) ;
#1926 = PLANE ( 'NONE',  #2184 ) ;
#1927 = DIRECTION ( 'NONE',  ( 4.468250692811387700E-016, 1.000000000000000000, 0.0000000000000000000 ) ) ;
#1928 = CARTESIAN_POINT ( 'NONE',  ( -0.6659736319104976300, -0.008343223258799414500, 0.02200000000001574300 ) ) ;
#1929 = VERTEX_POINT ( 'NONE', #1018 ) ;
#1930 = CARTESIAN_POINT ( 'NONE',  ( 0.3177874681692000000, 0.1811678323365000000, 0.06532381734509000400 ) ) ;
#1931 = CARTESIAN_POINT ( 'NONE',  ( 0.2039559091978800100, -0.1680790392114729100, 0.08331928365973469100 ) ) ;
#1932 = CARTESIAN_POINT ( 'NONE',  ( 0.3159063156970000100, 0.1924854347906999900, -0.006192372385029999900 ) ) ;
#1933 = CARTESIAN_POINT ( 'NONE',  ( 0.2785606204059000200, -0.05269588013868999700, 0.1627411564861999900 ) ) ;
#1934 = ORIENTED_EDGE ( 'NONE', *, *, #3810, .T. ) ;
#1935 = CARTESIAN_POINT ( 'NONE',  ( -0.9689999999986289600, -0.1767766952963291100, 0.1767766952963290800 ) ) ;
#1936 = VECTOR ( 'NONE', #3135, 39.37007874015748900 ) ;
#1937 = CARTESIAN_POINT ( 'NONE',  ( 0.1046871833027997500, -1.618567963150960000E-008, -0.1680991218989705300 ) ) ;
#1938 = CARTESIAN_POINT ( 'NONE',  ( 0.3742980247883998500, 1.067115514995441500E-016, -2.131481711931640500E-014 ) ) ;
#1939 = EDGE_LOOP ( 'NONE', ( #6047, #3116 ) ) ;
#1940 = CARTESIAN_POINT ( 'NONE',  ( 0.3140251632246999800, 0.1765945675761000100, -0.07683326310615000400 ) ) ;
#1941 = EDGE_CURVE ( 'NONE', #5304, #1384, #3527, .T. ) ;
#1942 = CARTESIAN_POINT ( 'NONE',  ( -0.7339999999999999900, -0.1279863273947999800, 0.2481944801965000100 ) ) ;
#1943 = CARTESIAN_POINT ( 'NONE',  ( 0.2037693697040773000, -0.1648122453581363500, 0.08951865200436830200 ) ) ;
#1944 = CARTESIAN_POINT ( 'NONE',  ( 0.2768064298522999700, 0.006763266410446999700, 0.1709263034266000100 ) ) ;
#1945 = VERTEX_POINT ( 'NONE', #866 ) ;
#1946 = CARTESIAN_POINT ( 'NONE',  ( 0.2750522392986999900, 0.06538980814865000300, 0.1580687165665000100 ) ) ;
#1947 = DIRECTION ( 'NONE',  ( 5.073078206652347000E-012, -0.7071067811865475700, 0.7071067811865475700 ) ) ;
#1948 = CARTESIAN_POINT ( 'NONE',  ( 0.3121440107524000000, 0.1357414481065999900, -0.1366135222460000100 ) ) ;
#1949 = EDGE_CURVE ( 'NONE', #5304, #1111, #6313, .T. ) ;
#1950 = CARTESIAN_POINT ( 'NONE',  ( -0.7810000000000001400, 0.1950000000000000100, -0.2605000000000000100 ) ) ;
#1951 = CARTESIAN_POINT ( 'NONE',  ( 0.1515607012512120200, -1.284915804382793400E-008, 0.1680990885697590000 ) ) ;
#1952 = EDGE_LOOP ( 'NONE', ( #5233, #5151, #5140, #5354 ) ) ;
#1953 = CARTESIAN_POINT ( 'NONE',  ( 0.2033954539677960400, -0.1578074572582697500, 0.1016874003096841500 ) ) ;
#1954 = DIRECTION ( 'NONE',  ( 0.0000000000000000000, 0.7071067811865475700, 0.7071067811865475700 ) ) ;
#1955 = AXIS2_PLACEMENT_3D ( 'NONE', #1610, #1724, #1763 ) ;
#1956 = CARTESIAN_POINT ( 'NONE',  ( 0.3102628582800999700, 0.07570079555519000600, -0.1770829985203999900 ) ) ;
#1957 = CARTESIAN_POINT ( 'NONE',  ( 0.1217159930167000000, 0.06967949371852999500, -0.1788973646814000000 ) ) ;
#1958 = DIRECTION ( 'NONE',  ( 0.0000000000000000000, -0.7071067811865475700, -0.7071067811865475700 ) ) ;
#1959 = ORIENTED_EDGE ( 'NONE', *, *, #2780, .T. ) ;
#1960 = CARTESIAN_POINT ( 'NONE',  ( -0.6659736095169691600, -0.008343232764280032400, 0.05700562899728774800 ) ) ;
#1961 = DIRECTION ( 'NONE',  ( 1.000000000000000000, -0.0000000000000000000, -0.0000000000000000000 ) ) ;
#1962 = EDGE_CURVE ( 'NONE', #2438, #2743, #6388, .T. ) ;
#1963 = CARTESIAN_POINT ( 'NONE',  ( 0.3083817058078999800, 0.004959557505848999700, -0.1925211813292999600 ) ) ;
#1964 = EDGE_LOOP ( 'NONE', ( #2316, #2265, #2681, #2626 ) ) ;
#1965 = CARTESIAN_POINT ( 'NONE',  ( -0.8709999999999523700, -0.02199999999995364000, -0.2444999999999999700 ) ) ;
#1966 = CARTESIAN_POINT ( 'NONE',  ( 0.2031450611453744500, -0.1525091432723213500, 0.1094936117347188500 ) ) ;
#1967 = CARTESIAN_POINT ( 'NONE',  ( 0.2732980487451000000, 0.1159662276251999900, 0.1257512760219000000 ) ) ;
#1968 = CARTESIAN_POINT ( 'NONE',  ( 0.2715438581915000100, 0.1522660488188999900, 0.07795256868437000500 ) ) ;
#1969 = CARTESIAN_POINT ( 'NONE',  ( -0.8940290340353002100, -0.2156675682618999800, 0.1605132393292999500 ) ) ;
#1970 = ORIENTED_EDGE ( 'NONE', *, *, #2549, .F. ) ;
#1971 = FACE_OUTER_BOUND ( 'NONE', #1000, .T. ) ;
#1972 = VERTEX_POINT ( 'NONE', #783 ) ;
#1973 = ORIENTED_EDGE ( 'NONE', *, *, #1675, .F. ) ;
#1974 = DIRECTION ( 'NONE',  ( -4.467353192010537000E-016, 1.000000000000000000, 0.0000000000000000000 ) ) ;
#1975 = CARTESIAN_POINT ( 'NONE',  ( 0.2023905356834089000, -0.1348315955979752500, 0.1316758048312861000 ) ) ;
#1976 = DIRECTION ( 'NONE',  ( 0.0000000000000000000, 0.7071067811865474600, -0.7071067811865474600 ) ) ;
#1977 = CARTESIAN_POINT ( 'NONE',  ( 0.3065005533356000000, -0.06648274717603999700, -0.1807458173706000000 ) ) ;
#1978 = CARTESIAN_POINT ( 'NONE',  ( 0.2697896676379000200, 0.1698203813834999700, 0.02055708838779999800 ) ) ;
#1979 = CARTESIAN_POINT ( 'NONE',  ( 0.3046194008633000300, -0.1285274940985000100, -0.1434213832265000000 ) ) ;
#1980 = ORIENTED_EDGE ( 'NONE', *, *, #2959, .F. ) ;
#1981 = ORIENTED_EDGE ( 'NONE', *, *, #6536, .T. ) ;
#1982 = CARTESIAN_POINT ( 'NONE',  ( -0.3665989825274579800, -0.05884146498046292200, -0.1119818378084478900 ) ) ;
#1983 = CARTESIAN_POINT ( 'NONE',  ( 0.2018830560491644800, -0.1206569177593166700, 0.1448134925666796600 ) ) ;
#1984 = CARTESIAN_POINT ( 'NONE',  ( 0.3027382483910999700, -0.1724044297584000100, -0.08582380951972000400 ) ) ;
#1985 = ORIENTED_EDGE ( 'NONE', *, *, #3722, .T. ) ;
#1986 = EDGE_LOOP ( 'NONE', ( #3341, #5242, #6668, #6850, #4061, #5732, #683, #7057 ) ) ;
#1987 = CARTESIAN_POINT ( 'NONE',  ( 0.2008591714614700300, -0.08865012376604571000, 0.1663592379924235800 ) ) ;
#1988 = DIRECTION ( 'NONE',  ( -1.000000000000000000, -0.0000000000000000000, 0.0000000000000000000 ) ) ;
#1989 = CARTESIAN_POINT ( 'NONE',  ( 0.1199618024630999800, 0.003591669367247999800, -0.1919546885392000000 ) ) ;
#1990 = CARTESIAN_POINT ( 'NONE',  ( -1.054000000000241900, -0.02199999999999999200, -0.2444999999999999700 ) ) ;
#1991 = VERTEX_POINT ( 'NONE', #802 ) ;
#1992 = ORIENTED_EDGE ( 'NONE', *, *, #7039, .T. ) ;
#1993 = CARTESIAN_POINT ( 'NONE',  ( 0.3008570959188000000, -0.1919113798358999800, -0.01609471288080999800 ) ) ;
#1994 = AXIS2_PLACEMENT_3D ( 'NONE', #5698, #5661, #5718 ) ;
#1995 = CARTESIAN_POINT ( 'NONE',  ( 0.2003427665080198300, -0.07079609164194965200, 0.1747307787859082000 ) ) ;
#1996 = EDGE_LOOP ( 'NONE', ( #1685, #1680 ) ) ;
#1997 = ORIENTED_EDGE ( 'NONE', *, *, #6956, .F. ) ;
#1998 = CARTESIAN_POINT ( 'NONE',  ( 0.2989759434465000300, -0.1842909519026999800, 0.05590944812141999300 ) ) ;
#1999 = CARTESIAN_POINT ( 'NONE',  ( 0.2680354770842999800, 0.1664680900879000100, -0.03936920165835999800 ) ) ;
#2000 = CARTESIAN_POINT ( 'NONE',  ( 0.2970947909743000300, -0.1506203068689999900, 0.1200106178072000000 ) ) ;
#2001 = EDGE_CURVE ( 'NONE', #2108, #5588, #3841, .T. ) ;
#2002 = ORIENTED_EDGE ( 'NONE', *, *, #6444, .T. ) ;
#2003 = DIRECTION ( 'NONE',  ( 1.000000000000000000, 3.629642000833685600E-016, 3.408460712524770500E-016 ) ) ;
#2004 = CARTESIAN_POINT ( 'NONE',  ( 0.1993010312819125700, -0.03298965540896561800, 0.1856305302505088200 ) ) ;
#2005 = CARTESIAN_POINT ( 'NONE',  ( 0.2952136385020000000, -0.09565890272428999300, 0.1671478491578000100 ) ) ;
#2006 = CARTESIAN_POINT ( 'NONE',  ( 0.1515607012512120200, -1.284915804382793400E-008, 0.1680990885697590000 ) ) ;
#2007 = EDGE_CURVE ( 'NONE', #4045, #2455, #5146, .T. ) ;
#2008 = VERTEX_POINT ( 'NONE', #636 ) ;
#2009 = CARTESIAN_POINT ( 'NONE',  ( 0.2662812865306999900, 0.1426218573356999900, -0.09444875922208999200 ) ) ;
#2010 = CARTESIAN_POINT ( 'NONE',  ( 0.2645270959771000000, 0.1012173828694999800, -0.1379007141971999900 ) ) ;
#2011 = CARTESIAN_POINT ( 'NONE',  ( -0.8909895033928999500, -0.06099999999999999200, -0.2437953433570999900 ) ) ;
#2012 = CARTESIAN_POINT ( 'NONE',  ( 0.2933324860297000200, -0.02717573159739999900, 0.1906581042496000000 ) ) ;
#2013 = VERTEX_POINT ( 'NONE', #628 ) ;
#2014 = CARTESIAN_POINT ( 'NONE',  ( 0.1521656484788274600, -0.02037473126373067600, 0.1681020299893204700 ) ) ;
#2015 = CARTESIAN_POINT ( 'NONE',  ( 0.1987757010092559300, -0.01303175888395217100, 0.1881137039922541300 ) ) ;
#2016 = CARTESIAN_POINT ( 'NONE',  ( 0.2627729054235000100, 0.04735197371782000300, -0.1643756655622999900 ) ) ;
#2017 = EDGE_CURVE ( 'NONE', #5759, #839, #6423, .T. ) ;
#2018 = CARTESIAN_POINT ( 'NONE',  ( -0.5206825004946338300, 0.05627955300575615500, -0.1132910495736134400 ) ) ;
#2019 = DIRECTION ( 'NONE',  ( -0.0000000000000000000, -1.000000000000000000, -0.0000000000000000000 ) ) ;
#2020 = CARTESIAN_POINT ( 'NONE',  ( 0.1515607012512120200, -1.284915804382793400E-008, 0.1680990885697590000 ) ) ;
#2021 = CARTESIAN_POINT ( 'NONE',  ( 0.2914513335573999900, 0.04514885326615999900, 0.1872181031367000100 ) ) ;
#2022 = VERTEX_POINT ( 'NONE', #609 ) ;
#2023 = CARTESIAN_POINT ( 'NONE',  ( 0.1982376300624293900, 0.007321460687312851700, 0.1873541717883829300 ) ) ;
#2024 = PLANE ( 'NONE',  #19 ) ;
#2025 = CARTESIAN_POINT ( 'NONE',  ( 0.2497719034297999600, 0.1600701234764000100, -0.1060035595756000000 ) ) ;
#2026 = ORIENTED_EDGE ( 'NONE', *, *, #2991, .F. ) ;
#2027 = CARTESIAN_POINT ( 'NONE',  ( 0.04999999999999996100, 3.681693177335427100E-014, 0.2343750000000291200 ) ) ;
#2028 = CARTESIAN_POINT ( 'NONE',  ( 0.2610187148699000300, -0.01234298325656000100, -0.1706142517236999800 ) ) ;
#2029 = CARTESIAN_POINT ( 'NONE',  ( 0.1182076119094999900, -0.06293840481389000000, -0.1813787840935000000 ) ) ;
#2030 = CARTESIAN_POINT ( 'NONE',  ( 0.1982254881305644500, 0.007780695171095744100, 0.1873358429016508400 ) ) ;
#2031 = EDGE_LOOP ( 'NONE', ( #4040, #4207, #4314, #4269 ) ) ;
#2032 = CARTESIAN_POINT ( 'NONE',  ( 0.2895701810852000000, 0.1110914905029999900, 0.1573140866356000100 ) ) ;
#2033 = CARTESIAN_POINT ( 'NONE',  ( 0.1527829833152651000, -0.04117753249690711500, 0.1643373849198802900 ) ) ;
#2034 = EDGE_CURVE ( 'NONE', #4031, #2108, #6609, .T. ) ;
#2035 = DIRECTION ( 'NONE',  ( 0.0000000000000000000, 0.0000000000000000000, 1.000000000000000000 ) ) ;
#2036 = AXIS2_PLACEMENT_3D ( 'NONE', #2603, #2669, #2424 ) ;
#2037 = VERTEX_POINT ( 'NONE', #760 ) ;
#2038 = CARTESIAN_POINT ( 'NONE',  ( -0.7966199999999999900, 0.2454999999999532600, 0.2454999999999532300 ) ) ;
#2039 = CARTESIAN_POINT ( 'NONE',  ( 0.1982050942230911800, 0.008551908123990974200, 0.1873023092559147300 ) ) ;
#2040 = CARTESIAN_POINT ( 'NONE',  ( 0.2876890286129000200, 0.1613309221919999900, 0.1051730893160999900 ) ) ;
#2041 = ORIENTED_EDGE ( 'NONE', *, *, #7176, .F. ) ;
#2042 = CARTESIAN_POINT ( 'NONE',  ( 0.2270781023386020400, -0.08466101748697398000, -0.1468891664090979700 ) ) ;
#2043 = VERTEX_POINT ( 'NONE', #552 ) ;
#2044 = PLANE ( 'NONE',  #5397 ) ;
#2045 = AXIS2_PLACEMENT_3D ( 'NONE', #4041, #4038, #4028 ) ;
#2046 = DIRECTION ( 'NONE',  ( 0.0000000000000000000, -1.000000000000000000, 0.0000000000000000000 ) ) ;
#2047 = CARTESIAN_POINT ( 'NONE',  ( 0.1540400312133697600, -0.08067360662477461600, 0.1489849664763634200 ) ) ;
#2048 = ORIENTED_EDGE ( 'NONE', *, *, #471, .F. ) ;
#2049 = ORIENTED_EDGE ( 'NONE', *, *, #5031, .F. ) ;
#2050 = CARTESIAN_POINT ( 'NONE',  ( 0.2592645243162999800, -0.07051841185627999400, -0.1558484167663000100 ) ) ;
#2051 = ORIENTED_EDGE ( 'NONE', *, *, #3198, .T. ) ;
#2052 = ORIENTED_EDGE ( 'NONE', *, *, #3799, .F. ) ;
#2053 = CARTESIAN_POINT ( 'NONE',  ( 0.2575103337626999900, -0.1200122944275000000, -0.1218959716603000000 ) ) ;
#2054 = CARTESIAN_POINT ( 'NONE',  ( 0.1981745294008396000, 0.009707572444573396600, 0.1872484952314346400 ) ) ;
#2055 = CARTESIAN_POINT ( 'NONE',  ( 0.2858078761405999900, 0.1887655919927000200, 0.03816543644020999700 ) ) ;
#2056 = EDGE_CURVE ( 'NONE', #4526, #1399, #6277, .T. ) ;
#2057 = LENGTH_MEASURE_WITH_UNIT ( LENGTH_MEASURE( 0.02539999999999999900 ), #3432 );
#2058 = ORIENTED_EDGE ( 'NONE', *, *, #1290, .T. ) ;
#2059 = ORIENTED_EDGE ( 'NONE', *, *, #7098, .F. ) ;
#2060 = CARTESIAN_POINT ( 'NONE',  ( 0.1981033937549596700, 0.01239588796715711600, 0.1870984621163162300 ) ) ;
#2061 = CARTESIAN_POINT ( 'NONE',  ( -0.7332551944616000400, -0.06690460092048000600, -0.1486548193393000000 ) ) ;
#2062 = DIRECTION ( 'NONE',  ( 0.0000000000000000000, 0.0000000000000000000, 1.000000000000000000 ) ) ;
#2063 = CARTESIAN_POINT ( 'NONE',  ( 0.2557561432091000100, -0.1547313933298999900, -0.07293680791621000300 ) ) ;
#2064 = CARTESIAN_POINT ( 'NONE',  ( -0.8940000000000001300, 0.2605000000000000100, -0.09799999999999080300 ) ) ;
#2065 = CARTESIAN_POINT ( 'NONE',  ( 0.2839267236683999900, 0.1895174819036999900, -0.03423707684091999900 ) ) ;
#2066 = EDGE_CURVE ( 'NONE', #2351, #3747, #6217, .T. ) ;
#2067 = EDGE_LOOP ( 'NONE', ( #4967, #5098, #5038, #5028 ) ) ;
#2068 = ORIENTED_EDGE ( 'NONE', *, *, #4298, .T. ) ;
#2069 = CARTESIAN_POINT ( 'NONE',  ( 0.1546797442750364700, -0.09934998606633239900, 0.1373591649218740000 ) ) ;
#2070 = CARTESIAN_POINT ( 'NONE',  ( 0.1979618515540305900, 0.01773841096982149400, 0.1867015475192838600 ) ) ;
#2071 = CARTESIAN_POINT ( 'NONE',  ( -0.7809999999999999200, 0.05740959620435002300, 0.3075000000000000000 ) ) ;
#2072 = CARTESIAN_POINT ( 'NONE',  ( 0.2540019526555000200, -0.1704013965699000000, -0.01499831310871000000 ) ) ;
#2073 = VECTOR ( 'NONE', #3646, 39.37007874015748100 ) ;
#2074 = ORIENTED_EDGE ( 'NONE', *, *, #260, .T. ) ;
#2075 = VERTEX_POINT ( 'NONE', #483 ) ;
#2076 = PLANE ( 'NONE',  #3332 ) ;
#2077 = CARTESIAN_POINT ( 'NONE',  ( 0.1164534213559000100, -0.1217196141096000000, -0.1484716983521000000 ) ) ;
#2078 = CARTESIAN_POINT ( 'NONE',  ( 0.1203129909907560800, 7.565373050198758800E-008, 0.1680985365446029900 ) ) ;
#2079 = EDGE_CURVE ( 'NONE', #3747, #2236, #6170, .T. ) ;
#2080 = CARTESIAN_POINT ( 'NONE',  ( 0.2820455711961000200, 0.1634802906265999900, -0.1018000594481000000 ) ) ;
#2081 = ORIENTED_EDGE ( 'NONE', *, *, #2853, .T. ) ;
#2082 = EDGE_LOOP ( 'NONE', ( #5709, #5668, #5646, #5619 ) ) ;
#2083 = CARTESIAN_POINT ( 'NONE',  ( 0.1559815486235994200, -0.1313556082670644700, 0.1071627824860345900 ) ) ;
#2084 = CARTESIAN_POINT ( 'NONE',  ( 0.1978417795375146900, 0.02225530649401375300, 0.1861987965641319900 ) ) ;
#2085 = CARTESIAN_POINT ( 'NONE',  ( 0.2522477621018999700, -0.1650931361293999900, 0.04478666183175999300 ) ) ;
#2086 = CARTESIAN_POINT ( 'NONE',  ( -0.7339999999999998700, -0.2951257157822319600, 0.1678464951687319600 ) ) ;
#2087 = DIRECTION ( 'NONE',  ( -0.0000000000000000000, -0.0000000000000000000, 1.000000000000000000 ) ) ;
#2088 = CARTESIAN_POINT ( 'NONE',  ( -0.7810000000000002500, 0.1959999999999233500, 0.3025000000000765400 ) ) ;
#2089 = ORIENTED_EDGE ( 'NONE', *, *, #2549, .T. ) ;
#2090 = CARTESIAN_POINT ( 'NONE',  ( 0.2801644187237999900, 0.1143344652931000000, -0.1549731968835000000 ) ) ;
#2091 = EDGE_CURVE ( 'NONE', #4506, #5477, #5051, .T. ) ;
#2092 = EDGE_CURVE ( 'NONE', #1798, #1665, #6256, .T. ) ;
#2093 = AXIS2_PLACEMENT_3D ( 'NONE', #3572, #3591, #3596 ) ;
#2094 = CARTESIAN_POINT ( 'NONE',  ( 0.1566436399104955100, -0.1446728983712694800, 0.08858194472630101500 ) ) ;
#2095 = VECTOR ( 'NONE', #1845, 39.37007874015748100 ) ;
#2096 = CARTESIAN_POINT ( 'NONE',  ( 0.1976033019978092300, 0.03119619023796296400, 0.1849857635503135700 ) ) ;
#2097 = ORIENTED_EDGE ( 'NONE', *, *, #1792, .F. ) ;
#2098 = CARTESIAN_POINT ( 'NONE',  ( 0.2504935715482999900, -0.1394600950202999900, 0.09905793206639000600 ) ) ;
#2099 = EDGE_CURVE ( 'NONE', #5896, #4140, #6140, .T. ) ;
#2100 = PRODUCT_DEFINITION_FORMATION_WITH_SPECIFIED_SOURCE ( 'ANY', '', #5821, .NOT_KNOWN. ) ;
#2101 = CARTESIAN_POINT ( 'NONE',  ( 0.7968750000000000000, 1.089324387473624900E-013, 5.543944022142414500E-014 ) ) ;
#2102 = ORIENTED_EDGE ( 'NONE', *, *, #2939, .T. ) ;
#2103 = CARTESIAN_POINT ( 'NONE',  ( 0.2487393809946000000, -0.09665796232564999300, 0.1411340981745000100 ) ) ;
#2104 = DIRECTION ( 'NONE',  ( 1.000000000000000000, 3.327275781181986500E-014, -3.327275781182024300E-014 ) ) ;
#2105 = CARTESIAN_POINT ( 'NONE',  ( 0.2782832662515000200, 0.04902696054549000200, -0.1862402294193999900 ) ) ;
#2106 = PRESENTATION_STYLE_ASSIGNMENT (( #3409 ) ) ;
#2107 = CARTESIAN_POINT ( 'NONE',  ( 0.1579902007095258200, -0.1630415355334715000, 0.04680958675476374500 ) ) ;
#2108 = VERTEX_POINT ( 'NONE', #190 ) ;
#2109 = CARTESIAN_POINT ( 'NONE',  ( 0.1974465389624407400, 0.03703239895673946700, 0.1838990997059321000 ) ) ;
#2110 = CARTESIAN_POINT ( 'NONE',  ( 0.2469851904409999800, -0.04195613874588000100, 0.1658351021845999900 ) ) ;
#2111 = EDGE_CURVE ( 'NONE', #3488, #3969, #6182, .T. ) ;
#2112 = CARTESIAN_POINT ( 'NONE',  ( 0.2252132356793999900, 0.1390929774837000000, 0.1323344294229000000 ) ) ;
#2113 = CARTESIAN_POINT ( 'NONE',  ( 0.1969829158296413600, 0.05410398954264070800, 0.1798958408435723000 ) ) ;
#2114 = CARTESIAN_POINT ( 'NONE',  ( 0.2764021137793000200, -0.02321073805142999700, -0.1911814106824999700 ) ) ;
#2115 = EDGE_LOOP ( 'NONE', ( #282, #4518, #5833, #6324 ) ) ;
#2116 = CARTESIAN_POINT ( 'NONE',  ( 0.1586746702216581000, -0.1681009112529352500, 0.02363339029040656400 ) ) ;
#2117 = DIRECTION ( 'NONE',  ( -2.731847993696793700E-014, 0.0000000000000000000, -1.000000000000000000 ) ) ;
#2118 = CARTESIAN_POINT ( 'NONE',  ( 0.7817583303678994300, 1.166432257852551400E-014, 0.1879879971531076000 ) ) ;
#2119 = CARTESIAN_POINT ( 'NONE',  ( 0.1146992308023000000, -0.1655148501481999700, -0.09728487844057999400 ) ) ;
#2120 = EDGE_CURVE ( 'NONE', #2605, #6912, #6705, .T. ) ;
#2121 = CARTESIAN_POINT ( 'NONE',  ( 0.2745209613069999900, -0.09216752082029999700, -0.1690982629183999900 ) ) ;
#2122 = VERTEX_POINT ( 'NONE', #65 ) ;
#2123 = AXIS2_PLACEMENT_3D ( 'NONE', #6842, #6670, #7108 ) ;
#2124 = CARTESIAN_POINT ( 'NONE',  ( 0.2251249206212473700, -0.1344298050255376700, -0.1033121095038661100 ) ) ;
#2125 = AXIS2_PLACEMENT_3D ( 'NONE', #5519, #5657, #5470 ) ;
#2126 = DIRECTION ( 'NONE',  ( 1.000000000000000000, 0.0000000000000000000, 0.0000000000000000000 ) ) ;
#2127 = CARTESIAN_POINT ( 'NONE',  ( 0.2452309998873999900, 0.01791098049147000000, 0.1701199542247000000 ) ) ;
#2128 = CARTESIAN_POINT ( 'NONE',  ( 0.1966827217055158700, 0.06489920113632183200, 0.1762413545138478700 ) ) ;
#2129 = DIRECTION ( 'NONE',  ( 0.7213873210325326700, 8.846503171175992100E-016, 0.6925318281880663600 ) ) ;
#2130 = VECTOR ( 'NONE', #2898, 39.37007874015748100 ) ;
#2131 = ORIENTED_EDGE ( 'NONE', *, *, #6339, .F. ) ;
#2132 = EDGE_CURVE ( 'NONE', #6593, #2151, #6111, .T. ) ;
#2133 = AXIS2_PLACEMENT_3D ( 'NONE', #3560, #3484, #3473 ) ;
#2134 = DIRECTION ( 'NONE',  ( -0.0000000000000000000, -1.000000000000000000, -0.0000000000000000000 ) ) ;
#2135 = CARTESIAN_POINT ( 'NONE',  ( 0.2434768093338000000, 0.07557308199220000300, 0.1534611178240999900 ) ) ;
#2136 = AXIS2_PLACEMENT_3D ( 'NONE', #2038, #6031, #6053 ) ;
#2137 = ORIENTED_EDGE ( 'NONE', *, *, #3198, .F. ) ;
#2138 = CARTESIAN_POINT ( 'NONE',  ( 0.2726398088347000100, -0.1480960376035999900, -0.1231123160132999900 ) ) ;
#2139 = CARTESIAN_POINT ( 'NONE',  ( 0.1129450402487000000, -0.1889320428729000000, -0.03412037311946000000 ) ) ;
#2140 = CARTESIAN_POINT ( 'NONE',  ( 0.1958088032263605700, 0.09517148086592802600, 0.1630386835125248200 ) ) ;
#2141 = ORIENTED_EDGE ( 'NONE', *, *, #2736, .T. ) ;
#2142 = DIRECTION ( 'NONE',  ( 0.0000000000000000000, 0.0000000000000000000, -1.000000000000000000 ) ) ;
#2143 = ORIENTED_EDGE ( 'NONE', *, *, #6924, .F. ) ;
#2144 = CARTESIAN_POINT ( 'NONE',  ( 0.1594572861744925100, -0.1680976374611366200, -0.002954239010065615900 ) ) ;
#2145 = DIRECTION ( 'NONE',  ( -1.000000000000000000, 0.0000000000000000000, 0.0000000000000000000 ) ) ;
#2146 = AXIS2_PLACEMENT_3D ( 'NONE', #408, #473, #278 ) ;
#2147 = CARTESIAN_POINT ( 'NONE',  ( 0.2707586563625000200, -0.1830905299826000000, -0.05972387175210999700 ) ) ;
#2148 = DIRECTION ( 'NONE',  ( 0.0000000000000000000, 0.0000000000000000000, -1.000000000000000000 ) ) ;
#2149 = AXIS2_PLACEMENT_3D ( 'NONE', #5733, #5752, #5761 ) ;
#2150 = ORIENTED_EDGE ( 'NONE', *, *, #1949, .F. ) ;
#2151 = VERTEX_POINT ( 'NONE', #73 ) ;
#2152 = CARTESIAN_POINT ( 'NONE',  ( 0.2688775038901999900, -0.1922043492154000000, 0.01210683745419999900 ) ) ;
#2153 = CARTESIAN_POINT ( 'NONE',  ( 0.1595414253010571100, -0.1680220042979304300, -0.005812296191996779400 ) ) ;
#2154 = CARTESIAN_POINT ( 'NONE',  ( 0.2417226187801999900, 0.1239313018585000000, 0.1179094618273999900 ) ) ;
#2155 = CARTESIAN_POINT ( 'NONE',  ( -0.7308999999999999900, 0.2612046566428999900, -0.1029999999999999900 ) ) ;
#2156 = CARTESIAN_POINT ( 'NONE',  ( 0.1952617427645510500, 0.1124668790261137000, 0.1512381705249661600 ) ) ;
#2157 = ORIENTED_EDGE ( 'NONE', *, *, #260, .F. ) ;
#2158 = ORIENTED_EDGE ( 'NONE', *, *, #6409, .T. ) ;
#2159 = CARTESIAN_POINT ( 'NONE',  ( -0.8939999999999999100, -0.1155238131665000000, 0.2370330424456000000 ) ) ;
#2160 = AXIS2_PLACEMENT_3D ( 'NONE', #1579, #1605, #1621 ) ;
#2161 = CARTESIAN_POINT ( 'NONE',  ( 0.1597121253951185000, -0.1677222205837296500, -0.01160213787578176000 ) ) ;
#2162 = CARTESIAN_POINT ( 'NONE',  ( 0.1942387255561939800, 0.1409132925881251300, 0.1251724470829188900 ) ) ;
#2163 = CARTESIAN_POINT ( 'NONE',  ( 0.2399684282265999700, 0.1570321776896999900, 0.06784178142296000400 ) ) ;
#2164 = ORIENTED_EDGE ( 'NONE', *, *, #5217, .T. ) ;
#2165 = ORIENTED_EDGE ( 'NONE', *, *, #5312, .F. ) ;
#2166 = CARTESIAN_POINT ( 'NONE',  ( -0.4402895805984999900, 0.06578163429088999800, -0.07633072918840000400 ) ) ;
#2167 = CARTESIAN_POINT ( 'NONE',  ( 0.2382142376730000100, 0.1708005912983000000, 0.009421970110996000600 ) ) ;
#2168 = CARTESIAN_POINT ( 'NONE',  ( 0.7012500000000000400, -0.1414508159515000000, 0.2550000000000000000 ) ) ;
#2169 = CARTESIAN_POINT ( 'NONE',  ( 0.2669963514179000100, -0.1741491930060999900, 0.08222621428104999500 ) ) ;
#2170 = AXIS2_PLACEMENT_3D ( 'NONE', #5796, #5792, #5780 ) ;
#2172 = EDGE_CURVE ( 'NONE', #4508, #3182, #1461, .T. ) ;
#2171 = ORIENTED_EDGE ( 'NONE', *, *, #6781, .F. ) ;
#2173 = VERTEX_POINT ( 'NONE', #51 ) ;
#2174 = CARTESIAN_POINT ( 'NONE',  ( -1.060400000000000000, 0.2444999999999999700, -0.1080000000000000000 ) ) ;
#2175 = CARTESIAN_POINT ( 'NONE',  ( 0.2651151989457000100, -0.1314772196524000000, 0.1407225527260000100 ) ) ;
#2176 = CARTESIAN_POINT ( 'NONE',  ( 0.2532802845370000200, 0.1905960974332000000, 0.02307202933701999600 ) ) ;
#2177 = CARTESIAN_POINT ( 'NONE',  ( -1.044524830354348000, 0.01700000000017983700, -0.2525000000000000600 ) ) ;
#2178 = CARTESIAN_POINT ( 'NONE',  ( 0.1597973433219506700, -0.1674980756482407600, -0.01448829561356421700 ) ) ;
#2179 = ORIENTED_EDGE ( 'NONE', *, *, #1584, .T. ) ;
#2180 = CARTESIAN_POINT ( 'NONE',  ( -0.7810000000000001400, 0.3075000000000000000, 0.0000000000000000000 ) ) ;
#2181 = CARTESIAN_POINT ( 'NONE',  ( 0.1937627688096476600, 0.1520726916128046500, 0.1109053997271424000 ) ) ;
#2182 = AXIS2_PLACEMENT_3D ( 'NONE', #5229, #5169, #5159 ) ;
#2183 = CARTESIAN_POINT ( 'NONE',  ( 0.2632340464733999900, -0.07022029545631000600, 0.1793271051919000100 ) ) ;
#2184 = AXIS2_PLACEMENT_3D ( 'NONE', #1801, #1954, #1976 ) ;
#2185 = ORIENTED_EDGE ( 'NONE', *, *, #5199, .T. ) ;
#2186 = DIRECTION ( 'NONE',  ( 2.449490783530942300E-015, 1.178340830471968600E-031, -1.000000000000000000 ) ) ;
#2187 = CARTESIAN_POINT ( 'NONE',  ( 0.2364600471194000000, 0.1635414678906000100, -0.05015782256653000100 ) ) ;
#2188 = LENGTH_MEASURE_WITH_UNIT ( LENGTH_MEASURE( 0.02539999999999999900 ), #3211 );
#2189 = CARTESIAN_POINT ( 'NONE',  ( 0.2347058565658000100, 0.1361484657916000000, -0.1035626261068999900 ) ) ;
#2190 = CARTESIAN_POINT ( 'NONE',  ( 0.1928819590318190100, 0.1691616915832950300, 0.08252171597630789100 ) ) ;
#2191 = ORIENTED_EDGE ( 'NONE', *, *, #1792, .T. ) ;
#2192 = AXIS2_PLACEMENT_3D ( 'NONE', #3349, #3322, #3380 ) ;
#2193 = CARTESIAN_POINT ( 'NONE',  ( 0.1600526007418508800, -0.1666059412621818100, -0.02310903854631221300 ) ) ;
#2194 = CARTESIAN_POINT ( 'NONE',  ( -0.6033193088639421400, 0.02295834497260071400, 0.06848175441409000400 ) ) ;
#2195 = CARTESIAN_POINT ( 'NONE',  ( 1.775701195881771200E-015, -0.1306808075914107600, 0.2454999999997560200 ) ) ;
#2196 = CARTESIAN_POINT ( 'NONE',  ( 0.2613528940011000100, 0.0009626320621617999500, 0.1925829128721000000 ) ) ;
#2197 = CARTESIAN_POINT ( 'NONE',  ( -0.8939999999999997900, 0.01699999999999999400, -0.2605000000000000100 ) ) ;
#2198 = ORIENTED_EDGE ( 'NONE', *, *, #3611, .T. ) ;
#2199 = CARTESIAN_POINT ( 'NONE',  ( 0.2594717415287999800, 0.07200951368560999700, 0.1786161789764000000 ) ) ;
#2200 = B_SPLINE_CURVE_WITH_KNOTS ( 'NONE', 3,
 ( #4651, #4655, #4624, #4609 ),
 .UNSPECIFIED., .F., .F.,
 ( 4, 4 ),
 ( 2.134789309111363000E-015, 0.0005224330029812247400 ),
 .UNSPECIFIED. ) ;
#2201 = EDGE_CURVE ( 'NONE', #5694, #1404, #5947, .T. ) ;
#2202 = CARTESIAN_POINT ( 'NONE',  ( 0.1111908496950000000, -0.1890880378058000000, 0.03324506141086999700 ) ) ;
#2203 = CARTESIAN_POINT ( 'NONE',  ( 0.2329516660121999600, 0.09199396338750000200, -0.1442176700194000000 ) ) ;
#2204 = CARTESIAN_POINT ( 'NONE',  ( 0.1924771060005361100, 0.1751220982428748600, 0.06841214142634322000 ) ) ;
#2205 = EDGE_LOOP ( 'NONE', ( #3877, #2326, #2143, #1973 ) ) ;
#2206 = DIRECTION ( 'NONE',  ( 0.0000000000000000000, 0.0000000000000000000, 1.000000000000000000 ) ) ;
#2207 = PLANE ( 'NONE',  #3208 ) ;
#2208 = CARTESIAN_POINT ( 'NONE',  ( 0.2311974754586000000, 0.03651388589031000200, -0.1671178182219000000 ) ) ;
#2209 = ORIENTED_EDGE ( 'NONE', *, *, #6167, .T. ) ;
#2210 = CARTESIAN_POINT ( 'NONE',  ( 0.1921020344960453800, 0.1792573338139273600, 0.05497949427813256200 ) ) ;
#2211 = EDGE_CURVE ( 'NONE', #2236, #3747, #5957, .T. ) ;
#2212 = CARTESIAN_POINT ( 'NONE',  ( 0.2575905890565999800, 0.1328775163812999900, 0.1394011462577000000 ) ) ;
#2213 = CARTESIAN_POINT ( 'NONE',  ( 0.1602222438743231800, -0.1657182598295591800, -0.02880581563182909800 ) ) ;
#2214 = DIRECTION ( 'NONE',  ( 0.2057828098165586900, 0.9681320030735823800, 0.1427370302645217500 ) ) ;
#2215 = CARTESIAN_POINT ( 'NONE',  ( 0.1607295878293571500, -0.1622006424688436900, -0.04565628735145393900 ) ) ;
#2216 = ORIENTED_EDGE ( 'NONE', *, *, #3466, .T. ) ;
#2217 = CARTESIAN_POINT ( 'NONE',  ( 0.1920934873126727000, 0.1793510180300031700, 0.05467321236134913700 ) ) ;
#2218 = CARTESIAN_POINT ( 'NONE',  ( -1.792775245842172800E-016, -0.1682914139223750100, 0.2955706345359250300 ) ) ;
#2219 = CARTESIAN_POINT ( 'NONE',  ( 0.2294432849049999900, -0.02346151657310000000, -0.1694437654699000000 ) ) ;
#2220 = EDGE_CURVE ( 'NONE', #5602, #1312, #6099, .T. ) ;
#2221 = CARTESIAN_POINT ( 'NONE',  ( 0.2557094365843000100, 0.1749626284651000200, 0.08048103555132998800 ) ) ;
#2222 = AXIS2_PLACEMENT_3D ( 'NONE', #3519, #3510, #3500 ) ;
#2223 = ORIENTED_EDGE ( 'NONE', *, *, #1575, .T. ) ;
#2224 = VERTEX_POINT ( 'NONE', #6840 ) ;
#2225 = DIRECTION ( 'NONE',  ( -0.7071067811865503500, -0.7071067811865444600, 0.0000000000000000000 ) ) ;
#2226 = ORIENTED_EDGE ( 'NONE', *, *, #5148, .F. ) ;
#2227 = CARTESIAN_POINT ( 'NONE',  ( 0.2276890943514000000, -0.08054855136928999700, -0.1509091338419000000 ) ) ;
#2228 = CARTESIAN_POINT ( 'NONE',  ( -0.6186555675223930400, 0.02776267023733077600, 0.06869962093880453700 ) ) ;
#2229 = CARTESIAN_POINT ( 'NONE',  ( 0.2538282841119999800, 0.1923158837010000000, 0.01018449039347999800 ) ) ;
#2230 = ORIENTED_EDGE ( 'NONE', *, *, #1395, .T. ) ;
#2231 = VECTOR ( 'NONE', #3106, 39.37007874015748900 ) ;
#2232 = VERTEX_POINT ( 'NONE', #6279 ) ;
#2233 = CARTESIAN_POINT ( 'NONE',  ( 0.2231717389038940500, -0.1637303603716101500, -0.04400407696052170700 ) ) ;
#2234 = ORIENTED_EDGE ( 'NONE', *, *, #2034, .T. ) ;
#2235 = DIRECTION ( 'NONE',  ( -1.000000000000000000, 0.0000000000000000000, -2.410454112010970500E-015 ) ) ;
#2236 = VERTEX_POINT ( 'NONE', #6198 ) ;
#2237 = CARTESIAN_POINT ( 'NONE',  ( 0.1920791599310788500, 0.1795067756318504700, 0.05415939440647929400 ) ) ;
#2238 = CARTESIAN_POINT ( 'NONE',  ( 0.1094366591413999900, -0.1659635806929999600, 0.09651742571341998000 ) ) ;
#2239 = DIRECTION ( 'NONE',  ( 0.0000000000000000000, 0.0000000000000000000, 1.000000000000000000 ) ) ;
#2240 = DIRECTION ( 'NONE',  ( 0.0000000000000000000, -0.4999999999999933400, -0.8660254037844425900 ) ) ;
#2241 = CARTESIAN_POINT ( 'NONE',  ( 0.2519471316397999800, 0.1824842841965000100, -0.06155171431063000100 ) ) ;
#2242 = ORIENTED_EDGE ( 'NONE', *, *, #2811, .F. ) ;
#2243 = VERTEX_POINT ( 'NONE', #264 ) ;
#2244 = CARTESIAN_POINT ( 'NONE',  ( 0.1920576589913052500, 0.1797388643932652000, 0.05338778951530551200 ) ) ;
#2245 = CARTESIAN_POINT ( 'NONE',  ( 0.1610657032095354500, -0.1587066555513375600, -0.05656651847869000000 ) ) ;
#2246 = CARTESIAN_POINT ( 'NONE',  ( 0.1920074210601537300, 0.1802695289212848100, 0.05158127388730987500 ) ) ;
#2247 = CARTESIAN_POINT ( 'NONE',  ( 0.2500659791675000100, 0.1468575520626000100, -0.1245872845814999900 ) ) ;
#2248 = CARTESIAN_POINT ( 'NONE',  ( 0.2259349037978000100, -0.1277191042056000100, -0.1137957363642999900 ) ) ;
#2249 = COLOUR_RGB ( '',0.7529411764705882200, 0.7529411764705882200, 0.7529411764705882200 ) ;
#2250 = CARTESIAN_POINT ( 'NONE',  ( -0.4330218381461271000, 0.06641362143009985100, -0.06822054562846964500 ) ) ;
#2251 = VERTEX_POINT ( 'NONE', #592 ) ;
#2252 = ORIENTED_EDGE ( 'NONE', *, *, #2290, .F. ) ;
#2253 = CARTESIAN_POINT ( 'NONE',  ( 0.2241807132442000000, -0.1591658871689999900, -0.06267266505724999900 ) ) ;
#2254 = CARTESIAN_POINT ( 'NONE',  ( 0.2224265226906000100, -0.1710173911061000100, -0.003833785734380000100 ) ) ;
#2255 = LINE ( 'NONE', #3047, #2231 ) ;
#2256 = CARTESIAN_POINT ( 'NONE',  ( 0.2481848266951999800, 0.09047169304001000100, -0.1700117919963000100 ) ) ;
#2257 = ORIENTED_EDGE ( 'NONE', *, *, #2623, .F. ) ;
#2258 = ORIENTED_EDGE ( 'NONE', *, *, #6792, .T. ) ;
#2259 = DIRECTION ( 'NONE',  ( 1.000000000000000000, 0.0000000000000000000, 0.0000000000000000000 ) ) ;
#2260 = DIRECTION ( 'NONE',  ( 2.805651445712314900E-014, 0.0000000000000000000, -1.000000000000000000 ) ) ;
#2261 = DIRECTION ( 'NONE',  ( -1.000000000000000000, 0.0000000000000000000, 0.0000000000000000000 ) ) ;
#2262 = FACE_OUTER_BOUND ( 'NONE', #3547, .T. ) ;
#2263 = CARTESIAN_POINT ( 'NONE',  ( 0.2206723321369999900, -0.1618145221953999900, 0.05547711032843000200 ) ) ;
#2264 = CARTESIAN_POINT ( 'NONE',  ( 0.1919066689111313100, 0.1812870138241004800, 0.04794416157324383300 ) ) ;
#2265 = ORIENTED_EDGE ( 'NONE', *, *, #6008, .F. ) ;
#2266 = ORIENTED_EDGE ( 'NONE', *, *, #5174, .T. ) ;
#2267 = CARTESIAN_POINT ( 'NONE',  ( 0.2463036742229000000, 0.02129713761588000000, -0.1914042141341000000 ) ) ;
#2268 = CARTESIAN_POINT ( 'NONE',  ( 0.1620677075805381200, -0.1451837963313652200, -0.08771559695815757400 ) ) ;
#2269 = CARTESIAN_POINT ( 'NONE',  ( 0.1918198362918790700, 0.1820828113534056800, 0.04478651873485214200 ) ) ;
#2270 = PLANE ( 'NONE',  #703 ) ;
#2271 = CARTESIAN_POINT ( 'NONE',  ( 0.1076824685877999900, -0.1224057016577000000, 0.1479066299631000000 ) ) ;
#2272 = CARTESIAN_POINT ( 'NONE',  ( 0.2444225217507000100, -0.05088791698414999600, -0.1857405873263999800 ) ) ;
#2273 = LINE ( 'NONE', #2820, #2379 ) ;
#2274 = CARTESIAN_POINT ( 'NONE',  ( 0.2189181415834000100, -0.1326902417372000100, 0.1079581053036999900 ) ) ;
#2275 = VERTEX_POINT ( 'NONE', #1937 ) ;
#2276 = DIRECTION ( 'NONE',  ( 0.0000000000000000000, 0.0000000000000000000, 1.000000000000000000 ) ) ;
#2277 = DIRECTION ( 'NONE',  ( 0.0000000000000000000, -1.000000000000000000, 0.0000000000000000000 ) ) ;
#2278 = EDGE_CURVE ( 'NONE', #3969, #1776, #5981, .T. ) ;
#2279 = AXIS2_PLACEMENT_3D ( 'NONE', #5603, #5590, #5578 ) ;
#2280 = DIRECTION ( 'NONE',  ( -1.000000000000000000, -0.0000000000000000000, 0.0000000000000000000 ) ) ;
#2281 = AXIS2_PLACEMENT_3D ( 'NONE', #5436, #5425, #5413 ) ;
#2282 = CARTESIAN_POINT ( 'NONE',  ( 0.1627272548018298100, -0.1320652967047319400, -0.1063134086475235900 ) ) ;
#2283 = CARTESIAN_POINT ( 'NONE',  ( -0.8709999999999825700, 0.2605000000000000100, 0.02199999999997281900 ) ) ;
#2284 = ORIENTED_EDGE ( 'NONE', *, *, #4441, .F. ) ;
#2285 = CARTESIAN_POINT ( 'NONE',  ( 0.1916455395408727900, 0.1835694632908270200, 0.03842100177355851900 ) ) ;
#2286 = CARTESIAN_POINT ( 'NONE',  ( 0.2171639510297999900, -0.08723009190337000000, 0.1471481131642999900 ) ) ;
#2287 = CARTESIAN_POINT ( 'NONE',  ( 0.2154097604762000000, -0.03103077703976000000, 0.1682223243339000000 ) ) ;
#2288 = CARTESIAN_POINT ( 'NONE',  ( 0.1915284996902001100, 0.1844206570791923300, 0.03411028878271169700 ) ) ;
#2289 = CARTESIAN_POINT ( 'NONE',  ( 0.2425413692783999800, -0.1158797060009999900, -0.1538214687389000100 ) ) ;
#2290 = EDGE_CURVE ( 'NONE', #2224, #6080, #6131, .T. ) ;
#2291 = CARTESIAN_POINT ( 'NONE',  ( 0.2406602168061000000, -0.1644912567917999900, -0.1001587819161999900 ) ) ;
#2292 = EDGE_LOOP ( 'NONE', ( #6859, #6706, #6456, #6175, #6092, #5907 ) ) ;
#2293 = CARTESIAN_POINT ( 'NONE',  ( 0.1640294378589931000, -0.1002542927332964600, -0.1367313341937277900 ) ) ;
#2294 = DIRECTION ( 'NONE',  ( -1.000000000000000000, 9.341392738283457200E-015, -2.805651445712314900E-014 ) ) ;
#2295 = DIRECTION ( 'NONE',  ( 1.000000000000000000, 0.0000000000000000000, 0.0000000000000000000 ) ) ;
#2296 = DIRECTION ( 'NONE',  ( 0.0000000000000000000, -0.7071067811865474600, -0.7071067811865474600 ) ) ;
#2297 = CARTESIAN_POINT ( 'NONE',  ( 0.2136555699226000100, 0.02898885658921000100, 0.1685862067502000000 ) ) ;
#2298 = CARTESIAN_POINT ( 'NONE',  ( 0.2387790643338999800, -0.1898510233317000100, -0.03233803887925999800 ) ) ;
#2299 = ORIENTED_EDGE ( 'NONE', *, *, #447, .T. ) ;
#2300 = EDGE_CURVE ( 'NONE', #5137, #1019, #1287, .T. ) ;
#2301 = CARTESIAN_POINT ( 'NONE',  ( 0.7784797983293999500, -1.340152852673150400E-014, -1.837850737737633100E-013 ) ) ;
#2302 = CARTESIAN_POINT ( 'NONE',  ( 0.2212185571865408200, -0.1680989544069653500, 0.02200196806680096100 ) ) ;
#2303 = FACE_OUTER_BOUND ( 'NONE', #6631, .T. ) ;
#2304 = CARTESIAN_POINT ( 'NONE',  ( -0.8944982674906000200, 0.09750173250940000200, -0.2605000000000000100 ) ) ;
#2305 = CARTESIAN_POINT ( 'NONE',  ( 0.1911748540881763300, 0.1865285860020685100, 0.02100525411902545400 ) ) ;
#2306 = CARTESIAN_POINT ( 'NONE',  ( 0.2368979118616000000, -0.1883742254875999900, 0.04005390951426000100 ) ) ;
#2307 = ORIENTED_EDGE ( 'NONE', *, *, #1584, .F. ) ;
#2308 = CARTESIAN_POINT ( 'NONE',  ( 0.1646720736948640600, -0.08157586207651922100, -0.1485288288997136400 ) ) ;
#2309 = DIRECTION ( 'NONE',  ( 0.8660254037843675400, -0.5000000000001230100, 6.966605276545829800E-016 ) ) ;
#2310 = CARTESIAN_POINT ( 'NONE',  ( 0.1671865952668484300, -3.973920135504057400E-008, -0.1680973602015782600 ) ) ;
#2311 = CARTESIAN_POINT ( 'NONE',  ( 0.1059282780342000000, -0.06377720271365999700, 0.1810856117162000000 ) ) ;
#2312 = EDGE_CURVE ( 'NONE', #2619, #6419, #6056, .T. ) ;
#2313 = CARTESIAN_POINT ( 'NONE',  ( 0.2119013793688999900, 0.08543961649313998300, 0.1481949332083999900 ) ) ;
#2314 = CARTESIAN_POINT ( 'NONE',  ( 0.1909357222868197600, 0.1873399450415669000, 0.01203701766229187500 ) ) ;
#2315 = EDGE_CURVE ( 'NONE', #1125, #6586, #5968, .T. ) ;
#2316 = ORIENTED_EDGE ( 'NONE', *, *, #193, .F. ) ;
#2317 = CARTESIAN_POINT ( 'NONE',  ( -0.7339999999999999900, 0.2444999999999999700, 0.02199999999999999900 ) ) ;
#2318 = CARTESIAN_POINT ( 'NONE',  ( -0.4834989094662999800, 0.06068621389421999200, -0.08973040392893999500 ) ) ;
#2319 = CARTESIAN_POINT ( 'NONE',  ( 0.1671865952668484300, -3.973920135504057400E-008, -0.1680973602015782600 ) ) ;
#2320 = CARTESIAN_POINT ( 'NONE',  ( -0.6754427768133012300, 0.01305795632194703100, 0.05454266999529999000 ) ) ;
#2321 = EDGE_LOOP ( 'NONE', ( #6248, #6212, #6486, #6400 ) ) ;
#2322 = CARTESIAN_POINT ( 'NONE',  ( 0.1902082226827271900, 0.1877750523066417100, -0.01530117631591470700 ) ) ;
#2323 = EDGE_LOOP ( 'NONE', ( #5220, #5240, #4995, #5060 ) ) ;
#2324 = CARTESIAN_POINT ( 'NONE',  ( 0.2350167593893000000, -0.1602695872871000000, 0.1067840277216000100 ) ) ;
#2325 = DIRECTION ( 'NONE',  ( -1.000000000000000000, 0.0000000000000000000, -0.0000000000000000000 ) ) ;
#2326 = ORIENTED_EDGE ( 'NONE', *, *, #6813, .T. ) ;
#2327 = CARTESIAN_POINT ( 'NONE',  ( -0.3544645175687745100, 0.07550533098228226500, -0.1014948027894272400 ) ) ;
#2328 = EDGE_CURVE ( 'NONE', #2537, #5363, #6010, .T. ) ;
#2329 = AXIS2_PLACEMENT_3D ( 'NONE', #908, #2186, #2235 ) ;
#2330 = CARTESIAN_POINT ( 'NONE',  ( 0.2101471888153000100, 0.1313716687336000100, 0.1095589080306000100 ) ) ;
#2331 = CYLINDRICAL_SURFACE ( 'NONE', #3710, 0.07999999999995319200 ) ;
#2332 = ORIENTED_EDGE ( 'NONE', *, *, #7009, .T. ) ;
#2333 = ORIENTED_EDGE ( 'NONE', *, *, #1300, .T. ) ;
#2334 = CARTESIAN_POINT ( 'NONE',  ( 0.2331356069170999700, -0.1095098419206000000, 0.1584195960449000000 ) ) ;
#2335 = CARTESIAN_POINT ( 'NONE',  ( -0.9689999999986234100, 0.2604999999999998400, 0.02200000000000684700 ) ) ;
#2336 = CARTESIAN_POINT ( 'NONE',  ( 0.1665661584316479300, -0.02073999768848951500, -0.1680955341615632300 ) ) ;
#2337 = CONICAL_SURFACE ( 'NONE', #3082, 0.2894486372865390800, 1.134464013796779000 ) ;
#2338 = CARTESIAN_POINT ( 'NONE',  ( 0.1897097506799688100, 0.1853760605675879000, -0.03412259969835728500 ) ) ;
#2339 = CARTESIAN_POINT ( 'NONE',  ( 0.2083929982616999900, 0.1611301554826000100, 0.05743471115189999900 ) ) ;
#2340 = ORIENTED_EDGE ( 'NONE', *, *, #3042, .T. ) ;
#2341 = ORIENTED_EDGE ( 'NONE', *, *, #3552, .F. ) ;
#2342 = CARTESIAN_POINT ( 'NONE',  ( 0.2066388077080999800, 0.1710513872723999900, -0.001760493028361000100 ) ) ;
#2343 = PLANE ( 'NONE',  #3910 ) ;
#2344 = UNCERTAINTY_MEASURE_WITH_UNIT (LENGTH_MEASURE( 1.000000000000000100E-005 ), #3450, 'distance_accuracy_value', 'NONE');
#2345 = CARTESIAN_POINT ( 'NONE',  ( 0.2312544544448000000, -0.04327017071944999600, 0.1876615861844999900 ) ) ;
#2346 = CARTESIAN_POINT ( 'NONE',  ( 0.7031250000000154300, 0.2165063509434527700, 0.1250000000046127800 ) ) ;
#2347 = DIRECTION ( 'NONE',  ( -0.0000000000000000000, 0.7071067811865464600, -0.7071067811865484600 ) ) ;
#2349 = EDGE_LOOP ( 'NONE', ( #4640, #4630, #4598, #4698 ) ) ;
#2348 = DIRECTION ( 'NONE',  ( 0.0000000000000000000, -0.8660254037844425900, 0.4999999999999933400 ) ) ;
#2350 = DIRECTION ( 'NONE',  ( -2.449490783530942700E-015, -1.000000000000000000, -1.178340830472019000E-031 ) ) ;
#2351 = VERTEX_POINT ( 'NONE', #2027 ) ;
#2352 = CARTESIAN_POINT ( 'NONE',  ( 0.1886858621410572000, 0.1745579697309896100, -0.07115899589940531700 ) ) ;
#2353 = EDGE_CURVE ( 'NONE', #6665, #6394, #5826, .T. ) ;
#2354 = AXIS2_PLACEMENT_3D ( 'NONE', #3470, #3142, #3362 ) ;
#2355 = CARTESIAN_POINT ( 'NONE',  ( 0.2293733019725000000, 0.02908604582184000000, 0.1903764304423999600 ) ) ;
#2356 = CARTESIAN_POINT ( 'NONE',  ( 0.1006657063733999900, 0.1265225768756000100, 0.1444007542140000000 ) ) ;
#2357 = CARTESIAN_POINT ( 'NONE',  ( 0.2274921495002000000, 0.09733079626340999900, 0.1661803362768999900 ) ) ;
#2358 = ORIENTED_EDGE ( 'NONE', *, *, #2969, .T. ) ;
#2359 = ORIENTED_EDGE ( 'NONE', *, *, #2633, .F. ) ;
#2360 = DIRECTION ( 'NONE',  ( -0.1273811335162092200, -0.9918538434790308300, -0.0000000000000000000 ) ) ;
#2361 = CARTESIAN_POINT ( 'NONE',  ( 0.1881604456049056100, 0.1660892548152153000, -0.08935733708864253300 ) ) ;
#2362 = CARTESIAN_POINT ( 'NONE',  ( -0.5055584602767999600, 0.05731102847457000100, -0.1102920733634000000 ) ) ;
#2363 = FACE_OUTER_BOUND ( 'NONE', #3302, .T. ) ;
#2365 = EDGE_LOOP ( 'NONE', ( #4400, #4391, #4330, #4682 ) ) ;
#2364 = EDGE_CURVE ( 'NONE', #1972, #5272, #6087, .T. ) ;
#2366 = CARTESIAN_POINT ( 'NONE',  ( 0.2192653754691779900, -0.1468782503945939300, 0.08465421653481435000 ) ) ;
#2367 = DIRECTION ( 'NONE',  ( -1.000000000000000000, 2.410454112010823400E-015, 0.0000000000000000000 ) ) ;
#2368 = CARTESIAN_POINT ( 'NONE',  ( -0.6588914359658000200, 0.006032328957687999200, -0.01440584848381999900 ) ) ;
#2369 = CARTESIAN_POINT ( 'NONE',  ( 0.2048846171544999900, 0.1599138986120999800, -0.06073898931162000100 ) ) ;
#2370 = CARTESIAN_POINT ( 'NONE',  ( -0.7326561901864000500, -0.1101499841963000000, -0.2437953433570999900 ) ) ;
#2371 = CARTESIAN_POINT ( 'NONE',  ( 0.1870826679991892900, 0.1430516459368130500, -0.1229232041632407800 ) ) ;
#2372 = ORIENTED_EDGE ( 'NONE', *, *, #3123, .T. ) ;
#2373 = CARTESIAN_POINT ( 'NONE',  ( 0.2256109970280000000, 0.1518172320451000000, 0.1184935477875000000 ) ) ;
#2374 = CARTESIAN_POINT ( 'NONE',  ( -0.7810000000000001400, -0.1880904037956070700, 0.1880904037955928900 ) ) ;
#2375 = DIRECTION ( 'NONE',  ( 0.0000000000000000000, -0.7071067811865466800, -0.7071067811865483500 ) ) ;
#2376 = AXIS2_PLACEMENT_3D ( 'NONE', #6335, #6414, #6372 ) ;
#2377 = FACE_OUTER_BOUND ( 'NONE', #1470, .T. ) ;
#2378 = CARTESIAN_POINT ( 'NONE',  ( 0.1865303069296171100, 0.1284464344762858100, -0.1382558429166145200 ) ) ;
#2379 = VECTOR ( 'NONE', #2843, 39.37007874015748100 ) ;
#2380 = PLANE ( 'NONE',  #4405 ) ;
#2381 = CARTESIAN_POINT ( 'NONE',  ( 0.2031304266009000000, 0.1290888347545000000, -0.1122397251309000000 ) ) ;
#2382 = ORIENTED_EDGE ( 'NONE', *, *, #1849, .F. ) ;
#2383 = CARTESIAN_POINT ( 'NONE',  ( 0.2237298445557000000, 0.1848433150118999900, 0.05405688174968000000 ) ) ;
#2384 = FACE_OUTER_BOUND ( 'NONE', #2205, .T. ) ;
#2385 = CARTESIAN_POINT ( 'NONE',  ( 0.2013762360473000100, 0.08237115345963999500, -0.1499222451547000100 ) ) ;
#2386 = DIRECTION ( 'NONE',  ( 1.006075183802949200E-015, 0.7071067811865482400, -0.7071067811865469100 ) ) ;
#2387 = VERTEX_POINT ( 'NONE', #2283 ) ;
#2388 = CARTESIAN_POINT ( 'NONE',  ( -0.7308000000000000100, -0.1161743514051999900, 0.2363825042068999900 ) ) ;
#2389 = DIRECTION ( 'NONE',  ( 1.006075183802949200E-015, 0.7071067811865482400, -0.7071067811865469100 ) ) ;
#2390 = CARTESIAN_POINT ( 'NONE',  ( -0.7810000000000001400, -0.1880904037956070700, 0.1880904037955928900 ) ) ;
#2391 = CARTESIAN_POINT ( 'NONE',  ( 0.1859467913015899200, 0.1106641416601286500, -0.1513573759780184900 ) ) ;
#2392 = CARTESIAN_POINT ( 'NONE',  ( 0.1996220454936999700, 0.02551242151337999900, -0.1691472914839000100 ) ) ;
#2393 = ORIENTED_EDGE ( 'NONE', *, *, #5197, .T. ) ;
#2394 = DIRECTION ( 'NONE',  ( -0.9723699203988067600, 0.0000000000000000000, 0.2334453638511979100 ) ) ;
#2395 = DIRECTION ( 'NONE',  ( 0.0000000000000000000, -0.7071067811865466800, -0.7071067811865483500 ) ) ;
#2396 = CARTESIAN_POINT ( 'NONE',  ( 0.2218486920834000000, 0.1917405576620999900, -0.01802112319028000000 ) ) ;
#2397 = EDGE_CURVE ( 'NONE', #1405, #5190, #5847, .T. ) ;
#2398 = AXIS2_PLACEMENT_3D ( 'NONE', #5538, #5534, #5546 ) ;
#2399 = CARTESIAN_POINT ( 'NONE',  ( -0.8889999999999999000, 0.1030000000000000200, -0.2444999999999999700 ) ) ;
#2400 = CARTESIAN_POINT ( 'NONE',  ( 0.1859246787311796300, 0.1099876067963054400, -0.1518502090740681800 ) ) ;
#2401 = ORIENTED_EDGE ( 'NONE', *, *, #5359, .T. ) ;
#2402 = DIRECTION ( 'NONE',  ( 0.3907311284889636900, 0.9205048534525719400, -0.0000000000000000000 ) ) ;
#2403 = CARTESIAN_POINT ( 'NONE',  ( 0.2199675396112000000, 0.1715339541758999800, -0.08755175424166998500 ) ) ;
#2404 = CARTESIAN_POINT ( 'NONE',  ( 0.1978678549401000100, -0.03448727633894999700, -0.1675479662242999900 ) ) ;
#2405 = EDGE_CURVE ( 'NONE', #1094, #3478, #5930, .T. ) ;
#2406 = EDGE_LOOP ( 'NONE', ( #2813, #7135, #4178, #6968, #5355, #2258 ) ) ;
#2407 = DIRECTION ( 'NONE',  ( -0.0000000000000000000, -0.0000000000000000000, -1.000000000000000000 ) ) ;
#2408 = CARTESIAN_POINT ( 'NONE',  ( 0.1858849759391230900, 0.1087671533739041100, -0.1527270258737425100 ) ) ;
#2409 = CARTESIAN_POINT ( 'NONE',  ( 0.2180863871389000000, 0.1270798146109000100, -0.1447063668402000000 ) ) ;
#2410 = ORIENTED_EDGE ( 'NONE', *, *, #1544, .T. ) ;
#2411 = VECTOR ( 'NONE', #2019, 39.37007874015748100 ) ;
#2412 = ORIENTED_EDGE ( 'NONE', *, *, #4869, .F. ) ;
#2413 = CARTESIAN_POINT ( 'NONE',  ( -0.7339999999999999900, -0.1223294731452999900, 0.2425376259469999900 ) ) ;
#2414 = ORIENTED_EDGE ( 'NONE', *, *, #726, .T. ) ;
#2415 = CARTESIAN_POINT ( 'NONE',  ( 0.1858255138211505300, 0.1069314792008977800, -0.1540292187995749300 ) ) ;
#2416 = CARTESIAN_POINT ( 'NONE',  ( 0.09891151581981999500, 0.1686160721694999800, 0.09180503103878999400 ) ) ;
#2417 = DIRECTION ( 'NONE',  ( -1.000000000000000000, -0.0000000000000000000, 0.0000000000000000000 ) ) ;
#2418 = DIRECTION ( 'NONE',  ( 0.0000000000000000000, 0.7071067811865471300, 0.7071067811865480200 ) ) ;
#2419 = ORIENTED_EDGE ( 'NONE', *, *, #4743, .F. ) ;
#2420 = CARTESIAN_POINT ( 'NONE',  ( 0.2162052346665999900, 0.06466201617620000200, -0.1814057340211000000 ) ) ;
#2421 = EDGE_LOOP ( 'NONE', ( #5871, #6138, #6147, #6332 ) ) ;
#2422 = ORIENTED_EDGE ( 'NONE', *, *, #4503, .T. ) ;
#2423 = DIRECTION ( 'NONE',  ( 0.9110794801760944100, -0.3867302948997277700, 0.1427370302648444700 ) ) ;
#2424 = DIRECTION ( 'NONE',  ( -0.9723699203988067600, 0.0000000000000000000, 0.2334453638511979100 ) ) ;
#2425 = DIRECTION ( 'NONE',  ( -0.9205048534525718300, 0.3907311284889636300, 0.0000000000000000000 ) ) ;
#2426 = DIRECTION ( 'NONE',  ( -1.000000000000000000, 0.0000000000000000000, 0.0000000000000000000 ) ) ;
#2427 = CARTESIAN_POINT ( 'NONE',  ( 0.1961136643864999900, -0.09024114143755000700, -0.1453211373072000000 ) ) ;
#2428 = LINE ( 'NONE', #1824, #2411 ) ;
#2429 = CARTESIAN_POINT ( 'NONE',  ( 0.2143240821943000200, -0.006896258051735999800, -0.1924621081886999700 ) ) ;
#2431 = EDGE_CURVE ( 'NONE', #5649, #4079, #5816, .T. ) ;
#2430 = ORIENTED_EDGE ( 'NONE', *, *, #162, .T. ) ;
#2432 = VERTEX_POINT ( 'NONE', #2399 ) ;
#2433 = AXIS2_PLACEMENT_3D ( 'NONE', #5446, #5460, #5483 ) ;
#2434 = AXIS2_PLACEMENT_3D ( 'NONE', #1861, #1988, #3118 ) ;
#2435 = CARTESIAN_POINT ( 'NONE',  ( 0.1943594738329000000, -0.1348850788817000100, -0.1052032099582000000 ) ) ;
#2436 = CARTESIAN_POINT ( 'NONE',  ( -0.8939999999999999100, -0.05938000000000000200, -0.2612046566428999900 ) ) ;
#2437 = CARTESIAN_POINT ( 'NONE',  ( -0.7810000000000001400, -0.2439999999999616600, -0.3075000000000000000 ) ) ;
#2438 = VERTEX_POINT ( 'NONE', #2579 ) ;
#2439 = EDGE_LOOP ( 'NONE', ( #4499, #4525, #4240, #4234 ) ) ;
#2440 = DIRECTION ( 'NONE',  ( -1.000000000000000000, -3.327275781181926500E-014, -3.327275781182000300E-014 ) ) ;
#2441 = CARTESIAN_POINT ( 'NONE',  ( 0.3266102505536997400, -0.1420360850511861200, 7.882907476466108200E-014 ) ) ;
#2442 = CARTESIAN_POINT ( 'NONE',  ( 0.1856874133699999200, 0.1026146825401340200, -0.1569764522537198100 ) ) ;
#2443 = PLANE ( 'NONE',  #3265 ) ;
#2444 = AXIS2_PLACEMENT_3D ( 'NONE', #5129, #5095, #5086 ) ;
#2445 = CARTESIAN_POINT ( 'NONE',  ( 0.1926052832792999600, -0.1629227669181000100, -0.05213324502833000000 ) ) ;
#2446 = ORIENTED_EDGE ( 'NONE', *, *, #2656, .F. ) ;
#2447 = VERTEX_POINT ( 'NONE', #2602 ) ;
#2448 = CARTESIAN_POINT ( 'NONE',  ( 0.2124429297220999900, -0.07747973300308999600, -0.1763125555210000000 ) ) ;
#2449 = CARTESIAN_POINT ( 'NONE',  ( 0.2105617772497999600, -0.1371109068887000100, -0.1352398989727000000 ) ) ;
#2450 = CARTESIAN_POINT ( 'NONE',  ( -0.5289345453334943800, 3.930074648465033400E-014, -0.1265000000000136000 ) ) ;
#2451 = CARTESIAN_POINT ( 'NONE',  ( -0.6628476334222863600, -0.0009788773639210883200, 0.05700563257591480200 ) ) ;
#2452 = DIMENSIONAL_EXPONENTS ( 1.000000000000000000, 0.0000000000000000000, 0.0000000000000000000, 0.0000000000000000000, 0.0000000000000000000, 0.0000000000000000000, 0.0000000000000000000 ) ;
#2453 = CARTESIAN_POINT ( 'NONE',  ( 0.1855701463960745500, 0.09886179312871575000, -0.1593463471752388200 ) ) ;
#2454 = EDGE_CURVE ( 'NONE', #849, #515, #5865, .T. ) ;
#2455 = VERTEX_POINT ( 'NONE', #2691 ) ;
#2456 = VERTEX_POINT ( 'NONE', #2767 ) ;
#2457 = CARTESIAN_POINT ( 'NONE',  ( -0.3648870126220999900, 0.07573455786713000100, -0.1147852528848000000 ) ) ;
#2458 = CARTESIAN_POINT ( 'NONE',  ( 0.09715732526620998700, 0.1899494490425000000, 0.02790615579706999900 ) ) ;
#2459 = CARTESIAN_POINT ( 'NONE',  ( -0.6785686258411792700, 0.005693917494325950600, -0.01054266999527459500 ) ) ;
#2460 = CARTESIAN_POINT ( 'NONE',  ( 0.1908510927257000000, -0.1709023376180000000, 0.007355102543754999900 ) ) ;
#2461 = ORIENTED_EDGE ( 'NONE', *, *, #4377, .T. ) ;
#2462 = VERTEX_POINT ( 'NONE', #2632 ) ;
#2463 = CARTESIAN_POINT ( 'NONE',  ( 0.1197056559415647800, 0.02049555143228772000, 0.1681013249618383300 ) ) ;
#2464 = CARTESIAN_POINT ( 'NONE',  ( 0.2086806247774999900, -0.1773604466181999700, -0.07505003559315999400 ) ) ;
#2465 = AXIS2_PLACEMENT_3D ( 'NONE', #5977, #5955, #5944 ) ;
#2466 = CIRCLE ( 'NONE', #953, 0.2500000000000079900 ) ;
#2467 = CARTESIAN_POINT ( 'NONE',  ( 0.1659404339811905400, -0.04181442733883380900, -0.1642253017938653000 ) ) ;
#2468 = CARTESIAN_POINT ( 'NONE',  ( 0.2173121937518147100, -0.1033001259417294400, 0.1344176700238049200 ) ) ;
#2469 = ORIENTED_EDGE ( 'NONE', *, *, #4276, .T. ) ;
#2470 = CARTESIAN_POINT ( 'NONE',  ( 0.1853370855700195400, 0.09129771601163679000, -0.1638782639376860900 ) ) ;
#2471 = DIRECTION ( 'NONE',  ( -0.9918538434790308300, 0.1273811335162092200, 0.0000000000000000000 ) ) ;
#2472 = CARTESIAN_POINT ( 'NONE',  ( 0.1890969021721000100, -0.1578413588253000100, 0.06593796548362999800 ) ) ;
#2473 = FACE_OUTER_BOUND ( 'NONE', #6573, .T. ) ;
#2474 = CARTESIAN_POINT ( 'NONE',  ( 0.3853461368341024000, -0.1874999999999892600, 1.639423379409634900E-015 ) ) ;
#2475 = CARTESIAN_POINT ( 'NONE',  ( 0.2067994723052999600, -0.1925387432182000000, -0.004251239266094999700 ) ) ;
#2476 = CYLINDRICAL_SURFACE ( 'NONE', #1955, 0.07999999999999205000 ) ;
#2477 = ORIENTED_EDGE ( 'NONE', *, *, #60, .T. ) ;
#2478 = DIRECTION ( 'NONE',  ( 0.9110794801756865200, -0.3867302949007581100, 0.1427370302646568400 ) ) ;
#2479 = EDGE_CURVE ( 'NONE', #3516, #2224, #5689, .T. ) ;
#2480 = CARTESIAN_POINT ( 'NONE',  ( -0.7909999999999906000, 0.2444999999999999700, 0.02199999999997281900 ) ) ;
#2481 = CARTESIAN_POINT ( 'NONE',  ( 0.1851836758483771100, 0.08617688130706634100, -0.1666211786510562700 ) ) ;
#2482 = CARTESIAN_POINT ( 'NONE',  ( 0.2049183198329999900, -0.1805001907078999900, 0.06714854160970999700 ) ) ;
#2483 = CARTESIAN_POINT ( 'NONE',  ( 0.1873427116185000000, -0.1253477945698000000, 0.1164029361616000000 ) ) ;
#2484 = CARTESIAN_POINT ( 'NONE',  ( 0.2030371673606999900, -0.1429464954891999900, 0.1290563819635000000 ) ) ;
#2485 = ORIENTED_EDGE ( 'NONE', *, *, #6628, .F. ) ;
#2486 = CARTESIAN_POINT ( 'NONE',  ( 0.1855885210649000100, -0.07742205028752000000, 0.1525370203376000000 ) ) ;
#2487 = CARTESIAN_POINT ( 'NONE',  ( 0.1847293391706330800, 0.07067700523689250700, -0.1740383777765759600 ) ) ;
#2488 = CARTESIAN_POINT ( 'NONE',  ( 0.2011560148884999600, -0.08518613864198999700, 0.1727210956851000000 ) ) ;
#2489 = EDGE_CURVE ( 'NONE', #5856, #4622, #5891, .T. ) ;
#2490 = EDGE_LOOP ( 'NONE', ( #1842, #1825, #1802, #1740 ) ) ;
#2491 = FACE_OUTER_BOUND ( 'NONE', #3072, .T. ) ;
#2492 = DIRECTION ( 'NONE',  ( 0.0000000000000000000, 0.0000000000000000000, 1.000000000000000000 ) ) ;
#2493 = CARTESIAN_POINT ( 'NONE',  ( 0.1838343305112999900, -0.01996447223048000000, 0.1698915524002000100 ) ) ;
#2494 = DIRECTION ( 'NONE',  ( -0.2334453638511979100, 1.497369606983217800E-017, -0.9723699203988068800 ) ) ;
#2495 = CARTESIAN_POINT ( 'NONE',  ( 0.1844343047017138700, 0.06016583861184170200, -0.1779035282388790900 ) ) ;
#2496 = EDGE_LOOP ( 'NONE', ( #1570, #5908, #21, #2710, #2533, #1075, #928, #5265, #5091, #3365, #289, #3005, #2802, #1156, #3993, #1001 ) ) ;
#2497 = CARTESIAN_POINT ( 'NONE',  ( 0.1992748624161999900, -0.01538399040506000000, 0.1919702913580999800 ) ) ;
#2498 = EDGE_CURVE ( 'NONE', #6394, #2570, #5701, .T. ) ;
#2499 = CARTESIAN_POINT ( 'NONE',  ( 0.1973937099438999900, 0.05659285255033000300, 0.1840828992009999900 ) ) ;
#2500 = AXIS2_PLACEMENT_3D ( 'NONE', #3765, #3776, #3865 ) ;
#2501 = VECTOR ( 'NONE', #2875, 39.37007874015748100 ) ;
#2502 = ORIENTED_EDGE ( 'NONE', *, *, #193, .T. ) ;
#2503 = CARTESIAN_POINT ( 'NONE',  ( -0.5138087989316000300, 0.05564066685659999800, -0.1224661274089000100 ) ) ;
#2504 = CARTESIAN_POINT ( 'NONE',  ( 0.1820801399577000000, 0.03995106643449999900, 0.1663298989762999900 ) ) ;
#2505 = CARTESIAN_POINT ( 'NONE',  ( 0.1955125574716000100, 0.1205698585845000100, 0.1501738284489000100 ) ) ;
#2506 = EDGE_LOOP ( 'NONE', ( #6602, #3644, #692, #1911 ) ) ;
#2507 = CARTESIAN_POINT ( 'NONE',  ( -0.8014409913475721800, 0.2444999999999999700, -0.05731573425037921700 ) ) ;
#2508 = CARTESIAN_POINT ( 'NONE',  ( 0.1835727712436775200, 0.02877472164459093600, -0.1865404677894748600 ) ) ;
#2509 = VERTEX_POINT ( 'NONE', #3043 ) ;
#2510 = CARTESIAN_POINT ( 'NONE',  ( 0.1936314049993999900, 0.1675033169600000100, 0.09503637812821999500 ) ) ;
#2511 = DIRECTION ( 'NONE',  ( 2.460002620993068900E-016, 1.000000000000000000, 0.0000000000000000000 ) ) ;
#2512 = CARTESIAN_POINT ( 'NONE',  ( 0.0000000000000000000, 0.2454999999999766000, -0.3075000000000000000 ) ) ;
#2513 = FACE_OUTER_BOUND ( 'NONE', #3433, .T. ) ;
#2514 = CARTESIAN_POINT ( 'NONE',  ( 0.7973833303678999900, -1.749236418443148600E-014, 6.189280072997399900E-017 ) ) ;
#2515 = CARTESIAN_POINT ( 'NONE',  ( -0.7077738576398999700, 0.008634408818673000600, 0.02218459668030000100 ) ) ;
#2516 = ORIENTED_EDGE ( 'NONE', *, *, #5473, .T. ) ;
#2517 = ORIENTED_EDGE ( 'NONE', *, *, #5163, .F. ) ;
#2518 = CARTESIAN_POINT ( 'NONE',  ( 0.1803259494040999900, 0.09494806171809000400, 0.1422905191595000000 ) ) ;
#2519 = CARTESIAN_POINT ( 'NONE',  ( 0.1830298422032799500, 0.008075802321795244900, -0.1883000305570535800 ) ) ;
#2520 = AXIS2_PLACEMENT_3D ( 'NONE', #3685, #3647, #3635 ) ;
#2521 = CARTESIAN_POINT ( 'NONE',  ( 0.1917502525271000100, 0.1907587485387000100, 0.02646467502400000000 ) ) ;
#2522 = CARTESIAN_POINT ( 'NONE',  ( 0.1898691000548000100, 0.1870487559809999900, -0.04584808457075000000 ) ) ;
#2523 = DIRECTION ( 'NONE',  ( -1.000000000000000000, 4.268512490100835400E-016, 0.0000000000000000000 ) ) ;
#2524 = EDGE_LOOP ( 'NONE', ( #6227, #5186, #4701, #5428 ) ) ;
#2525 = CARTESIAN_POINT ( 'NONE',  ( -0.7339999999999999900, 0.1029999999999999800, -0.2605000000000000100 ) ) ;
#2526 = ORIENTED_EDGE ( 'NONE', *, *, #6477, .F. ) ;
#2527 = CARTESIAN_POINT ( 'NONE',  ( 0.1190890088615025900, 0.04139177946589053800, 0.1643028766692098400 ) ) ;
#2528 = CARTESIAN_POINT ( 'NONE',  ( 0.1879879475826000100, 0.1568977382312999600, -0.1116798482787000100 ) ) ;
#2529 = CARTESIAN_POINT ( 'NONE',  ( 0.1024198969270000000, 0.06885158287133999500, 0.1792177350016999900 ) ) ;
#2530 = CARTESIAN_POINT ( 'NONE',  ( 0.1861067951103000100, 0.1045677751978000000, -0.1617246856857999800 ) ) ;
#2531 = AXIS2_PLACEMENT_3D ( 'NONE', #1671, #1693, #1706 ) ;
#2532 = ORIENTED_EDGE ( 'NONE', *, *, #739, .T. ) ;
#2533 = ORIENTED_EDGE ( 'NONE', *, *, #4561, .T. ) ;
#2534 = DIRECTION ( 'NONE',  ( -0.3907275551599502200, -0.9205063702325330100, 2.345525836209496800E-007 ) ) ;
#2535 = CARTESIAN_POINT ( 'NONE',  ( -0.7909999999999906000, 0.2437953433570999600, 0.02199999999997281900 ) ) ;
#2536 = CARTESIAN_POINT ( 'NONE',  ( 0.1842256426380000100, 0.03745615659878000200, -0.1889082705809999900 ) ) ;
#2537 = VERTEX_POINT ( 'NONE', #3101 ) ;
#2538 = ORIENTED_EDGE ( 'NONE', *, *, #7110, .F. ) ;
#2539 = CARTESIAN_POINT ( 'NONE',  ( 0.1820068373190613400, -0.03043864936518551900, -0.1860050540405508400 ) ) ;
#2540 = CARTESIAN_POINT ( 'NONE',  ( 0.09540313471260999900, 0.1878960754925000100, -0.03942860269429000100 ) ) ;
#2541 = AXIS2_PLACEMENT_3D ( 'NONE', #2908, #2963, #2705 ) ;
#2542 = CARTESIAN_POINT ( 'NONE',  ( 0.1785717588505000000, 0.1382555374374999900, 0.1007329930450000000 ) ) ;
#2543 = CARTESIAN_POINT ( 'NONE',  ( 0.1178326186882800400, 0.08097266082428791800, 0.1488316813537552700 ) ) ;
#2544 = CARTESIAN_POINT ( 'NONE',  ( 0.1823444901658000100, -0.03495028302355000100, -0.1893879110788999900 ) ) ;
#2545 = VERTEX_POINT ( 'NONE', #2895 ) ;
#2546 = CARTESIAN_POINT ( 'NONE',  ( 0.2765627883634135800, 9.159556301282127100E-008, 0.1680972335166995300 ) ) ;
#2547 = DIRECTION ( 'NONE',  ( 0.0000000000000000000, 0.0000000000000000000, 1.000000000000000000 ) ) ;
#2548 = CARTESIAN_POINT ( 'NONE',  ( -0.6646138842422674200, -0.02199999999999756300, -0.1479548172215321100 ) ) ;
#2549 = EDGE_CURVE ( 'NONE', #2456, #3714, #6288, .T. ) ;
#2550 = LINE ( 'NONE', #1891, #2576 ) ;
#2551 = CARTESIAN_POINT ( 'NONE',  ( -0.5106835617732882200, 0.05788095322776015000, -0.1010450064189981200 ) ) ;
#2552 = CARTESIAN_POINT ( 'NONE',  ( 0.1768175682968000100, 0.1645416584209999600, 0.04677366145654000100 ) ) ;
#2553 = CARTESIAN_POINT ( 'NONE',  ( 0.1815267614752415800, -0.04825748797218482700, -0.1819566201519068100 ) ) ;
#2554 = EDGE_LOOP ( 'NONE', ( #1033, #1393, #969, #2676 ) ) ;
#2555 = CARTESIAN_POINT ( 'NONE',  ( 0.1804633376935000100, -0.1024162109829000100, -0.1630957622158999700 ) ) ;
#2556 = CARTESIAN_POINT ( 'NONE',  ( 0.2770112869914855300, -0.01530686545733938400, 0.1680968848989207700 ) ) ;
#2557 = VECTOR ( 'NONE', #1350, 39.37007874015748100 ) ;
#2558 = CARTESIAN_POINT ( 'NONE',  ( 0.1806294629841818100, -0.07997687432835652600, -0.1704100454349782000 ) ) ;
#2559 = ORIENTED_EDGE ( 'NONE', *, *, #6406, .T. ) ;
#2560 = CARTESIAN_POINT ( 'NONE',  ( -0.6035826476055208300, 0.09867518311600800800, 0.07915464760213580800 ) ) ;
#2561 = CIRCLE ( 'NONE', #2531, 0.1724999999999967400 ) ;
#2562 = CARTESIAN_POINT ( 'NONE',  ( 0.1171928755951197200, 0.09965502021446166800, 0.1371533986568169200 ) ) ;
#2563 = CARTESIAN_POINT ( 'NONE',  ( 0.1750633777431999900, 0.1705701672481000100, -0.01294426658112000000 ) ) ;
#2564 = ORIENTED_EDGE ( 'NONE', *, *, #2853, .F. ) ;
#2565 = CARTESIAN_POINT ( 'NONE',  ( 0.1733091871896000100, 0.1555988259439000100, -0.07106859064015000300 ) ) ;
#2566 = CARTESIAN_POINT ( 'NONE',  ( 0.1802122403369416100, -0.09389460711645757100, -0.1629404634475497000 ) ) ;
#2567 = CARTESIAN_POINT ( 'NONE',  ( 0.1785821852212000100, -0.1554046567085000100, -0.1137484301849000000 ) ) ;
#2568 = EDGE_CURVE ( 'NONE', #2570, #5892, #5757, .T. ) ;
#2569 = CARTESIAN_POINT ( 'NONE',  ( 0.2775120509381046000, -0.03236621100856136600, 0.1660088332640449700 ) ) ;
#2570 = VERTEX_POINT ( 'NONE', #3148 ) ;
#2571 = AXIS2_PLACEMENT_3D ( 'NONE', #6276, #6286, #6377 ) ;
#2572 = CARTESIAN_POINT ( 'NONE',  ( 0.1158902933957005200, 0.1315884113588049700, 0.1068767194552712200 ) ) ;
#2573 = DIRECTION ( 'NONE',  ( 2.731847993696793700E-014, 1.000000000000000000, 0.0000000000000000000 ) ) ;
#2574 = CARTESIAN_POINT ( 'NONE',  ( 0.1715549966359999900, 0.1214708066944000000, -0.1204432876399000000 ) ) ;
#2575 = CARTESIAN_POINT ( 'NONE',  ( 0.1798204162247263600, -0.1060190791978433000, -0.1546477336835778100 ) ) ;
#2576 = VECTOR ( 'NONE', #1913, 39.37007874015748100 ) ;
#2577 = CARTESIAN_POINT ( 'NONE',  ( 0.1767010327488999800, -0.1864251584517000200, -0.04832160754628000300 ) ) ;
#2578 = VERTEX_POINT ( 'NONE', #3375 ) ;
#2579 = CARTESIAN_POINT ( 'NONE',  ( 0.3853461368341024000, 4.481875076957742600E-017, -0.1875000000000035200 ) ) ;
#2580 = CARTESIAN_POINT ( 'NONE',  ( 0.1152274542894417600, 0.1448455832323218600, 0.08829450578006872700 ) ) ;
#2581 = CARTESIAN_POINT ( 'NONE',  ( -0.7339999999999991000, -0.1678464951687497800, 0.2951257157822557200 ) ) ;
#2582 = ORIENTED_EDGE ( 'NONE', *, *, #2099, .F. ) ;
#2583 = CARTESIAN_POINT ( 'NONE',  ( 0.1698008060824000000, 0.07238777811390000000, -0.1549895325144000100 ) ) ;
#2584 = CARTESIAN_POINT ( 'NONE',  ( 0.1798114892984390400, -0.1062949602373803900, -0.1544582758627707800 ) ) ;
#2585 = ORIENTED_EDGE ( 'NONE', *, *, #6591, .F. ) ;
#2586 = CARTESIAN_POINT ( 'NONE',  ( 0.1748198802767000100, -0.1910926220632999900, 0.02393599814679999900 ) ) ;
#2587 = LINE ( 'NONE', #1655, #2557 ) ;
#2588 = ORIENTED_EDGE ( 'NONE', *, *, #1475, .T. ) ;
#2589 = AXIS2_PLACEMENT_3D ( 'NONE', #2088, #2104, #2117 ) ;
#2590 = ORIENTED_EDGE ( 'NONE', *, *, #6318, .F. ) ;
#2591 = CARTESIAN_POINT ( 'NONE',  ( 0.2786136193326206300, -0.06797807446291986900, 0.1548796860727425200 ) ) ;
#2592 = DIMENSIONAL_EXPONENTS ( 1.000000000000000000, 0.0000000000000000000, 0.0000000000000000000, 0.0000000000000000000, 0.0000000000000000000, 0.0000000000000000000, 0.0000000000000000000 ) ;
#2593 = CARTESIAN_POINT ( 'NONE',  ( 0.1797965281857661100, -0.1067565034079665500, -0.1541395361137940200 ) ) ;
#2594 = CARTESIAN_POINT ( 'NONE',  ( 0.1041740874805999900, 0.002703598887306000100, 0.1919693315325000100 ) ) ;
#2595 = CARTESIAN_POINT ( 'NONE',  ( 0.1680466155287999900, 0.01439262183894999800, -0.1704541029877000000 ) ) ;
#2596 = CARTESIAN_POINT ( 'NONE',  ( 0.1142158736202300200, 0.1585329895757851800, 0.05702284093044747400 ) ) ;
#2597 = ORIENTED_EDGE ( 'NONE', *, *, #6640, .T. ) ;
#2598 = CARTESIAN_POINT ( 'NONE',  ( 0.1729387278044000100, -0.1687472099058000000, 0.09281005392017999100 ) ) ;
#2599 = ORIENTED_EDGE ( 'NONE', *, *, #4461, .T. ) ;
#2600 = VERTEX_POINT ( 'NONE', #3501 ) ;
#2601 = EDGE_CURVE ( 'NONE', #2684, #5568, #5714, .T. ) ;
#2602 = CARTESIAN_POINT ( 'NONE',  ( -0.7339999999999999900, 0.2605000000000000100, -0.1029999999999999900 ) ) ;
#2603 = CARTESIAN_POINT ( 'NONE',  ( -0.6685135088902800500, -0.02199999999999756300, -0.1641979228716846100 ) ) ;
#2604 = CARTESIAN_POINT ( 'NONE',  ( 0.1710575753321000300, -0.1225476297551000000, 0.1485644982369999900 ) ) ;
#2605 = VERTEX_POINT ( 'NONE', #3531 ) ;
#2606 = ORIENTED_EDGE ( 'NONE', *, *, #2922, .T. ) ;
#2607 = CARTESIAN_POINT ( 'NONE',  ( 0.2792144237805180300, -0.08654861305963579300, 0.1457872698652689400 ) ) ;
#2608 = CARTESIAN_POINT ( 'NONE',  ( 0.09364894415900998400, 0.1627087138781999900, -0.1019089175245000000 ) ) ;
#2609 = EDGE_CURVE ( 'NONE', #4185, #3344, #5802, .T. ) ;
#2610 = FACE_OUTER_BOUND ( 'NONE', #1834, .T. ) ;
#2611 = CARTESIAN_POINT ( 'NONE',  ( 0.1662924249752000000, -0.04537453642410999700, -0.1649330270098000000 ) ) ;
#2612 = CARTESIAN_POINT ( 'NONE',  ( 0.1797740803936358800, -0.1074479472086390200, -0.1536597260002126600 ) ) ;
#2614 = ORIENTED_EDGE ( 'NONE', *, *, #2091, .T. ) ;
#2613 = EDGE_CURVE ( 'NONE', #2545, #2738, #5553, .T. ) ;
#2615 = VERTEX_POINT ( 'NONE', #3660 ) ;
#2616 = DIRECTION ( 'NONE',  ( 0.3907311284903379800, 0.9205048534519885100, 0.0000000000000000000 ) ) ;
#2617 = CARTESIAN_POINT ( 'NONE',  ( 0.1645382344215999800, -0.09955538816452000300, -0.1391060020020999900 ) ) ;
#2618 = EDGE_LOOP ( 'NONE', ( #1244, #2538, #3913 ) ) ;
#2619 = VERTEX_POINT ( 'NONE', #3643 ) ;
#2620 = CARTESIAN_POINT ( 'NONE',  ( 0.1691764228599000100, -0.05902463324589999500, 0.1833178362566000000 ) ) ;
#2621 = CARTESIAN_POINT ( 'NONE',  ( 0.1138757930621888400, 0.1620772785204997500, 0.04604692688852063400 ) ) ;
#2622 = EDGE_CURVE ( 'NONE', #2578, #4546, #46, .T. ) ;
#2623 = EDGE_CURVE ( 'NONE', #4222, #4322, #5587, .T. ) ;
#2624 = AXIS2_PLACEMENT_3D ( 'NONE', #5029, #5021, #5010 ) ;
#2625 = LINE ( 'NONE', #782, #3862 ) ;
#2626 = ORIENTED_EDGE ( 'NONE', *, *, #5078, .T. ) ;
#2627 = CARTESIAN_POINT ( 'NONE',  ( 0.2805160731775915800, -0.1211544055611919500, 0.1186017735287550100 ) ) ;
#2628 = ORIENTED_EDGE ( 'NONE', *, *, #3771, .T. ) ;
#2629 = CARTESIAN_POINT ( 'NONE',  ( 0.1797216593501532500, -0.1090551616321316400, -0.1525282862847156300 ) ) ;
#2630 = CARTESIAN_POINT ( 'NONE',  ( 0.1672952703875999800, 0.01284216168729999900, 0.1921572793730000100 ) ) ;
#2631 = CARTESIAN_POINT ( 'NONE',  ( 0.1868615995394999900, -0.03730004378460000100, -0.1812131063864000100 ) ) ;
#2632 = CARTESIAN_POINT ( 'NONE',  ( -1.044524830354340200, -0.1605132393291029400, 0.2156675682618260900 ) ) ;
#2633 = EDGE_CURVE ( 'NONE', #3533, #1554, #5563, .T. ) ;
#2634 = ORIENTED_EDGE ( 'NONE', *, *, #6744, .F. ) ;
#2635 = CARTESIAN_POINT ( 'NONE',  ( 0.1627840438679999900, -0.1414793696860000000, -0.09615272328663999900 ) ) ;
#2636 = CARTESIAN_POINT ( 'NONE',  ( 0.1610298533144000100, -0.1659849216377000100, -0.04136142106479000200 ) ) ;
#2637 = CARTESIAN_POINT ( 'NONE',  ( 0.1133613417226710200, 0.1656693556379873500, 0.02907247472634550900 ) ) ;
#2638 = CARTESIAN_POINT ( 'NONE',  ( -0.7819400000000001900, 0.3025000000000766000, -0.1999999999999233500 ) ) ;
#2639 = FACE_OUTER_BOUND ( 'NONE', #2910, .T. ) ;
#2640 = ORIENTED_EDGE ( 'NONE', *, *, #4699, .F. ) ;
#2641 = CARTESIAN_POINT ( 'NONE',  ( 0.2140606878154331600, -3.225167462209514100E-008, 0.1680964471711262100 ) ) ;
#2642 = CARTESIAN_POINT ( 'NONE',  ( -0.7339999999999982100, -0.1306808075914039100, 0.2454999999997354300 ) ) ;
#2643 = CARTESIAN_POINT ( 'NONE',  ( 0.1796166458158057200, -0.1122445084704384700, -0.1502180426049447800 ) ) ;
#2644 = CARTESIAN_POINT ( 'NONE',  ( 0.1592756627607999900, -0.1700549692369000300, 0.01852220038846999800 ) ) ;
#2645 = CARTESIAN_POINT ( 'NONE',  ( 0.1654141179153000000, 0.08289362629877000700, 0.1738332320156000000 ) ) ;
#2646 = CARTESIAN_POINT ( 'NONE',  ( -0.8709999999999825700, 0.2437953433570999900, 0.02199999999997281900 ) ) ;
#2647 = CARTESIAN_POINT ( 'NONE',  ( 0.1131891361924224300, 0.1665781400859207000, 0.02332941989256965800 ) ) ;
#2648 = FACE_OUTER_BOUND ( 'NONE', #6653, .T. ) ;
#2649 = CARTESIAN_POINT ( 'NONE',  ( 0.1635329654430000000, 0.1412272194895999900, 0.1309359499813000100 ) ) ;
#2650 = EDGE_LOOP ( 'NONE', ( #1697, #1893, #1850, #2209, #2230, #2340, #2299, #2662, #1613, #2657, #2372, #2614, #2588, #2410, #2532, #2516, #2477, #2446 ) ) ;
#2651 = CARTESIAN_POINT ( 'NONE',  ( 0.2812169181267670800, -0.1371763204104739500, 0.1004393342544235400 ) ) ;
#2652 = VECTOR ( 'NONE', #497, 39.37007874015748100 ) ;
#2653 = CARTESIAN_POINT ( 'NONE',  ( 0.1795263403051384200, -0.1149336378200341800, -0.1481572156956873800 ) ) ;
#2654 = DIRECTION ( 'NONE',  ( 1.000000000000000000, -3.327275781182000300E-014, -3.327275781181926500E-014 ) ) ;
#2655 = CARTESIAN_POINT ( 'NONE',  ( 0.1575214722071999800, -0.1531883837430000100, 0.07612546647048999700 ) ) ;
#2656 = EDGE_CURVE ( 'NONE', #4535, #4562, #4115, .T. ) ;
#2657 = ORIENTED_EDGE ( 'NONE', *, *, #4804, .T. ) ;
#2658 = DIRECTION ( 'NONE',  ( 1.000000000000000000, -9.341392738283457200E-015, 2.805651445712314900E-014 ) ) ;
#2659 = FACE_OUTER_BOUND ( 'NONE', #2067, .T. ) ;
#2660 = CARTESIAN_POINT ( 'NONE',  ( 0.09189475360540000400, 0.1174884152515000000, -0.1518421164743999900 ) ) ;
#2661 = CARTESIAN_POINT ( 'NONE',  ( 0.1129297452714356200, 0.1674883760629108400, 0.01463119336271235000 ) ) ;
#2662 = ORIENTED_EDGE ( 'NONE', *, *, #433, .T. ) ;
#2663 = CARTESIAN_POINT ( 'NONE',  ( 0.1616518129708000000, 0.1795968220555999600, 0.06952939453683000500 ) ) ;
#2664 = CARTESIAN_POINT ( 'NONE',  ( 0.2823432159264949200, -0.1548023591291673400, 0.06674183656848427200 ) ) ;
#2665 = LINE ( 'NONE', #525, #2652 ) ;
#2666 = EDGE_CURVE ( 'NONE', #3314, #3459, #5787, .T. ) ;
#2667 = DIRECTION ( 'NONE',  ( 2.864034186896294000E-014, 0.0000000000000000000, -1.000000000000000000 ) ) ;
#2668 = DIMENSIONAL_EXPONENTS ( 1.000000000000000000, 0.0000000000000000000, 0.0000000000000000000, 0.0000000000000000000, 0.0000000000000000000, 0.0000000000000000000, 0.0000000000000000000 ) ;
#2669 = DIRECTION ( 'NONE',  ( -0.2334453638511979100, 1.497369606983217800E-017, -0.9723699203988068800 ) ) ;
#2670 = CARTESIAN_POINT ( 'NONE',  ( 0.2234590451258000000, 0.1762433931384000100, 0.07614150125438999600 ) ) ;
#2671 = ORIENTED_EDGE ( 'NONE', *, *, #6591, .T. ) ;
#2672 = DIRECTION ( 'NONE',  ( 1.000000000000000000, 0.0000000000000000000, 0.0000000000000000000 ) ) ;
#2673 = DIRECTION ( 'NONE',  ( 2.460002620993068900E-016, 1.000000000000000000, 0.0000000000000000000 ) ) ;
#2674 = CARTESIAN_POINT ( 'NONE',  ( 0.1793453374040729600, -0.1202480834704096300, -0.1439296813314182900 ) ) ;
#2675 = CARTESIAN_POINT ( 'NONE',  ( 0.1597706604985000000, 0.1925784244159000100, -0.001705962290235000000 ) ) ;
#2676 = ORIENTED_EDGE ( 'NONE', *, *, #1856, .T. ) ;
#2677 = CARTESIAN_POINT ( 'NONE',  ( 0.1792241462970549900, -0.1237059963190546100, -0.1409701247133697300 ) ) ;
#2678 = EDGE_CURVE ( 'NONE', #4011, #3694, #5743, .T. ) ;
#2679 = CARTESIAN_POINT ( 'NONE',  ( -0.8940000000000001300, -0.1469999999999999900, -0.2605000000000000100 ) ) ;
#2680 = CARTESIAN_POINT ( 'NONE',  ( 0.1557672816535999900, -0.1174616903135000000, 0.1243564310403999900 ) ) ;
#2681 = ORIENTED_EDGE ( 'NONE', *, *, #4684, .F. ) ;
#2682 = EDGE_LOOP ( 'NONE', ( #2097, #5960, #2051, #1985 ) ) ;
#2683 = CARTESIAN_POINT ( 'NONE',  ( 0.2392467601082000100, -0.1736611323023999900, -0.08185985000630000000 ) ) ;
#2684 = VERTEX_POINT ( 'NONE', #6289 ) ;
#2685 = PLANE ( 'NONE',  #4006 ) ;
#2686 = CARTESIAN_POINT ( 'NONE',  ( 0.1788590054570776700, -0.1337885851915964800, -0.1316816774512517800 ) ) ;
#2687 = CARTESIAN_POINT ( 'NONE',  ( 0.1578895080262000000, 0.1783368832901999800, -0.07270021019248000500 ) ) ;
#2688 = EDGE_CURVE ( 'NONE', #2151, #3174, #5638, .T. ) ;
#2689 = CARTESIAN_POINT ( 'NONE',  ( 0.2827311535890657500, -0.1596066548006437900, 0.05446223836905964000 ) ) ;
#2690 = ORIENTED_EDGE ( 'NONE', *, *, #3669, .F. ) ;
#2691 = CARTESIAN_POINT ( 'NONE',  ( -0.5873002854795420500, 0.09832192471129065600, 0.07959302181135763400 ) ) ;
#2692 = ORIENTED_EDGE ( 'NONE', *, *, #3317, .T. ) ;
#2693 = CARTESIAN_POINT ( 'NONE',  ( 0.1127997791545387300, 0.1678308405187503600, 0.01026128999610541200 ) ) ;
#2694 = CARTESIAN_POINT ( 'NONE',  ( 0.1540130911000000000, -0.06727342295424000600, 0.1572770175606000000 ) ) ;
#2695 = CARTESIAN_POINT ( 'NONE',  ( -0.8915000000000000700, 0.1004999999999999900, -0.2444999999999999700 ) ) ;
#2696 = CARTESIAN_POINT ( 'NONE',  ( 0.1522589005464000100, -0.008802598800966999300, 0.1708341036856000100 ) ) ;
#2697 = CARTESIAN_POINT ( 'NONE',  ( 0.1786134882051951800, -0.1401226604152705200, -0.1249425715813205600 ) ) ;
#2698 = CARTESIAN_POINT ( 'NONE',  ( 0.1560083555540000000, 0.1388853550024999900, -0.1334174924807000100 ) ) ;
#2699 = LINE ( 'NONE', #2695, #2130 ) ;
#2700 = EDGE_CURVE ( 'NONE', #5019, #2600, #5647, .T. ) ;
#2701 = EDGE_LOOP ( 'NONE', ( #2902, #4128, #4412, #2716, #3636 ) ) ;
#2702 = VERTEX_POINT ( 'NONE', #6150 ) ;
#2703 = CARTESIAN_POINT ( 'NONE',  ( 0.2835320390395416100, -0.1662639707589234400, 0.02826920062078392900 ) ) ;
#2704 = CARTESIAN_POINT ( 'NONE',  ( -0.6034391153678000400, 0.02239469968722999900, 0.08196180845238000600 ) ) ;
#2705 = DIRECTION ( 'NONE',  ( -4.433061889595465500E-016, -1.000000000000000000, 0.0000000000000000000 ) ) ;
#2706 = CARTESIAN_POINT ( 'NONE',  ( 0.1505047099928000000, 0.05075201893756999000, 0.1633585391789000000 ) ) ;
#2707 = CARTESIAN_POINT ( 'NONE',  ( 0.1541272030817000000, 0.07980072827424998500, -0.1752746915986000100 ) ) ;
#2708 = B_SPLINE_CURVE_WITH_KNOTS ( 'NONE', 3,
 ( #5045, #5055, #4665, #4653 ),
 .UNSPECIFIED., .F., .F.,
 ( 4, 4 ),
 ( 1.028539496981687800E-006, 1.000000000000000000 ),
 .UNSPECIFIED. ) ;
#2709 = ORIENTED_EDGE ( 'NONE', *, *, #7051, .F. ) ;
#2710 = ORIENTED_EDGE ( 'NONE', *, *, #1091, .T. ) ;
#2711 = CARTESIAN_POINT ( 'NONE',  ( 0.2166611331793642000, -0.08466045404524430400, 0.1468836299873775800 ) ) ;
#2712 = DIRECTION ( 'NONE',  ( -0.2334453638544764800, -1.347847614768804700E-014, -0.9723699203980197300 ) ) ;
#2713 = CARTESIAN_POINT ( 'NONE',  ( 0.1487505194392000100, 0.1040582107924999900, 0.1357706577963999900 ) ) ;
#2714 = CARTESIAN_POINT ( 'NONE',  ( 0.1126476783694528700, 0.1680311440541195400, 0.005136964849738284900 ) ) ;
#2715 = VECTOR ( 'NONE', #466, 39.37007874015748100 ) ;
#2716 = ORIENTED_EDGE ( 'NONE', *, *, #4258, .T. ) ;
#2717 = ORIENTED_EDGE ( 'NONE', *, *, #2454, .F. ) ;
#2718 = CARTESIAN_POINT ( 'NONE',  ( 0.2839449868274490600, -0.1680957384422336900, 0.01434994247369342700 ) ) ;
#2719 = CARTESIAN_POINT ( 'NONE',  ( -0.8939999999999997900, -0.02199999999999999900, -0.2605000000000000100 ) ) ;
#2720 = CARTESIAN_POINT ( 'NONE',  ( 0.1778706663738542900, -0.1576545744567304200, -0.1032108419548344900 ) ) ;
#2721 = CARTESIAN_POINT ( 'NONE',  ( 0.09014056305180000200, 0.05780272683221000100, -0.1830803221929999900 ) ) ;
#2722 = FACE_BOUND ( 'NONE', #1444, .T. ) ;
#2723 = CARTESIAN_POINT ( 'NONE',  ( 0.1522460506094000000, 0.009435279919743999300, -0.1923547603728000000 ) ) ;
#2724 = CARTESIAN_POINT ( 'NONE',  ( 0.1125715095647334400, 0.1680812241441452800, 0.002569589410808787800 ) ) ;
#2725 = ORIENTED_EDGE ( 'NONE', *, *, #5197, .F. ) ;
#2726 = EDGE_CURVE ( 'NONE', #4263, #1776, #2818, .T. ) ;
#2727 = CARTESIAN_POINT ( 'NONE',  ( 0.2843770873788067400, -0.1680963450885995200, -0.0002252732271938185100 ) ) ;
#2728 = DIRECTION ( 'NONE',  ( -0.0000000000000000000, -1.000000000000000000, -0.0000000000000000000 ) ) ;
#2729 = CONICAL_SURFACE ( 'NONE', #1557, 0.2492264973081017000, 1.134464013795892100 ) ;
#2730 = CARTESIAN_POINT ( 'NONE',  ( 0.1773670917187019100, -0.1673760115726300700, -0.08668418267501279400 ) ) ;
#2731 = ORIENTED_EDGE ( 'NONE', *, *, #7061, .F. ) ;
#2732 = CARTESIAN_POINT ( 'NONE',  ( 0.1503648981372000000, -0.06226400797876000000, -0.1822431788441999900 ) ) ;
#2733 = DIRECTION ( 'NONE',  ( -0.9723696848284010300, -0.0006960795149004313800, 0.2334453072992147500 ) ) ;
#2734 = CARTESIAN_POINT ( 'NONE',  ( -0.7339999999999999900, -0.1469999999999999900, -0.2524999999999999500 ) ) ;
#2735 = CARTESIAN_POINT ( 'NONE',  ( 0.2843805541417161500, -0.1680960916318534300, -0.0003422113017171634400 ) ) ;
#2736 = EDGE_CURVE ( 'NONE', #3336, #123, #4853, .T. ) ;
#2737 = CARTESIAN_POINT ( 'NONE',  ( 0.1469963288855999900, 0.1445530265355000100, 0.09146697904417999700 ) ) ;
#2738 = VERTEX_POINT ( 'NONE', #5921 ) ;
#2739 = CARTESIAN_POINT ( 'NONE',  ( 0.1452421383320000000, 0.1672508049130999900, 0.03590204669746999800 ) ) ;
#2740 = CARTESIAN_POINT ( 'NONE',  ( 0.1484837456649000000, -0.1251615682152000000, -0.1463692909322000000 ) ) ;
#2741 = VECTOR ( 'NONE', #310, 39.37007874015748100 ) ;
#2742 = CARTESIAN_POINT ( 'NONE',  ( 0.2843906687886735800, -0.1680950724528962300, -0.0006833893712459170000 ) ) ;
#2743 = VERTEX_POINT ( 'NONE', #5909 ) ;
#2744 = CARTESIAN_POINT ( 'NONE',  ( 0.1763432222065546600, -0.1815335161691032100, -0.05079221072691837000 ) ) ;
#2745 = CARTESIAN_POINT ( 'NONE',  ( 0.1434879477783999900, 0.1693570052525000000, -0.02408311480220000000 ) ) ;
#2746 = EDGE_CURVE ( 'NONE', #3488, #4971, #5488, .T. ) ;
#2747 = AXIS2_PLACEMENT_3D ( 'NONE', #3454, #3447, #3427 ) ;
#2748 = DIRECTION ( 'NONE',  ( -0.0000000000000000000, -0.0000000000000000000, -1.000000000000000000 ) ) ;
#2749 = CARTESIAN_POINT ( 'NONE',  ( 0.1758229273495608700, -0.1859247116537116900, -0.03141167724172458400 ) ) ;
#2750 = EDGE_CURVE ( 'NONE', #3344, #4534, #5458, .T. ) ;
#2751 = CARTESIAN_POINT ( 'NONE',  ( -0.3742990378038000300, 0.07421892491676000700, -0.1046228396254000000 ) ) ;
#2752 = EDGE_LOOP ( 'NONE', ( #2074, #2049, #2002 ) ) ;
#2753 = CARTESIAN_POINT ( 'NONE',  ( 0.2844058409423669300, -0.1680927685873284400, -0.001195161588594389700 ) ) ;
#2754 = CARTESIAN_POINT ( 'NONE',  ( 0.2844412439171216700, -0.1680819663411297100, -0.002389315873167101900 ) ) ;
#2755 = CARTESIAN_POINT ( 'NONE',  ( 0.1747656174337299500, -0.1883804716652263400, 0.008449148261292662900 ) ) ;
#2756 = CARTESIAN_POINT ( 'NONE',  ( -0.4486202662858042600, 0.06486710011192706200, -0.06940012042001249300 ) ) ;
#2757 = CARTESIAN_POINT ( 'NONE',  ( 0.08838637249818999400, -0.008999777599739999500, -0.1917773826310999700 ) ) ;
#2758 = CARTESIAN_POINT ( 'NONE',  ( 0.1466025931925999900, -0.1703660351130000000, -0.08980426553483998600 ) ) ;
#2759 = EDGE_CURVE ( 'NONE', #4445, #3174, #5503, .T. ) ;
#2760 = ORIENTED_EDGE ( 'NONE', *, *, #3475, .T. ) ;
#2761 = AXIS2_PLACEMENT_3D ( 'NONE', #5393, #5368, #5527 ) ;
#2762 = B_SPLINE_CURVE_WITH_KNOTS ( 'NONE', 3,
 ( #1182, #1211, #1192, #1160, #1152, #1136, #1126, #1114, #1112, #1104, #1103, #1092, #1083, #1068 ),
 .UNSPECIFIED., .F., .F.,
 ( 4, 2, 2, 2, 2, 2, 4 ),
 ( 3.410173083884788600E-011, 0.0002588070478769846100, 0.0005176140616522384400, 0.001035228089202752000, 0.001294035102978013300, 0.001552842116753274800, 0.002070456144303808100 ),
 .UNSPECIFIED. ) ;
#2763 = CARTESIAN_POINT ( 'NONE',  ( 0.1417337572248000000, 0.1506122758379999900, -0.08110324863463999600 ) ) ;
#2764 = CARTESIAN_POINT ( 'NONE',  ( 0.1125388404172444200, 0.1680919293071051200, 0.001468310006486007900 ) ) ;
#2765 = LINE ( 'NONE', #425, #2715 ) ;
#2766 = VERTEX_POINT ( 'NONE', #5408 ) ;
#2767 = CARTESIAN_POINT ( 'NONE',  ( -0.6597219456833888200, 0.006384859417409879800, -0.01300562500559072900 ) ) ;
#2768 = CARTESIAN_POINT ( 'NONE',  ( 0.2845120549978423200, -0.1680386485682130700, -0.004777567400636758100 ) ) ;
#2770 = EDGE_CURVE ( 'NONE', #2743, #5264, #5479, .T. ) ;
#2769 = CARTESIAN_POINT ( 'NONE',  ( 0.1742286023748925200, -0.1863974013297977600, 0.02892453863279066000 ) ) ;
#2771 = CARTESIAN_POINT ( 'NONE',  ( 0.1399795666712000100, 0.1133243961092000000, -0.1281381236157999900 ) ) ;
#2772 = ORIENTED_EDGE ( 'NONE', *, *, #4911, .T. ) ;
#2773 = CARTESIAN_POINT ( 'NONE',  ( 0.1382253761176000000, 0.06208415784608999800, -0.1593968560103999900 ) ) ;
#2774 = CARTESIAN_POINT ( 'NONE',  ( 0.1736747057282609100, -0.1809360158304935400, 0.04916727051855669000 ) ) ;
#2775 = ORIENTED_EDGE ( 'NONE', *, *, #2609, .F. ) ;
#2776 = CARTESIAN_POINT ( 'NONE',  ( 0.1447214407202999900, -0.1914871556770000000, -0.02054423913786000000 ) ) ;
#2777 = VERTEX_POINT ( 'NONE', #5569 ) ;
#2778 = CARTESIAN_POINT ( 'NONE',  ( 0.1125170553469100200, 0.1680966723535897400, 0.0007339227154714853600 ) ) ;
#2779 = CARTESIAN_POINT ( 'NONE',  ( 0.1736630522151506000, -0.1808199922334936300, 0.04959285262526658800 ) ) ;
#2780 = EDGE_CURVE ( 'NONE', #4921, #2738, #5529, .T. ) ;
#2781 = LINE ( 'NONE', #192, #2927 ) ;
#2782 = EDGE_LOOP ( 'NONE', ( #4585, #4573, #4495, #4486 ) ) ;
#2783 = AXIS2_PLACEMENT_3D ( 'NONE', #3191, #3177, #3164 ) ;
#2784 = CARTESIAN_POINT ( 'NONE',  ( -0.7810000000000002500, -0.2439999999999233600, -0.3025000000000766000 ) ) ;
#2785 = CARTESIAN_POINT ( 'NONE',  ( 0.2217048545720999900, 0.1916962255974999900, 0.01057464786414999900 ) ) ;
#2786 = ORIENTED_EDGE ( 'NONE', *, *, #6318, .T. ) ;
#2787 = ORIENTED_EDGE ( 'NONE', *, *, #1252, .F. ) ;
#2788 = CARTESIAN_POINT ( 'NONE',  ( 0.1428402882480999900, -0.1855391438344000100, 0.05162002671880999700 ) ) ;
#2789 = CARTESIAN_POINT ( 'NONE',  ( 0.1364711855639000000, 0.003200163434425000100, -0.1710308807740000000 ) ) ;
#2790 = CARTESIAN_POINT ( 'NONE',  ( 0.1347169950102999900, -0.05607787385527000100, -0.1616077910537999900 ) ) ;
#2791 = CARTESIAN_POINT ( 'NONE',  ( 0.1125079822257552000, 0.1680978509863415000, 0.0004280575993222494600 ) ) ;
#2792 = ORIENTED_EDGE ( 'NONE', *, *, #4449, .F. ) ;
#2793 = ORIENTED_EDGE ( 'NONE', *, *, #5113, .F. ) ;
#2794 = CARTESIAN_POINT ( 'NONE',  ( 0.1409591357757999900, -0.1533627747006000000, 0.1164871875812999900 ) ) ;
#2795 = EDGE_CURVE ( 'NONE', #3812, #2232, #4, .T. ) ;
#2796 = CARTESIAN_POINT ( 'NONE',  ( 0.2846536976841300700, -0.1678651035505309400, -0.009552773803853529400 ) ) ;
#2797 = CARTESIAN_POINT ( 'NONE',  ( 0.3747930772633000200, 0.3081220228479097900, 1.678977117346358100E-015 ) ) ;
#2798 = CYLINDRICAL_SURFACE ( 'NONE', #2136, 0.06200000000006851400 ) ;
#2799 = CARTESIAN_POINT ( 'NONE',  ( 0.1736429018170174700, -0.1806168419744979500, 0.05032802822156111400 ) ) ;
#2800 = PLANE ( 'NONE',  #3218 ) ;
#2801 = VERTEX_POINT ( 'NONE', #6905 ) ;
#2802 = ORIENTED_EDGE ( 'NONE', *, *, #2328, .F. ) ;
#2803 = CARTESIAN_POINT ( 'NONE',  ( 0.08663218194459000600, -0.07469427168714000400, -0.1768624819531999800 ) ) ;
#2804 = CARTESIAN_POINT ( 'NONE',  ( 0.1116811557582573800, 0.1680960478619947000, -0.02744496947267759500 ) ) ;
#2805 = DIRECTION ( 'NONE',  ( -1.000000000000000000, 3.327275781181958700E-014, -3.327275781181995900E-014 ) ) ;
#2806 = EDGE_CURVE ( 'NONE', #1929, #2022, #4810, .T. ) ;
#2807 = CARTESIAN_POINT ( 'NONE',  ( 0.2847751408863990500, -0.1675671697371429500, -0.01363991952423319500 ) ) ;
#2808 = B_SPLINE_CURVE_WITH_KNOTS ( 'NONE', 3,
 ( #4649, #5050, #4602, #4600, #4591, #4579, #4566, #4557, #4555, #4521, #4511, #4492, #4479, #4469, #4463, #4455, #4447, #4433, #4407, #4398, #4386, #4378, #4360, #4347, #4346, #4334 ),
 .UNSPECIFIED., .F., .F.,
 ( 4, 2, 2, 2, 2, 2, 2, 2, 2, 2, 2, 2, 4 ),
 ( 0.0000000000000000000, 0.1250000000000000000, 0.2499999999999999700, 0.3749999999999999400, 0.4374999999999999400, 0.4687499999999999400, 0.4843749999999999400, 0.4921874999999999400, 0.4999999999999999400, 0.6250000000000000000, 0.7500000000000000000, 0.8750000000000000000, 1.000000000000000000 ),
 .UNSPECIFIED. ) ;
#2811 = EDGE_CURVE ( 'NONE', #1066, #2615, #48, .T. ) ;
#2810 = ORIENTED_EDGE ( 'NONE', *, *, #4501, .F. ) ;
#2809 = CARTESIAN_POINT ( 'NONE',  ( 0.1736127008216659700, -0.1803090183224542700, 0.05142895303217062700 ) ) ;
#2812 = CARTESIAN_POINT ( 'NONE',  ( 0.2850180742048710200, -0.1667718778762067900, -0.02179655951087627200 ) ) ;
#2813 = ORIENTED_EDGE ( 'NONE', *, *, #6844, .T. ) ;
#2814 = CARTESIAN_POINT ( 'NONE',  ( 0.1735424040454516500, -0.1795692237806609000, 0.05398479417864082700 ) ) ;
#2815 = CARTESIAN_POINT ( 'NONE',  ( 0.1390779833034999900, -0.09950654707059999900, 0.1648874072938000000 ) ) ;
#2816 = PLANE ( 'NONE',  #1497 ) ;
#2817 = DIRECTION ( 'NONE',  ( 2.731847993696793700E-014, 0.0000000000000000000, -1.000000000000000000 ) ) ;
#2818 = LINE ( 'NONE', #6112, #5537 ) ;
#2819 = CARTESIAN_POINT ( 'NONE',  ( 0.1329628044567000000, -0.1084517026755000000, -0.1322877056685999900 ) ) ;
#2820 = CARTESIAN_POINT ( 'NONE',  ( 0.04900000000000000200, -6.428111140775616900E-014, 0.1874999999999695200 ) ) ;
#2821 = CARTESIAN_POINT ( 'NONE',  ( 0.1109078726147692500, 0.1613083279091698800, -0.05336000505739053900 ) ) ;
#2822 = EDGE_CURVE ( 'NONE', #7043, #2600, #5438, .T. ) ;
#2823 = AXIS2_PLACEMENT_3D ( 'NONE', #6237, #6128, #6152 ) ;
#2824 = CARTESIAN_POINT ( 'NONE',  ( 0.1371968308312999900, -0.03158370963038999900, 0.1899786401598999900 ) ) ;
#2825 = CIRCLE ( 'NONE', #1511, 0.03899999999998383900 ) ;
#2826 = ORIENTED_EDGE ( 'NONE', *, *, #2066, .T. ) ;
#2827 = CARTESIAN_POINT ( 'NONE',  ( 0.2851800923024311900, -0.1659748299093728700, -0.02721064639818828900 ) ) ;
#2828 = CARTESIAN_POINT ( 'NONE',  ( 0.1734024993447776700, -0.1780046585264183900, 0.05904365419255817200 ) ) ;
#2829 = CARTESIAN_POINT ( 'NONE',  ( 0.1312086139031000100, -0.1474730876201000000, -0.08668044824694998200 ) ) ;
#2830 = CARTESIAN_POINT ( 'NONE',  ( 0.1294544233495000000, -0.1683377152436000000, -0.03040111971928000100 ) ) ;
#2831 = CARTESIAN_POINT ( 'NONE',  ( 0.1094429521614281200, 0.1391293457133275200, -0.09755639558268680600 ) ) ;
#2832 = EDGE_CURVE ( 'NONE', #6418, #5154, #36, .T. ) ;
#2833 = ORIENTED_EDGE ( 'NONE', *, *, #2001, .T. ) ;
#2834 = DIRECTION ( 'NONE',  ( -0.08715574274815635100, 0.9961946980917019100, 1.514773294352335800E-016 ) ) ;
#2835 = CARTESIAN_POINT ( 'NONE',  ( 0.2186143148967204800, -0.1344293091502453100, 0.1033082987984357100 ) ) ;
#2836 = CARTESIAN_POINT ( 'NONE',  ( 0.1732837619186372900, -0.1765219561994889300, 0.06328628336456322600 ) ) ;
#2837 = CARTESIAN_POINT ( 'NONE',  ( 0.1353156783589999900, 0.04080395987619000300, 0.1882138563002999900 ) ) ;
#2838 = CARTESIAN_POINT ( 'NONE',  ( 0.1277002327959000100, -0.1684767061220000000, 0.02962122039194000100 ) ) ;
#2839 = VERTEX_POINT ( 'NONE', #1960 ) ;
#2840 = CARTESIAN_POINT ( 'NONE',  ( -0.8939999999999999100, 0.01700000000000000100, -0.2524999999999999500 ) ) ;
#2841 = EDGE_CURVE ( 'NONE', #4237, #3328, #61, .T. ) ;
#2842 = CONICAL_SURFACE ( 'NONE', #2354, 0.1874385851268749200, 0.08726646259987722000 ) ;
#2843 = DIRECTION ( 'NONE',  ( 1.000000000000000000, 0.0000000000000000000, 0.0000000000000000000 ) ) ;
#2844 = CARTESIAN_POINT ( 'NONE',  ( 0.1259460422422999900, -0.1478729047899000100, 0.08599665085249000300 ) ) ;
#2845 = CARTESIAN_POINT ( 'NONE',  ( 0.1087513148515749100, 0.1237833017727463900, -0.1158512504149760000 ) ) ;
#2846 = ORIENTED_EDGE ( 'NONE', *, *, #4276, .F. ) ;
#2847 = CARTESIAN_POINT ( 'NONE',  ( 0.1334345258866999900, 0.1074234872481000000, 0.1598424775289999900 ) ) ;
#2848 = CARTESIAN_POINT ( 'NONE',  ( 0.2856663342508462000, -0.1627897294566462400, -0.04330479917142705100 ) ) ;
#2849 = LINE ( 'NONE', #4417, #2877 ) ;
#2850 = CARTESIAN_POINT ( 'NONE',  ( 0.1730478615846539100, -0.1733781629588532800, 0.07163957620243217900 ) ) ;
#2851 = CARTESIAN_POINT ( 'NONE',  ( -0.7330600000000000400, 0.1936900000000000000, -0.2618099999999999900 ) ) ;
#2852 = B_SPLINE_CURVE_WITH_KNOTS ( 'NONE', 3,
 ( #4964, #4976, #4989, #4942, #4932, #4912, #4903, #4897, #4885, #4871, #4860, #4859, #4844, #4838, #4837, #4825, #4819, #4795, #4787, #4778, #4767, #4751, #4726, #4714, #4708, #4700, #4697, #4687 ),
 .UNSPECIFIED., .F., .F.,
 ( 4, 2, 2, 2, 2, 2, 2, 1, 1, 2, 2, 2, 2, 2, 4 ),
 ( 0.0000000000000000000, 0.1250000000000002500, 0.2500000000000004400, 0.3750000000000006100, 0.4375000000000006700, 0.4687500000000006700, 0.4843750000000006700, 0.4921875000000007200, 0.4960937500000007200, 0.4980468750000007200, 0.5000000000000006700, 0.6250000000000005600, 0.7500000000000003300, 0.8750000000000002200, 1.000000000000000000 ),
 .UNSPECIFIED. ) ;
#2853 = EDGE_CURVE ( 'NONE', #1105, #3064, #91, .T. ) ;
#2854 = ORIENTED_EDGE ( 'NONE', *, *, #7051, .T. ) ;
#2855 = CARTESIAN_POINT ( 'NONE',  ( 0.1241918516887000100, -0.1090630040119999900, 0.1317842319320000100 ) ) ;
#2856 = CARTESIAN_POINT ( 'NONE',  ( 0.1074496860655036100, 0.08980212831111930600, -0.1438151437119528900 ) ) ;
#2857 = CARTESIAN_POINT ( 'NONE',  ( -0.7339999999999999900, -0.3025000000000374600, -0.1910000000000000300 ) ) ;
#2858 = CARTESIAN_POINT ( 'NONE',  ( 0.2859907457574371600, -0.1596127376323772100, -0.05383768408277762900 ) ) ;
#2859 = CARTESIAN_POINT ( 'NONE',  ( 0.1728926940530614300, -0.1710433568102313600, 0.07703174438804699700 ) ) ;
#2860 = CARTESIAN_POINT ( 'NONE',  ( 0.2153590120344620300, -0.04399703100380273500, 0.1637188809671271900 ) ) ;
#2861 = EDGE_LOOP ( 'NONE', ( #2419, #2760, #2786, #2810, #4792, #3446, #3675 ) ) ;
#2862 = CARTESIAN_POINT ( 'NONE',  ( 0.3947169712252000000, 2.513706379045997200E-016, -0.3098651377029363300 ) ) ;
#2863 = B_SPLINE_CURVE_WITH_KNOTS ( 'NONE', 3,
 ( #6016, #5874, #5819, #5808, #5803, #5800, #5784, #5776, #5767, #5760, #5751, #5748, #5725, #5717, #5704, #5699, #5690, #5677, #5673, #5659, #5652, #5650, #5634 ),
 .UNSPECIFIED., .F., .F.,
 ( 4, 2, 2, 2, 2, 2, 1, 1, 1, 2, 2, 2, 4 ),
 ( 0.0000000000000000000, 0.1250000000000056100, 0.2500000000000112100, 0.3750000000000167600, 0.4375000000000196500, 0.4687500000000212100, 0.4843750000000219300, 0.4921875000000223700, 0.4960937500000225400, 0.4980468750000225900, 0.5000000000000226500, 0.7500000000000113200, 1.000000000000000000 ),
 .UNSPECIFIED. ) ;
#2864 = CARTESIAN_POINT ( 'NONE',  ( 0.1315533734144999900, 0.1588572706701000000, 0.1088751356189999900 ) ) ;
#2865 = CARTESIAN_POINT ( 'NONE',  ( 0.1224376611350999900, -0.05682523952099999300, 0.1613465756059999900 ) ) ;
#2866 = EDGE_CURVE ( 'NONE', #5002, #1641, #76, .T. ) ;
#2868 = CARTESIAN_POINT ( 'NONE',  ( 0.1296722209421999900, 0.1878343938835000100, 0.04251673100912999000 ) ) ;
#2867 = DIMENSIONAL_EXPONENTS ( 1.000000000000000000, 0.0000000000000000000, 0.0000000000000000000, 0.0000000000000000000, 0.0000000000000000000, 0.0000000000000000000, 0.0000000000000000000 ) ;
#2869 = EDGE_CURVE ( 'NONE', #3174, #823, #136, .T. ) ;
#2870 = FACE_OUTER_BOUND ( 'NONE', #1902, .T. ) ;
#2871 = ORIENTED_EDGE ( 'NONE', *, *, #3165, .F. ) ;
#2872 = CARTESIAN_POINT ( 'NONE',  ( 0.08487799139098001200, -0.1311922803246000100, -0.1401717954478000100 ) ) ;
#2873 = DIRECTION ( 'NONE',  ( 1.000000000000000000, 0.0000000000000000000, 0.0000000000000000000 ) ) ;
#2874 = CARTESIAN_POINT ( 'NONE',  ( 0.1068396945892854400, 0.07117143332029955700, -0.1535146387678796300 ) ) ;
#2875 = DIRECTION ( 'NONE',  ( 0.0000000000000000000, 0.0000000000000000000, -1.000000000000000000 ) ) ;
#2876 = ORIENTED_EDGE ( 'NONE', *, *, #1727, .T. ) ;
#2877 = VECTOR ( 'NONE', #2407, 39.37007874015748100 ) ;
#2878 = ORIENTED_EDGE ( 'NONE', *, *, #4215, .F. ) ;
#2879 = DIRECTION ( 'NONE',  ( -0.0000000000000000000, 1.000000000000000000, -0.0000000000000000000 ) ) ;
#2880 = EDGE_CURVE ( 'NONE', #4414, #3215, #122, .T. ) ;
#2881 = CARTESIAN_POINT ( 'NONE',  ( 0.2869647309001622200, -0.1471071220688125500, -0.08424508133247994600 ) ) ;
#2882 = VERTEX_POINT ( 'NONE', #1804 ) ;
#2883 = AXIS2_PLACEMENT_3D ( 'NONE', #918, #926, #968 ) ;
#2884 = CARTESIAN_POINT ( 'NONE',  ( 0.1724334895314732800, -0.1634191435236980700, 0.09263628669406048800 ) ) ;
#2885 = CARTESIAN_POINT ( 'NONE',  ( 0.1206834705815000000, 0.002408896091438999800, 0.1710439276241000100 ) ) ;
#2886 = AXIS2_PLACEMENT_3D ( 'NONE', #847, #862, #871 ) ;
#2887 = CARTESIAN_POINT ( 'NONE',  ( 0.1189292800279000000, 0.06134649250186000000, 0.1596823047195000100 ) ) ;
#2888 = CARTESIAN_POINT ( 'NONE',  ( 0.1057013574704836500, 0.03456037690103396000, -0.1656449407421993500 ) ) ;
#2889 = CARTESIAN_POINT ( 'NONE',  ( 0.1277910684698999900, 0.1902584830302999900, -0.02985206677841999900 ) ) ;
#2890 = FACE_OUTER_BOUND ( 'NONE', #1052, .T. ) ;
#2891 = CARTESIAN_POINT ( 'NONE',  ( 0.1259099159976000100, 0.1657868027573999900, -0.09800090089110000100 ) ) ;
#2892 = EDGE_LOOP ( 'NONE', ( #3012, #5843 ) ) ;
#2893 = ORIENTED_EDGE ( 'NONE', *, *, #6464, .T. ) ;
#2894 = CARTESIAN_POINT ( 'NONE',  ( 0.1721357506146668800, -0.1575156494656581600, 0.1022750419690089100 ) ) ;
#2895 = CARTESIAN_POINT ( 'NONE',  ( 0.7968750000000000000, -1.747032054204456300E-014, -0.1724999999999967900 ) ) ;
#2896 = DIRECTION ( 'NONE',  ( -0.08715574274735243800, 1.219986648345652700E-016, -0.9961946980917723000 ) ) ;
#2897 = EDGE_CURVE ( 'NONE', #5649, #5071, #170, .T. ) ;
#2898 = DIRECTION ( 'NONE',  ( 0.7071067811865505700, 0.7071067811865444600, 0.0000000000000000000 ) ) ;
#2899 = DIRECTION ( 'NONE',  ( -0.9205048534520574600, 0.3907311284901758300, 0.0000000000000000000 ) ) ;
#2900 = FACE_OUTER_BOUND ( 'NONE', #799, .T. ) ;
#2901 = CARTESIAN_POINT ( 'NONE',  ( 0.1240287635254000000, 0.1178787246896000100, -0.1522959325471000000 ) ) ;
#2902 = ORIENTED_EDGE ( 'NONE', *, *, #4540, .F. ) ;
#2903 = ORIENTED_EDGE ( 'NONE', *, *, #3146, .F. ) ;
#2904 = CARTESIAN_POINT ( 'NONE',  ( 0.1171750894743000000, 0.1127311238163000000, 0.1286605102777000100 ) ) ;
#2905 = CARTESIAN_POINT ( 'NONE',  ( 0.2876150551592516800, -0.1347263043165818400, -0.1028881564891634700 ) ) ;
#2906 = DIRECTION ( 'NONE',  ( 0.0000000000000000000, 0.7071067811865474600, 0.7071067811865474600 ) ) ;
#2907 = CARTESIAN_POINT ( 'NONE',  ( 0.1051730118278999400, 0.01656458970202300700, -0.1680978464061682100 ) ) ;
#2908 = CARTESIAN_POINT ( 'NONE',  ( 0.3747930772632998600, 8.963750153913175300E-017, 1.641243052443608100E-015 ) ) ;
#2909 = EDGE_CURVE ( 'NONE', #5019, #1351, #194, .T. ) ;
#2910 = EDGE_LOOP ( 'NONE', ( #1180, #1155, #1361, #1288, #1439, #1448, #1492, #1623 ) ) ;
#2911 = ORIENTED_EDGE ( 'NONE', *, *, #4949, .F. ) ;
#2912 = EDGE_CURVE ( 'NONE', #4996, #1929, #6518, .T. ) ;
#2913 = CARTESIAN_POINT ( 'NONE',  ( -0.8939999999999997900, 0.05749999999999999600, -0.2444999999999999400 ) ) ;
#2914 = CARTESIAN_POINT ( 'NONE',  ( 0.2889177053386539100, -0.1037145534085995200, -0.1341103212525799600 ) ) ;
#2915 = CARTESIAN_POINT ( 'NONE',  ( 0.1712677261570049700, -0.1380858814107587000, 0.1287048601583442300 ) ) ;
#2916 = CARTESIAN_POINT ( 'NONE',  ( 0.1154208989207000000, 0.1502362643771000000, 0.08179792552886998300 ) ) ;
#2917 = CARTESIAN_POINT ( 'NONE',  ( 0.08312380083737999600, -0.1715377341539000000, -0.08622317886434000000 ) ) ;
#2918 = CARTESIAN_POINT ( 'NONE',  ( 0.1707226329089068800, -0.1228400155664691300, 0.1429415422776077500 ) ) ;
#2919 = ORIENTED_EDGE ( 'NONE', *, *, #1518, .F. ) ;
#2920 = ORIENTED_EDGE ( 'NONE', *, *, #1856, .F. ) ;
#2921 = CARTESIAN_POINT ( 'NONE',  ( 0.1221476110530999900, 0.05330671260276000100, -0.1850617286993999900 ) ) ;
#2922 = EDGE_CURVE ( 'NONE', #5331, #5002, #158, .T. ) ;
#2923 = CARTESIAN_POINT ( 'NONE',  ( 0.2895700312589649700, -0.08506533201513233300, -0.1466491076527778000 ) ) ;
#2925 = EDGE_CURVE ( 'NONE', #4167, #1808, #239, .T. ) ;
#2924 = CARTESIAN_POINT ( 'NONE',  ( 0.1696996258600603500, -0.09116205492019298400, 0.1649669406167037500 ) ) ;
#2926 = CARTESIAN_POINT ( 'NONE',  ( -0.7339999999999999900, 3.928525470263913200E-014, -6.791203371749754800E-014 ) ) ;
#2927 = VECTOR ( 'NONE', #32, 39.37007874015748900 ) ;
#2928 = CARTESIAN_POINT ( 'NONE',  ( 0.1046871833027997500, -1.618567963150960000E-008, -0.1680991218989705300 ) ) ;
#2929 = ORIENTED_EDGE ( 'NONE', *, *, #2079, .T. ) ;
#2930 = CARTESIAN_POINT ( 'NONE',  ( 0.1202664585808000000, -0.01880105023390999900, -0.1916663083386999900 ) ) ;
#2931 = CARTESIAN_POINT ( 'NONE',  ( 0.1136667083670999900, 0.1692442201829000000, 0.02486427625869000100 ) ) ;
#2932 = CARTESIAN_POINT ( 'NONE',  ( -0.7425679767005194400, -0.02199999999999756300, -0.1299643750372162800 ) ) ;
#2933 = DIRECTION ( 'NONE',  ( 0.3907311284901758300, 0.9205048534520574600, 0.0000000000000000000 ) ) ;
#2934 = ORIENTED_EDGE ( 'NONE', *, *, #3027, .F. ) ;
#2935 = CARTESIAN_POINT ( 'NONE',  ( 0.2921864066668274900, 1.466325248329692700E-007, -0.1680989288776474100 ) ) ;
#2936 = CARTESIAN_POINT ( 'NONE',  ( 0.1692217120593112200, -0.07472842088219969200, 0.1727626493782721300 ) ) ;
#2937 = EDGE_CURVE ( 'NONE', #2456, #3812, #251, .T. ) ;
#2938 = CARTESIAN_POINT ( 'NONE',  ( 0.1183853061085999900, -0.08825105608748999600, -0.1711759577633000000 ) ) ;
#2939 = EDGE_CURVE ( 'NONE', #2738, #3081, #263, .T. ) ;
#2940 = FACE_OUTER_BOUND ( 'NONE', #5452, .T. ) ;
#2941 = CARTESIAN_POINT ( 'NONE',  ( 0.7968749999999652500, 0.2165063509407895200, 0.1250000000091939500 ) ) ;
#2942 = EDGE_LOOP ( 'NONE', ( #6496, #1981, #4881, #6141, #3167, #92, #4153, #2422, #6767, #3632, #2052, #1896, #6220, #6052, #4592, #1386 ) ) ;
#2943 = CARTESIAN_POINT ( 'NONE',  ( 0.1683330639051642000, -0.04298988376935722300, 0.1832548426482515400 ) ) ;
#2944 = CARTESIAN_POINT ( 'NONE',  ( 0.1119125178135000100, 0.1674146723375999900, -0.03513073162114999800 ) ) ;
#2945 = CARTESIAN_POINT ( 'NONE',  ( 0.1101583272599000000, 0.1449728311194999900, -0.09080044908293999400 ) ) ;
#2946 = DIRECTION ( 'NONE',  ( -1.000000000000000000, 0.0000000000000000000, 0.0000000000000000000 ) ) ;
#2947 = CONICAL_SURFACE ( 'NONE', #2434, 0.1720120028468149200, 0.7649928327086166200 ) ;
#2948 = EDGE_CURVE ( 'NONE', #3864, #6341, #305, .T. ) ;
#2949 = CARTESIAN_POINT ( 'NONE',  ( 0.1165041536363000000, -0.1452254757419000100, -0.1264872434608000100 ) ) ;
#2950 = ORIENTED_EDGE ( 'NONE', *, *, #6781, .T. ) ;
#2951 = CARTESIAN_POINT ( 'NONE',  ( -0.6653316337026236000, -0.008615735330114967700, 0.05710620413871997400 ) ) ;
#2952 = PLANE ( 'NONE',  #5114 ) ;
#2953 = DIRECTION ( 'NONE',  ( -0.9110794801756865200, 0.3867302949007581100, 0.1427370302646568400 ) ) ;
#2954 = CARTESIAN_POINT ( 'NONE',  ( 0.1679223295517673400, -0.02768700150670923300, 0.1859833745565397400 ) ) ;
#2955 = CARTESIAN_POINT ( 'NONE',  ( 0.1084041367063000000, 0.1046817209526000000, -0.1352907351044000100 ) ) ;
#2957 = CARTESIAN_POINT ( 'NONE',  ( 0.1146230011640000000, -0.1816700626026999900, -0.06391755649369000600 ) ) ;
#2956 = DIMENSIONAL_EXPONENTS ( 1.000000000000000000, 0.0000000000000000000, 0.0000000000000000000, 0.0000000000000000000, 0.0000000000000000000, 0.0000000000000000000, 0.0000000000000000000 ) ;
#2958 = ORIENTED_EDGE ( 'NONE', *, *, #2780, .F. ) ;
#2959 = EDGE_CURVE ( 'NONE', #3826, #1560, #6978, .T. ) ;
#2960 = CARTESIAN_POINT ( 'NONE',  ( -0.8939999999999999100, -0.06099999999999997800, -0.2605000000000000100 ) ) ;
#2961 = DIRECTION ( 'NONE',  ( 1.000000000000000000, -0.0000000000000000000, 0.0000000000000000000 ) ) ;
#2962 = CARTESIAN_POINT ( 'NONE',  ( 0.01467999999999999900, 3.928525470263913200E-014, -6.791203371749754800E-014 ) ) ;
#2963 = DIRECTION ( 'NONE',  ( -1.000000000000000000, 3.601780950641121700E-016, 3.382297444915110300E-016 ) ) ;
#2964 = ORIENTED_EDGE ( 'NONE', *, *, #1261, .T. ) ;
#2965 = CARTESIAN_POINT ( 'NONE',  ( 0.1675392920372090200, -0.01336832545204226300, 0.1870221152020921900 ) ) ;
#2966 = DIRECTION ( 'NONE',  ( 0.0000000000000000000, -0.7071067811865475700, 0.7071067811865475700 ) ) ;
#2967 = CARTESIAN_POINT ( 'NONE',  ( 0.08136961028378000800, -0.1907627412094000100, -0.02165714101571000100 ) ) ;
#2968 = DIRECTION ( 'NONE',  ( -1.000000000000000000, 0.0000000000000000000, -0.0000000000000000000 ) ) ;
#2969 = EDGE_CURVE ( 'NONE', #4623, #697, #322, .T. ) ;
#2970 = VERTEX_POINT ( 'NONE', #6895 ) ;
#2971 = CARTESIAN_POINT ( 'NONE',  ( 0.1127418486918000000, -0.1924327556667999900, 0.007687932689577000300 ) ) ;
#2972 = DIRECTION ( 'NONE',  ( 1.000000000000000000, 0.0000000000000000000, 0.0000000000000000000 ) ) ;
#2973 = CARTESIAN_POINT ( 'NONE',  ( -0.6653316337026160500, -0.008615735330097063600, -0.01310620413868997200 ) ) ;
#2974 = CARTESIAN_POINT ( 'NONE',  ( 0.1675301223089977500, -0.01302549018758157400, 0.1870463445039573000 ) ) ;
#2975 = DIRECTION ( 'NONE',  ( 0.0000000000000000000, 0.0000000000000000000, 1.000000000000000000 ) ) ;
#2976 = ORIENTED_EDGE ( 'NONE', *, *, #7030, .T. ) ;
#2977 = DIRECTION ( 'NONE',  ( -1.000000000000000000, 3.601780950641121700E-016, 3.382297444915110300E-016 ) ) ;
#2978 = VERTEX_POINT ( 'NONE', #6955 ) ;
#2979 = CARTESIAN_POINT ( 'NONE',  ( 0.1108606962195000000, -0.1759920196970000100, 0.07820666735426999600 ) ) ;
#2980 = CARTESIAN_POINT ( 'NONE',  ( 0.1066499461527000000, 0.05150200475167000100, -0.1631238548812999900 ) ) ;
#2981 = EDGE_CURVE ( 'NONE', #5892, #7119, #389, .T. ) ;
#2982 = ORIENTED_EDGE ( 'NONE', *, *, #4890, .T. ) ;
#2983 = CARTESIAN_POINT ( 'NONE',  ( 0.1089795437471999800, -0.1346719575570000100, 0.1376696829006000000 ) ) ;
#2984 = AXIS2_PLACEMENT_3D ( 'NONE', #1230, #1381, #1427 ) ;
#2985 = CARTESIAN_POINT ( 'NONE',  ( 0.2205674966140893100, -0.1637332251117022400, 0.04400246710098732600 ) ) ;
#2986 = ORIENTED_EDGE ( 'NONE', *, *, #557, .T. ) ;
#2987 = CARTESIAN_POINT ( 'NONE',  ( 0.1675150542054968400, -0.01246200822282988800, 0.1870846547267668000 ) ) ;
#2988 = ORIENTED_EDGE ( 'NONE', *, *, #3158, .T. ) ;
#2989 = ORIENTED_EDGE ( 'NONE', *, *, #4118, .F. ) ;
#2990 = CARTESIAN_POINT ( 'NONE',  ( 0.1070983912749000100, -0.07431377833919000600, 0.1776708886684999800 ) ) ;
#2991 = EDGE_CURVE ( 'NONE', #1560, #3714, #375, .T. ) ;
#2992 = LINE ( 'NONE', #2180, #4483 ) ;
#2993 = CARTESIAN_POINT ( 'NONE',  ( -0.7810000000000001400, 0.1886700000000000000, 0.3088699999999999800 ) ) ;
#2994 = CARTESIAN_POINT ( 'NONE',  ( 0.1048957555991000000, -0.008018766831731999300, -0.1708729018996000000 ) ) ;
#2995 = VERTEX_POINT ( 'NONE', #7145 ) ;
#2996 = EDGE_LOOP ( 'NONE', ( #5550, #5824, #5815, #5794 ) ) ;
#2997 = CARTESIAN_POINT ( 'NONE',  ( 0.1031415650455000000, -0.06655230550835999900, -0.1575837834153999700 ) ) ;
#2998 = CARTESIAN_POINT ( 'NONE',  ( 0.1674924465597953700, -0.01161642872461058300, 0.1871402195111629100 ) ) ;
#2999 = CARTESIAN_POINT ( 'NONE',  ( 0.1052172388026999900, -0.003450070375210000200, 0.1925553956125999900 ) ) ;
#3000 = CARTESIAN_POINT ( 'NONE',  ( -0.4094808162180328400, 0.06877884273888069900, -0.07068758831952960700 ) ) ;
#3001 = LINE ( 'NONE', #3092, #4397 ) ;
#3002 = DIRECTION ( 'NONE',  ( 0.9205048534524605800, -0.3907311284892260300, -2.610711003115411300E-015 ) ) ;
#3004 = EDGE_LOOP ( 'NONE', ( #6250, #7142, #1577, #210 ) ) ;
#3003 = DIRECTION ( 'NONE',  ( -4.433061889595465500E-016, -1.000000000000000000, 0.0000000000000000000 ) ) ;
#3005 = ORIENTED_EDGE ( 'NONE', *, *, #3206, .F. ) ;
#3006 = CARTESIAN_POINT ( 'NONE',  ( 0.1674396569533403700, -0.009640973463626481600, 0.1872565490719523800 ) ) ;
#3007 = EDGE_CURVE ( 'NONE', #3328, #5019, #443, .T. ) ;
#3008 = CARTESIAN_POINT ( 'NONE',  ( 0.1033360863303999900, 0.06790143214485999700, 0.1802190184373000100 ) ) ;
#3009 = CARTESIAN_POINT ( 'NONE',  ( 0.1014549338581000000, 0.1296539306002000000, 0.1424054772063000100 ) ) ;
#3010 = LINE ( 'NONE', #1728, #3171 ) ;
#3011 = ORIENTED_EDGE ( 'NONE', *, *, #2007, .F. ) ;
#3012 = ORIENTED_EDGE ( 'NONE', *, *, #7081, .T. ) ;
#3013 = CARTESIAN_POINT ( 'NONE',  ( 0.1013873744919000000, -0.1168918114240000000, -0.1248925244679000000 ) ) ;
#3014 = DIRECTION ( 'NONE',  ( 0.3907311284892253100, 0.9205048534524609100, 4.400162841604027300E-013 ) ) ;
#3015 = CARTESIAN_POINT ( 'NONE',  ( 0.1673339240078238200, -0.005680795158873517400, 0.1874357797586084200 ) ) ;
#3016 = CARTESIAN_POINT ( 'NONE',  ( -0.8940000000000001300, 0.2605000000000000100, -0.01699999999998999500 ) ) ;
#3017 = B_SPLINE_CURVE_WITH_KNOTS ( 'NONE', 3,
 ( #5956, #5945, #5942, #5922 ),
 .UNSPECIFIED., .F., .F.,
 ( 4, 4 ),
 ( 1.334929709627649300E-013, 0.003694680973803870500 ),
 .UNSPECIFIED. ) ;
#3018 = ORIENTED_EDGE ( 'NONE', *, *, #3939, .T. ) ;
#3019 = CARTESIAN_POINT ( 'NONE',  ( -0.6773980176466699600, -0.003493859223151500100, 0.02182250319205735600 ) ) ;
#3020 = DIRECTION ( 'NONE',  ( 0.2079116908172214700, 0.9781476007339199300, 0.0000000000000000000 ) ) ;
#3021 = CARTESIAN_POINT ( 'NONE',  ( 0.09963318393825999800, -0.1528394538396999900, -0.07682451695514999600 ) ) ;
#3022 = CARTESIAN_POINT ( 'NONE',  ( 0.1672430322271987500, -0.002272116030155471700, 0.1874973275428021000 ) ) ;
#3023 = CARTESIAN_POINT ( 'NONE',  ( 0.09957378138585999700, 0.1730778284649000000, 0.08446095458313999900 ) ) ;
#3024 = ORIENTED_EDGE ( 'NONE', *, *, #3058, .F. ) ;
#3025 = CARTESIAN_POINT ( 'NONE',  ( 0.09769262891358999900, 0.1920336052912000000, 0.01457445148194000000 ) ) ;
#3026 = EDGE_CURVE ( 'NONE', #7043, #2043, #429, .T. ) ;
#3027 = EDGE_CURVE ( 'NONE', #3448, #4031, #1419, .T. ) ;
#3028 = CARTESIAN_POINT ( 'NONE',  ( -0.6597219456833888200, 0.006384859417409879800, -0.01300562500559072900 ) ) ;
#3029 = AXIS2_PLACEMENT_3D ( 'NONE', #5399, #5453, #5782 ) ;
#3030 = LINE ( 'NONE', #3055, #4393 ) ;
#3031 = CARTESIAN_POINT ( 'NONE',  ( 0.1670608972771341100, 0.004559734807468466400, 0.1874963537091773900 ) ) ;
#3032 =( GEOMETRIC_REPRESENTATION_CONTEXT ( 3 ) GLOBAL_UNCERTAINTY_ASSIGNED_CONTEXT ( ( #1628 ) ) GLOBAL_UNIT_ASSIGNED_CONTEXT ( ( #3230, #3258, #3274 ) ) REPRESENTATION_CONTEXT ( 'NONE', 'WORKASPACE' ) );
#3033 = FACE_OUTER_BOUND ( 'NONE', #2650, .T. ) ;
#3034 = DIRECTION ( 'NONE',  ( 0.0000000000000000000, 0.7071067811865474600, 0.7071067811865474600 ) ) ;
#3035 = EDGE_LOOP ( 'NONE', ( #5415, #5392, #5247 ) ) ;
#3036 = CARTESIAN_POINT ( 'NONE',  ( 0.08020014991471000100, -0.1879221159116999900, 0.02316116697861999800 ) ) ;
#3037 = CARTESIAN_POINT ( 'NONE',  ( 0.2908766847608075800, -0.04429647377397592800, -0.1636585483328169800 ) ) ;
#3038 = PLANE ( 'NONE',  #6507 ) ;
#3039 = EDGE_CURVE ( 'NONE', #6586, #5694, #348, .T. ) ;
#3040 = ORIENTED_EDGE ( 'NONE', *, *, #5227, .F. ) ;
#3041 = PLANE ( 'NONE',  #6679 ) ;
#3042 = EDGE_CURVE ( 'NONE', #2243, #931, #1336, .T. ) ;
#3043 = CARTESIAN_POINT ( 'NONE',  ( -0.7810000000000001400, 0.3024999999999832300, 0.2390000000000003800 ) ) ;
#3044 = CARTESIAN_POINT ( 'NONE',  ( -0.7810000000000001400, 0.1949999999999999800, -0.2605000000000000100 ) ) ;
#3045 = CARTESIAN_POINT ( 'NONE',  ( 0.1669390054586717700, 0.009133664300173075300, 0.1873302784189919400 ) ) ;
#3046 = CARTESIAN_POINT ( 'NONE',  ( 0.09787899338464999000, -0.1699688603399000000, -0.01929642839750999800 ) ) ;
#3047 = CARTESIAN_POINT ( 'NONE',  ( -0.8939999999999999100, -0.1223294731452999600, 0.2425376259469990700 ) ) ;
#3048 = EDGE_CURVE ( 'NONE', #1125, #2043, #511, .T. ) ;
#3049 = CARTESIAN_POINT ( 'NONE',  ( 0.09581147644132000100, 0.1795112931803999600, -0.05601818247603000000 ) ) ;
#3050 = CARTESIAN_POINT ( 'NONE',  ( -0.7339999999999999900, 0.1029999999999999800, -0.2444999999999999700 ) ) ;
#3051 = DIRECTION ( 'NONE',  ( 0.0000000000000000000, 0.0000000000000000000, 1.000000000000000000 ) ) ;
#3052 = ORIENTED_EDGE ( 'NONE', *, *, #1727, .F. ) ;
#3053 = DIRECTION ( 'NONE',  ( 0.0000000000000000000, 1.000000000000000000, 0.0000000000000000000 ) ) ;
#3054 = CARTESIAN_POINT ( 'NONE',  ( -0.8939999999999997900, 0.2444999999999999400, 0.06100000000000999100 ) ) ;
#3055 = CARTESIAN_POINT ( 'NONE',  ( -0.8939999999999997900, 0.2605000000000000100, 0.02199999999999999900 ) ) ;
#3056 = FACE_OUTER_BOUND ( 'NONE', #4143, .T. ) ;
#3057 = CARTESIAN_POINT ( 'NONE',  ( -0.7339999999999999900, 0.1910000000000000300, 0.3025000000000374600 ) ) ;
#3058 = EDGE_CURVE ( 'NONE', #2008, #2455, #3888, .T. ) ;
#3059 = VERTEX_POINT ( 'NONE', #6383 ) ;
#3060 = CARTESIAN_POINT ( 'NONE',  ( 0.09670953301557999600, -0.1674378742498000000, 0.02063650967972000000 ) ) ;
#3061 = CARTESIAN_POINT ( 'NONE',  ( 0.1665719244480261800, 0.02287618763092200100, 0.1863253963387101200 ) ) ;
#3062 = CARTESIAN_POINT ( 'NONE',  ( -0.3977548847281999800, 0.07100853889776999300, -0.08862890785325000500 ) ) ;
#3063 = VECTOR ( 'NONE', #2225, 39.37007874015748900 ) ;
#3064 = VERTEX_POINT ( 'NONE', #6866 ) ;
#3065 = DIRECTION ( 'NONE',  ( 0.0000000000000000000, 0.0000000000000000000, 1.000000000000000000 ) ) ;
#3066 = CARTESIAN_POINT ( 'NONE',  ( 0.1851074089859000000, -0.09760117017392999600, -0.1571734668494000100 ) ) ;
#3067 = EDGE_CURVE ( 'NONE', #1337, #2432, #580, .T. ) ;
#3068 = CARTESIAN_POINT ( 'NONE',  ( 0.09612480283105000200, -0.1627617533255000000, 0.03977262775064999800 ) ) ;
#3069 = CARTESIAN_POINT ( 'NONE',  ( 0.1663253297005847200, 0.03206615814135990700, 0.1849799288364544200 ) ) ;
#3070 = ORIENTED_EDGE ( 'NONE', *, *, #6315, .T. ) ;
#3071 = CARTESIAN_POINT ( 'NONE',  ( 0.09643852726540999600, 0.1865740597663000100, -0.03338541454452000100 ) ) ;
#3072 = EDGE_LOOP ( 'NONE', ( #2141, #2131, #5727 ) ) ;
#3073 = CARTESIAN_POINT ( 'NONE',  ( -0.4398431070459999900, 0.06586727638835999900, -0.08231828327053998500 ) ) ;
#3074 = ORIENTED_EDGE ( 'NONE', *, *, #6678, .F. ) ;
#3075 = CARTESIAN_POINT ( 'NONE',  ( -0.7074985263546024200, 0.009283048678468084100, 0.02200000000000999800 ) ) ;
#3076 = CARTESIAN_POINT ( 'NONE',  ( 0.3949238939618788800, 2.510809920728624900E-016, -0.3075000000000582300 ) ) ;
#3077 = LINE ( 'NONE', #3119, #3085 ) ;
#3078 = CARTESIAN_POINT ( 'NONE',  ( 0.1203129909907560800, 7.565373050198758800E-008, 0.1680985365446029900 ) ) ;
#3080 = EDGE_CURVE ( 'NONE', #5083, #3339, #546, .T. ) ;
#3079 = ORIENTED_EDGE ( 'NONE', *, *, #2909, .T. ) ;
#3081 = VERTEX_POINT ( 'NONE', #6884 ) ;
#3082 = AXIS2_PLACEMENT_3D ( 'NONE', #2301, #2325, #2276 ) ;
#3083 = DIRECTION ( 'NONE',  ( -0.9723699203988067600, 0.0000000000000000000, 0.2334453638511979100 ) ) ;
#3084 = CARTESIAN_POINT ( 'NONE',  ( -0.7675952453406500500, 0.06166285488908999900, -0.2444999999999999700 ) ) ;
#3085 = VECTOR ( 'NONE', #3253, 39.37007874015748100 ) ;
#3086 = DIRECTION ( 'NONE',  ( 0.9914466781300418400, 0.0000000000000000000, 0.1305123918442425700 ) ) ;
#3087 = ORIENTED_EDGE ( 'NONE', *, *, #6534, .F. ) ;
#3088 = ORIENTED_EDGE ( 'NONE', *, *, #6409, .F. ) ;
#3089 = EDGE_CURVE ( 'NONE', #1633, #2766, #532, .T. ) ;
#3090 = DIRECTION ( 'NONE',  ( -0.2334453638511979100, 1.497369606983217800E-017, -0.9723699203988068800 ) ) ;
#3091 = CARTESIAN_POINT ( 'NONE',  ( 0.1655799232372268900, 0.05939943032207834600, 0.1788339991260124700 ) ) ;
#3092 = CARTESIAN_POINT ( 'NONE',  ( -2.731847993664263200E-016, -0.2981162189482000100, 0.1657458295100999700 ) ) ;
#3093 = CYLINDRICAL_SURFACE ( 'NONE', #2192, 0.1272500000000276700 ) ;
#3094 = CARTESIAN_POINT ( 'NONE',  ( 0.07961541973017000100, -0.1826739213662000000, 0.04463838540567999900 ) ) ;
#3095 = CARTESIAN_POINT ( 'NONE',  ( 0.1650754893002767100, 0.07731288495876997800, 0.1719066306431949700 ) ) ;
#3096 = ORIENTED_EDGE ( 'NONE', *, *, #1536, .F. ) ;
#3097 = ORIENTED_EDGE ( 'NONE', *, *, #6500, .T. ) ;
#3098 = DIRECTION ( 'NONE',  ( 0.2057828098159755200, 0.9681320030737045100, 0.1427370302645341000 ) ) ;
#3099 = DIRECTION ( 'NONE',  ( 0.7071067811859606000, 0.0000000000000000000, -0.7071067811871344400 ) ) ;
#3100 = CARTESIAN_POINT ( 'NONE',  ( -0.6647783830686603300, -0.02199999999999756300, -0.1486400041453011500 ) ) ;
#3101 = CARTESIAN_POINT ( 'NONE',  ( -1.044524830354220700, -0.06099999999999999200, -0.2444999999999998800 ) ) ;
#3102 = DIRECTION ( 'NONE',  ( -0.9781476007339199300, 0.2079116908172214700, 0.0000000000000000000 ) ) ;
#3103 = EDGE_LOOP ( 'NONE', ( #2517, #3885, #916, #5248 ) ) ;
#3104 = ORIENTED_EDGE ( 'NONE', *, *, #6470, .F. ) ;
#3105 = CARTESIAN_POINT ( 'NONE',  ( -0.8025343004949000400, 0.05717572558188999800, -0.2437953433570999900 ) ) ;
#3106 = DIRECTION ( 'NONE',  ( -0.0000000000000000000, 0.7071067811864925100, -0.7071067811866024200 ) ) ;
#3107 = CARTESIAN_POINT ( 'NONE',  ( -0.4804805668416000100, 0.06061200727182999800, -0.09492069206283000600 ) ) ;
#3108 =( BOUNDED_CURVE ( )  B_SPLINE_CURVE ( 3, ( #5193, #5215, #5241, #5192 ),
 .UNSPECIFIED., .F., .F. ) 
 B_SPLINE_CURVE_WITH_KNOTS ( ( 4, 4 ),
 ( 3.141592653589794900, 3.625396614920362500 ),
 .UNSPECIFIED. ) 
 CURVE ( )  GEOMETRIC_REPRESENTATION_ITEM ( )  RATIONAL_B_SPLINE_CURVE ( ( 1.000000000000000000, 0.9805894082688271200, 0.9805894082688271200, 1.000000000000000000 ) ) 
 REPRESENTATION_ITEM ( '' )  );
#3109 = ORIENTED_EDGE ( 'NONE', *, *, #2700, .F. ) ;
#3110 = CARTESIAN_POINT ( 'NONE',  ( 2.561107494060246800E-017, -0.2951257157822319600, 0.1678464951687319600 ) ) ;
#3111 = CARTESIAN_POINT ( 'NONE',  ( 0.3949238939618780500, 2.134231029990791500E-016, 0.3074999999999878900 ) ) ;
#3112 = CARTESIAN_POINT ( 'NONE',  ( -0.8921000000000000000, 0.1029999999999999900, -0.2612046566428999900 ) ) ;
#3113 = EDGE_CURVE ( 'NONE', #4140, #4263, #554, .T. ) ;
#3114 = CIRCLE ( 'NONE', #626, 0.07999999999999205000 ) ;
#3115 = DIRECTION ( 'NONE',  ( -0.0000000000000000000, -1.000000000000000000, -0.0000000000000000000 ) ) ;
#3116 = ORIENTED_EDGE ( 'NONE', *, *, #2211, .F. ) ;
#3117 = CARTESIAN_POINT ( 'NONE',  ( 0.1640516288369532300, 0.1107038713953394500, 0.1525751385499794500 ) ) ;
#3118 = DIRECTION ( 'NONE',  ( 0.0000000000000000000, 0.0000000000000000000, 1.000000000000000000 ) ) ;
#3119 = CARTESIAN_POINT ( 'NONE',  ( -0.7339999999999999900, 0.2524999999999999500, -0.1029999999999999900 ) ) ;
#3120 = CARTESIAN_POINT ( 'NONE',  ( -0.8944982674906000200, 0.2605000000000000100, -0.09750173250938999600 ) ) ;
#3121 = DIRECTION ( 'NONE',  ( 0.0000000000000000000, -1.000000000000000000, 0.0000000000000000000 ) ) ;
#3122 = FACE_OUTER_BOUND ( 'NONE', #5447, .T. ) ;
#3123 = EDGE_CURVE ( 'NONE', #4616, #4506, #5001, .T. ) ;
#3124 = ORIENTED_EDGE ( 'NONE', *, *, #5999, .F. ) ;
#3125 = AXIS2_PLACEMENT_3D ( 'NONE', #1578, #1604, #1615 ) ;
#3126 = CARTESIAN_POINT ( 'NONE',  ( 0.1635322023105798000, 0.1261562622251711800, 0.1401321081007940200 ) ) ;
#3127 = DIRECTION ( 'NONE',  ( 0.0000000000000000000, 1.000000000000000000, 0.0000000000000000000 ) ) ;
#3128 = CARTESIAN_POINT ( 'NONE',  ( -0.7810000000000001400, 0.3025000000000382400, -0.1949999999999999800 ) ) ;
#3129 = FACE_OUTER_BOUND ( 'NONE', #1345, .T. ) ;
#3130 = CARTESIAN_POINT ( 'NONE',  ( 0.0000000000000000000, 0.0000000000000000000, 0.0000000000000000000 ) ) ;
#3131 = DIRECTION ( 'NONE',  ( 1.000000000000000000, 0.0000000000000000000, 0.0000000000000000000 ) ) ;
#3132 = VERTEX_POINT ( 'NONE', #6656 ) ;
#3133 = DIRECTION ( 'NONE',  ( -0.0000000000000000000, -0.0000000000000000000, -1.000000000000000000 ) ) ;
#3134 = LINE ( 'NONE', #3312, #3193 ) ;
#3135 = DIRECTION ( 'NONE',  ( 0.9918538434790308300, 0.1273811335162092200, 0.0000000000000000000 ) ) ;
#3136 = EDGE_CURVE ( 'NONE', #2882, #5071, #634, .T. ) ;
#3137 = AXIS2_PLACEMENT_3D ( 'NONE', #4757, #4754, #4719 ) ;
#3138 = ORIENTED_EDGE ( 'NONE', *, *, #2991, .T. ) ;
#3139 = CARTESIAN_POINT ( 'NONE',  ( -0.8939999999999997900, 0.2605000000000000100, 0.1420000000000001300 ) ) ;
#3140 = PLANE ( 'NONE',  #4931 ) ;
#3141 = DIRECTION ( 'NONE',  ( 0.0000000000000000000, 0.0000000000000000000, -1.000000000000000000 ) ) ;
#3142 = DIRECTION ( 'NONE',  ( 1.000000000000000000, 0.0000000000000000000, -0.0000000000000000000 ) ) ;
#3143 = CARTESIAN_POINT ( 'NONE',  ( 0.1624783566684097100, 0.1527741869682905400, 0.1105275862699750800 ) ) ;
#3144 = EDGE_LOOP ( 'NONE', ( #6993, #7007, #7042, #7189 ) ) ;
#3145 = DIRECTION ( 'NONE',  ( 0.0000000000000000000, 0.0000000000000000000, 1.000000000000000000 ) ) ;
#3146 = EDGE_CURVE ( 'NONE', #3516, #2970, #597, .T. ) ;
#3147 = DIRECTION ( 'NONE',  ( 0.0000000000000000000, 0.7071067811865474600, -0.7071067811865474600 ) ) ;
#3148 = CARTESIAN_POINT ( 'NONE',  ( -0.8939999999999997900, 0.09800000000000003200, -0.2444999999999999400 ) ) ;
#3149 = ADVANCED_FACE ( 'NONE', ( #620 ), #696, .T. ) ;
#3150 = CARTESIAN_POINT ( 'NONE',  ( 0.1619439375526133300, 0.1638997305636057700, 0.09334043335530006800 ) ) ;
#3151 = FACE_OUTER_BOUND ( 'NONE', #2292, .T. ) ;
#3152 = ORIENTED_EDGE ( 'NONE', *, *, #4332, .T. ) ;
#3153 = CARTESIAN_POINT ( 'NONE',  ( 0.2602970467515000100, 0.007590680065798998900, 0.1918373172666000000 ) ) ;
#3154 = CARTESIAN_POINT ( 'NONE',  ( 0.1613935547138147200, 0.1721830116059537600, 0.07421787559293330200 ) ) ;
#3155 = CARTESIAN_POINT ( 'NONE',  ( 0.7784797983293999500, -2.244170441670291100E-013, -1.820947428276835500E-014 ) ) ;
#3156 = AXIS2_PLACEMENT_3D ( 'NONE', #3680, #3674, #3655 ) ;
#3157 = VERTEX_POINT ( 'NONE', #6911 ) ;
#3158 = EDGE_CURVE ( 'NONE', #3081, #2738, #667, .T. ) ;
#3159 = ORIENTED_EDGE ( 'NONE', *, *, #430, .F. ) ;
#3160 = CARTESIAN_POINT ( 'NONE',  ( 0.3747930772632998600, 8.963750153913175300E-017, 1.641243052443608100E-015 ) ) ;
#3161 = ORIENTED_EDGE ( 'NONE', *, *, #326, .T. ) ;
#3162 = EDGE_LOOP ( 'NONE', ( #28, #2717, #1082, #5448, #3742, #781, #3563, #1997, #1843, #464, #4707, #298, #114, #4353, #5669, #1163 ) ) ;
#3163 = CARTESIAN_POINT ( 'NONE',  ( 0.1613825539062163900, 0.1723475785122408600, 0.07383523706764419400 ) ) ;
#3164 = DIRECTION ( 'NONE',  ( -2.731847993696793700E-014, 0.0000000000000000000, -1.000000000000000000 ) ) ;
#3165 = EDGE_CURVE ( 'NONE', #1665, #3448, #682, .T. ) ;
#3166 = ORIENTED_EDGE ( 'NONE', *, *, #1510, .F. ) ;
#3167 = ORIENTED_EDGE ( 'NONE', *, *, #3285, .T. ) ;
#3168 = FILL_AREA_STYLE_COLOUR ( '', #2249 ) ;
#3169 = DIRECTION ( 'NONE',  ( -0.2334453638511978500, 1.497369606983217500E-017, -0.9723699203988067600 ) ) ;
#3170 = EDGE_CURVE ( 'NONE', #5002, #1972, #673, .T. ) ;
#3171 = VECTOR ( 'NONE', #1803, 39.37007874015748100 ) ;
#3172 = VERTEX_POINT ( 'NONE', #6714 ) ;
#3173 = CARTESIAN_POINT ( 'NONE',  ( -1.044524830354394400, 0.01700000000008991900, -0.2604999999999999000 ) ) ;
#3174 = VERTEX_POINT ( 'NONE', #6654 ) ;
#3175 = CARTESIAN_POINT ( 'NONE',  ( 0.3096549382918999900, -0.1092301158113000000, -0.1445952043475000100 ) ) ;
#3176 = CARTESIAN_POINT ( 'NONE',  ( -0.8011904906813004400, -0.1013483074783048400, -0.2524999999999999500 ) ) ;
#3177 = DIRECTION ( 'NONE',  ( 1.000000000000000000, 3.327275781181986500E-014, -3.327275781182024300E-014 ) ) ;
#3178 = CARTESIAN_POINT ( 'NONE',  ( -0.7424034778741264200, -0.02199999999999756300, -0.1292791881134471900 ) ) ;
#3179 = CARTESIAN_POINT ( 'NONE',  ( -0.7012468282988010300, 0.02401112633370752100, 0.02200000000000999800 ) ) ;
#3180 = EDGE_CURVE ( 'NONE', #3826, #2456, #647, .T. ) ;
#3181 = EDGE_CURVE ( 'NONE', #4676, #2043, #746, .T. ) ;
#3182 = VERTEX_POINT ( 'NONE', #6459 ) ;
#3183 = ORIENTED_EDGE ( 'NONE', *, *, #3861, .F. ) ;
#3184 = CARTESIAN_POINT ( 'NONE',  ( 0.2915310123423383600, -0.02217240304870987300, -0.1680995276380496700 ) ) ;
#3185 = CARTESIAN_POINT ( 'NONE',  ( 0.1613631061236632200, 0.1726362886619656200, 0.07315785517508725800 ) ) ;
#3186 = DIRECTION ( 'NONE',  ( 0.7071067811865514600, 0.0000000000000000000, 0.7071067811865433500 ) ) ;
#3187 = VECTOR ( 'NONE', #3406, 39.37007874015748900 ) ;
#3188 = ADVANCED_FACE ( 'NONE', ( #721 ), #569, .T. ) ;
#3189 = ORIENTED_EDGE ( 'NONE', *, *, #6710, .F. ) ;
#3190 = ORIENTED_EDGE ( 'NONE', *, *, #2939, .F. ) ;
#3191 = CARTESIAN_POINT ( 'NONE',  ( -0.7340000000000001000, 0.1959999999999249000, 0.3025000000000749900 ) ) ;
#3192 = DIRECTION ( 'NONE',  ( -1.000000000000000000, -0.0000000000000000000, 0.0000000000000000000 ) ) ;
#3193 = VECTOR ( 'NONE', #3306, 39.37007874015748100 ) ;
#3194 = DIRECTION ( 'NONE',  ( 0.0000000000000000000, 0.0000000000000000000, 1.000000000000000000 ) ) ;
#3195 = CARTESIAN_POINT ( 'NONE',  ( -0.7339999999999976500, -0.1099774022998728800, -0.2444999999999999700 ) ) ;
#3196 = CARTESIAN_POINT ( 'NONE',  ( -0.6514178937542861600, 0.002859994927978370600, -0.01430672544716886000 ) ) ;
#3197 = CARTESIAN_POINT ( 'NONE',  ( 0.1613339549031678800, 0.1730660634841687000, 0.07214123974548687600 ) ) ;
#3198 = EDGE_CURVE ( 'NONE', #6644, #6307, #817, .T. ) ;
#3199 = PRODUCT_RELATED_PRODUCT_CATEGORY ( 'part', '', ( #5821 ) ) ;
#3200 = CARTESIAN_POINT ( 'NONE',  ( -0.8027898111744999900, 0.2605000000000000100, 0.1011381778515999900 ) ) ;
#3201 = CARTESIAN_POINT ( 'NONE',  ( 0.1612660785620201300, 0.1740458691609124700, 0.06976549758772884700 ) ) ;
#3202 = DIRECTION ( 'NONE',  ( -1.000000000000000000, -0.0000000000000000000, -0.0000000000000000000 ) ) ;
#3203 = CARTESIAN_POINT ( 'NONE',  ( 0.2225206783314429800, -0.1681072205344467900, -0.02200391576254763500 ) ) ;
#3204 = ORIENTED_EDGE ( 'NONE', *, *, #5227, .T. ) ;
#3205 = CARTESIAN_POINT ( 'NONE',  ( 0.3853461368341024000, 0.1874999999999894000, 1.669626652687154000E-015 ) ) ;
#3206 = EDGE_CURVE ( 'NONE', #5363, #6665, #752, .T. ) ;
#3207 = LINE ( 'NONE', #3425, #3187 ) ;
#3208 = AXIS2_PLACEMENT_3D ( 'NONE', #2174, #2277, #2295 ) ;
#3209 = DIRECTION ( 'NONE',  ( -1.000000000000000000, 4.268512490100835400E-016, 0.0000000000000000000 ) ) ;
#3210 = EDGE_LOOP ( 'NONE', ( #274, #1471, #5827, #2787, #1142 ) ) ;
#3211 =( LENGTH_UNIT ( ) NAMED_UNIT ( * ) SI_UNIT ( $, .METRE. ) );
#3212 = CARTESIAN_POINT ( 'NONE',  ( 0.1611308985730887400, 0.1759137209953468800, 0.06500071036701808600 ) ) ;
#3213 = CARTESIAN_POINT ( 'NONE',  ( -0.6186555719779700500, 0.02776264927546358600, 0.06869962240227001100 ) ) ;
#3214 = CARTESIAN_POINT ( 'NONE',  ( -0.7339999999999999900, -0.1495530842210000000, 0.2768323048345000000 ) ) ;
#3215 = VERTEX_POINT ( 'NONE', #4882 ) ;
#3216 = DIRECTION ( 'NONE',  ( 0.0000000000000000000, 0.0000000000000000000, 1.000000000000000000 ) ) ;
#3217 = CARTESIAN_POINT ( 'NONE',  ( 0.3090702081073000200, -0.1262293965550999900, -0.1317536100202000000 ) ) ;
#3218 = AXIS2_PLACEMENT_3D ( 'NONE', #2515, #2899, #2933 ) ;
#3219 = DIRECTION ( 'NONE',  ( -0.0000000000000000000, -0.0000000000000000000, 1.000000000000000000 ) ) ;
#3220 = DIRECTION ( 'NONE',  ( 2.460002620993068900E-016, 1.000000000000000000, 0.0000000000000000000 ) ) ;
#3221 = CARTESIAN_POINT ( 'NONE',  ( 0.1610160117712006700, 0.1773583070632688800, 0.06089805623796368300 ) ) ;
#3222 = VECTOR ( 'NONE', #3687, 39.37007874015748100 ) ;
#3223 = CARTESIAN_POINT ( 'NONE',  ( -0.8915000000000000700, 0.2444999999999999700, 0.1445000000000000200 ) ) ;
#3224 = CARTESIAN_POINT ( 'NONE',  ( -0.7809999999999999200, -0.1682914139223499500, 0.2955706345359500100 ) ) ;
#3225 = AXIS2_PLACEMENT_3D ( 'NONE', #1841, #1780, #1624 ) ;
#3226 = VECTOR ( 'NONE', #2748, 39.37007874015748100 ) ;
#3227 = CARTESIAN_POINT ( 'NONE',  ( -0.7909999999999906000, 0.2605000000000000100, 0.02199999999997281900 ) ) ;
#3228 = ORIENTED_EDGE ( 'NONE', *, *, #5149, .T. ) ;
#3229 = CARTESIAN_POINT ( 'NONE',  ( -0.8940000000000001300, 0.01700000000000000800, -0.2605000000000000100 ) ) ;
#3230 =( CONVERSION_BASED_UNIT ( 'INCH', #2188 ) LENGTH_UNIT ( ) NAMED_UNIT ( #2592 ) );
#3231 = CARTESIAN_POINT ( 'NONE',  ( 0.1833532184323000100, -0.1458862479811000000, -0.1137835385768000000 ) ) ;
#3232 = CARTESIAN_POINT ( 'NONE',  ( 0.1607875471808287400, 0.1800414225484789100, 0.05267879940226896000 ) ) ;
#3233 = DIRECTION ( 'NONE',  ( 0.9205048534524605800, -0.3907311284892260300, 0.0000000000000000000 ) ) ;
#3234 = B_SPLINE_CURVE_WITH_KNOTS ( 'NONE', 3,
 ( #5284, #5306, #5329, #5277 ),
 .UNSPECIFIED., .F., .F.,
 ( 4, 4 ),
 ( 4.346382469784124800E-016, 0.003694680973535858400 ),
 .UNSPECIFIED. ) ;
#3235 = LINE ( 'NONE', #3472, #3243 ) ;
#3236 = ORIENTED_EDGE ( 'NONE', *, *, #4215, .T. ) ;
#3237 = DIRECTION ( 'NONE',  ( 0.0000000000000000000, 0.0000000000000000000, -1.000000000000000000 ) ) ;
#3238 = DIRECTION ( 'NONE',  ( 1.000000000000000000, 0.0000000000000000000, 0.0000000000000000000 ) ) ;
#3239 = CARTESIAN_POINT ( 'NONE',  ( 0.7348833303678998800, -1.749236418443148600E-014, 6.189280072997399900E-017 ) ) ;
#3240 = EDGE_LOOP ( 'NONE', ( #4282, #4491, #4478, #4438 ) ) ;
#3241 = CARTESIAN_POINT ( 'NONE',  ( 0.7012500000000000400, -0.1501110699892999900, -0.2500000000000000000 ) ) ;
#3242 = CARTESIAN_POINT ( 'NONE',  ( 0.1606369828051195900, 0.1815542579710827100, 0.04718057938973276000 ) ) ;
#3243 = VECTOR ( 'NONE', #3575, 39.37007874015748100 ) ;
#3244 = ORIENTED_EDGE ( 'NONE', *, *, #5713, .T. ) ;
#3245 = DIRECTION ( 'NONE',  ( 0.0000000000000000000, 0.0000000000000000000, 1.000000000000000000 ) ) ;
#3246 = ORIENTED_EDGE ( 'NONE', *, *, #326, .F. ) ;
#3247 = EDGE_CURVE ( 'NONE', #4270, #2619, #828, .T. ) ;
#3248 = AXIS2_PLACEMENT_3D ( 'NONE', #3239, #3192, #3216 ) ;
#3249 = CARTESIAN_POINT ( 'NONE',  ( 0.1000000000000000100, -6.430407353524017400E-014, 6.189280072995864100E-017 ) ) ;
#3250 = DIRECTION ( 'NONE',  ( -1.000000000000000000, 0.0000000000000000000, 0.0000000000000000000 ) ) ;
#3251 = FACE_OUTER_BOUND ( 'NONE', #1269, .T. ) ;
#3252 = DIRECTION ( 'NONE',  ( -1.000000000000000000, -0.0000000000000000000, -0.0000000000000000000 ) ) ;
#3253 = DIRECTION ( 'NONE',  ( -0.0000000000000000000, 1.000000000000000000, -0.0000000000000000000 ) ) ;
#3254 = ORIENTED_EDGE ( 'NONE', *, *, #2869, .F. ) ;
#3255 = ORIENTED_EDGE ( 'NONE', *, *, #6914, .F. ) ;
#3256 = ADVANCED_FACE ( 'NONE', ( #5614 ), #1258, .F. ) ;
#3257 = CARTESIAN_POINT ( 'NONE',  ( -0.6418869128834074900, 0.003362048791118243700, -0.01658448131780020100 ) ) ;
#3258 =( NAMED_UNIT ( * ) PLANE_ANGLE_UNIT ( ) SI_UNIT ( $, .RADIAN. ) );
#3259 = EDGE_CURVE ( 'NONE', #3627, #5588, #2200, .T. ) ;
#3260 = FACE_OUTER_BOUND ( 'NONE', #5558, .T. ) ;
#3261 = CARTESIAN_POINT ( 'NONE',  ( 0.0000000000000000000, -0.3075000000000000000, 0.1306808075913018800 ) ) ;
#3263 = EDGE_CURVE ( 'NONE', #4562, #4535, #4217, .T. ) ;
#3262 = ORIENTED_EDGE ( 'NONE', *, *, #3007, .F. ) ;
#3264 = ORIENTED_EDGE ( 'NONE', *, *, #3521, .T. ) ;
#3265 = AXIS2_PLACEMENT_3D ( 'NONE', #2370, #2360, #2471 ) ;
#3266 = CARTESIAN_POINT ( 'NONE',  ( 0.3260000000000931600, -1.065975624152775600E-013, -1.148795437741948800E-013 ) ) ;
#3267 = AXIS2_PLACEMENT_3D ( 'NONE', #1468, #1441, #1479 ) ;
#3268 = CARTESIAN_POINT ( 'NONE',  ( -0.7575000000000000600, 0.1910000000000000000, 0.3024999999999999400 ) ) ;
#3269 = FACE_OUTER_BOUND ( 'NONE', #3787, .T. ) ;
#3270 = PLANE ( 'NONE',  #539 ) ;
#3271 = ORIENTED_EDGE ( 'NONE', *, *, #3158, .F. ) ;
#3272 = ORIENTED_EDGE ( 'NONE', *, *, #315, .T. ) ;
#3273 = CARTESIAN_POINT ( 'NONE',  ( -0.5160116499942294400, 0.05708922980343651700, -0.1068836661062092200 ) ) ;
#3274 =( NAMED_UNIT ( * ) SI_UNIT ( $, .STERADIAN. ) SOLID_ANGLE_UNIT ( ) );
#3275 = CARTESIAN_POINT ( 'NONE',  ( 0.1601905257316090500, 0.1853021892659173800, 0.03071293256348542000 ) ) ;
#3276 = CARTESIAN_POINT ( 'NONE',  ( 0.3949238939618780500, 0.3075000000000351300, -2.132184877818189000E-014 ) ) ;
#3277 = VECTOR ( 'NONE', #3906, 39.37007874015748100 ) ;
#3278 = ORIENTED_EDGE ( 'NONE', *, *, #6361, .T. ) ;
#3279 = VERTEX_POINT ( 'NONE', #4582 ) ;
#3280 = CARTESIAN_POINT ( 'NONE',  ( 0.1598998690874244300, 0.1867501987300226300, 0.01977461623349583600 ) ) ;
#3281 = CARTESIAN_POINT ( 'NONE',  ( -0.7339999999999999900, 0.3025000000000374600, -0.1949999999999999800 ) ) ;
#3282 = CARTESIAN_POINT ( 'NONE',  ( 0.3079007477383000100, -0.1556465304657999900, -0.1000163539729999900 ) ) ;
#3283 = B_SPLINE_CURVE_WITH_KNOTS ( 'NONE', 3,
 ( #5026, #5005, #4992, #4977, #4958, #4946, #4926, #4914, #4892, #4877, #4866, #4852, #4845, #4830, #4820, #4809, #4796, #4780, #4768, #4753, #4745, #4741, #4736, #4725, #4709, #4695, #4681, #4671, #4666, #4660, #4642, #4629, #4626, #4621, #4613, #4601, #4593, #4578, #4569, #4559, #4551, #4547, #4533, #4528, #4504, #4502, #4493, #4480, #4472, #4457, #4448, #4434, #4418, #4403, #4399, #4388, #4372, #4356, #4342, #4326, #4317, #4311, #4301, #4292, #4272, #4266, #4247, #4241, #4226, #4225, #4202, #4191, #4182, #4172, #4157, #4155, #4145, #4129, #4121, #4113, #4102, #4094, #4081, #4056, #4049, #4043, #4033, #4026, #4010, #4008, #4001, #3995, #3984, #3975, #3957, #3951, #3942, #3932, #3925, #3914, #3907, #3891, #3871, #3860, #3853, #3834, #3822, #3814, #3807, #3798, #3785, #3781, #3770, #3764, #3754, #3745, #3729, #3709, #3702, #3688, #3678, #3663, #3654, #3639, #3630, #3622, #3610, #3604, #3589, #3587, #3567, #3550, #3541, #3534, #3517, #3511, #3508, #3481, #3468, #3461, #3451, #3442, #3431, #3426, #3415, #3405, #3399, #3387, #3381, #3370, #3361, #3352, #3342, #3323, #3313, #3299, #3288, #3280, #3275, #3242, #3232, #3221, #3212, #3201, #3197, #3185, #3163, #3154, #3150, #3143, #3126, #3117, #3095, #3091, #3069, #3061, #3045, #3031, #3022, #3015, #3006, #2998, #2987, #2974, #2965, #2954, #2943, #2936, #2924, #2918, #2915, #2894, #2884, #2859, #2850, #2836, #2828, #2814, #2809, #2799, #2779, #2774, #2769, #2755, #2749, #2744, #2730, #2720, #2697, #2686, #2677, #2674, #2653, #2643, #2629, #2612, #2593, #2584, #2575, #2566, #2558, #2553, #2539, #2519, #2508, #2495, #2487, #2481, #2470, #2453, #2442, #2415, #2408, #2400, #2391, #2378, #2371, #2361, #2352, #2338, #2322, #2314, #2305, #2288, #2285, #2269, #2264, #2246, #2244, #2237, #2217, #2210, #2204, #2190, #2181, #2162, #2156, #2140, #2128, #2113, #2109, #2096, #2084, #2070, #2060, #2054, #2039, #2030, #2023, #2015, #2004, #1995, #1987, #1983, #1975, #1966, #1953, #1943, #1931, #1923, #1905, #1900, #1887, #1876, #1863, #1854, #1848, #1838, #1830, #1822, #1805, #1796, #1786, #1774, #1762, #1749, #1742, #1730, #1718, #1714, #1708, #1699, #1692, #1678, #1672, #1662, #1647, #1642, #1619, #1612, #1597, #1583, #1573, #1564, #1552, #1541, #1531, #1523, #1507, #1496, #1483, #1473, #1463, #1453, #1446, #1437, #1429, #1421, #1403, #1396, #1382, #1374, #1363, #1355, #1343, #1334, #1321, #1310, #1304, #1292, #1284, #1272, #1266, #1259, #1250, #1242, #1233, #1222, #1213, #1201, #1197, #1189, #1181, #1176, #1161, #1153, #1137, #1131, #1123, #1113, #1106, #1093, #1084, #1069, #1057, #1049, #1040, #1030, #1024, #1012, #999, #991, #982, #971, #963, #954, #945, #941, #933, #922, #913, #901, #888, #879, #874, #859, #844, #833, #825, #815, #812, #803, #794, #788, #776, #772, #766, #748, #737, #723, #718, #709, #701, #687, #685, #678, #664, #662, #651, #642, #637, #623, #619, #611, #593, #581, #565, #556, #545, #536, #526, #517, #505, #498, #488, #484, #472, #461, #452, #440, #424, #419, #412, #398, #386, #378, #372, #358, #352, #332, #319, #313, #303, #292, #287, #259, #250, #246, #243, #230, #223, #214, #201, #191, #187, #174, #166, #161, #151, #145, #128, #121, #102, #96, #86, #74, #71, #52, #42, #29, #9, #16, #39, #45, #59, #77, #93, #100, #117, #126, #138, #148, #153, #169, #197, #205, #220, #238, #252, #270 ),
 .UNSPECIFIED., .F., .F.,
 ( 4, 2, 2, 2, 2, 2, 1, 1, 1, 2, 2, 2, 2, 2, 2, 2, 1, 1, 1, 2, 2, 2, 2, 2, 2, 1, 1, 1, 1, 2, 2, 2, 2, 2, 2, 2, 1, 1, 2, 2, 2, 2, 2, 2, 2, 1, 1, 1, 2, 2, 2, 2, 2, 2, 2, 1, 1, 1, 2, 2, 2, 2, 2, 2, 2, 1, 1, 1, 2, 2, 2, 2, 2, 2, 2, 1, 1, 1, 2, 2, 2, 2, 2, 2, 2, 1, 1, 2, 2, 2, 2, 2, 2, 2, 1, 1, 1, 2, 2, 2, 2, 2, 2, 2, 1, 1, 1, 2, 2, 2, 2, 2, 2, 2, 1, 1, 1, 2, 2, 2, 2, 2, 2, 2, 1, 1, 1, 2, 2, 2, 2, 2, 2, 2, 1, 1, 2, 2, 2, 2, 2, 2, 2, 1, 1, 1, 2, 2, 2, 2, 2, 2, 2, 1, 1, 1, 2, 2, 2, 2, 2, 2, 1, 1, 1, 1, 2, 2, 2, 2, 2, 2, 2, 1, 1, 2, 2, 2, 2, 2, 2, 2, 1, 1, 1, 2, 2, 2, 2, 2, 2, 2, 1, 1, 1, 2, 2, 2, 2, 2, 2, 2, 1, 1, 1, 2, 2, 2, 2, 2, 2, 2, 1, 1, 1, 2, 2, 2, 2, 2, 2, 2, 1, 1, 1, 2, 2, 2, 2, 2, 2, 2, 1, 1, 1, 2, 2, 2, 2, 2, 2, 2, 1, 1, 1, 2, 2, 2, 2, 2, 2, 2, 1, 1, 1, 2, 2, 2, 2, 2, 2, 2, 2, 2, 2, 2, 2, 2, 2, 2, 2, 2, 2, 2, 2, 2, 2, 2, 2, 2, 2, 2, 4 ),
 ( 0.0000000000000000000, 0.007812499999999953200, 0.01562499999999990600, 0.02343749999999986100, 0.02734374999999983700, 0.02929687499999982300, 0.03027343749999982000, 0.03076171874999982000, 0.03100585937499981600, 0.03112792968749981300, 0.03124999999999980900, 0.03906249999999983300, 0.04687499999999984700, 0.05468749999999987500, 0.05859374999999988200, 0.06054687499999988900, 0.06152343749999988900, 0.06201171874999988900, 0.06225585937499988900, 0.06237792968749988900, 0.06249999999999988900, 0.07031249999999987500, 0.07812499999999984700, 0.08593749999999983300, 0.08984374999999982000, 0.09179687499999980600, 0.09277343749999980600, 0.09326171874999980600, 0.09350585937499980600, 0.09362792968749980600, 0.09374999999999979200, 0.1015625000000002400, 0.1093750000000006800, 0.1171875000000011100, 0.1210937500000013500, 0.1230468750000014600, 0.1240234375000015000, 0.1245117187500015300, 0.1247558593750015400, 0.1250000000000015500, 0.1328125000000018900, 0.1406250000000022500, 0.1484375000000025800, 0.1523437500000027500, 0.1542968750000028300, 0.1552734375000028600, 0.1557617187500028900, 0.1560058593750029100, 0.1561279296875029100, 0.1562500000000029100, 0.1640625000000027500, 0.1718750000000025500, 0.1796875000000023600, 0.1835937500000022500, 0.1855468750000022200, 0.1865234375000021900, 0.1870117187500021900, 0.1872558593750021900, 0.1873779296875021900, 0.1875000000000021600, 0.1953125000000019400, 0.2031250000000016900, 0.2109375000000014400, 0.2148437500000013600, 0.2167968750000012800, 0.2177734375000012500, 0.2182617187500012500, 0.2185058593750012500, 0.2186279296875012500, 0.2187500000000012500, 0.2265625000000011400, 0.2343750000000010300, 0.2421875000000009400, 0.2460937500000008900, 0.2480468750000008300, 0.2490234375000008300, 0.2495117187500008300, 0.2497558593750008300, 0.2498779296875008300, 0.2500000000000008300, 0.2578125000000001700, 0.2656249999999995000, 0.2734374999999988300, 0.2773437499999985600, 0.2792968749999983900, 0.2802734374999983300, 0.2807617187499982800, 0.2810058593749982800, 0.2812499999999982800, 0.2890624999999978400, 0.2968749999999973900, 0.3046874999999969500, 0.3085937499999967800, 0.3105468749999966100, 0.3115234374999965600, 0.3120117187499965600, 0.3122558593749965600, 0.3123779296874965600, 0.3124999999999965600, 0.3203124999999958900, 0.3281249999999952800, 0.3359374999999945600, 0.3398437499999941700, 0.3417968749999940000, 0.3427734374999939500, 0.3432617187499938900, 0.3435058593749938900, 0.3436279296874938900, 0.3437499999999938900, 0.3515624999999931700, 0.3593749999999924500, 0.3671874999999917300, 0.3710937499999914000, 0.3730468749999912300, 0.3740234374999911700, 0.3745117187499911200, 0.3747558593749911200, 0.3748779296874911200, 0.3749999999999911200, 0.3828124999999907300, 0.3906249999999903400, 0.3984374999999899500, 0.4023437499999897900, 0.4042968749999896200, 0.4052734374999895600, 0.4057617187499895600, 0.4060058593749895600, 0.4061279296874895600, 0.4062499999999895600, 0.4140624999999895600, 0.4218749999999895600, 0.4296874999999896200, 0.4335937499999895600, 0.4355468749999895600, 0.4365234374999895600, 0.4370117187499895600, 0.4372558593749895600, 0.4374999999999895600, 0.4453124999999895600, 0.4531249999999895600, 0.4609374999999895600, 0.4648437499999895600, 0.4667968749999895600, 0.4677734374999895100, 0.4682617187499895100, 0.4685058593749895100, 0.4686279296874895100, 0.4687499999999895100, 0.4765624999999893400, 0.4843749999999891200, 0.4921874999999889000, 0.4960937499999887300, 0.4980468749999886800, 0.4990234374999886800, 0.4995117187499886800, 0.4997558593749886800, 0.4998779296874886800, 0.4999999999999886800, 0.5078124999999884500, 0.5156249999999881200, 0.5234374999999879000, 0.5273437499999877900, 0.5292968749999876800, 0.5302734374999876800, 0.5307617187499876800, 0.5310058593749876800, 0.5311279296874876800, 0.5312499999999876800, 0.5390624999999876800, 0.5468749999999875700, 0.5546874999999875700, 0.5585937499999875700, 0.5605468749999875700, 0.5615234374999875700, 0.5620117187499875700, 0.5622558593749875700, 0.5624999999999875700, 0.5703124999999875700, 0.5781249999999876800, 0.5859374999999876800, 0.5898437499999876800, 0.5917968749999876800, 0.5927734374999876800, 0.5932617187499876800, 0.5935058593749876800, 0.5936279296874876800, 0.5937499999999876800, 0.6015624999999875700, 0.6093749999999873400, 0.6171874999999872300, 0.6210937499999870100, 0.6230468749999870100, 0.6240234374999870100, 0.6245117187499870100, 0.6247558593749870100, 0.6248779296874870100, 0.6249999999999870100, 0.6328124999999870100, 0.6406249999999869000, 0.6484374999999869000, 0.6523437499999869000, 0.6542968749999869000, 0.6552734374999869000, 0.6557617187499869000, 0.6560058593749869000, 0.6561279296874869000, 0.6562499999999869000, 0.6640624999999867900, 0.6718749999999867900, 0.6796874999999866800, 0.6835937499999866800, 0.6855468749999866800, 0.6865234374999866800, 0.6870117187499866800, 0.6872558593749866800, 0.6873779296874866800, 0.6874999999999866800, 0.6953124999999866800, 0.7031249999999867900, 0.7109374999999869000, 0.7148437499999867900, 0.7167968749999867900, 0.7177734374999867900, 0.7182617187499867900, 0.7185058593749867900, 0.7186279296874867900, 0.7187499999999867900, 0.7265624999999870100, 0.7343749999999871200, 0.7421874999999873400, 0.7460937499999874500, 0.7480468749999875700, 0.7490234374999875700, 0.7495117187499875700, 0.7497558593749875700, 0.7498779296874875700, 0.7499999999999875700, 0.7578124999999877900, 0.7656249999999881200, 0.7734374999999883400, 0.7773437499999885600, 0.7792968749999886800, 0.7802734374999886800, 0.7807617187499886800, 0.7810058593749886800, 0.7811279296874886800, 0.7812499999999886800, 0.7890624999999891200, 0.7968749999999896700, 0.8046874999999902300, 0.8085937499999903400, 0.8105468749999904500, 0.8115234374999905600, 0.8120117187499905600, 0.8122558593749905600, 0.8123779296874905600, 0.8124999999999905600, 0.8203124999999910100, 0.8281249999999913400, 0.8359374999999917800, 0.8437499999999921200, 0.8515624999999925600, 0.8593749999999930100, 0.8671874999999933400, 0.8710937499999935600, 0.8749999999999937800, 0.8828124999999941200, 0.8906249999999945600, 0.8984374999999948900, 0.9062499999999953400, 0.9140624999999957800, 0.9218749999999961100, 0.9296874999999965600, 0.9335937499999967800, 0.9374999999999968900, 0.9453124999999973400, 0.9531249999999977800, 0.9609374999999981100, 0.9687499999999985600, 0.9765624999999988900, 0.9843749999999993300, 0.9921874999999996700, 1.000000000000000000 ),
 .UNSPECIFIED. ) ;
#3284 = CIRCLE ( 'NONE', #2783, 0.004999999999940460900 ) ;
#3285 = EDGE_CURVE ( 'NONE', #5190, #4884, #780, .T. ) ;
#3286 = ORIENTED_EDGE ( 'NONE', *, *, #2613, .T. ) ;
#3287 = CARTESIAN_POINT ( 'NONE',  ( -0.4992896571633581000, 0.05749477982875826600, -0.1126792251917238800 ) ) ;
#3288 = CARTESIAN_POINT ( 'NONE',  ( 0.1590488433693400500, 0.1883109648799838600, -0.01235270439538886500 ) ) ;
#3289 = CARTESIAN_POINT ( 'NONE',  ( -0.6708709883055665700, 0.01188285829189035500, 0.02182250319206470800 ) ) ;
#3290 = LINE ( 'NONE', #3625, #3222 ) ;
#3291 = VERTEX_POINT ( 'NONE', #4261 ) ;
#3292 = CARTESIAN_POINT ( 'NONE',  ( -0.6205312060350546300, 0.01893848332308559200, -0.02339850220653323300 ) ) ;
#3293 = ADVANCED_FACE ( 'NONE', ( #175 ), #1383, .T. ) ;
#3294 = CARTESIAN_POINT ( 'NONE',  ( -0.8939999999999999100, 0.2444999999999999700, -0.09799999999999012300 ) ) ;
#3295 = EDGE_CURVE ( 'NONE', #5264, #5533, #7153, .T. ) ;
#3296 = PRESENTATION_LAYER_ASSIGNMENT (  '', '', ( #3385 ) ) ;
#3297 = CARTESIAN_POINT ( 'NONE',  ( 0.3070199999999999600, -5.653217941888984800E-014, 0.1272500000000277300 ) ) ;
#3298 = CIRCLE ( 'NONE', #2222, 0.07999999999995319200 ) ;
#3299 = CARTESIAN_POINT ( 'NONE',  ( 0.1585094185099111000, 0.1855954908641226600, -0.03280962989849525700 ) ) ;
#3300 = FACE_OUTER_BOUND ( 'NONE', #1413, .T. ) ;
#3301 = DIRECTION ( 'NONE',  ( -7.918399981635679700E-016, 0.0000000000000000000, -1.000000000000000000 ) ) ;
#3302 = EDGE_LOOP ( 'NONE', ( #4186, #5523, #868 ) ) ;
#3303 = CARTESIAN_POINT ( 'NONE',  ( -0.6186555718706457900, 0.02776264978033654900, -0.02469961882353363300 ) ) ;
#3304 = CYLINDRICAL_SURFACE ( 'NONE', #2500, 0.08500000000161266100 ) ;
#3305 = CARTESIAN_POINT ( 'NONE',  ( -0.3384850254899756100, -0.05433794956650921800, -0.1175924966681984900 ) ) ;
#3306 = DIRECTION ( 'NONE',  ( -0.0000000000000000000, -1.000000000000000000, -0.0000000000000000000 ) ) ;
#3307 = EDGE_CURVE ( 'NONE', #3157, #4526, #792, .T. ) ;
#3308 = DIRECTION ( 'NONE',  ( -1.000000000000000000, 1.108751990959527400E-015, 1.180700948117231100E-015 ) ) ;
#3309 = EDGE_CURVE ( 'NONE', #4541, #3132, #7173, .T. ) ;
#3310 = CARTESIAN_POINT ( 'NONE',  ( -0.6264148568389811300, 0.01141382097184868600, -0.02111880497614878100 ) ) ;
#3311 = FACE_OUTER_BOUND ( 'NONE', #6234, .T. ) ;
#3312 = CARTESIAN_POINT ( 'NONE',  ( -0.7810000000000001400, -0.2732499999999999900, -0.3075000000000000000 ) ) ;
#3313 = CARTESIAN_POINT ( 'NONE',  ( 0.1574864200296400000, 0.1750298388322721100, -0.06991741763053693800 ) ) ;
#3314 = VERTEX_POINT ( 'NONE', #4122 ) ;
#3315 = CARTESIAN_POINT ( 'NONE',  ( 0.7343750000000043300, -1.749236418443159400E-014, 0.1725000000000311600 ) ) ;
#3316 = CIRCLE ( 'NONE', #2045, 0.2500000000001477200 ) ;
#3317 = EDGE_CURVE ( 'NONE', #5363, #1919, #7138, .T. ) ;
#3318 = CARTESIAN_POINT ( 'NONE',  ( -0.3772794277176711500, 0.07379624821149376200, -0.1027441665007119400 ) ) ;
#3319 = APPLICATION_PROTOCOL_DEFINITION ( 'draft international standard', 'automotive_design', 1998, #3367 ) ;
#3320 = EDGE_LOOP ( 'NONE', ( #775, #6059, #5512, #6796 ) ) ;
#3321 = CARTESIAN_POINT ( 'NONE',  ( 0.7031250000000024400, -1.162341282646013300E-014, 8.094143919163550900E-017 ) ) ;
#3322 = DIRECTION ( 'NONE',  ( -1.000000000000000000, 4.094932536742629700E-016, 4.360660245055356500E-016 ) ) ;
#3323 = CARTESIAN_POINT ( 'NONE',  ( 0.1570028464087966400, 0.1671873811269758400, -0.08657014896556189400 ) ) ;
#3324 = CARTESIAN_POINT ( 'NONE',  ( -1.047535326960999900, 0.01700000000000000100, -0.2437953433570999900 ) ) ;
#3325 = CARTESIAN_POINT ( 'NONE',  ( 0.3027661706602981500, 2.249637981553483900E-009, -0.1812340157342725300 ) ) ;
#3326 = CARTESIAN_POINT ( 'NONE',  ( -0.8939999999999999100, 0.09800000000000000400, -0.2525000000000000000 ) ) ;
#3327 = FACE_BOUND ( 'NONE', #3711, .T. ) ;
#3328 = VERTEX_POINT ( 'NONE', #4052 ) ;
#3329 = CARTESIAN_POINT ( 'NONE',  ( -0.3552436610350082600, -0.07654911405472494800, -0.1007098959261074900 ) ) ;
#3330 =( GEOMETRIC_REPRESENTATION_CONTEXT ( 3 ) GLOBAL_UNCERTAINTY_ASSIGNED_CONTEXT ( ( #142 ) ) GLOBAL_UNIT_ASSIGNED_CONTEXT ( ( #149, #157, #171 ) ) REPRESENTATION_CONTEXT ( 'NONE', 'WORKASPACE' ) );
#3331 = CARTESIAN_POINT ( 'NONE',  ( 0.3259999999999851400, -0.1416837567297257500, 7.882858385819241300E-014 ) ) ;
#3332 = AXIS2_PLACEMENT_3D ( 'NONE', #2155, #2239, #2261 ) ;
#3334 = ADVANCED_FACE ( 'NONE', ( #7161 ), #4192, .F. ) ;
#3333 = PLANE ( 'NONE',  #1519 ) ;
#3335 = DIRECTION ( 'NONE',  ( -1.000000000000000000, 0.0000000000000000000, 0.0000000000000000000 ) ) ;
#3336 = VERTEX_POINT ( 'NONE', #3961 ) ;
#3337 = B_SPLINE_CURVE_WITH_KNOTS ( 'NONE', 3,
 ( #5486, #5468, #5437, #5430, #5414, #5411, #5401, #5391, #5376, #5358 ),
 .UNSPECIFIED., .F., .F.,
 ( 4, 2, 2, 2, 4 ),
 ( 0.4999991626488041700, 0.6249993719866031600, 0.7499995813244020300, 0.8749997906622010200, 1.000000000000000000 ),
 .UNSPECIFIED. ) ;
#3338 = FACE_OUTER_BOUND ( 'NONE', #2618, .T. ) ;
#3339 = VERTEX_POINT ( 'NONE', #4036 ) ;
#3340 = CARTESIAN_POINT ( 'NONE',  ( 0.3061465571847000200, -0.1806148198286999800, -0.04009450449977000600 ) ) ;
#3341 = ORIENTED_EDGE ( 'NONE', *, *, #6948, .F. ) ;
#3342 = CARTESIAN_POINT ( 'NONE',  ( 0.1560915504056932000, 0.1487167283036269200, -0.1154466210281542000 ) ) ;
#3343 = LINE ( 'NONE', #3708, #3371 ) ;
#3344 = VERTEX_POINT ( 'NONE', #3938 ) ;
#3345 = CARTESIAN_POINT ( 'NONE',  ( -0.7339999999999982100, -0.1099774022998726600, -0.2605000000000000100 ) ) ;
#3346 = ORIENTED_EDGE ( 'NONE', *, *, #2909, .F. ) ;
#3347 = ORIENTED_EDGE ( 'NONE', *, *, #6744, .T. ) ;
#3348 = CARTESIAN_POINT ( 'NONE',  ( -0.8939999999999997900, -0.1605132393293009800, 0.2156675682618989200 ) ) ;
#3349 = CARTESIAN_POINT ( 'NONE',  ( 0.3070199999999999000, -5.653217941888984800E-014, 5.335577574977952400E-017 ) ) ;
#3350 = CARTESIAN_POINT ( 'NONE',  ( -0.7339999999999999900, -0.3075000000000000000, -0.1959999999999624800 ) ) ;
#3351 = DIRECTION ( 'NONE',  ( 0.0000000000000000000, -0.7071067811865474600, 0.7071067811865474600 ) ) ;
#3352 = CARTESIAN_POINT ( 'NONE',  ( 0.1556638280234330700, 0.1381156699937854100, -0.1276921774290848700 ) ) ;
#3353 = CONICAL_SURFACE ( 'NONE', #2398, 0.2894486372868748100, 1.134464013795892100 ) ;
#3354 = EDGE_CURVE ( 'NONE', #4902, #2008, #654, .T. ) ;
#3355 = ORIENTED_EDGE ( 'NONE', *, *, #30, .F. ) ;
#3356 = ORIENTED_EDGE ( 'NONE', *, *, #3359, .F. ) ;
#3357 = CARTESIAN_POINT ( 'NONE',  ( 0.2244738600487963500, -0.1468834556737523800, -0.08465732589105658100 ) ) ;
#3359 = EDGE_CURVE ( 'NONE', #590, #1972, #7011, .T. ) ;
#3358 = CARTESIAN_POINT ( 'NONE',  ( -0.3296429279817850700, -0.02789906872531519900, -0.1265000000000640600 ) ) ;
#3360 = CARTESIAN_POINT ( 'NONE',  ( -0.7810000000000001400, -0.3025000000000382400, -0.1910000000000000000 ) ) ;
#3361 = CARTESIAN_POINT ( 'NONE',  ( 0.1552515376116218300, 0.1267521581502572500, -0.1381666819308009500 ) ) ;
#3362 = DIRECTION ( 'NONE',  ( 0.0000000000000000000, 0.0000000000000000000, -1.000000000000000000 ) ) ;
#3363 = CIRCLE ( 'NONE', #1794, 0.2499999999997205600 ) ;
#3364 = ORIENTED_EDGE ( 'NONE', *, *, #184, .F. ) ;
#3365 = ORIENTED_EDGE ( 'NONE', *, *, #2498, .F. ) ;
#3366 = DIRECTION ( 'NONE',  ( -0.0000000000000000000, -0.0000000000000000000, 1.000000000000000000 ) ) ;
#3367 = APPLICATION_CONTEXT ( 'automotive_design' ) ;
#3368 = EDGE_CURVE ( 'NONE', #5568, #4416, #7188, .T. ) ;
#3369 = DIRECTION ( 'NONE',  ( -0.0000000000000000000, -0.7071067811865475700, -0.7071067811865475700 ) ) ;
#3370 = CARTESIAN_POINT ( 'NONE',  ( 0.1552346596958706100, 0.1262853020492319100, -0.1385937064051730700 ) ) ;
#3371 = VECTOR ( 'NONE', #3717, 39.37007874015748900 ) ;
#3372 = DIRECTION ( 'NONE',  ( -0.9918538434790308300, 0.1273811335162092500, 0.0000000000000000000 ) ) ;
#3373 = VERTEX_POINT ( 'NONE', #3848 ) ;
#3374 = EDGE_LOOP ( 'NONE', ( #1833, #1886, #1910, #1710 ) ) ;
#3375 = CARTESIAN_POINT ( 'NONE',  ( 0.7031250000000154300, -0.2165063509434527500, -0.1250000000046127500 ) ) ;
#3376 = ADVANCED_FACE ( 'NONE', ( #6965 ), #3768, .F. ) ;
#3377 = CARTESIAN_POINT ( 'NONE',  ( -0.3296429279817957300, 3.930074648464835200E-014, -0.1265000000000640300 ) ) ;
#3378 = FILL_AREA_STYLE ('',( #3168 ) ) ;
#3379 = CYLINDRICAL_SURFACE ( 'NONE', #840, 0.004999999999940460900 ) ;
#3380 = DIRECTION ( 'NONE',  ( 5.367088396195814000E-016, 0.0000000000000000000, 1.000000000000000000 ) ) ;
#3381 = CARTESIAN_POINT ( 'NONE',  ( 0.1552052572615387500, 0.1254682613084604200, -0.1393335738731457900 ) ) ;
#3382 = ORIENTED_EDGE ( 'NONE', *, *, #1290, .F. ) ;
#3383 = DIRECTION ( 'NONE',  ( -0.0000000000000000000, 1.000000000000000000, 0.0000000000000000000 ) ) ;
#3384 = EDGE_CURVE ( 'NONE', #2537, #3452, #7046, .T. ) ;
#3385 = STYLED_ITEM ( 'NONE', ( #2106 ), #1587 ) ;
#3386 = B_SPLINE_CURVE_WITH_KNOTS ( 'NONE', 3,
 ( #5671, #5716, #5735, #5670, #5658, #5656 ),
 .UNSPECIFIED., .F., .F.,
 ( 4, 2, 4 ),
 ( 0.0000000000000000000, 0.4999999696638651200, 0.9999999393277300100 ),
 .UNSPECIFIED. ) ;
#3387 = CARTESIAN_POINT ( 'NONE',  ( 0.1551611227403030000, 0.1242368747128497600, -0.1404387883629763200 ) ) ;
#3388 = CARTESIAN_POINT ( 'NONE',  ( -0.7339999999999965400, -0.1099774022998728800, -0.2524999999999999500 ) ) ;
#3389 = CONICAL_SURFACE ( 'NONE', #1512, 0.1574100156933725400, 0.7853981633982263200 ) ;
#3390 = EDGE_LOOP ( 'NONE', ( #5309, #5466, #5433, #5491 ) ) ;
#3391 = CARTESIAN_POINT ( 'NONE',  ( 0.01562000000000000000, -0.2573444419450000000, 0.1300652213315000000 ) ) ;
#3392 = DIRECTION ( 'NONE',  ( 1.000000000000000000, 0.0000000000000000000, 0.0000000000000000000 ) ) ;
#3393 = CYLINDRICAL_SURFACE ( 'NONE', #2182, 0.07999999999995319200 ) ;
#3394 = EDGE_CURVE ( 'NONE', #1094, #361, #6897, .T. ) ;
#3395 = FACE_OUTER_BOUND ( 'NONE', #2554, .T. ) ;
#3396 = CARTESIAN_POINT ( 'NONE',  ( 0.3043923666310999800, -0.1833467408239000100, 0.02476252976213000000 ) ) ;
#3397 = ORIENTED_EDGE ( 'NONE', *, *, #4999, .T. ) ;
#3398 = SURFACE_SIDE_STYLE ('',( #1632 ) ) ;
#3399 = CARTESIAN_POINT ( 'NONE',  ( 0.1550579261025881700, 0.1213230789953802400, -0.1429850838709278400 ) ) ;
#3400 = CARTESIAN_POINT ( 'NONE',  ( -0.7339999999999999900, -0.2580939751330749700, 0.1308147545195250100 ) ) ;
#3401 = LINE ( 'NONE', #4019, #3568 ) ;
#3402 = CIRCLE ( 'NONE', #6373, 0.08500000000161372900 ) ;
#3403 = CARTESIAN_POINT ( 'NONE',  ( 0.7211595114417742600, 0.2886751345948361200, 3.196651316724173200E-015 ) ) ;
#3404 = EDGE_LOOP ( 'NONE', ( #5807, #5722, #5684, #5654 ) ) ;
#3405 = CARTESIAN_POINT ( 'NONE',  ( 0.1549691014048349700, 0.1187567646032929400, -0.1451103564810580500 ) ) ;
#3406 = DIRECTION ( 'NONE',  ( 0.0000000000000000000, -0.7071067811865474600, -0.7071067811865474600 ) ) ;
#3407 = EDGE_CURVE ( 'NONE', #4554, #5326, #6865, .T. ) ;
#3408 = AXIS2_PLACEMENT_3D ( 'NONE', #6692, #5296, #5224 ) ;
#3409 = SURFACE_STYLE_USAGE ( .BOTH. , #3398 ) ;
#3410 = EDGE_CURVE ( 'NONE', #4534, #1916, #6805, .T. ) ;
#3411 = FACE_OUTER_BOUND ( 'NONE', #1673, .T. ) ;
#3412 = CARTESIAN_POINT ( 'NONE',  ( -1.044524830354220700, -0.06099999999999998500, -0.2604999999999999000 ) ) ;
#3413 = ORIENTED_EDGE ( 'NONE', *, *, #5111, .T. ) ;
#3414 = DIRECTION ( 'NONE',  ( -1.000000000000000000, 0.0000000000000000000, -4.268512490100792000E-016 ) ) ;
#3415 = CARTESIAN_POINT ( 'NONE',  ( 0.1547909580935227800, 0.1135345566148480000, -0.1492804968109583100 ) ) ;
#3416 = DIRECTION ( 'NONE',  ( 2.444793052347634800E-016, -3.532958964958343900E-031, -1.000000000000000000 ) ) ;
#3417 = LINE ( 'NONE', #3915, #3277 ) ;
#3418 = EDGE_CURVE ( 'NONE', #2232, #605, #6838, .T. ) ;
#3420 = ADVANCED_FACE ( 'NONE', ( #6658 ), #6556, .T. ) ;
#3419 = CARTESIAN_POINT ( 'NONE',  ( -0.5012337352029999600, 0.05717360803858999300, -0.1142580992560000000 ) ) ;
#3421 = EDGE_CURVE ( 'NONE', #4458, #3459, #6688, .T. ) ;
#3422 = ORIENTED_EDGE ( 'NONE', *, *, #2759, .F. ) ;
#3423 = PLANE ( 'NONE',  #583 ) ;
#3424 = VECTOR ( 'NONE', #327, 39.37007874015748100 ) ;
#3425 = CARTESIAN_POINT ( 'NONE',  ( -0.8940000000000001300, -0.1767766952966000100, 0.1767766952966000100 ) ) ;
#3426 = CARTESIAN_POINT ( 'NONE',  ( 0.1546715373315734600, 0.1099336063179503100, -0.1519534164914205800 ) ) ;
#3427 = DIRECTION ( 'NONE',  ( -1.000000000000000000, 0.0000000000000000000, -4.268512490100792000E-016 ) ) ;
#3428 = ORIENTED_EDGE ( 'NONE', *, *, #6515, .F. ) ;
#3429 = CARTESIAN_POINT ( 'NONE',  ( -0.7909999999999595100, -0.02199999999995364000, -0.2444999999999999400 ) ) ;
#3430 = CARTESIAN_POINT ( 'NONE',  ( -0.7810000000000001400, 0.2454999999999766000, -0.3075000000000000000 ) ) ;
#3431 = CARTESIAN_POINT ( 'NONE',  ( 0.1543112993825012400, 0.09879069484203136000, -0.1596170878982511600 ) ) ;
#3432 =( LENGTH_UNIT ( ) NAMED_UNIT ( * ) SI_UNIT ( $, .METRE. ) );
#3433 = EDGE_LOOP ( 'NONE', ( #5842, #6044, #5966, #5935 ) ) ;
#3434 = CARTESIAN_POINT ( 'NONE',  ( 0.3026381760774999900, -0.1635073326227000100, 0.08657131008544001500 ) ) ;
#3435 = CARTESIAN_POINT ( 'NONE',  ( -0.7340000000000001000, -0.2389999999999999900, -0.1910000000000000600 ) ) ;
#3436 = FACE_OUTER_BOUND ( 'NONE', #2323, .T. ) ;
#3437 = ORIENTED_EDGE ( 'NONE', *, *, #1556, .T. ) ;
#3438 = DIRECTION ( 'NONE',  ( -1.000000000000000000, 4.094932536742629700E-016, 4.360660245055356500E-016 ) ) ;
#3439 = CARTESIAN_POINT ( 'NONE',  ( -0.7810000000000001400, 0.1910000000000000000, 0.3025000000000382400 ) ) ;
#3440 = CARTESIAN_POINT ( 'NONE',  ( 0.05000000000000000300, -6.428111140775616900E-014, 0.1874999999999695200 ) ) ;
#3441 = EDGE_LOOP ( 'NONE', ( #1732, #2893, #995, #3637 ) ) ;
#3442 = CARTESIAN_POINT ( 'NONE',  ( 0.1540685065321544300, 0.09090801183493670000, -0.1642532962878007500 ) ) ;
#3443 = B_SPLINE_CURVE_WITH_KNOTS ( 'NONE', 3,
 ( #1274, #1469, #1551, #1563 ),
 .UNSPECIFIED., .F., .F.,
 ( 4, 4 ),
 ( 6.235848320757247600E-016, 0.003694680973669640200 ),
 .UNSPECIFIED. ) ;
#3444 = EDGE_CURVE ( 'NONE', #6788, #5004, #6762, .T. ) ;
#3445 = CIRCLE ( 'NONE', #63, 0.004999999999940460900 ) ;
#3446 = ORIENTED_EDGE ( 'NONE', *, *, #1599, .F. ) ;
#3447 = DIRECTION ( 'NONE',  ( 2.444793052347634800E-016, -3.532958964958343900E-031, -1.000000000000000000 ) ) ;
#3448 = VERTEX_POINT ( 'NONE', #3487 ) ;
#3449 = CYLINDRICAL_SURFACE ( 'NONE', #1773, 0.03000000000006647300 ) ;
#3450 =( CONVERSION_BASED_UNIT ( 'INCH', #2057 ) LENGTH_UNIT ( ) NAMED_UNIT ( #2452 ) );
#3451 = CARTESIAN_POINT ( 'NONE',  ( 0.1533322253282178900, 0.06606790013952908200, -0.1764555253228756700 ) ) ;
#3452 = VERTEX_POINT ( 'NONE', #3412 ) ;
#3453 = ORIENTED_EDGE ( 'NONE', *, *, #6203, .F. ) ;
#3454 = CARTESIAN_POINT ( 'NONE',  ( -0.7909999999999595100, -0.02199999999995364000, -0.2605000000000000100 ) ) ;
#3455 = DIRECTION ( 'NONE',  ( -1.000000000000000000, -0.0000000000000000000, -0.0000000000000000000 ) ) ;
#3456 = CIRCLE ( 'NONE', #2093, 0.1874999999999657200 ) ;
#3457 = DIRECTION ( 'NONE',  ( 1.000000000000000000, 0.0000000000000000000, -0.0000000000000000000 ) ) ;
#3458 = EDGE_LOOP ( 'NONE', ( #4775, #4864, #4928, #4956, #4986, #5034 ) ) ;
#3459 = VERTEX_POINT ( 'NONE', #3469 ) ;
#3460 =( NAMED_UNIT ( * ) PLANE_ANGLE_UNIT ( ) SI_UNIT ( $, .RADIAN. ) );
#3461 = CARTESIAN_POINT ( 'NONE',  ( 0.1528308343217318100, 0.04789707280579479100, -0.1823037536671997200 ) ) ;
#3462 = EDGE_CURVE ( 'NONE', #1212, #6788, #6571, .T. ) ;
#3463 = FACE_OUTER_BOUND ( 'NONE', #2861, .T. ) ;
#3466 = EDGE_CURVE ( 'NONE', #6644, #6488, #6626, .T. ) ;
#3465 = EDGE_LOOP ( 'NONE', ( #2606, #6952, #5164, #3453 ) ) ;
#3464 = CARTESIAN_POINT ( 'NONE',  ( 0.3846441616224999800, 4.481875076957911400E-017, -1.846878641654195600E-014 ) ) ;
#3467 = ORIENTED_EDGE ( 'NONE', *, *, #6422, .F. ) ;
#3468 = CARTESIAN_POINT ( 'NONE',  ( 0.1518069785677019500, 0.009774937984208536800, -0.1882516302028223700 ) ) ;
#3469 = CARTESIAN_POINT ( 'NONE',  ( -0.6754427768132725800, 0.01305795632193486100, 0.05454266999530367500 ) ) ;
#3470 = CARTESIAN_POINT ( 'NONE',  ( 0.3846441616224999800, 4.481875076957911400E-017, -1.846878641654195600E-014 ) ) ;
#3471 = ORIENTED_EDGE ( 'NONE', *, *, #5409, .T. ) ;
#3472 = CARTESIAN_POINT ( 'NONE',  ( -0.7810000000000001400, 0.1950000000000000100, -0.2512500000000000300 ) ) ;
#3473 = DIRECTION ( 'NONE',  ( -1.000000000000000000, 0.0000000000000000000, 0.0000000000000000000 ) ) ;
#3474 = DIRECTION ( 'NONE',  ( 0.0000000000000000000, -1.000000000000000000, 0.0000000000000000000 ) ) ;
#3475 = EDGE_CURVE ( 'NONE', #3659, #5838, #6523, .T. ) ;
#3476 = CARTESIAN_POINT ( 'NONE',  ( -0.8939999999999997900, -0.1166726188957503300, 0.2368807716974496700 ) ) ;
#3477 = CONICAL_SURFACE ( 'NONE', #661, 0.1720120028468149200, 0.7649928327086166200 ) ;
#3478 = VERTEX_POINT ( 'NONE', #3331 ) ;
#3479 = CARTESIAN_POINT ( 'NONE',  ( 0.7348833303678998800, -1.749236418443148600E-014, 0.1720120028468149800 ) ) ;
#3480 = CARTESIAN_POINT ( 'NONE',  ( -0.8939999999999997900, 0.2605000000000000100, 0.06100000000001001100 ) ) ;
#3481 = CARTESIAN_POINT ( 'NONE',  ( 0.1512845138201589500, -0.01018185380870071700, -0.1883019782712743700 ) ) ;
#3482 =( NAMED_UNIT ( * ) SI_UNIT ( $, .STERADIAN. ) SOLID_ANGLE_UNIT ( ) );
#3483 = VECTOR ( 'NONE', #3976, 39.37007874015748100 ) ;
#3484 = DIRECTION ( 'NONE',  ( 0.0000000000000000000, 0.7071067811894191600, 0.7071067811836759800 ) ) ;
#3485 = B_SPLINE_CURVE_WITH_KNOTS ( 'NONE', 3,
 ( #1056, #1128, #1297, #1326 ),
 .UNSPECIFIED., .F., .F.,
 ( 4, 4 ),
 ( 2.351214105499947600E-016, 0.003694680973536693200 ),
 .UNSPECIFIED. ) ;
#3486 = CIRCLE ( 'NONE', #154, 0.004999999999940460900 ) ;
#3487 = CARTESIAN_POINT ( 'NONE',  ( -0.3296429279817957300, 3.930074648464835200E-014, -0.1265000000000640300 ) ) ;
#3488 = VERTEX_POINT ( 'NONE', #3400 ) ;
#3489 = CARTESIAN_POINT ( 'NONE',  ( -0.8939999999999997900, 0.2444999999999999400, 0.1420000000000000400 ) ) ;
#3490 = DIRECTION ( 'NONE',  ( 0.0000000000000000000, 0.0000000000000000000, -1.000000000000000000 ) ) ;
#3491 = CARTESIAN_POINT ( 'NONE',  ( 0.7027643097711999700, -4.210354007422793300E-015, -3.267973162420875000E-014 ) ) ;
#3492 = CARTESIAN_POINT ( 'NONE',  ( -0.8890000000000000100, 0.1029999999999999900, -0.2605000000000000100 ) ) ;
#3493 = VECTOR ( 'NONE', #2616, 39.37007874015748900 ) ;
#3494 = FACE_OUTER_BOUND ( 'NONE', #3631, .T. ) ;
#3495 = DIRECTION ( 'NONE',  ( 0.3907311284903379200, 0.9205048534519885100, 0.0000000000000000000 ) ) ;
#3496 = CARTESIAN_POINT ( 'NONE',  ( 0.1815990278787000000, -0.1762106778113000100, -0.05638521010119999100 ) ) ;
#3497 = EDGE_LOOP ( 'NONE', ( #431, #4973, #6133, #1634, #5961 ) ) ;
#3499 = ADVANCED_FACE ( 'NONE', ( #6403 ), #6368, .T. ) ;
#3498 = CARTESIAN_POINT ( 'NONE',  ( -0.6785686258411792700, 0.005693917494325923700, 0.05454266999530459800 ) ) ;
#3500 = DIRECTION ( 'NONE',  ( -0.9723699203988067600, 0.0000000000000000000, 0.2334453638511979100 ) ) ;
#3501 = CARTESIAN_POINT ( 'NONE',  ( -0.7339999999999999900, 0.1949999999999911800, -0.3025000000000454500 ) ) ;
#3502 = CARTESIAN_POINT ( 'NONE',  ( 0.3008839855239000000, -0.1235386239510000000, 0.1377223422697000100 ) ) ;
#3503 = CARTESIAN_POINT ( 'NONE',  ( -0.8939999999999999100, -0.2032050540336000100, 0.1493518015785000000 ) ) ;
#3504 = ORIENTED_EDGE ( 'NONE', *, *, #2841, .F. ) ;
#3505 = CARTESIAN_POINT ( 'NONE',  ( 0.1000000000000000100, -6.428111140775616900E-014, 0.1874999999999695200 ) ) ;
#3506 = VECTOR ( 'NONE', #4189, 39.37007874015748100 ) ;
#3507 = CARTESIAN_POINT ( 'NONE',  ( 0.3009999999999994900, -0.1272500000000842100, 7.881852842964255200E-014 ) ) ;
#3508 = CARTESIAN_POINT ( 'NONE',  ( 0.1502185105840032900, -0.04992803971194658500, -0.1818578910875164000 ) ) ;
#3509 = ORIENTED_EDGE ( 'NONE', *, *, #2431, .F. ) ;
#3510 = DIRECTION ( 'NONE',  ( -0.2334453638511979100, 1.497369606983217800E-017, -0.9723699203988068800 ) ) ;
#3511 = CARTESIAN_POINT ( 'NONE',  ( 0.1496749720953856100, -0.06970178893622737400, -0.1753167186204335200 ) ) ;
#3512 = CARTESIAN_POINT ( 'NONE',  ( -0.4924824326909454900, 0.06022595424367913100, -0.08608170678572023300 ) ) ;
#3513 = CARTESIAN_POINT ( 'NONE',  ( 0.7031250000000230900, 0.2165063509434593800, -0.1250000000046165800 ) ) ;
#3514 = DIRECTION ( 'NONE',  ( 0.0000000000000000000, 0.0000000000000000000, -1.000000000000000000 ) ) ;
#3515 = CARTESIAN_POINT ( 'NONE',  ( -0.7809999999999999200, -0.2319310242291499600, 0.2319310242291499600 ) ) ;
#3516 = VERTEX_POINT ( 'NONE', #3205 ) ;
#3517 = CARTESIAN_POINT ( 'NONE',  ( 0.1491122393087553300, -0.08849866005181443500, -0.1652975820691163800 ) ) ;
#3518 = CARTESIAN_POINT ( 'NONE',  ( -0.7326561901864000500, -0.1101499841963000000, -0.2605000000000000100 ) ) ;
#3519 = CARTESIAN_POINT ( 'NONE',  ( -0.6685135088902800500, -0.02199999999999756300, -0.1641979228716846100 ) ) ;
#3520 = EDGE_CURVE ( 'NONE', #4264, #5991, #6460, .T. ) ;
#3521 = EDGE_CURVE ( 'NONE', #6788, #4980, #6447, .T. ) ;
#3522 = LINE ( 'NONE', #3977, #3483 ) ;
#3523 = EDGE_LOOP ( 'NONE', ( #4108, #4092, #3964, #3873 ) ) ;
#3524 = DIRECTION ( 'NONE',  ( 0.0000000000000000000, 0.0000000000000000000, 1.000000000000000000 ) ) ;
#3525 = CARTESIAN_POINT ( 'NONE',  ( -0.7339999999999999900, 0.0000000000000000000, -0.3075000000000000000 ) ) ;
#3526 = DIRECTION ( 'NONE',  ( 1.453203414598485000E-015, 0.0000000000000000000, -1.000000000000000000 ) ) ;
#3527 = B_SPLINE_CURVE_WITH_KNOTS ( 'NONE', 3,
 ( #1223, #882, #865, #855 ),
 .UNSPECIFIED., .F., .F.,
 ( 4, 4 ),
 ( 1.387549688844457200E-016, 0.003694680973803121600 ),
 .UNSPECIFIED. ) ;
#3528 = ORIENTED_EDGE ( 'NONE', *, *, #6894, .F. ) ;
#3529 = LINE ( 'NONE', #2840, #2501 ) ;
#3530 = ORIENTED_EDGE ( 'NONE', *, *, #6249, .F. ) ;
#3531 = CARTESIAN_POINT ( 'NONE',  ( -0.5103706770838999400, 3.930074648466654600E-014, -0.1265000000000640100 ) ) ;
#3532 = DIRECTION ( 'NONE',  ( -0.0000000000000000000, 1.000000000000000000, -0.0000000000000000000 ) ) ;
#3533 = VERTEX_POINT ( 'NONE', #3128 ) ;
#3534 = CARTESIAN_POINT ( 'NONE',  ( 0.1491007354424909400, -0.08888237138228130600, -0.1650917405475864600 ) ) ;
#3535 = CARTESIAN_POINT ( 'NONE',  ( 0.2991297949701999800, -0.06836121008798999600, 0.1719185430228999900 ) ) ;
#3536 = CARTESIAN_POINT ( 'NONE',  ( 0.7817583303678996600, 1.164130068862634600E-014, -6.189280072997063400E-017 ) ) ;
#3537 = CYLINDRICAL_SURFACE ( 'NONE', #512, 0.03899999999998383900 ) ;
#3538 = DIRECTION ( 'NONE',  ( -0.3907311284892253100, -0.9205048534524609100, -4.400162841604027300E-013 ) ) ;
#3539 = ORIENTED_EDGE ( 'NONE', *, *, #5106, .F. ) ;
#3540 = ORIENTED_EDGE ( 'NONE', *, *, #4791, .T. ) ;
#3541 = CARTESIAN_POINT ( 'NONE',  ( 0.1490805986705074400, -0.08955278749521994300, -0.1647291460584840700 ) ) ;
#3542 = DIRECTION ( 'NONE',  ( 0.0000000000000000000, 0.7071067811865474600, 0.7071067811865474600 ) ) ;
#3543 = CARTESIAN_POINT ( 'NONE',  ( -0.8939999999999999100, -0.2100107140124029800, 0.1548563850798480000 ) ) ;
#3544 = DIRECTION ( 'NONE',  ( 1.000000000000000000, 0.0000000000000000000, 0.0000000000000000000 ) ) ;
#3545 = FACE_OUTER_BOUND ( 'NONE', #1818, .T. ) ;
#3546 = DIRECTION ( 'NONE',  ( 0.0000000000000000000, 0.0000000000000000000, -1.000000000000000000 ) ) ;
#3547 = EDGE_LOOP ( 'NONE', ( #4275, #4249, #4214, #4152 ) ) ;
#3548 = VERTEX_POINT ( 'NONE', #3276 ) ;
#3549 = CARTESIAN_POINT ( 'NONE',  ( -0.7810000000000001400, -0.2043538597628570300, 0.1491995308303430700 ) ) ;
#3550 = CARTESIAN_POINT ( 'NONE',  ( 0.1490504180342993900, -0.09055593011269701100, -0.1641826500082633200 ) ) ;
#3551 = LINE ( 'NONE', #4260, #3574 ) ;
#3552 = EDGE_CURVE ( 'NONE', #5400, #4422, #6267, .T. ) ;
#3553 = ORIENTED_EDGE ( 'NONE', *, *, #3384, .T. ) ;
#3554 = VERTEX_POINT ( 'NONE', #3078 ) ;
#3555 = EDGE_CURVE ( 'NONE', #4777, #5053, #6387, .T. ) ;
#3556 = CARTESIAN_POINT ( 'NONE',  ( -0.7339999999999999900, 0.1910000000000000900, 0.0000000000000000000 ) ) ;
#3557 = DIRECTION ( 'NONE',  ( 1.000000000000000000, 1.108751990959527400E-015, 1.180700948117231100E-015 ) ) ;
#3558 = PRODUCT_CONTEXT ( 'NONE', #3367, 'mechanical' ) ;
#3559 = VECTOR ( 'NONE', #2142, 39.37007874015748100 ) ;
#3560 = CARTESIAN_POINT ( 'NONE',  ( -0.8909895033928999500, -0.1487012633397999900, 0.2038555922722999900 ) ) ;
#3561 = CARTESIAN_POINT ( 'NONE',  ( 0.3949238939618784400, -1.408596514203429000E-016, -4.077283130543913100E-014 ) ) ;
#3562 = VERTEX_POINT ( 'NONE', #3054 ) ;
#3563 = ORIENTED_EDGE ( 'NONE', *, *, #2981, .F. ) ;
#3564 = DIRECTION ( 'NONE',  ( 1.000000000000000000, 0.0000000000000000000, 0.0000000000000000000 ) ) ;
#3565 = DIRECTION ( 'NONE',  ( -0.0000000000000000000, 0.7071067811893646500, -0.7071067811837303800 ) ) ;
#3566 = CARTESIAN_POINT ( 'NONE',  ( 0.2264270417661496400, -0.1033012676105681800, -0.1344190237786411200 ) ) ;
#3567 = CARTESIAN_POINT ( 'NONE',  ( 0.1489801682021860400, -0.09287914822546182400, -0.1628894318061299100 ) ) ;
#3568 = VECTOR ( 'NONE', #3889, 39.37007874015748100 ) ;
#3569 = CARTESIAN_POINT ( 'NONE',  ( -0.6651431340215999700, -0.008695748697550999300, -0.01440584848381999900 ) ) ;
#3570 = EDGE_LOOP ( 'NONE', ( #1580, #1420, #5990, #1330, #1205, #1119 ) ) ;
#3571 = DIRECTION ( 'NONE',  ( 2.731847993644627600E-014, 1.000000000000000000, 0.0000000000000000000 ) ) ;
#3573 = ADVANCED_FACE ( 'NONE', ( #6187 ), #1735, .T. ) ;
#3572 = CARTESIAN_POINT ( 'NONE',  ( 0.7499999999999638100, 1.010356906406767300E-014, 6.189280072997044900E-017 ) ) ;
#3574 = VECTOR ( 'NONE', #4316, 39.37007874015748900 ) ;
#3575 = DIRECTION ( 'NONE',  ( -0.0000000000000000000, -0.0000000000000000000, 1.000000000000000000 ) ) ;
#3576 = EDGE_LOOP ( 'NONE', ( #5323, #5278, #5225, #5201, #5124, #5058 ) ) ;
#3577 = CARTESIAN_POINT ( 'NONE',  ( 0.2609368261529606000, 1.248008587145141400E-008, -0.1680971861311012500 ) ) ;
#3578 = PLANE ( 'NONE',  #5165 ) ;
#3579 = DIRECTION ( 'NONE',  ( 1.000000000000000000, -3.327275781276495800E-014, 3.327275781168551800E-014 ) ) ;
#3580 = EDGE_CURVE ( 'NONE', #4884, #5982, #6130, .T. ) ;
#3581 = LINE ( 'NONE', #3213, #6529 ) ;
#3582 = ADVANCED_FACE ( 'NONE', ( #6071 ), #12, .F. ) ;
#3583 = MANIFOLD_SOLID_BREP ( 'Imported2', #4922 ) ;
#3584 = VECTOR ( 'NONE', #2129, 39.37007874015748900 ) ;
#3585 = CARTESIAN_POINT ( 'NONE',  ( -0.8939999999999997900, -0.06099999999999997800, -0.2605000000000000100 ) ) ;
#3586 = ORIENTED_EDGE ( 'NONE', *, *, #5040, .T. ) ;
#3587 = CARTESIAN_POINT ( 'NONE',  ( 0.1488403551474467600, -0.09745519136474838100, -0.1602320976330922100 ) ) ;
#3588 = APPLICATION_CONTEXT ( 'automotive_design' ) ;
#3589 = CARTESIAN_POINT ( 'NONE',  ( 0.1487216924310773300, -0.1012548349358671200, -0.1578374196645772100 ) ) ;
#3590 = LINE ( 'NONE', #2071, #6043 ) ;
#3591 = DIRECTION ( 'NONE',  ( 1.000000000000000000, 1.111637685973589300E-015, 1.183773901191338300E-015 ) ) ;
#3592 = CARTESIAN_POINT ( 'NONE',  ( -0.7340000000000001000, 0.3024999999999489200, 0.2440000000000070400 ) ) ;
#3593 = AXIS2_PLACEMENT_3D ( 'NONE', #4099, #4005, #3991 ) ;
#3594 = VERTEX_POINT ( 'NONE', #226 ) ;
#3595 = DIRECTION ( 'NONE',  ( -1.000000000000000000, 0.0000000000000000000, -4.268512490100792000E-016 ) ) ;
#3596 = DIRECTION ( 'NONE',  ( 1.456985596621206800E-015, 0.0000000000000000000, -1.000000000000000000 ) ) ;
#3597 = FACE_OUTER_BOUND ( 'NONE', #5332, .T. ) ;
#3598 = APPLICATION_PROTOCOL_DEFINITION ( 'draft international standard', 'automotive_design', 1998, #3588 ) ;
#3599 = CARTESIAN_POINT ( 'NONE',  ( -0.7043726773267000600, 0.01664708750609649900, 0.02182250319205000100 ) ) ;
#3600 = ORIENTED_EDGE ( 'NONE', *, *, #4999, .F. ) ;
#3601 = PLANE ( 'NONE',  #2133 ) ;
#3602 = CARTESIAN_POINT ( 'NONE',  ( 0.7211595114417742600, -0.2886751345948361200, -3.195979788088966700E-015 ) ) ;
#3603 = FACE_OUTER_BOUND ( 'NONE', #5969, .T. ) ;
#3604 = CARTESIAN_POINT ( 'NONE',  ( 0.1484859363914530500, -0.1086858298372420800, -0.1529039011981513700 ) ) ;
#3605 = EDGE_LOOP ( 'NONE', ( #4385, #4352, #4319, #4307 ) ) ;
#3606 = CARTESIAN_POINT ( 'NONE',  ( 0.7973833303678999900, -1.747129878956135700E-014, -0.1720120028468148400 ) ) ;
#3607 = DIRECTION ( 'NONE',  ( -0.9205048534525056600, 0.3907311284891197300, 0.0000000000000000000 ) ) ;
#3608 = VECTOR ( 'NONE', #1884, 39.37007874015748100 ) ;
#3609 = ADVANCED_FACE ( 'NONE', ( #6049 ), #44, .T. ) ;
#3610 = CARTESIAN_POINT ( 'NONE',  ( 0.1483308582225229300, -0.1134144714939214800, -0.1494217704778751900 ) ) ;
#3611 = EDGE_CURVE ( 'NONE', #5655, #2462, #1476, .T. ) ;
#3612 = CARTESIAN_POINT ( 'NONE',  ( 0.2973756044165999900, -0.004767894127763999900, 0.1849500217905999900 ) ) ;
#3613 = CARTESIAN_POINT ( 'NONE',  ( -0.8939999999999999100, -0.06100000000000000600, -0.2444999999999999700 ) ) ;
#3614 = EDGE_CURVE ( 'NONE', #3314, #2122, #1737, .T. ) ;
#3615 = LENGTH_MEASURE_WITH_UNIT ( LENGTH_MEASURE( 0.02539999999999999900 ), #624 );
#3616 = ORIENTED_EDGE ( 'NONE', *, *, #2034, .F. ) ;
#3617 = CARTESIAN_POINT ( 'NONE',  ( 0.7027643097711999700, -8.349797351103793100E-014, 7.833574121832274700E-014 ) ) ;
#3618 = DIRECTION ( 'NONE',  ( 1.000000000000000000, 1.443626708769453500E-015, 1.355655714602112600E-015 ) ) ;
#3619 = DIRECTION ( 'NONE',  ( 0.3907311284891195600, 0.9205048534525057700, -3.430780042039951100E-013 ) ) ;
#3620 = EDGE_LOOP ( 'NONE', ( #4670, #4662, #4648, #4610 ) ) ;
#3621 = ADVANCED_FACE ( 'NONE', ( #6159 ), #341, .F. ) ;
#3622 = CARTESIAN_POINT ( 'NONE',  ( 0.1478719012881908600, -0.1269053401088467400, -0.1384998516751540800 ) ) ;
#3623 = CONICAL_SURFACE ( 'NONE', #133, 0.1879879971531076600, 0.7649928327086217300 ) ;
#3624 = ORIENTED_EDGE ( 'NONE', *, *, #7088, .F. ) ;
#3625 = CARTESIAN_POINT ( 'NONE',  ( 3.414809992080329000E-017, -0.1495530842210000000, 0.2768323048345000000 ) ) ;
#3626 = EDGE_CURVE ( 'NONE', #1200, #4599, #3445, .T. ) ;
#3627 = VERTEX_POINT ( 'NONE', #333 ) ;
#3628 = DIRECTION ( 'NONE',  ( -0.7213873210325400000, 8.481068866981711200E-017, -0.6925318281880589200 ) ) ;
#3629 = VERTEX_POINT ( 'NONE', #465 ) ;
#3630 = CARTESIAN_POINT ( 'NONE',  ( 0.1475743000952465000, -0.1349721275403562600, -0.1305903809496898000 ) ) ;
#3631 = EDGE_LOOP ( 'NONE', ( #7156, #7148, #7113, #1970 ) ) ;
#3632 = ORIENTED_EDGE ( 'NONE', *, *, #104, .F. ) ;
#3633 = CARTESIAN_POINT ( 'NONE',  ( -0.6773980176466757300, -0.003493859223138739500, 0.02217749680795064900 ) ) ;
#3634 = CARTESIAN_POINT ( 'NONE',  ( -0.7909999999999595100, -0.02199999999995364000, -0.2437953433570999900 ) ) ;
#3635 = DIRECTION ( 'NONE',  ( 0.0000000000000000000, 1.000000000000000000, 0.0000000000000000000 ) ) ;
#3636 = ORIENTED_EDGE ( 'NONE', *, *, #4733, .T. ) ;
#3637 = ORIENTED_EDGE ( 'NONE', *, *, #4720, .T. ) ;
#3638 = CARTESIAN_POINT ( 'NONE',  ( 0.2410009506617999700, -0.1346945212084000000, -0.1368086463003000100 ) ) ;
#3639 = CARTESIAN_POINT ( 'NONE',  ( 0.1467066068062370400, -0.1563678115384804800, -0.1057424369978809500 ) ) ;
#3640 = CARTESIAN_POINT ( 'NONE',  ( -0.8115000000000001100, -0.1469999999999999900, -0.2444999999999999700 ) ) ;
#3641 = DIRECTION ( 'NONE',  ( -0.3907311284901758300, -0.9205048534520574600, -0.0000000000000000000 ) ) ;
#3642 = EDGE_LOOP ( 'NONE', ( #3852, #3792, #3778, #3741, #3679 ) ) ;
#3643 = CARTESIAN_POINT ( 'NONE',  ( -0.8939999999999997900, -0.1491995308303493700, 0.2043538597628506700 ) ) ;
#3644 = ORIENTED_EDGE ( 'NONE', *, *, #4091, .T. ) ;
#3645 = CARTESIAN_POINT ( 'NONE',  ( -0.7339999999999998700, -0.1306808075913019300, 0.3075000000000000000 ) ) ;
#3646 = DIRECTION ( 'NONE',  ( 1.000000000000000000, -0.0000000000000000000, -0.0000000000000000000 ) ) ;
#3647 = DIRECTION ( 'NONE',  ( -1.000000000000000000, 0.0000000000000000000, 0.0000000000000000000 ) ) ;
#3649 = ADVANCED_FACE ( 'NONE', ( #3436 ), #3751, .T. ) ;
#3648 = CARTESIAN_POINT ( 'NONE',  ( -0.5089977488756000100, 0.05550596627871999500, -0.1257111240254000000 ) ) ;
#3650 = LINE ( 'NONE', #4137, #3506 ) ;
#3651 = ORIENTED_EDGE ( 'NONE', *, *, #7184, .T. ) ;
#3652 = ORIENTED_EDGE ( 'NONE', *, *, #1836, .T. ) ;
#3653 = CARTESIAN_POINT ( 'NONE',  ( -0.7810000000000001400, 0.2605000000000000100, -0.1949999999999999800 ) ) ;
#3654 = CARTESIAN_POINT ( 'NONE',  ( 0.1461616249999936300, -0.1668258479092860100, -0.08769916570578917300 ) ) ;
#3655 = DIRECTION ( 'NONE',  ( 1.341772099048953400E-015, 0.0000000000000000000, 1.000000000000000000 ) ) ;
#3656 = LINE ( 'NONE', #4370, #3724 ) ;
#3657 = ADVANCED_FACE ( 'NONE', ( #3731 ), #3477, .F. ) ;
#3658 = ORIENTED_EDGE ( 'NONE', *, *, #6870, .F. ) ;
#3659 = VERTEX_POINT ( 'NONE', #543 ) ;
#3660 = CARTESIAN_POINT ( 'NONE',  ( 0.1000000000000000100, -6.430407353524017400E-014, -0.1874999999999693900 ) ) ;
#3661 = CARTESIAN_POINT ( 'NONE',  ( 0.7031250000000193200, 3.964380975180757000E-014, -0.2499999999999777700 ) ) ;
#3662 = DIRECTION ( 'NONE',  ( 0.0000000000000000000, -0.7071067811865474600, -0.7071067811865474600 ) ) ;
#3663 = CARTESIAN_POINT ( 'NONE',  ( 0.1451386221603587500, -0.1811956448147631600, -0.05189254597643550700 ) ) ;
#3664 = CARTESIAN_POINT ( 'NONE',  ( 0.1984338297757832800, 9.018309092631596200E-008, -0.1680981337563112700 ) ) ;
#3665 = CLOSED_SHELL ( 'NONE', ( #6773, #6392, #5851, #6550, #6327, #7162, #5818, #6345, #6639, #5267, #6906, #3829, #6221, #6082, #3499, #7177, #4715, #6697, #5747, #5456, #6205, #5708, #6034, #6810, #6457, #3974, #6889, #5338, #6402, #6295, #3695, #7095, #5126, #6597, #5913, #3293, #7054, #4424, #6741, #5672, #6075, #6675, #4244, #6845, #5388, #6290, #6370, #3901, #6962, #5303, #6541, #6151, #3609, #6026, #6213, #4014, #7066, #5941, #3334, #7122, #5422, #6381, #6190, #3621, #7141, #4887, #6110, #4199, #6116, #3582, #7171, #4758, #6657, #5789, #5985, #6783, #6183, #6526, #5996, #6750, #5516, #6491, #4083, #3763, #7031, #5194, #6587, #5975, #3376, #4568, #6707, #6068, #4349, #6280, #6417, #6504, #3649, #6242, #6425, #6900, #6467, #7106, #5043, #5882, #6985, #6645, #4808, #6629, #5829, #3149, #5158, #5481, #6867, #6564, #6514, #5231, #6821, #6930, #3573 ) ) ;
#3666 = CARTESIAN_POINT ( 'NONE',  ( 0.3749999999999933900, 9.604090065077565000E-017, -1.778689154624841300E-014 ) ) ;
#3667 = EDGE_CURVE ( 'NONE', #6341, #1405, #3759, .T. ) ;
#3668 = MANIFOLD_SOLID_BREP ( 'Imported4', #3665 ) ;
#3669 = EDGE_CURVE ( 'NONE', #832, #5137, #5867, .T. ) ;
#3670 = CARTESIAN_POINT ( 'NONE',  ( -0.7463031025221390500, -0.02199999999999756300, -0.1455222937635996800 ) ) ;
#3671 = FACE_OUTER_BOUND ( 'NONE', #1569, .T. ) ;
#3672 = DIRECTION ( 'NONE',  ( 2.444793052347634800E-016, -3.532958964958343900E-031, -1.000000000000000000 ) ) ;
#3673 = VECTOR ( 'NONE', #4293, 39.37007874015748100 ) ;
#3674 = DIRECTION ( 'NONE',  ( -1.000000000000000000, 1.228479761022789000E-015, 1.308198073516607000E-015 ) ) ;
#3675 = ORIENTED_EDGE ( 'NONE', *, *, #4806, .F. ) ;
#3676 = DIRECTION ( 'NONE',  ( 1.000000000000000000, 3.629642000833685600E-016, 3.408460712524770500E-016 ) ) ;
#3677 = CARTESIAN_POINT ( 'NONE',  ( 0.2956214138630000000, 0.05941240758860000200, 0.1752124785892000000 ) ) ;
#3678 = CARTESIAN_POINT ( 'NONE',  ( 0.1446606011269684400, -0.1851135158516190900, -0.03412606508851141100 ) ) ;
#3679 = ORIENTED_EDGE ( 'NONE', *, *, #2656, .T. ) ;
#3680 = CARTESIAN_POINT ( 'NONE',  ( 0.3009999999999996600, -5.653164585482858500E-014, 5.335577574977961000E-017 ) ) ;
#3681 = AXIS2_PLACEMENT_3D ( 'NONE', #3634, #3672, #3595 ) ;
#3682 = CARTESIAN_POINT ( 'NONE',  ( 0.7031250000000154300, -0.2165063509434527500, -0.1250000000046127500 ) ) ;
#3683 = LINE ( 'NONE', #4524, #3769 ) ;
#3684 = CARTESIAN_POINT ( 'NONE',  ( 0.2283802234835141900, -0.04399638557633019800, -0.1637168940423899800 ) ) ;
#3685 = CARTESIAN_POINT ( 'NONE',  ( 0.0000000000000000000, -0.1324064312558000100, 0.1323400000000000100 ) ) ;
#3686 = ORIENTED_EDGE ( 'NONE', *, *, #4890, .F. ) ;
#3687 = DIRECTION ( 'NONE',  ( 0.0000000000000000000, 0.7071067811865472400, -0.7071067811865479100 ) ) ;
#3688 = CARTESIAN_POINT ( 'NONE',  ( 0.1437715198330403200, -0.1882289588788109100, -0.0008264129460737054900 ) ) ;
#3689 = DIRECTION ( 'NONE',  ( -4.467353192010537000E-016, 1.000000000000000000, 0.0000000000000000000 ) ) ;
#3690 = DIRECTION ( 'NONE',  ( 3.571600411456921600E-017, 1.000000000000000000, -2.405397171125720800E-016 ) ) ;
#3691 =( GEOMETRIC_REPRESENTATION_CONTEXT ( 3 ) GLOBAL_UNCERTAINTY_ASSIGNED_CONTEXT ( ( #2344 ) ) GLOBAL_UNIT_ASSIGNED_CONTEXT ( ( #3450, #3460, #3482 ) ) REPRESENTATION_CONTEXT ( 'NONE', 'WORKASPACE' ) );
#3692 = FACE_OUTER_BOUND ( 'NONE', #3497, .T. ) ;
#3693 = CARTESIAN_POINT ( 'NONE',  ( 0.09999999999999992200, 0.001984696733629404800, -0.1743595190138806100 ) ) ;
#3694 = VERTEX_POINT ( 'NONE', #688 ) ;
#3695 = ADVANCED_FACE ( 'NONE', ( #3712 ), #5894, .F. ) ;
#3696 = DIRECTION ( 'NONE',  ( 2.731847993696793700E-014, 0.0000000000000000000, -1.000000000000000000 ) ) ;
#3697 = CARTESIAN_POINT ( 'NONE',  ( -0.3552436610350082600, 0.07901824182331998500, -0.1007098959261075200 ) ) ;
#3698 = PLANE ( 'NONE',  #2520 ) ;
#3699 = FACE_OUTER_BOUND ( 'NONE', #2782, .T. ) ;
#3700 = EDGE_CURVE ( 'NONE', #6488, #6644, #3718, .T. ) ;
#3701 = ORIENTED_EDGE ( 'NONE', *, *, #2001, .F. ) ;
#3702 = CARTESIAN_POINT ( 'NONE',  ( 0.1433604595725022400, -0.1874579565601227600, 0.01471188592028427900 ) ) ;
#3703 = LINE ( 'NONE', #1855, #2095 ) ;
#3704 = ORIENTED_EDGE ( 'NONE', *, *, #6966, .F. ) ;
#3705 = DIRECTION ( 'NONE',  ( -0.7213873210325371100, 0.0000000000000000000, 0.6925318281880618000 ) ) ;
#3706 = CARTESIAN_POINT ( 'NONE',  ( 0.09999999999999993600, 0.02512074254452493700, -0.1733720648556123000 ) ) ;
#3707 = CARTESIAN_POINT ( 'NONE',  ( -0.6597219400477754000, 0.006384857025233410700, 0.05700562712086704200 ) ) ;
#3708 = CARTESIAN_POINT ( 'NONE',  ( -1.044524830354000000, -0.2100107140123999800, 0.1548563850798500000 ) ) ;
#3709 = CARTESIAN_POINT ( 'NONE',  ( 0.1429769800128570500, -0.1852562258182852400, 0.02891609210186222400 ) ) ;
#3710 = AXIS2_PLACEMENT_3D ( 'NONE', #2548, #2494, #2394 ) ;
#3711 = EDGE_LOOP ( 'NONE', ( #3734, #3244 ) ) ;
#3712 = FACE_OUTER_BOUND ( 'NONE', #2421, .T. ) ;
#3713 = EDGE_LOOP ( 'NONE', ( #962, #946, #1099, #1053 ) ) ;
#3714 = VERTEX_POINT ( 'NONE', #753 ) ;
#3715 = DIRECTION ( 'NONE',  ( -0.0000000000000000000, -0.0000000000000000000, 1.000000000000000000 ) ) ;
#3716 = CARTESIAN_POINT ( 'NONE',  ( -0.7339999999999999900, -0.2368807716974749800, 0.1166726188957750200 ) ) ;
#3717 = DIRECTION ( 'NONE',  ( -0.0000000000000000000, 0.7071067811894200500, -0.7071067811836748700 ) ) ;
#3718 = CIRCLE ( 'NONE', #2886, 0.1724999999999970700 ) ;
#3719 = CARTESIAN_POINT ( 'NONE',  ( -1.044524830354000000, -0.06099999999999999200, -0.2524999999999999500 ) ) ;
#3720 = ORIENTED_EDGE ( 'NONE', *, *, #6830, .T. ) ;
#3721 = ORIENTED_EDGE ( 'NONE', *, *, #6258, .F. ) ;
#3722 = EDGE_CURVE ( 'NONE', #6307, #4322, #3757, .T. ) ;
#3723 = DIRECTION ( 'NONE',  ( -1.000000000000000000, -0.0000000000000000000, 0.0000000000000000000 ) ) ;
#3724 = VECTOR ( 'NONE', #4364, 39.37007874015748100 ) ;
#3725 = DIRECTION ( 'NONE',  ( -0.7097075932797214400, 0.0000000000000000000, -0.7044963676564312000 ) ) ;
#3726 = EDGE_LOOP ( 'NONE', ( #3600, #3804, #3876, #3138 ) ) ;
#3727 = ORIENTED_EDGE ( 'NONE', *, *, #17, .T. ) ;
#3728 = CARTESIAN_POINT ( 'NONE',  ( 0.1000000000000000700, 0.03671431938459289400, -0.1717254036879500800 ) ) ;
#3729 = CARTESIAN_POINT ( 'NONE',  ( 0.1429678329710246700, -0.1852030764745715400, 0.02925481051427890700 ) ) ;
#3730 = DIRECTION ( 'NONE',  ( 0.0000000000000000000, 0.0000000000000000000, -1.000000000000000000 ) ) ;
#3731 = FACE_OUTER_BOUND ( 'NONE', #4874, .T. ) ;
#3732 = CARTESIAN_POINT ( 'NONE',  ( 0.2938672233094000200, 0.1162785173483000000, 0.1439046789283000000 ) ) ;
#3733 = DIRECTION ( 'NONE',  ( -1.332608777397077500E-015, 1.000000000000000000, 0.0000000000000000000 ) ) ;
#3734 = ORIENTED_EDGE ( 'NONE', *, *, #2092, .T. ) ;
#3735 = EDGE_LOOP ( 'NONE', ( #977, #6951, #6923, #6846 ) ) ;
#3736 = DIRECTION ( 'NONE',  ( 0.07731331573492014600, -0.9939600320635440000, -0.07788520957352092200 ) ) ;
#3737 = CARTESIAN_POINT ( 'NONE',  ( -0.7339999999999999900, -0.1166726188957750200, 0.2368807716974749800 ) ) ;
#3738 = FACE_OUTER_BOUND ( 'NONE', #3240, .T. ) ;
#3739 = CARTESIAN_POINT ( 'NONE',  ( 0.0000000000000000000, 0.3075000000000109900, -0.2454999999999766500 ) ) ;
#3740 = EDGE_CURVE ( 'NONE', #1462, #4554, #5011, .T. ) ;
#3741 = ORIENTED_EDGE ( 'NONE', *, *, #1252, .T. ) ;
#3742 = ORIENTED_EDGE ( 'NONE', *, *, #4959, .F. ) ;
#3743 = DIRECTION ( 'NONE',  ( 0.0000000000000000000, 0.0000000000000000000, -1.000000000000000000 ) ) ;
#3744 = DIRECTION ( 'NONE',  ( 1.000000000000000000, 0.0000000000000000000, 0.0000000000000000000 ) ) ;
#3745 = CARTESIAN_POINT ( 'NONE',  ( 0.1429527806614484300, -0.1851141258453178300, 0.02981198320300498100 ) ) ;
#3746 = FACE_OUTER_BOUND ( 'NONE', #5518, .T. ) ;
#3747 = VERTEX_POINT ( 'NONE', #1417 ) ;
#3748 = CARTESIAN_POINT ( 'NONE',  ( 0.7031250000010090800, -0.1920745307629751200, -0.1673171538786464600 ) ) ;
#3749 = CARTESIAN_POINT ( 'NONE',  ( -0.4018976253686564700, 0.06956731848648123300, -0.07262062465866364600 ) ) ;
#3750 = EDGE_CURVE ( 'NONE', #5679, #2456, #3775, .T. ) ;
#3751 = CYLINDRICAL_SURFACE ( 'NONE', #2146, 0.06200000000006851400 ) ;
#3752 = CARTESIAN_POINT ( 'NONE',  ( 0.1000000000000000900, 0.05943644669333128500, -0.1661194087340980000 ) ) ;
#3753 = EDGE_LOOP ( 'NONE', ( #3236, #3278, #3397, #3413 ) ) ;
#3754 = CARTESIAN_POINT ( 'NONE',  ( 0.1429301966148730500, -0.1849787711883087700, 0.03064766732602507100 ) ) ;
#3755 = CARTESIAN_POINT ( 'NONE',  ( 0.7968750000000000000, 1.340152852673150400E-014, 1.837850737737633100E-013 ) ) ;
#3756 = PLANE ( 'NONE',  #5987 ) ;
#3757 = CIRCLE ( 'NONE', #2883, 0.1874999999999657800 ) ;
#3758 = CARTESIAN_POINT ( 'NONE',  ( -0.3552369905007000100, 0.07530589174676000100, -0.09971638829954999900 ) ) ;
#3759 = LINE ( 'NONE', #379, #5769 ) ;
#3760 = ORIENTED_EDGE ( 'NONE', *, *, #2454, .T. ) ;
#3761 = CARTESIAN_POINT ( 'NONE',  ( 0.0000000000000000000, -0.3075000000000000500, 0.0000000000000000000 ) ) ;
#3762 = CARTESIAN_POINT ( 'NONE',  ( 0.1203129909907560800, 7.565373050198758800E-008, 0.1680985365446029900 ) ) ;
#3763 = ADVANCED_FACE ( 'NONE', ( #6972 ), #1466, .T. ) ;
#3764 = CARTESIAN_POINT ( 'NONE',  ( 0.1428774614307210000, -0.1846494383122167500, 0.03259701079621710900 ) ) ;
#3765 = CARTESIAN_POINT ( 'NONE',  ( -0.9689999999986292900, -0.02199999999999999200, -0.2437953433570997900 ) ) ;
#3766 = CARTESIAN_POINT ( 'NONE',  ( 0.0000000000000000000, -0.2454999999999766000, -0.3075000000000000000 ) ) ;
#3767 = DIRECTION ( 'NONE',  ( 0.3907311284889455900, 0.9205048534525796000, -0.0000000000000000000 ) ) ;
#3768 = PLANE ( 'NONE',  #5653 ) ;
#3769 = VECTOR ( 'NONE', #4512, 39.37007874015748100 ) ;
#3770 = CARTESIAN_POINT ( 'NONE',  ( 0.1427718347605111400, -0.1839367169590416500, 0.03649285639504465400 ) ) ;
#3771 = EDGE_CURVE ( 'NONE', #2578, #832, #6344, .T. ) ;
#3772 = CARTESIAN_POINT ( 'NONE',  ( 0.7187499999999642500, -1.161777494883483400E-014, 0.1874999999998916700 ) ) ;
#3773 = EDGE_LOOP ( 'NONE', ( #4086, #4987, #635, #108 ) ) ;
#3774 = CARTESIAN_POINT ( 'NONE',  ( 0.1000000000000001200, 0.07034917844220146800, -0.1622218801804953500 ) ) ;
#3775 = LINE ( 'NONE', #886, #5917 ) ;
#3776 = DIRECTION ( 'NONE',  ( 2.449490783530942300E-015, 1.178340830471968600E-031, -1.000000000000000000 ) ) ;
#3777 = DIRECTION ( 'NONE',  ( -0.9205048534525796000, 0.3907311284889455900, 0.0000000000000000000 ) ) ;
#3778 = ORIENTED_EDGE ( 'NONE', *, *, #2811, .T. ) ;
#3779 = DIRECTION ( 'NONE',  ( -1.000000000000000000, 2.410454112010823400E-015, 4.419165872019842400E-015 ) ) ;
#3780 = CARTESIAN_POINT ( 'NONE',  ( 0.7100892630259428900, -0.1680777916369676500, -0.2088807252608680700 ) ) ;
#3781 = CARTESIAN_POINT ( 'NONE',  ( 0.1426810296684931900, -0.1832330307519653400, 0.03982557037491608900 ) ) ;
#3782 = CARTESIAN_POINT ( 'NONE',  ( 0.2921130327557999700, 0.1588296915717999600, 0.09488088694384999600 ) ) ;
#3783 = VECTOR ( 'NONE', #5182, 39.37007874015748100 ) ;
#3784 = ORIENTED_EDGE ( 'NONE', *, *, #3475, .F. ) ;
#3785 = CARTESIAN_POINT ( 'NONE',  ( 0.1424990622229587400, -0.1817016644480349300, 0.04647755698956640400 ) ) ;
#3786 = DIRECTION ( 'NONE',  ( -2.449490783530942700E-015, -1.000000000000000000, -1.178340830472019000E-031 ) ) ;
#3787 = EDGE_LOOP ( 'NONE', ( #6967, #6982, #1008, #994 ) ) ;
#3788 = CYLINDRICAL_SURFACE ( 'NONE', #2761, 0.1264999999999961200 ) ;
#3789 = ORIENTED_EDGE ( 'NONE', *, *, #7088, .T. ) ;
#3790 = EDGE_LOOP ( 'NONE', ( #3652, #6433, #533, #4801, #1748 ) ) ;
#3791 = CARTESIAN_POINT ( 'NONE',  ( 0.1000000000000000900, 0.09132408140886436000, -0.1523503147488975400 ) ) ;
#3792 = ORIENTED_EDGE ( 'NONE', *, *, #218, .T. ) ;
#3793 = LINE ( 'NONE', #5269, #5067 ) ;
#3794 = ORIENTED_EDGE ( 'NONE', *, *, #421, .T. ) ;
#3795 = EDGE_LOOP ( 'NONE', ( #6771, #6875, #6800, #6934 ) ) ;
#3796 = ORIENTED_EDGE ( 'NONE', *, *, #3080, .F. ) ;
#3797 = CARTESIAN_POINT ( 'NONE',  ( 0.1798448373250999800, -0.1848410588703000000, 0.007954981548153000300 ) ) ;
#3798 = CARTESIAN_POINT ( 'NONE',  ( 0.1423772742439376700, -0.1805154194402501800, 0.05089433124051187500 ) ) ;
#3799 = EDGE_CURVE ( 'NONE', #1641, #3562, #3837, .T. ) ;
#3800 = CARTESIAN_POINT ( 'NONE',  ( -0.9689999999986234100, 0.2604999999999998400, 0.02200000000000684700 ) ) ;
#3801 = B_SPLINE_CURVE_WITH_KNOTS ( 'NONE', 3,
 ( #1101, #1109, #1115, #1127 ),
 .UNSPECIFIED., .F., .F.,
 ( 4, 4 ),
 ( 2.554925122489629400E-016, 0.003694680973267642800 ),
 .UNSPECIFIED. ) ;
#3802 = CYLINDRICAL_SURFACE ( 'NONE', #2433, 0.2343750000000291200 ) ;
#3803 = CARTESIAN_POINT ( 'NONE',  ( 0.1208721786168573000, -0.01897281224947766300, 0.1680977249688262700 ) ) ;
#3804 = ORIENTED_EDGE ( 'NONE', *, *, #3354, .T. ) ;
#3805 = CARTESIAN_POINT ( 'NONE',  ( 0.1220182906674259900, -0.05770923161083868500, 0.1614811350157135100 ) ) ;
#3806 = VERTEX_POINT ( 'NONE', #1696 ) ;
#3807 = CARTESIAN_POINT ( 'NONE',  ( 0.1420104812608811200, -0.1764587279268654800, 0.06405230924254329300 ) ) ;
#3808 = CARTESIAN_POINT ( 'NONE',  ( -0.6597219400477754000, 0.006384857025233410700, 0.05700562712086704200 ) ) ;
#3809 = DIRECTION ( 'NONE',  ( 0.0000000000000000000, 0.7071067811865464600, -0.7071067811865484600 ) ) ;
#3810 = EDGE_CURVE ( 'NONE', #4971, #4416, #3843, .T. ) ;
#3811 = EDGE_LOOP ( 'NONE', ( #4876, #4826, #4812, #4752, #4737, #4706 ) ) ;
#3812 = VERTEX_POINT ( 'NONE', #1717 ) ;
#3813 = CARTESIAN_POINT ( 'NONE',  ( 0.1237491329025280800, -0.1094208043531673300, 0.1322165732522644900 ) ) ;
#3814 = CARTESIAN_POINT ( 'NONE',  ( 0.1417640472108517800, -0.1730901756322563200, 0.07270180140565826700 ) ) ;
#3815 = CARTESIAN_POINT ( 'NONE',  ( -0.7339999999999999900, 3.928525470263913200E-014, -6.791203371749754800E-014 ) ) ;
#3816 = CARTESIAN_POINT ( 'NONE',  ( -0.6514177831546033000, 0.002859950421837000200, 0.05830674322059371800 ) ) ;
#3817 = VECTOR ( 'NONE', #1567, 39.37007874015748100 ) ;
#3818 = ORIENTED_EDGE ( 'NONE', *, *, #3259, .T. ) ;
#3819 = ORIENTED_EDGE ( 'NONE', *, *, #3067, .F. ) ;
#3820 = CARTESIAN_POINT ( 'NONE',  ( 0.1000000000000000200, 0.1014860165569608800, -0.1462895046264464400 ) ) ;
#3821 = CARTESIAN_POINT ( 'NONE',  ( -0.6418792168748472800, 0.003363585316346748800, 0.06058644042748576700 ) ) ;
#3822 = CARTESIAN_POINT ( 'NONE',  ( 0.1410190288767903800, -0.1609818642094172900, 0.09795086236071072500 ) ) ;
#3823 = CONICAL_SURFACE ( 'NONE', #758, 0.2894486372868087000, 1.134464013796606900 ) ;
#3824 = CARTESIAN_POINT ( 'NONE',  ( -0.7810000000000001400, -0.1682914139223999400, 0.2955706345360000200 ) ) ;
#3825 = ORIENTED_EDGE ( 'NONE', *, *, #668, .F. ) ;
#3826 = VERTEX_POINT ( 'NONE', #1627 ) ;
#3827 = CARTESIAN_POINT ( 'NONE',  ( 0.1255033234561280800, -0.1483580278273786100, 0.08627877797059907400 ) ) ;
#3828 = CARTESIAN_POINT ( 'NONE',  ( 0.7211595114417849200, -0.1443375672974164000, -0.2500000000000103800 ) ) ;
#3829 = ADVANCED_FACE ( 'NONE', ( #3692 ), #6321, .F. ) ;
#3830 = CARTESIAN_POINT ( 'NONE',  ( -0.6656069649878999500, -0.009264375189917000600, -0.01310620413869000000 ) ) ;
#3831 = CIRCLE ( 'NONE', #2281, 0.2343750000000291200 ) ;
#3832 = DIRECTION ( 'NONE',  ( 1.000000000000000000, -0.0000000000000000000, 0.0000000000000000000 ) ) ;
#3833 = CARTESIAN_POINT ( 'NONE',  ( 0.2903588422021999800, 0.1818274806562000000, 0.03417637128250000000 ) ) ;
#3834 = CARTESIAN_POINT ( 'NONE',  ( 0.1405147284087850900, -0.1502212793944258100, 0.1138540637199982200 ) ) ;
#3835 = ORIENTED_EDGE ( 'NONE', *, *, #4759, .F. ) ;
#3836 = CARTESIAN_POINT ( 'NONE',  ( 0.1000000000000000200, 0.1201699526123195500, -0.1324580081369687900 ) ) ;
#3837 = LINE ( 'NONE', #1542, #3817 ) ;
#3838 = EDGE_LOOP ( 'NONE', ( #1295, #1132, #1209, #867, #2226 ) ) ;
#3839 = DIRECTION ( 'NONE',  ( 0.0000000000000000000, 0.0000000000000000000, 1.000000000000000000 ) ) ;
#3840 = CARTESIAN_POINT ( 'NONE',  ( -0.6264091837015403100, 0.01141924398297085000, 0.06512076415626205600 ) ) ;
#3841 = B_SPLINE_CURVE_WITH_KNOTS ( 'NONE', 3,
 ( #749, #787, #765, #741, #735, #729, #720 ),
 .UNSPECIFIED., .F., .F.,
 ( 4, 3, 4 ),
 ( 7.981121848800402600E-010, 0.0002288155536267017700, 0.0005396187717551750200 ),
 .UNSPECIFIED. ) ;
#3842 = CARTESIAN_POINT ( 'NONE',  ( 0.1272575140097280700, -0.1690294235487306600, 0.02971839800829160400 ) ) ;
#3843 = LINE ( 'NONE', #1509, #6211 ) ;
#3844 = AXIS2_PLACEMENT_3D ( 'NONE', #1938, #1895, #1927 ) ;
#3845 = FACE_OUTER_BOUND ( 'NONE', #4256, .T. ) ;
#3846 = ORIENTED_EDGE ( 'NONE', *, *, #1620, .T. ) ;
#3847 = CARTESIAN_POINT ( 'NONE',  ( -0.6205311786894185400, 0.01893859994854588800, 0.06739852012713573600 ) ) ;
#3848 = CARTESIAN_POINT ( 'NONE',  ( 0.7211595114417496100, -0.1443375672974235000, 0.2500000000000047200 ) ) ;
#3849 = VECTOR ( 'NONE', #6192, 39.37007874015748100 ) ;
#3850 = CARTESIAN_POINT ( 'NONE',  ( 0.1290117045633280800, -0.1688899766863388200, -0.03050085593236112600 ) ) ;
#3851 = CARTESIAN_POINT ( 'NONE',  ( 0.1307658951169282900, -0.1479568989871284900, -0.08696481868251894300 ) ) ;
#3852 = ORIENTED_EDGE ( 'NONE', *, *, #3263, .T. ) ;
#3853 = CARTESIAN_POINT ( 'NONE',  ( 0.1394908843155092100, -0.1239017360169379200, 0.1420664536472135400 ) ) ;
#3854 = AXIS2_PLACEMENT_3D ( 'NONE', #6207, #6179, #6172 ) ;
#3855 = CARTESIAN_POINT ( 'NONE',  ( -0.6027238554460999700, 0.02237052179457000100, -0.02441668864549000100 ) ) ;
#3856 = PLANE ( 'NONE',  #6021 ) ;
#3857 = FACE_OUTER_BOUND ( 'NONE', #1616, .T. ) ;
#3858 = ORIENTED_EDGE ( 'NONE', *, *, #3354, .F. ) ;
#3859 = CARTESIAN_POINT ( 'NONE',  ( 0.1000000000000000500, 0.1287522777822494900, -0.1246939212635635700 ) ) ;
#3860 = CARTESIAN_POINT ( 'NONE',  ( 0.1389713406902380900, -0.1083104619980655000, 0.1543424861515740000 ) ) ;
#3861 = EDGE_CURVE ( 'NONE', #4067, #6080, #3703, .T. ) ;
#3862 = VECTOR ( 'NONE', #983, 39.37007874015748100 ) ;
#3863 = CARTESIAN_POINT ( 'NONE',  ( -0.6186555675223930400, 0.02776267023733077600, 0.06869962093880453700 ) ) ;
#3864 = VERTEX_POINT ( 'NONE', #1816 ) ;
#3865 = DIRECTION ( 'NONE',  ( -1.000000000000000000, 0.0000000000000000000, -2.410454112010970500E-015 ) ) ;
#3866 = EDGE_CURVE ( 'NONE', #6419, #2075, #3402, .T. ) ;
#3867 = CYLINDRICAL_SURFACE ( 'NONE', #1994, 0.1090000000000343300 ) ;
#3868 = ORIENTED_EDGE ( 'NONE', *, *, #6830, .F. ) ;
#3869 = CARTESIAN_POINT ( 'NONE',  ( 0.1000000000000000100, 0.1583201989154249000, 0.1004016454511559600 ) ) ;
#3870 = CARTESIAN_POINT ( 'NONE',  ( 0.1000000000000000100, 0.1444239865835612000, -0.1074984903779896100 ) ) ;
#3871 = CARTESIAN_POINT ( 'NONE',  ( 0.1379170102824292300, -0.07347909869376256800, 0.1736591521571836900 ) ) ;
#3872 = CARTESIAN_POINT ( 'NONE',  ( 0.2886046516486000000, 0.1824406318209000100, -0.03073558851690999500 ) ) ;
#3873 = ORIENTED_EDGE ( 'NONE', *, *, #4076, .F. ) ;
#3874 = CARTESIAN_POINT ( 'NONE',  ( 0.7187499999999642500, -1.164073707631883200E-014, -0.1874999999998920900 ) ) ;
#3875 = FACE_OUTER_BOUND ( 'NONE', #3320, .T. ) ;
#3876 = ORIENTED_EDGE ( 'NONE', *, *, #6303, .T. ) ;
#3877 = ORIENTED_EDGE ( 'NONE', *, *, #6790, .F. ) ;
#3878 = CARTESIAN_POINT ( 'NONE',  ( 0.2296854282223791100, 5.720046262181973500E-008, -0.1680968956553193200 ) ) ;
#3879 = CARTESIAN_POINT ( 'NONE',  ( 0.1000000000000000100, 0.1514951776168469400, -0.09803064621405203900 ) ) ;
#3880 = CARTESIAN_POINT ( 'NONE',  ( 0.0000000000000000000, 3.928525470263913200E-014, -6.791203371749754800E-014 ) ) ;
#3881 = LINE ( 'NONE', #6051, #3849 ) ;
#3882 = PLANE ( 'NONE',  #7150 ) ;
#3883 = CARTESIAN_POINT ( 'NONE',  ( 0.1780906467714999900, -0.1707148322569999900, 0.07131583762760000700 ) ) ;
#3884 = ORIENTED_EDGE ( 'NONE', *, *, #2220, .F. ) ;
#3885 = ORIENTED_EDGE ( 'NONE', *, *, #4503, .F. ) ;
#3886 = CARTESIAN_POINT ( 'NONE',  ( -0.5826100461440810700, 0.1203877659098143700, -0.03884631023993767600 ) ) ;
#3887 = CARTESIAN_POINT ( 'NONE',  ( 0.1325200856705283100, -0.1088074975352620000, -0.1327216987228785300 ) ) ;
#3888 =( BOUNDED_CURVE ( )  B_SPLINE_CURVE ( 3, ( #6584, #6343, #6703, #6722 ),
 .UNSPECIFIED., .F., .F. ) 
 B_SPLINE_CURVE_WITH_KNOTS ( ( 4, 4 ),
 ( 2.829463659137880300, 3.822108242521749900 ),
 .UNSPECIFIED. ) 
 CURVE ( )  GEOMETRIC_REPRESENTATION_ITEM ( )  RATIONAL_B_SPLINE_CURVE ( ( 1.000000000000000000, 0.9195598735469948700, 0.9195598735469948700, 1.000000000000000000 ) ) 
 REPRESENTATION_ITEM ( '' )  );
#3889 = DIRECTION ( 'NONE',  ( 0.0000000000000000000, 0.0000000000000000000, 1.000000000000000000 ) ) ;
#3890 = FACE_OUTER_BOUND ( 'NONE', #1903, .T. ) ;
#3891 = CARTESIAN_POINT ( 'NONE',  ( 0.1373822234998916800, -0.05422276929835855700, 0.1806548616836831100 ) ) ;
#3893 = ORIENTED_EDGE ( 'NONE', *, *, #6406, .F. ) ;
#3892 = EDGE_CURVE ( 'NONE', #2839, #3826, #6168, .T. ) ;
#3894 = ORIENTED_EDGE ( 'NONE', *, *, #198, .T. ) ;
#3895 = AXIS2_PLACEMENT_3D ( 'NONE', #1668, #1568, #1695 ) ;
#3896 = CARTESIAN_POINT ( 'NONE',  ( 0.3259999999999852500, 2.288618996399881900E-017, 7.881123260227538400E-014 ) ) ;
#3897 = AXIS2_PLACEMENT_3D ( 'NONE', #6476, #6427, #6497 ) ;
#3898 = CARTESIAN_POINT ( 'NONE',  ( 0.0000000000000000000, 0.3075000000000000000, 0.2454999999999766000 ) ) ;
#3899 = CARTESIAN_POINT ( 'NONE',  ( 0.1000000000000000200, 0.1634841628189840400, -0.07821074694378475600 ) ) ;
#3900 = FACE_OUTER_BOUND ( 'NONE', #2752, .T. ) ;
#3901 = ADVANCED_FACE ( 'NONE', ( #5932 ), #2024, .T. ) ;
#3902 = DIRECTION ( 'NONE',  ( -1.000000000000000000, 0.0000000000000000000, -0.0000000000000000000 ) ) ;
#3903 = EDGE_LOOP ( 'NONE', ( #3189, #3254, #3422, #3530, #3658, #3704, #3825, #3884, #3930, #4003, #4055, #4136 ) ) ;
#3904 = ORIENTED_EDGE ( 'NONE', *, *, #6294, .F. ) ;
#3905 = CARTESIAN_POINT ( 'NONE',  ( -0.5880500737230319700, 0.1204381069984955400, -0.03869029925299021600 ) ) ;
#3906 = DIRECTION ( 'NONE',  ( -1.000000000000000000, 0.0000000000000000000, 0.0000000000000000000 ) ) ;
#3907 = CARTESIAN_POINT ( 'NONE',  ( 0.1368313400080775900, -0.03371184228531282800, 0.1844419391433725100 ) ) ;
#3908 = DIRECTION ( 'NONE',  ( -1.000000000000000000, 7.813423130936676000E-016, -7.337292704353690100E-016 ) ) ;
#3909 = EDGE_CURVE ( 'NONE', #2151, #2882, #3590, .T. ) ;
#3910 = AXIS2_PLACEMENT_3D ( 'NONE', #2368, #2402, #2425 ) ;
#3911 = FACE_OUTER_BOUND ( 'NONE', #2701, .T. ) ;
#3912 = ORIENTED_EDGE ( 'NONE', *, *, #3089, .F. ) ;
#3913 = ORIENTED_EDGE ( 'NONE', *, *, #2912, .T. ) ;
#3914 = CARTESIAN_POINT ( 'NONE',  ( 0.1368200615634197500, -0.03329171733463769800, 0.1845183763011042400 ) ) ;
#3915 = CARTESIAN_POINT ( 'NONE',  ( -0.8940290340353002100, -0.1279863273947499700, 0.2481944801964500200 ) ) ;
#3916 = DIRECTION ( 'NONE',  ( 9.640653440872212300E-016, 1.000000000000000000, 0.0000000000000000000 ) ) ;
#3917 = VECTOR ( 'NONE', #7130, 39.37007874015748100 ) ;
#3918 = CARTESIAN_POINT ( 'NONE',  ( 0.1359359335602122500, 1.594679668245271300E-008, -0.1680997772876464400 ) ) ;
#3919 = EDGE_LOOP ( 'NONE', ( #4446, #1566, #3999, #7129, #7049, #5439, #6610 ) ) ;
#3920 = DIRECTION ( 'NONE',  ( 0.0000000000000000000, 0.0000000000000000000, 1.000000000000000000 ) ) ;
#3921 = CARTESIAN_POINT ( 'NONE',  ( -0.5934919279151077400, 0.1204881447295578100, -0.03853419070508824800 ) ) ;
#3922 = CYLINDRICAL_SURFACE ( 'NONE', #1705, 0.1272500000000276700 ) ;
#3923 = ORIENTED_EDGE ( 'NONE', *, *, #2092, .F. ) ;
#3924 = CARTESIAN_POINT ( 'NONE',  ( -0.7810000000000001400, -0.2389999999999911600, -0.3025000000000462900 ) ) ;
#3925 = CARTESIAN_POINT ( 'NONE',  ( 0.1368003301165723900, -0.03255628734443017500, 0.1846496397124703600 ) ) ;
#3926 = DIRECTION ( 'NONE',  ( -0.02967669730467669500, -0.1396178836891020800, -0.9897606479302271100 ) ) ;
#3927 = VECTOR ( 'NONE', #6960, 39.37007874015748100 ) ;
#3928 = DIRECTION ( 'NONE',  ( -0.1313901291259448600, 0.05577180091265753600, -0.9897606479302087900 ) ) ;
#3929 = VECTOR ( 'NONE', #5282, 39.37007874015748100 ) ;
#3930 = ORIENTED_EDGE ( 'NONE', *, *, #757, .F. ) ;
#3931 = CARTESIAN_POINT ( 'NONE',  ( 0.1000000000000000100, 0.1685072436393939300, -0.06777132466369510700 ) ) ;
#3932 = CARTESIAN_POINT ( 'NONE',  ( 0.1367707550747550600, -0.03145339745852958300, 0.1848431018318718900 ) ) ;
#3933 = VECTOR ( 'NONE', #6160, 39.37007874015748100 ) ;
#3934 = DIRECTION ( 'NONE',  ( -0.9110794801756865200, 0.3867302949007581100, 0.1427370302646568400 ) ) ;
#3935 = DIRECTION ( 'NONE',  ( -0.9781476007336972200, 0.2079116908182693800, 0.0000000000000000000 ) ) ;
#3936 = CARTESIAN_POINT ( 'NONE',  ( -0.7340000000000003200, 0.06597740229986158400, -0.2444999999999999700 ) ) ;
#3937 = ORIENTED_EDGE ( 'NONE', *, *, #1536, .T. ) ;
#3938 = CARTESIAN_POINT ( 'NONE',  ( -0.7340000000000001000, 0.1910000000000000600, 0.2389999999999999900 ) ) ;
#3939 = EDGE_CURVE ( 'NONE', #3291, #3081, #5951, .T. ) ;
#3940 = AXIS2_PLACEMENT_3D ( 'NONE', #1158, #1045, #1147 ) ;
#3941 = FACE_OUTER_BOUND ( 'NONE', #1138, .T. ) ;
#3942 = CARTESIAN_POINT ( 'NONE',  ( 0.1367019015430246400, -0.02888192852150906300, 0.1852705555799316600 ) ) ;
#3943 = EDGE_LOOP ( 'NONE', ( #6079, #6346 ) ) ;
#3944 = CARTESIAN_POINT ( 'NONE',  ( -0.3772794277176711500, 0.07379624821149376200, -0.1027441665007119400 ) ) ;
#3945 = LINE ( 'NONE', #5301, #3929 ) ;
#3946 = CARTESIAN_POINT ( 'NONE',  ( -0.7339999999999999900, -0.2425376259469999900, 0.1223294731453000200 ) ) ;
#3947 = DIRECTION ( 'NONE',  ( 1.000000000000000000, 3.327275781181926500E-014, 3.327275781182000300E-014 ) ) ;
#3948 = AXIS2_PLACEMENT_3D ( 'NONE', #6828, #6981, #7023 ) ;
#3949 = ORIENTED_EDGE ( 'NONE', *, *, #283, .T. ) ;
#3950 = CARTESIAN_POINT ( 'NONE',  ( 0.2868504610950000100, 0.1605936459740999700, -0.09186373006538001200 ) ) ;
#3951 = CARTESIAN_POINT ( 'NONE',  ( 0.1365648140762692800, -0.02374797812838943700, 0.1860302182198143300 ) ) ;
#3952 = DIRECTION ( 'NONE',  ( 1.000000000000000000, -0.0000000000000000000, -0.0000000000000000000 ) ) ;
#3953 = DIRECTION ( 'NONE',  ( -1.000000000000000000, 0.0000000000000000000, 0.0000000000000000000 ) ) ;
#3954 = CARTESIAN_POINT ( 'NONE',  ( 0.1342432578938049000, -0.05719098131525657300, -0.1616178229312440200 ) ) ;
#3955 = LINE ( 'NONE', #3016, #486 ) ;
#3956 = EDGE_LOOP ( 'NONE', ( #2089, #2026, #1980, #5346 ) ) ;
#3957 = CARTESIAN_POINT ( 'NONE',  ( 0.1364483726991175300, -0.01936699662490766100, 0.1865200978899067000 ) ) ;
#3958 = AXIS2_PLACEMENT_3D ( 'NONE', #2962, #2968, #2492 ) ;
#3959 = CARTESIAN_POINT ( 'NONE',  ( 0.7031249999990836200, -0.2409381711214067000, 0.08268284613506830800 ) ) ;
#3960 = AXIS2_PLACEMENT_3D ( 'NONE', #3160, #2977, #3003 ) ;
#3961 = CARTESIAN_POINT ( 'NONE',  ( 0.7788404885582130800, 0.1443375672974409900, -0.2500000000000122700 ) ) ;
#3962 = ORIENTED_EDGE ( 'NONE', *, *, #5409, .F. ) ;
#3963 = VECTOR ( 'NONE', #5017, 39.37007874015748100 ) ;
#3964 = ORIENTED_EDGE ( 'NONE', *, *, #2795, .F. ) ;
#3965 = ORIENTED_EDGE ( 'NONE', *, *, #4501, .T. ) ;
#3966 = CARTESIAN_POINT ( 'NONE',  ( -0.7339999999999999900, 0.2444999999999999700, 0.1469999999999999900 ) ) ;
#3967 = EDGE_CURVE ( 'NONE', #6665, #1313, #5986, .T. ) ;
#3968 = CYLINDRICAL_SURFACE ( 'NONE', #818, 0.07999999999999286800 ) ;
#3969 = VERTEX_POINT ( 'NONE', #2086 ) ;
#3970 = CARTESIAN_POINT ( 'NONE',  ( -0.3905000000000000700, -0.2951257157821999800, 0.1678464951686999800 ) ) ;
#3971 = EDGE_LOOP ( 'NONE', ( #5046, #4963, #4943, #4909 ) ) ;
#3972 = DIRECTION ( 'NONE',  ( 0.0000000000000000000, -0.7071067811865469100, 0.7071067811865479100 ) ) ;
#3973 = ORIENTED_EDGE ( 'NONE', *, *, #3165, .T. ) ;
#3974 = ADVANCED_FACE ( 'NONE', ( #6006 ), #2270, .T. ) ;
#3975 = CARTESIAN_POINT ( 'NONE',  ( 0.1362169061658554100, -0.01064148550175512100, 0.1872902865936717000 ) ) ;
#3976 = DIRECTION ( 'NONE',  ( 1.000000000000000000, 0.0000000000000000000, 0.0000000000000000000 ) ) ;
#3977 = CARTESIAN_POINT ( 'NONE',  ( -0.8940000000000001300, 0.2605000000000000100, -0.1029999999999999900 ) ) ;
#3978 = CARTESIAN_POINT ( 'NONE',  ( -0.3521874239845842500, 3.930074648464835200E-014, -0.1265000000000640300 ) ) ;
#3979 = CARTESIAN_POINT ( 'NONE',  ( -0.5989355881578786200, 0.1205378789139307500, -0.03837798518609698100 ) ) ;
#3980 = LINE ( 'NONE', #6971, #3927 ) ;
#3981 = VERTEX_POINT ( 'NONE', #2218 ) ;
#3982 = ORIENTED_EDGE ( 'NONE', *, *, #6648, .F. ) ;
#3983 = DIRECTION ( 'NONE',  ( 0.0000000000000000000, -0.7071067811865479100, 0.7071067811865472400 ) ) ;
#3985 = EDGE_CURVE ( 'NONE', #5982, #5764, #6262, .T. ) ;
#3984 = CARTESIAN_POINT ( 'NONE',  ( 0.1360644834384028800, -0.004873245272598159300, 0.1875230871983605300 ) ) ;
#3986 = CARTESIAN_POINT ( 'NONE',  ( -0.7819400000000001900, 0.1999999999999233500, -0.3025000000000766000 ) ) ;
#3987 = B_SPLINE_CURVE_WITH_KNOTS ( 'NONE', 3,
 ( #530, #455, #570, #587, #603, #616 ),
 .UNSPECIFIED., .F., .F.,
 ( 4, 2, 4 ),
 ( -0.001492764285096092500, -0.0007463821425485397800, -9.870576578308032400E-016 ),
 .UNSPECIFIED. ) ;
#3988 = CARTESIAN_POINT ( 'NONE',  ( -0.3863194442257360000, 0.07251369608546584500, -0.09605417589741266400 ) ) ;
#3989 = CARTESIAN_POINT ( 'NONE',  ( 0.3265899843067000000, -1.065975624152775600E-013, -1.148795437741948800E-013 ) ) ;
#3990 = LINE ( 'NONE', #6113, #6605 ) ;
#3991 = DIRECTION ( 'NONE',  ( -0.9914466781300052000, 0.0000000000000000000, 0.1305123918445206500 ) ) ;
#3992 = EDGE_LOOP ( 'NONE', ( #6314, #6188, #1521, #1639, #6270, #6219, #1243, #3382, #3509, #1148, #890, #956, #1014, #1175, #1294, #1303, #6027, #1553, #1486, #1691, #1767, #1873 ) ) ;
#3993 = ORIENTED_EDGE ( 'NONE', *, *, #421, .F. ) ;
#3994 = CARTESIAN_POINT ( 'NONE',  ( 0.2850962705414000200, 0.1189760761086999800, -0.1416826060331000100 ) ) ;
#3995 = CARTESIAN_POINT ( 'NONE',  ( 0.1356128801402116900, 0.01220966651918450000, 0.1874404902981240400 ) ) ;
#3996 = CIRCLE ( 'NONE', #2279, 0.2343750000000291200 ) ;
#3997 = CARTESIAN_POINT ( 'NONE',  ( 0.7031250000000230900, -0.2165063509434593500, 0.1250000000046166100 ) ) ;
#3998 = ORIENTED_EDGE ( 'NONE', *, *, #14, .T. ) ;
#3999 = ORIENTED_EDGE ( 'NONE', *, *, #7030, .F. ) ;
#4000 = CARTESIAN_POINT ( 'NONE',  ( 3.414809992080329000E-017, -0.2768323048345000000, 0.1495530842210000000 ) ) ;
#4001 = CARTESIAN_POINT ( 'NONE',  ( 0.1353193644536394600, 0.02329902384101764300, 0.1863483525773521300 ) ) ;
#4002 = FACE_OUTER_BOUND ( 'NONE', #2031, .T. ) ;
#4003 = ORIENTED_EDGE ( 'NONE', *, *, #7028, .F. ) ;
#4004 = ORIENTED_EDGE ( 'NONE', *, *, #4365, .F. ) ;
#4005 = DIRECTION ( 'NONE',  ( -0.1305123918445206800, 0.0000000000000000000, -0.9914466781300053100 ) ) ;
#4006 = AXIS2_PLACEMENT_3D ( 'NONE', #2061, #2712, #2733 ) ;
#4007 = AXIS2_PLACEMENT_3D ( 'NONE', #5357, #5345, #5336 ) ;
#4008 = CARTESIAN_POINT ( 'NONE',  ( 0.1344614769305877400, 0.05518896846171297800, 0.1804868150291298000 ) ) ;
#4009 = FACE_OUTER_BOUND ( 'NONE', #3441, .T. ) ;
#4010 = CARTESIAN_POINT ( 'NONE',  ( 0.1339197646307718200, 0.07455487216178978400, 0.1730999233414217700 ) ) ;
#4011 = VERTEX_POINT ( 'NONE', #2346 ) ;
#4012 = CARTESIAN_POINT ( 'NONE',  ( -0.7810000000000001400, -0.1767766952965930700, 0.1767766952966069700 ) ) ;
#4013 = CARTESIAN_POINT ( 'NONE',  ( 0.2585428561979000200, 0.07338955514943999700, 0.1774067415136000000 ) ) ;
#4014 = ADVANCED_FACE ( 'NONE', ( #3545 ), #2380, .T. ) ;
#4015 = FACE_OUTER_BOUND ( 'NONE', #3971, .T. ) ;
#4016 = VECTOR ( 'NONE', #7071, 39.37007874015748100 ) ;
#4017 = DIRECTION ( 'NONE',  ( 0.0000000000000000000, 0.0000000000000000000, 1.000000000000000000 ) ) ;
#4018 = EDGE_LOOP ( 'NONE', ( #6004, #5637, #5779, #5567 ) ) ;
#4019 = CARTESIAN_POINT ( 'NONE',  ( -0.8940000000000001300, -0.1420000000000000400, -0.2524999999999999500 ) ) ;
#4020 = CARTESIAN_POINT ( 'NONE',  ( -0.9692624151769500000, 0.2444999999999999700, -0.01699999999998999900 ) ) ;
#4021 = DIRECTION ( 'NONE',  ( -1.006075183802954900E-015, 0.7071067811865469100, -0.7071067811865482400 ) ) ;
#4022 = VECTOR ( 'NONE', #5810, 39.37007874015748100 ) ;
#4023 = FACE_OUTER_BOUND ( 'NONE', #1754, .T. ) ;
#4024 = CARTESIAN_POINT ( 'NONE',  ( -0.3905000000000000700, 0.3075000000000000000, 0.2454999999999999400 ) ) ;
#4025 = ORIENTED_EDGE ( 'NONE', *, *, #6503, .F. ) ;
#4026 = CARTESIAN_POINT ( 'NONE',  ( 0.1328967654622503800, 0.1082449612167633200, 0.1542958925799111900 ) ) ;
#4027 = AXIS2_PLACEMENT_3D ( 'NONE', #5064, #5015, #391 ) ;
#4028 = DIRECTION ( 'NONE',  ( 0.0000000000000000000, 0.0000000000000000000, -1.000000000000000000 ) ) ;
#4029 = DIRECTION ( 'NONE',  ( -1.000000000000000000, -5.558188429870848700E-017, -5.918869505956197600E-017 ) ) ;
#4030 = VECTOR ( 'NONE', #6013, 39.37007874015748100 ) ;
#4031 = VERTEX_POINT ( 'NONE', #2327 ) ;
#4032 = DIRECTION ( 'NONE',  ( 1.000000000000000000, -0.0000000000000000000, -0.0000000000000000000 ) ) ;
#4033 = CARTESIAN_POINT ( 'NONE',  ( 0.1324154785935459900, 0.1225737413922114900, 0.1428831788878271400 ) ) ;
#4034 = CARTESIAN_POINT ( 'NONE',  ( 0.1000001396368077300, 0.1517489156513100500, 0.1101236844750643300 ) ) ;
#4035 = DIRECTION ( 'NONE',  ( -1.000000000000000000, 0.0000000000000000000, 0.0000000000000000000 ) ) ;
#4036 = CARTESIAN_POINT ( 'NONE',  ( -0.7339999999999999900, -0.2389999999999911600, -0.3025000000000454500 ) ) ;
#4037 = LINE ( 'NONE', #6954, #4016 ) ;
#4038 = DIRECTION ( 'NONE',  ( 1.000000000000000000, 0.0000000000000000000, 0.0000000000000000000 ) ) ;
#4039 = DIRECTION ( 'NONE',  ( 0.0000000000000000000, -0.7071067811865482400, -0.7071067811865469100 ) ) ;
#4040 = ORIENTED_EDGE ( 'NONE', *, *, #2353, .T. ) ;
#4041 = CARTESIAN_POINT ( 'NONE',  ( 0.7968750000000000000, -2.244170441670291100E-013, -1.820947428276835500E-014 ) ) ;
#4042 = LINE ( 'NONE', #5813, #4022 ) ;
#4043 = CARTESIAN_POINT ( 'NONE',  ( 0.1315133302872507900, 0.1462304604310893700, 0.1185558228276586300 ) ) ;
#4044 = DIRECTION ( 'NONE',  ( 2.449490783530942300E-015, 1.178340830471968600E-031, -1.000000000000000000 ) ) ;
#4045 = VERTEX_POINT ( 'NONE', #2560 ) ;
#4046 = CARTESIAN_POINT ( 'NONE',  ( 0.1353816999325530300, -0.01871349444320196900, -0.1680969413786190500 ) ) ;
#4047 = AXIS2_PLACEMENT_3D ( 'NONE', #5918, #5924, #5931 ) ;
#4048 = DIRECTION ( 'NONE',  ( -1.000000000000000000, -0.0000000000000000000, -0.0000000000000000000 ) ) ;
#4049 = CARTESIAN_POINT ( 'NONE',  ( 0.1310924688496591400, 0.1555857291246957600, 0.1056601846564135400 ) ) ;
#4050 = VECTOR ( 'NONE', #6704, 39.37007874015748100 ) ;
#4051 = ORIENTED_EDGE ( 'NONE', *, *, #6348, .F. ) ;
#4052 = CARTESIAN_POINT ( 'NONE',  ( -0.7339999999999999900, 0.2605000000000000100, -0.1949999999999999800 ) ) ;
#4053 = CARTESIAN_POINT ( 'NONE',  ( -0.8939999999999997900, -0.2481944801964879300, 0.1279863273947870500 ) ) ;
#4054 = DIRECTION ( 'NONE',  ( -7.284927983103797200E-017, 0.0000000000000000000, 1.000000000000000000 ) ) ;
#4055 = ORIENTED_EDGE ( 'NONE', *, *, #4854, .F. ) ;
#4056 = CARTESIAN_POINT ( 'NONE',  ( 0.1306957162413404600, 0.1629550920774927900, 0.09274510523796136700 ) ) ;
#4057 = CIRCLE ( 'NONE', #1329, 0.3075000000000286400 ) ;
#4058 = VERTEX_POINT ( 'NONE', #2437 ) ;
#4059 = DIRECTION ( 'NONE',  ( 4.360660245055357000E-016, 0.0000000000000000000, 1.000000000000000000 ) ) ;
#4060 = CARTESIAN_POINT ( 'NONE',  ( 0.2833420799877999800, 0.06271142214366999500, -0.1740590376926999800 ) ) ;
#4061 = ORIENTED_EDGE ( 'NONE', *, *, #6894, .T. ) ;
#4062 = CARTESIAN_POINT ( 'NONE',  ( 0.7100892630247210800, -0.2649349102526859000, 0.04111927474371573900 ) ) ;
#4063 = CARTESIAN_POINT ( 'NONE',  ( -0.6480000000000171200, 0.03400000000006463800, 0.07056760729835999400 ) ) ;
#4064 = CARTESIAN_POINT ( 'NONE',  ( 0.7100892630259434400, 0.1680777916369661800, 0.2088807252608706200 ) ) ;
#4065 = CARTESIAN_POINT ( 'NONE',  ( -0.6034131136507549000, 0.02251702814865466600, -0.02441668864549000100 ) ) ;
#4066 = EDGE_LOOP ( 'NONE', ( #4847, #4935, #4800, #4713, #4564, #4656, #4343, #4453 ) ) ;
#4067 = VERTEX_POINT ( 'NONE', #2474 ) ;
#4068 = DIRECTION ( 'NONE',  ( -1.000000000000000000, 4.094932536742629700E-016, 4.360660245055356500E-016 ) ) ;
#4069 = CARTESIAN_POINT ( 'NONE',  ( -0.7074985263546148500, 0.009283048678467147400, 0.02182250319205367900 ) ) ;
#4070 = DIRECTION ( 'NONE',  ( -0.2057828098165593300, -0.9681320030735812700, 0.1427370302645288900 ) ) ;
#4071 = DIRECTION ( 'NONE',  ( -1.000000000000000000, 0.0000000000000000000, 0.0000000000000000000 ) ) ;
#4072 = ORIENTED_EDGE ( 'NONE', *, *, #6303, .F. ) ;
#4073 = ORIENTED_EDGE ( 'NONE', *, *, #1836, .F. ) ;
#4074 = CARTESIAN_POINT ( 'NONE',  ( 0.7211595114417742600, -0.2886751345948361200, -3.195979788088966700E-015 ) ) ;
#4075 = CARTESIAN_POINT ( 'NONE',  ( -0.4564706104023414400, 0.06408650822686899600, -0.07085571061853056200 ) ) ;
#4076 = EDGE_CURVE ( 'NONE', #1600, #3812, #6246, .T. ) ;
#4077 = CONICAL_SURFACE ( 'NONE', #2823, 0.1420360850511861200, 0.5235987755984401500 ) ;
#4078 = CARTESIAN_POINT ( 'NONE',  ( -0.7810000000000002500, 0.3025000000000766000, -0.1999999999999233800 ) ) ;
#4079 = VERTEX_POINT ( 'NONE', #2581 ) ;
#4080 = ORIENTED_EDGE ( 'NONE', *, *, #231, .T. ) ;
#4081 = CARTESIAN_POINT ( 'NONE',  ( 0.1306871336214587000, 0.1631139827362421700, 0.09246541657993591300 ) ) ;
#4082 = CARTESIAN_POINT ( 'NONE',  ( -6.829619984160658000E-017, -5.640645680014677600E-014, 1.872367665934690800E-016 ) ) ;
#4083 = ADVANCED_FACE ( 'NONE', ( #6065 ), #6987, .T. ) ;
#4084 = FACE_OUTER_BOUND ( 'NONE', #5505, .T. ) ;
#4085 = ORIENTED_EDGE ( 'NONE', *, *, #4318, .F. ) ;
#4086 = ORIENTED_EDGE ( 'NONE', *, *, #6, .T. ) ;
#4087 = CARTESIAN_POINT ( 'NONE',  ( 0.2964992073019966400, -0.1430028537833895300, 0.1212666237302482100 ) ) ;
#4088 = CARTESIAN_POINT ( 'NONE',  ( 0.05099999999999998300, 3.681698735523857500E-014, -3.855256875694486800E-034 ) ) ;
#4089 = MECHANICAL_DESIGN_GEOMETRIC_PRESENTATION_REPRESENTATION (  '', ( #3385 ), #3691 ) ;
#4090 = CARTESIAN_POINT ( 'NONE',  ( -1.054000000000241900, -0.02199999999999999200, -0.2437953433570999900 ) ) ;
#4091 = EDGE_CURVE ( 'NONE', #5897, #4895, #6017, .T. ) ;
#4092 = ORIENTED_EDGE ( 'NONE', *, *, #3418, .F. ) ;
#4093 = DIRECTION ( 'NONE',  ( -1.000000000000000000, 3.327275781182000300E-014, 3.327275781181926500E-014 ) ) ;
#4094 = CARTESIAN_POINT ( 'NONE',  ( 0.1306724394182547100, 0.1633848128177559900, 0.09198586507469765100 ) ) ;
#4095 = PLANE ( 'NONE',  #1120 ) ;
#4096 = FACE_OUTER_BOUND ( 'NONE', #3773, .T. ) ;
#4097 = DIRECTION ( 'NONE',  ( 1.000000000000000000, -0.0000000000000000000, -0.0000000000000000000 ) ) ;
#4098 = ORIENTED_EDGE ( 'NONE', *, *, #4959, .T. ) ;
#4099 = CARTESIAN_POINT ( 'NONE',  ( -0.7326511801730000200, 0.2437953433570999900, -0.06637111058979000600 ) ) ;
#4100 = AXIS2_PLACEMENT_3D ( 'NONE', #5068, #4990, #4245 ) ;
#4101 = DIRECTION ( 'NONE',  ( 2.731847993696793700E-014, 1.000000000000000000, 0.0000000000000000000 ) ) ;
#4102 = CARTESIAN_POINT ( 'NONE',  ( 0.1306503904164084100, 0.1637896203467380500, 0.09126537031874540400 ) ) ;
#4103 = VECTOR ( 'NONE', #6085, 39.37007874015748900 ) ;
#4104 = CARTESIAN_POINT ( 'NONE',  ( -0.9689999999986234100, 0.2437953433570997900, 0.02200000000000684700 ) ) ;
#4105 = FACE_OUTER_BOUND ( 'NONE', #6443, .T. ) ;
#4106 = CARTESIAN_POINT ( 'NONE',  ( -0.8940290340353002100, -0.2043538597628500300, 0.1491995308303499800 ) ) ;
#4107 = DIRECTION ( 'NONE',  ( -0.0000000000000000000, 0.0000000000000000000, -1.000000000000000000 ) ) ;
#4108 = ORIENTED_EDGE ( 'NONE', *, *, #1348, .T. ) ;
#4109 = AXIS2_PLACEMENT_3D ( 'NONE', #3100, #3090, #3083 ) ;
#4110 = LINE ( 'NONE', #6098, #4103 ) ;
#4111 = CARTESIAN_POINT ( 'NONE',  ( 0.2815878894341999900, -0.001273616497241999900, -0.1850071688420999700 ) ) ;
#4112 = CARTESIAN_POINT ( 'NONE',  ( -1.044524830354393700, 0.2604999999999999000, 0.06100000000009994000 ) ) ;
#4113 = CARTESIAN_POINT ( 'NONE',  ( 0.1305988888661514500, 0.1647240618094383000, 0.08957608172321258900 ) ) ;
#4114 = ORIENTED_EDGE ( 'NONE', *, *, #3967, .T. ) ;
#4115 = B_SPLINE_CURVE_WITH_KNOTS ( 'NONE', 3,
 ( #4034, #3869, #4127, #4142, #4156, #4170, #4181, #4231, #4223, #4848, #4805, #3931, #3899, #3879, #3870, #3859, #3836, #3820, #3791, #3774, #3752, #3728, #3706, #3693, #6888, #6871, #6849, #6831, #6809, #6785, #6733, #6716, #6664, #6641 ),
 .UNSPECIFIED., .F., .F.,
 ( 4, 2, 2, 2, 2, 2, 2, 2, 2, 2, 2, 2, 2, 2, 2, 2, 4 ),
 ( 0.0000000000000000000, 0.0008847924748349002600, 0.001769584949669800500, 0.002654377424504700800, 0.003539169899339601000, 0.004423962374174501300, 0.005308754849009401600, 0.006193547323844302700, 0.007078339798679203800, 0.007963132273514105000, 0.008847924748349004400, 0.009732717223183905500, 0.01061750969801880500, 0.01150230217285370400, 0.01238709464768860500, 0.01327188712252350700, 0.01415667959735840800 ),
 .UNSPECIFIED. ) ;
#4116 = VECTOR ( 'NONE', #3438, 39.37007874015748100 ) ;
#4117 = CARTESIAN_POINT ( 'NONE',  ( 0.05000000000000000300, -0.2438429797527999800, -0.2437499999999999900 ) ) ;
#4118 = EDGE_CURVE ( 'NONE', #755, #4058, #3486, .T. ) ;
#4119 = ORIENTED_EDGE ( 'NONE', *, *, #660, .T. ) ;
#4120 = CARTESIAN_POINT ( 'NONE',  ( 0.1763364562179000100, -0.1355711068571000000, 0.1258967096389999900 ) ) ;
#4121 = CARTESIAN_POINT ( 'NONE',  ( 0.1304956702485085000, 0.1665521352032367000, 0.08616527739236781700 ) ) ;
#4122 = CARTESIAN_POINT ( 'NONE',  ( -0.7012468282988093500, 0.02401112633370411700, 0.02217749680796259100 ) ) ;
#4123 = CARTESIAN_POINT ( 'NONE',  ( 0.7031250000000154300, 4.210354007422793300E-015, 3.267973162420875000E-014 ) ) ;
#4124 = FACE_BOUND ( 'NONE', #1081, .T. ) ;
#4125 = DIRECTION ( 'NONE',  ( -0.0000000000000000000, 0.7071067811865503500, -0.7071067811865444600 ) ) ;
#4126 = DIRECTION ( 'NONE',  ( 2.449490783530942700E-015, 1.000000000000000000, 1.178340830472019000E-031 ) ) ;
#4127 = CARTESIAN_POINT ( 'NONE',  ( 0.1000000000000000200, 0.1639066881481205700, 0.09020509120004577300 ) ) ;
#4128 = ORIENTED_EDGE ( 'NONE', *, *, #5335, .F. ) ;
#4129 = CARTESIAN_POINT ( 'NONE',  ( 0.1304068276897360500, 0.1680478164581268000, 0.08318755517827740300 ) ) ;
#4130 = DIRECTION ( 'NONE',  ( 0.9918538434790308300, 0.1273811335162092500, 0.0000000000000000000 ) ) ;
#4131 = EDGE_CURVE ( 'NONE', #4692, #4895, #5406, .T. ) ;
#4132 = DIRECTION ( 'NONE',  ( 1.000000000000000000, 0.0000000000000000000, 0.0000000000000000000 ) ) ;
#4133 = EDGE_CURVE ( 'NONE', #6394, #7119, #3529, .T. ) ;
#4134 = AXIS2_PLACEMENT_3D ( 'NONE', #3130, #3524, #3544 ) ;
#4135 = FACE_OUTER_BOUND ( 'NONE', #4066, .T. ) ;
#4136 = ORIENTED_EDGE ( 'NONE', *, *, #2201, .F. ) ;
#4137 = CARTESIAN_POINT ( 'NONE',  ( -0.8890000000000000100, 0.2524999999999999500, -0.1029999999999999900 ) ) ;
#4138 = EDGE_LOOP ( 'NONE', ( #2982, #4323, #4242, #7109, #2590 ) ) ;
#4139 = LINE ( 'NONE', #6039, #4030 ) ;
#4140 = VERTEX_POINT ( 'NONE', #2857 ) ;
#4141 = DIRECTION ( 'NONE',  ( -0.0000000000000000000, 1.000000000000000000, -0.0000000000000000000 ) ) ;
#4142 = CARTESIAN_POINT ( 'NONE',  ( 0.1000000000000000500, 0.1731188223105094600, 0.06886453555416355300 ) ) ;
#4143 = EDGE_LOOP ( 'NONE', ( #3355, #3286, #3271, #3087 ) ) ;
#4144 = AXIS2_PLACEMENT_3D ( 'NONE', #7079, #7076, #7069 ) ;
#4145 = CARTESIAN_POINT ( 'NONE',  ( 0.1302286499616104900, 0.1709407209789020900, 0.07716285189350419200 ) ) ;
#4146 = DIRECTION ( 'NONE',  ( 0.0000000000000000000, 1.000000000000000000, 0.0000000000000000000 ) ) ;
#4147 = DIRECTION ( 'NONE',  ( 0.0000000000000000000, 0.0000000000000000000, 1.000000000000000000 ) ) ;
#4148 = DIRECTION ( 'NONE',  ( 0.0000000000000000000, 0.0000000000000000000, -1.000000000000000000 ) ) ;
#4149 = VECTOR ( 'NONE', #6272, 39.37007874015748100 ) ;
#4150 = ORIENTED_EDGE ( 'NONE', *, *, #3058, .T. ) ;
#4151 = DIRECTION ( 'NONE',  ( -0.08715574274735243800, 0.0000000000000000000, 0.9961946980917723000 ) ) ;
#4152 = ORIENTED_EDGE ( 'NONE', *, *, #1328, .T. ) ;
#4153 = ORIENTED_EDGE ( 'NONE', *, *, #3985, .T. ) ;
#4154 = CARTESIAN_POINT ( 'NONE',  ( 0.2147079514620134900, -0.02200569103622884400, 0.1680960092060307700 ) ) ;
#4155 = CARTESIAN_POINT ( 'NONE',  ( 0.1301092079954190300, 0.1727380696798858400, 0.07305399224122395600 ) ) ;
#4156 = CARTESIAN_POINT ( 'NONE',  ( 0.1000000000000000200, 0.1767637910813571500, 0.05762843701471224300 ) ) ;
#4157 = CARTESIAN_POINT ( 'NONE',  ( 0.1297489116545218500, 0.1777077453503231600, 0.06047567450693407800 ) ) ;
#4158 = CYLINDRICAL_SURFACE ( 'NONE', #2376, 0.005000000000035938400 ) ;
#4159 = CARTESIAN_POINT ( 'NONE',  ( 0.3947169712252000000, 2.134231029990791500E-016, 0.3098651377028564000 ) ) ;
#4160 = ORIENTED_EDGE ( 'NONE', *, *, #2120, .F. ) ;
#4161 = ORIENTED_EDGE ( 'NONE', *, *, #5062, .F. ) ;
#4162 = CARTESIAN_POINT ( 'NONE',  ( 0.2181964734649000100, 0.1528047813812999900, -0.1162324110634000000 ) ) ;
#4163 = CARTESIAN_POINT ( 'NONE',  ( -0.7339999999999999900, -0.02199999999999999900, -0.2444999999999999700 ) ) ;
#4164 = LINE ( 'NONE', #3178, #4765 ) ;
#4165 = CARTESIAN_POINT ( 'NONE',  ( -0.3963289109160852400, 0.07121841786995618300, -0.09113583581974571400 ) ) ;
#4166 = EDGE_CURVE ( 'NONE', #2570, #2432, #2699, .T. ) ;
#4167 = VERTEX_POINT ( 'NONE', #2932 ) ;
#4168 = EDGE_LOOP ( 'NONE', ( #2216, #2191, #2179, #2137 ) ) ;
#4169 = ADVANCED_FACE ( 'NONE', ( #1670 ), #1588, .F. ) ;
#4170 = CARTESIAN_POINT ( 'NONE',  ( 0.1000000000000000100, 0.1818306608011875700, 0.03492379327169082400 ) ) ;
#4171 = CARTESIAN_POINT ( 'NONE',  ( -0.7810000000000001400, 0.2467499999999999700, 0.2389999999999999900 ) ) ;
#4172 = CARTESIAN_POINT ( 'NONE',  ( 0.1295060868374930100, 0.1804580843177851200, 0.05175371172993736100 ) ) ;
#4173 = CARTESIAN_POINT ( 'NONE',  ( 0.2798336988806000000, -0.06510188030027000400, -0.1731791655363000000 ) ) ;
#4174 = LINE ( 'NONE', #3179, #1888 ) ;
#4175 = DIRECTION ( 'NONE',  ( -1.000000000000000000, 0.0000000000000000000, 0.0000000000000000000 ) ) ;
#4176 = CARTESIAN_POINT ( 'NONE',  ( -0.8939999999999997900, -0.1279863273947653400, 0.2481944801964653900 ) ) ;
#4177 = ORIENTED_EDGE ( 'NONE', *, *, #3317, .F. ) ;
#4178 = ORIENTED_EDGE ( 'NONE', *, *, #5031, .T. ) ;
#4179 = CARTESIAN_POINT ( 'NONE',  ( -0.4124882983070113900, 0.06919271288004481800, -0.08652846525715386600 ) ) ;
#4180 = EDGE_CURVE ( 'NONE', #5272, #4784, #3955, .T. ) ;
#4181 = CARTESIAN_POINT ( 'NONE',  ( 0.09999999999999992200, 0.1832875704302788800, 0.02339904287276922700 ) ) ;
#4182 = CARTESIAN_POINT ( 'NONE',  ( 0.1287697306171143300, 0.1867784297827448100, 0.02480889411118734900 ) ) ;
#4183 = CONICAL_SURFACE ( 'NONE', #3897, 0.2894486372865390800, 1.134464013796779000 ) ;
#4184 = CARTESIAN_POINT ( 'NONE',  ( 0.3260000000000931600, -1.065975624152775600E-013, 0.1579999999998654100 ) ) ;
#4185 = VERTEX_POINT ( 'NONE', #3057 ) ;
#4186 = ORIENTED_EDGE ( 'NONE', *, *, #6258, .T. ) ;
#4187 = CARTESIAN_POINT ( 'NONE',  ( -0.4179398144232026600, 0.06851988791798641100, -0.08549608031327875200 ) ) ;
#4188 = FACE_OUTER_BOUND ( 'NONE', #4588, .T. ) ;
#4189 = DIRECTION ( 'NONE',  ( 0.0000000000000000000, -1.000000000000000000, 0.0000000000000000000 ) ) ;
#4190 = ORIENTED_EDGE ( 'NONE', *, *, #3206, .T. ) ;
#4191 = CARTESIAN_POINT ( 'NONE',  ( 0.1282683174444724500, 0.1884023879762659900, 0.005788976759193805400 ) ) ;
#4192 = PLANE ( 'NONE',  #3593 ) ;
#4193 = AXIS2_PLACEMENT_3D ( 'NONE', #2335, #2350, #2367 ) ;
#4194 = CIRCLE ( 'NONE', #1585, 0.06200000000021190600 ) ;
#4195 = FACE_OUTER_BOUND ( 'NONE', #5730, .T. ) ;
#4196 = CARTESIAN_POINT ( 'NONE',  ( -0.8939999999999999100, -0.1420000000000001800, -0.2605000000000000100 ) ) ;
#4197 = CARTESIAN_POINT ( 'NONE',  ( 0.1000000000000000100, -6.430407353524017400E-014, 6.189280072995864100E-017 ) ) ;
#4198 = ORIENTED_EDGE ( 'NONE', *, *, #6710, .T. ) ;
#4199 = ADVANCED_FACE ( 'NONE', ( #2303 ), #3041, .F. ) ;
#4200 = DIRECTION ( 'NONE',  ( -1.000000000000000000, 2.410454112010823400E-015, 0.0000000000000000000 ) ) ;
#4201 = CARTESIAN_POINT ( 'NONE',  ( -0.7810000000000001400, -0.3088699999999999800, -0.1886700000000000000 ) ) ;
#4202 = CARTESIAN_POINT ( 'NONE',  ( 0.1272444730477430000, 0.1856485000268246500, -0.03269611235341810000 ) ) ;
#4203 = CONICAL_SURFACE ( 'NONE', #4960, 0.2492264973080051400, 1.134464013796779200 ) ;
#4204 = CARTESIAN_POINT ( 'NONE',  ( -0.4289666353909467000, 0.06716132866897237000, -0.08440606685772625300 ) ) ;
#4205 = EDGE_CURVE ( 'NONE', #2232, #3314, #4174, .T. ) ;
#4206 = LINE ( 'NONE', #6263, #4149 ) ;
#4207 = ORIENTED_EDGE ( 'NONE', *, *, #4133, .T. ) ;
#4208 = CARTESIAN_POINT ( 'NONE',  ( 0.0000000000000000000, -0.2454999999997350400, 0.1306808075914037700 ) ) ;
#4209 = ADVANCED_FACE ( 'NONE', ( #1971 ), #6174, .T. ) ;
#4210 = CARTESIAN_POINT ( 'NONE',  ( -1.047535326960999900, 0.2437953433570999900, 0.06100000000000999800 ) ) ;
#4211 = CONICAL_SURFACE ( 'NONE', #5350, 0.1879879971531076600, 0.7649928327086258400 ) ;
#4212 = PLANE ( 'NONE',  #1367 ) ;
#4213 = CARTESIAN_POINT ( 'NONE',  ( -0.4345923287631763800, 0.06646932815350610500, -0.08435381601474190000 ) ) ;
#4214 = ORIENTED_EDGE ( 'NONE', *, *, #3418, .T. ) ;
#4215 = EDGE_CURVE ( 'NONE', #5420, #4045, #3581, .T. ) ;
#4216 = AXIS2_PLACEMENT_3D ( 'NONE', #6660, #6411, #6397 ) ;
#4217 = B_SPLINE_CURVE_WITH_KNOTS ( 'NONE', 3,
 ( #4606, #4790, #4575, #4563, #4560, #4553, #4544, #4538, #4537, #4529, #4519, #4510, #4507, #4489, #4485, #4477, #4468, #4459, #4451, #4435, #4427, #4411, #4401, #4396, #4384, #4374, #4357, #4336, #4325, #4312, #4297, #4290, #4281, #4274 ),
 .UNSPECIFIED., .F., .F.,
 ( 4, 2, 2, 2, 2, 2, 2, 2, 2, 2, 2, 2, 2, 2, 2, 2, 4 ),
 ( 0.0000000000000000000, 0.0008842823391209586500, 0.001768564678241916700, 0.002652847017362874400, 0.003537129356483832900, 0.004421411695604791700, 0.005305694034725749700, 0.006189976373846708600, 0.007074258712967667500, 0.007958541052088626300, 0.008842823391209585200, 0.009727105730330542300, 0.01061138806945150100, 0.01149567040857246200, 0.01237995274769341900, 0.01326423508681437800, 0.01414851742593533500 ),
 .UNSPECIFIED. ) ;
#4218 = CARTESIAN_POINT ( 'NONE',  ( 0.7788404885582191900, 0.2886751345948362400, 2.714133640958143600E-014 ) ) ;
#4219 = LINE ( 'NONE', #6285, #4239 ) ;
#4220 = DIRECTION ( 'NONE',  ( -0.7071067811859973500, 0.0000000000000000000, 0.7071067811870976900 ) ) ;
#4221 = DIRECTION ( 'NONE',  ( -1.000000000000000000, 4.268512490100835400E-016, 0.0000000000000000000 ) ) ;
#4222 = VERTEX_POINT ( 'NONE', #3315 ) ;
#4223 = CARTESIAN_POINT ( 'NONE',  ( 0.09999999999999999200, 0.1832138304258435800, -0.01165452308326165100 ) ) ;
#4224 = FACE_OUTER_BOUND ( 'NONE', #881, .T. ) ;
#4225 = CARTESIAN_POINT ( 'NONE',  ( 0.1267220418236556000, 0.1812214777965877900, -0.05215564672034073800 ) ) ;
#4226 = CARTESIAN_POINT ( 'NONE',  ( 0.1256561613240329300, 0.1660274845447921900, -0.08944324520457522200 ) ) ;
#4227 = ORIENTED_EDGE ( 'NONE', *, *, #3039, .F. ) ;
#4228 = DIRECTION ( 'NONE',  ( 2.460002620993068900E-016, 1.000000000000000000, 0.0000000000000000000 ) ) ;
#4229 = CARTESIAN_POINT ( 'NONE',  ( -0.4457221246130104200, 0.06508425215232809000, -0.08526101352273246500 ) ) ;
#4230 = CARTESIAN_POINT ( 'NONE',  ( 0.7899107369756768200, 0.2649349102518244200, -0.04111927474520780300 ) ) ;
#4231 = CARTESIAN_POINT ( 'NONE',  ( 0.09999999999999990800, 0.1839829892972044700, -5.782168036074545700E-006 ) ) ;
#4232 = DIRECTION ( 'NONE',  ( 0.0000000000000000000, 0.0000000000000000000, 1.000000000000000000 ) ) ;
#4233 = VECTOR ( 'NONE', #6429, 39.37007874015748100 ) ;
#4234 = ORIENTED_EDGE ( 'NONE', *, *, #3039, .T. ) ;
#4235 = CARTESIAN_POINT ( 'NONE',  ( -0.7909999999999906000, 0.2444999999999999700, 0.02199999999997281900 ) ) ;
#4236 = CARTESIAN_POINT ( 'NONE',  ( -0.4511820298685126400, 0.06439704523418604600, -0.08620652882343968200 ) ) ;
#4237 = VERTEX_POINT ( 'NONE', #3281 ) ;
#4238 = CARTESIAN_POINT ( 'NONE',  ( 0.3070933388217621500, 0.1769067067877334300, 8.402099134516016800E-009 ) ) ;
#4239 = VECTOR ( 'NONE', #6398, 39.37007874015748100 ) ;
#4240 = ORIENTED_EDGE ( 'NONE', *, *, #2315, .T. ) ;
#4241 = CARTESIAN_POINT ( 'NONE',  ( 0.1251127120484967200, 0.1552182332900397800, -0.1072455747844226500 ) ) ;
#4242 = ORIENTED_EDGE ( 'NONE', *, *, #5976, .F. ) ;
#4243 = DIRECTION ( 'NONE',  ( -1.000000000000000000, 2.410454112010823400E-015, 0.0000000000000000000 ) ) ;
#4244 = ADVANCED_FACE ( 'NONE', ( #4002 ), #3333, .T. ) ;
#4245 = DIRECTION ( 'NONE',  ( -1.082673996788498500E-015, -1.000000000000000000, 0.0000000000000000000 ) ) ;
#4246 = VECTOR ( 'NONE', #5166, 39.37007874015748900 ) ;
#4247 = CARTESIAN_POINT ( 'NONE',  ( 0.1245414425503231600, 0.1410241988724750000, -0.1235631524585823900 ) ) ;
#4248 = CARTESIAN_POINT ( 'NONE',  ( 0.2780795083270000100, -0.1209155013334000000, -0.1400311512633999900 ) ) ;
#4249 = ORIENTED_EDGE ( 'NONE', *, *, #4205, .F. ) ;
#4250 = ORIENTED_EDGE ( 'NONE', *, *, #6558, .F. ) ;
#4251 = CARTESIAN_POINT ( 'NONE',  ( -0.8011904906812820100, -0.1013483074783185600, -0.2605000000000000100 ) ) ;
#4252 = CARTESIAN_POINT ( 'NONE',  ( -0.4618942646343667200, 0.06301581300106612300, -0.08905977105952893300 ) ) ;
#4253 = CIRCLE ( 'NONE', #1837, 0.06200000000006851400 ) ;
#4254 = CARTESIAN_POINT ( 'NONE',  ( -1.044524830354337300, -0.1548563850796795000, 0.2100107140125259100 ) ) ;
#4255 = ORIENTED_EDGE ( 'NONE', *, *, #3394, .T. ) ;
#4256 = EDGE_LOOP ( 'NONE', ( #6946, #3973, #989, #5333, #5156, #7115, #677 ) ) ;
#4257 = CARTESIAN_POINT ( 'NONE',  ( 0.3947169712252000000, 2.134231029990791500E-016, -3.994900839484974600E-014 ) ) ;
#4258 = EDGE_CURVE ( 'NONE', #361, #3132, #1899, .T. ) ;
#4259 = CARTESIAN_POINT ( 'NONE',  ( -0.8025343004949000400, 0.05717572558188999800, -0.2605000000000000100 ) ) ;
#4260 = CARTESIAN_POINT ( 'NONE',  ( -0.3609219362414470800, 0.07538321719382996800, -0.1063464952106530100 ) ) ;
#4261 = CARTESIAN_POINT ( 'NONE',  ( 0.7656250000000036600, -1.749236418443160600E-014, 0.1725000000000312900 ) ) ;
#4262 = VECTOR ( 'NONE', #3565, 39.37007874015748100 ) ;
#4263 = VERTEX_POINT ( 'NONE', #3350 ) ;
#4264 = VERTEX_POINT ( 'NONE', #3489 ) ;
#4265 = CARTESIAN_POINT ( 'NONE',  ( 0.7968749999999452700, 0.2165063509407882700, -0.1250000000091932000 ) ) ;
#4266 = CARTESIAN_POINT ( 'NONE',  ( 0.1245197267937570700, 0.1404813684921682700, -0.1241805622639076300 ) ) ;
#4267 = DIRECTION ( 'NONE',  ( 2.449490783530942700E-015, 1.000000000000000000, 1.178340830472019000E-031 ) ) ;
#4268 = LINE ( 'NONE', #5508, #6811 ) ;
#4269 = ORIENTED_EDGE ( 'NONE', *, *, #3967, .F. ) ;
#4270 = VERTEX_POINT ( 'NONE', #3476 ) ;
#4271 = CARTESIAN_POINT ( 'NONE',  ( 0.7968750000009152700, 0.2409381711222929000, -0.08268284613353332800 ) ) ;
#4272 = CARTESIAN_POINT ( 'NONE',  ( 0.1244807828785940800, 0.1395007887745440500, -0.1252814224655844900 ) ) ;
#4273 = LINE ( 'NONE', #6562, #6799 ) ;
#4274 = CARTESIAN_POINT ( 'NONE',  ( 0.1000001396368077300, 0.1517489156513100500, 0.1101236844750643300 ) ) ;
#4275 = ORIENTED_EDGE ( 'NONE', *, *, #3614, .F. ) ;
#4276 = EDGE_CURVE ( 'NONE', #3806, #5117, #3456, .T. ) ;
#4277 = DIRECTION ( 'NONE',  ( -1.000000000000000000, -0.0000000000000000000, 0.0000000000000000000 ) ) ;
#4278 = DIRECTION ( 'NONE',  ( 0.0000000000000000000, -0.7071067811865482400, -0.7071067811865469100 ) ) ;
#4279 = AXIS2_PLACEMENT_3D ( 'NONE', #3155, #3202, #3145 ) ;
#4280 = FACE_OUTER_BOUND ( 'NONE', #3735, .T. ) ;
#4281 = CARTESIAN_POINT ( 'NONE',  ( 0.1000000000000000200, 0.1445386851977953600, 0.1193961763171314200 ) ) ;
#4282 = ORIENTED_EDGE ( 'NONE', *, *, #2981, .T. ) ;
#4283 = CARTESIAN_POINT ( 'NONE',  ( -0.6776733489319474200, -0.004142499082931620800, 0.02217749680795089500 ) ) ;
#4284 = FACE_OUTER_BOUND ( 'NONE', #1414, .T. ) ;
#4285 = DIRECTION ( 'NONE',  ( 0.0000000000000000000, 1.000000000000000000, 0.0000000000000000000 ) ) ;
#4286 = CARTESIAN_POINT ( 'NONE',  ( 0.3265899843067000000, -1.065975624152775600E-013, 0.1574100156932576900 ) ) ;
#4287 = EDGE_CURVE ( 'NONE', #4623, #2173, #5210, .T. ) ;
#4288 = ORIENTED_EDGE ( 'NONE', *, *, #6948, .T. ) ;
#4289 = AXIS2_PLACEMENT_3D ( 'NONE', #4617, #2440, #4577 ) ;
#4290 = CARTESIAN_POINT ( 'NONE',  ( 0.1000000000000001200, 0.1365013695694691500, 0.1279557071223176000 ) ) ;
#4291 = VECTOR ( 'NONE', #5172, 39.37007874015748100 ) ;
#4292 = CARTESIAN_POINT ( 'NONE',  ( 0.1244224500441670200, 0.1380223521580996300, -0.1269216757682597500 ) ) ;
#4293 = DIRECTION ( 'NONE',  ( 1.000000000000000000, 0.0000000000000000000, 0.0000000000000000000 ) ) ;
#4294 = ORIENTED_EDGE ( 'NONE', *, *, #4733, .F. ) ;
#4295 = CARTESIAN_POINT ( 'NONE',  ( 0.2763253177734000300, -0.1618432818362000000, -0.08964394861400000500 ) ) ;
#4296 = PLANE ( 'NONE',  #5253 ) ;
#4297 = CARTESIAN_POINT ( 'NONE',  ( 0.1000000000000000900, 0.1189138697898733500, 0.1434467680933338700 ) ) ;
#4298 = EDGE_CURVE ( 'NONE', #6080, #2224, #7192, .T. ) ;
#4299 = CIRCLE ( 'NONE', #1144, 0.1725000000000310700 ) ;
#4300 = CARTESIAN_POINT ( 'NONE',  ( -0.3905000000000000700, -0.3075000000000000000, 0.1306808075911999600 ) ) ;
#4301 = CARTESIAN_POINT ( 'NONE',  ( 0.1242869213653926400, 0.1345209517687728800, -0.1306713586761448800 ) ) ;
#4302 = CARTESIAN_POINT ( 'NONE',  ( -0.7809999999999999200, -0.3075000000000000000, -0.1959999999999616500 ) ) ;
#4303 = CARTESIAN_POINT ( 'NONE',  ( -0.3670000000000000500, -0.1678464951687353400, 0.2951257157822471700 ) ) ;
#4304 = CARTESIAN_POINT ( 'NONE',  ( -0.7339999999999999900, 3.928525470263913200E-014, 0.1264999999999282000 ) ) ;
#4305 = CONICAL_SURFACE ( 'NONE', #5094, 0.1720120028468149200, 0.7649928327086206200 ) ;
#4306 = CARTESIAN_POINT ( 'NONE',  ( -0.4671974802858479500, 0.06231463948714992300, -0.09099470775127767300 ) ) ;
#4307 = ORIENTED_EDGE ( 'NONE', *, *, #3421, .T. ) ;
#4308 = AXIS2_PLACEMENT_3D ( 'NONE', #1779, #1761, #1744 ) ;
#4309 = EDGE_CURVE ( 'NONE', #2766, #4692, #7155, .T. ) ;
#4310 = DIRECTION ( 'NONE',  ( -1.000000000000000000, 0.0000000000000000000, 0.0000000000000000000 ) ) ;
#4311 = CARTESIAN_POINT ( 'NONE',  ( 0.1241717503862524400, 0.1314353569061860200, -0.1337513449788504100 ) ) ;
#4312 = CARTESIAN_POINT ( 'NONE',  ( 0.1000000000000000900, 0.1095147370417377500, 0.1502482628966284000 ) ) ;
#4313 = CYLINDRICAL_SURFACE ( 'NONE', #253, 0.03270000000001866600 ) ;
#4314 = ORIENTED_EDGE ( 'NONE', *, *, #1279, .T. ) ;
#4315 = CARTESIAN_POINT ( 'NONE',  ( 0.01562000000000000000, -0.1382044237430999900, 0.3075000000000000000 ) ) ;
#4316 = DIRECTION ( 'NONE',  ( -0.7097064004548877500, 5.339052628587479000E-008, -0.7044975693026651600 ) ) ;
#4317 = CARTESIAN_POINT ( 'NONE',  ( 0.1239427370410510600, 0.1251625710615763600, -0.1397302547667522700 ) ) ;
#4318 = EDGE_CURVE ( 'NONE', #4622, #5856, #7151, .T. ) ;
#4319 = ORIENTED_EDGE ( 'NONE', *, *, #779, .T. ) ;
#4320 = CARTESIAN_POINT ( 'NONE',  ( -0.4823146124826762600, 0.06023411887569822500, -0.09811646893476455600 ) ) ;
#4321 = LINE ( 'NONE', #6442, #4233 ) ;
#4322 = VERTEX_POINT ( 'NONE', #3772 ) ;
#4323 = ORIENTED_EDGE ( 'NONE', *, *, #4743, .T. ) ;
#4324 = CARTESIAN_POINT ( 'NONE',  ( -0.8939999999999997900, 0.09800000000000012900, -0.2605000000000000100 ) ) ;
#4325 = CARTESIAN_POINT ( 'NONE',  ( 0.1000000000000000900, 0.08956068283008424000, 0.1620489124247156400 ) ) ;
#4326 = CARTESIAN_POINT ( 'NONE',  ( 0.1237918329616889400, 0.1208446299061993300, -0.1434737572827343200 ) ) ;
#4327 = VECTOR ( 'NONE', #6624, 39.37007874015748100 ) ;
#4328 = VERTEX_POINT ( 'NONE', #3766 ) ;
#4329 = CARTESIAN_POINT ( 'NONE',  ( -0.4914584408064729400, 0.05886494587180200700, -0.1046224705270967600 ) ) ;
#4330 = ORIENTED_EDGE ( 'NONE', *, *, #4166, .T. ) ;
#4331 = EDGE_LOOP ( 'NONE', ( #2871, #3923, #3998, #4085, #4051, #3539, #3893, #4160, #3835, #3124, #3818, #3701, #3616, #2934 ) ) ;
#4332 = EDGE_CURVE ( 'NONE', #6578, #3478, #7181, .T. ) ;
#4333 = AXIS2_PLACEMENT_3D ( 'NONE', #1004, #996, #980 ) ;
#4334 = CARTESIAN_POINT ( 'NONE',  ( 0.2453094239879888800, -1.058706405198384300E-008, 0.1680983007247091600 ) ) ;
#4335 = CYLINDRICAL_SURFACE ( 'NONE', #4974, 0.06200000000021190600 ) ;
#4336 = CARTESIAN_POINT ( 'NONE',  ( 0.1000000000000000100, 0.07888479101786141600, 0.1670860110708329800 ) ) ;
#4337 = DIRECTION ( 'NONE',  ( 1.006075183802954900E-015, -0.7071067811865469100, 0.7071067811865482400 ) ) ;
#4338 = ORIENTED_EDGE ( 'NONE', *, *, #4901, .T. ) ;
#4339 = EDGE_LOOP ( 'NONE', ( #6316, #3347, #444, #4683 ) ) ;
#4340 = FACE_OUTER_BOUND ( 'NONE', #6050, .T. ) ;
#4341 = CARTESIAN_POINT ( 'NONE',  ( -0.7810000000000001400, 0.3075000000000000000, 0.2440000000000027100 ) ) ;
#4342 = CARTESIAN_POINT ( 'NONE',  ( 0.1233444351759188200, 0.1075748419437743000, -0.1539753354420960200 ) ) ;
#4343 = ORIENTED_EDGE ( 'NONE', *, *, #3026, .T. ) ;
#4344 = ORIENTED_EDGE ( 'NONE', *, *, #3626, .F. ) ;
#4345 = CARTESIAN_POINT ( 'NONE',  ( -0.7339999999999999900, 0.0000000000000000000, -0.1320213642513000900 ) ) ;
#4346 = CARTESIAN_POINT ( 'NONE',  ( 0.2459802956030792700, -0.02283543480956039600, 0.1680944677693498600 ) ) ;
#4347 = CARTESIAN_POINT ( 'NONE',  ( 0.2466471145726190900, -0.04543640516770527900, 0.1633945054485510500 ) ) ;
#4348 = LINE ( 'NONE', #6281, #6633 ) ;
#4349 = ADVANCED_FACE ( 'NONE', ( #6395 ), #3882, .T. ) ;
#4350 = DIRECTION ( 'NONE',  ( 0.0000000000000000000, -0.0000000000000000000, 1.000000000000000000 ) ) ;
#4351 = EDGE_CURVE ( 'NONE', #860, #5347, #7099, .T. ) ;
#4352 = ORIENTED_EDGE ( 'NONE', *, *, #3614, .T. ) ;
#4353 = ORIENTED_EDGE ( 'NONE', *, *, #3462, .F. ) ;
#4354 = CARTESIAN_POINT ( 'NONE',  ( -0.4992896571633581000, 0.05749477982875826600, -0.1126792251917238800 ) ) ;
#4355 = CARTESIAN_POINT ( 'NONE',  ( -0.7810000000000001400, -0.1762784278060430300, 0.1762784278060569000 ) ) ;
#4356 = CARTESIAN_POINT ( 'NONE',  ( 0.1230532559218269800, 0.09831219270837084100, -0.1600057339778377100 ) ) ;
#4357 = CARTESIAN_POINT ( 'NONE',  ( 0.1000000000000000100, 0.05695407149459302100, 0.1749592785665837200 ) ) ;
#4358 = VECTOR ( 'NONE', #7077, 39.37007874015748100 ) ;
#4359 = ORIENTED_EDGE ( 'NONE', *, *, #2405, .F. ) ;
#4360 = CARTESIAN_POINT ( 'NONE',  ( 0.2479702666479953500, -0.08667320227664324100, 0.1457732270273856000 ) ) ;
#4361 = ORIENTED_EDGE ( 'NONE', *, *, #3669, .T. ) ;
#4362 = DIRECTION ( 'NONE',  ( 0.0000000000000000000, 1.000000000000000000, 0.0000000000000000000 ) ) ;
#4363 = PLANE ( 'NONE',  #6794 ) ;
#4364 = DIRECTION ( 'NONE',  ( -1.000000000000000000, -5.558188429870848700E-017, -5.918869505956197600E-017 ) ) ;
#4365 = EDGE_CURVE ( 'NONE', #4766, #1042, #4908, .T. ) ;
#4366 = EDGE_CURVE ( 'NONE', #4011, #6673, #7144, .T. ) ;
#4367 = VECTOR ( 'NONE', #7117, 39.37007874015748100 ) ;
#4368 = CARTESIAN_POINT ( 'NONE',  ( 0.7812499999999643600, 1.027324243554916500E-014, 0.0000000000000000000 ) ) ;
#4369 = ORIENTED_EDGE ( 'NONE', *, *, #4975, .F. ) ;
#4370 = CARTESIAN_POINT ( 'NONE',  ( 0.05099999999999999700, 3.684569001459359400E-014, -0.2343750000000291200 ) ) ;
#4371 = CARTESIAN_POINT ( 'NONE',  ( 0.1745822656642999900, -0.08373655945559999000, 0.1649778742005000000 ) ) ;
#4372 = CARTESIAN_POINT ( 'NONE',  ( 0.1222009759688148100, 0.06995204303720367600, -0.1752765145628105400 ) ) ;
#4373 = VECTOR ( 'NONE', #6271, 39.37007874015748100 ) ;
#4374 = CARTESIAN_POINT ( 'NONE',  ( 0.09999999999999990800, 0.04572671714244569400, 0.1778108854819570600 ) ) ;
#4375 = LINE ( 'NONE', #6634, #4327 ) ;
#4376 = ORIENTED_EDGE ( 'NONE', *, *, #6361, .F. ) ;
#4377 = EDGE_CURVE ( 'NONE', #5588, #6912, #356, .T. ) ;
#4378 = CARTESIAN_POINT ( 'NONE',  ( 0.2486265997538441300, -0.1052903347150688400, 0.1328828702246343300 ) ) ;
#4379 = CARTESIAN_POINT ( 'NONE',  ( 0.3009999999999996600, -5.653164585482858500E-014, 5.335577574977961000E-017 ) ) ;
#4380 = CARTESIAN_POINT ( 'NONE',  ( -0.8889999999999995700, 0.2605000000000000100, -0.1029999999999999900 ) ) ;
#4381 = VECTOR ( 'NONE', #5854, 39.37007874015748100 ) ;
#4382 = CARTESIAN_POINT ( 'NONE',  ( 0.2745711272197999800, -0.1828466062074000100, -0.02822069502393999600 ) ) ;
#4383 = CYLINDRICAL_SURFACE ( 'NONE', #5012, 0.06200000000006851400 ) ;
#4384 = CARTESIAN_POINT ( 'NONE',  ( 0.09999999999999990800, 0.02275883456310030500, 0.1813888362564068400 ) ) ;
#4385 = ORIENTED_EDGE ( 'NONE', *, *, #2666, .F. ) ;
#4386 = CARTESIAN_POINT ( 'NONE',  ( 0.2499287801018325300, -0.1359514964363007000, 0.1013059278467299500 ) ) ;
#4387 = LINE ( 'NONE', #6893, #4358 ) ;
#4388 = CARTESIAN_POINT ( 'NONE',  ( 0.1216611330791575000, 0.05030354800452183100, -0.1816365415338573600 ) ) ;
#4389 = CARTESIAN_POINT ( 'NONE',  ( 0.3949238939618788800, -0.3075000000000350200, -2.128419088910810100E-014 ) ) ;
#4390 = DIRECTION ( 'NONE',  ( 1.000000000000000000, 3.327275781181986500E-014, -3.327275781182024300E-014 ) ) ;
#4391 = ORIENTED_EDGE ( 'NONE', *, *, #2568, .F. ) ;
#4392 =( BOUNDED_CURVE ( )  B_SPLINE_CURVE ( 3, ( #3329, #3305, #3358, #3377 ),
 .UNSPECIFIED., .F., .F. ) 
 B_SPLINE_CURVE_WITH_KNOTS ( ( 4, 4 ),
 ( 2.491661827070089400, 3.141592653590177700 ),
 .UNSPECIFIED. ) 
 CURVE ( )  GEOMETRIC_REPRESENTATION_ITEM ( )  RATIONAL_B_SPLINE_CURVE ( ( 1.000000000000000000, 0.9651078464652969000, 0.9651078464652969000, 1.000000000000000000 ) ) 
 REPRESENTATION_ITEM ( '' )  );
#4393 = VECTOR ( 'NONE', #1904, 39.37007874015748100 ) ;
#4394 = CARTESIAN_POINT ( 'NONE',  ( -0.8890000000000000100, -0.1469999999999999900, -0.2605000000000000100 ) ) ;
#4395 = VECTOR ( 'NONE', #4130, 39.37007874015747400 ) ;
#4396 = CARTESIAN_POINT ( 'NONE',  ( 0.09999999999999992200, 0.01094544031724214800, 0.1820920911135528500 ) ) ;
#4397 = VECTOR ( 'NONE', #2906, 39.37007874015748900 ) ;
#4398 = CARTESIAN_POINT ( 'NONE',  ( 0.2505746273439525800, -0.1479728836006840300, 0.08263552867827352000 ) ) ;
#4399 = CARTESIAN_POINT ( 'NONE',  ( 0.1206381347912119900, 0.01226237972752928200, -0.1880792254592901200 ) ) ;
#4400 = ORIENTED_EDGE ( 'NONE', *, *, #6956, .T. ) ;
#4401 = CARTESIAN_POINT ( 'NONE',  ( 0.09999999999999992200, -0.01224388791846831500, 0.1812243774645373200 ) ) ;
#4402 = CARTESIAN_POINT ( 'NONE',  ( -0.7819400000000001900, 0.1959999999999233200, 0.3025000000000766000 ) ) ;
#4403 = CARTESIAN_POINT ( 'NONE',  ( 0.1201549793929245100, -0.006129207291425313800, -0.1881688414337893700 ) ) ;
#4404 = CARTESIAN_POINT ( 'NONE',  ( -0.7339999999999999900, -0.1279863273947749700, 0.2481944801964750300 ) ) ;
#4405 = AXIS2_PLACEMENT_3D ( 'NONE', #2388, #2418, #2426 ) ;
#4406 = EDGE_CURVE ( 'NONE', #2075, #2173, #7084, .T. ) ;
#4407 = CARTESIAN_POINT ( 'NONE',  ( 0.2518558359644460500, -0.1640596221571595200, 0.04256306554521055400 ) ) ;
#4408 = LINE ( 'NONE', #2646, #4430 ) ;
#4409 = VERTEX_POINT ( 'NONE', #4389 ) ;
#4410 = PLANE ( 'NONE',  #33 ) ;
#4411 = CARTESIAN_POINT ( 'NONE',  ( 0.1000000000000000500, -0.02373135138124120000, 0.1796794479075088400 ) ) ;
#4412 = ORIENTED_EDGE ( 'NONE', *, *, #6315, .F. ) ;
#4413 = FACE_OUTER_BOUND ( 'NONE', #2439, .T. ) ;
#4414 = VERTEX_POINT ( 'NONE', #4404 ) ;
#4415 = DIRECTION ( 'NONE',  ( 0.0000000000000000000, -1.000000000000000000, 0.0000000000000000000 ) ) ;
#4416 = VERTEX_POINT ( 'NONE', #4429 ) ;
#4417 = CARTESIAN_POINT ( 'NONE',  ( -0.8890000000000000100, 0.1029999999999999900, -0.2524999999999999500 ) ) ;
#4418 = CARTESIAN_POINT ( 'NONE',  ( 0.1192453560877203300, -0.04008688169643491500, -0.1839477423912764800 ) ) ;
#4419 = AXIS2_PLACEMENT_3D ( 'NONE', #2480, #2511, #2523 ) ;
#4420 = CARTESIAN_POINT ( 'NONE',  ( -0.3548540893018601300, 0.07544427681690500700, -0.1011023493577254000 ) ) ;
#4421 = CYLINDRICAL_SURFACE ( 'NONE', #5150, 0.07999999999999205000 ) ;
#4422 = VERTEX_POINT ( 'NONE', #4380 ) ;
#4423 = EDGE_LOOP ( 'NONE', ( #4813, #2628, #1015 ) ) ;
#4424 = ADVANCED_FACE ( 'NONE', ( #7035 ), #4363, .T. ) ;
#4425 = DIRECTION ( 'NONE',  ( 0.0000000000000000000, -0.7071067811865480200, -0.7071067811865471300 ) ) ;
#4426 = CARTESIAN_POINT ( 'NONE',  ( 0.2728169366661999900, -0.1813397462255000000, 0.03667681988634000100 ) ) ;
#4427 = CARTESIAN_POINT ( 'NONE',  ( 0.1000000000000000700, -0.04649007772721785300, 0.1743487949426116800 ) ) ;
#4428 = DIRECTION ( 'NONE',  ( -1.000000000000000000, 1.228479761022789000E-015, 1.308198073516607000E-015 ) ) ;
#4429 = CARTESIAN_POINT ( 'NONE',  ( -0.7810000000000001400, -0.1308147545195000000, 0.2580939751330999500 ) ) ;
#4430 = VECTOR ( 'NONE', #2673, 39.37007874015748100 ) ;
#4431 = VERTEX_POINT ( 'NONE', #1907 ) ;
#4432 = ORIENTED_EDGE ( 'NONE', *, *, #3462, .T. ) ;
#4433 = CARTESIAN_POINT ( 'NONE',  ( 0.2524911973428299300, -0.1680948148295095500, 0.02117209342843584200 ) ) ;
#4434 = CARTESIAN_POINT ( 'NONE',  ( 0.1188188881808033300, -0.05566112792430842600, -0.1796701830605856900 ) ) ;
#4435 = CARTESIAN_POINT ( 'NONE',  ( 0.09999999999999999200, -0.05760767797200046900, 0.1705786718389462600 ) ) ;
#4436 = DIRECTION ( 'NONE',  ( 0.7071067811871344400, 0.0000000000000000000, 0.7071067811859606000 ) ) ;
#4437 = VECTOR ( 'NONE', #2873, 39.37007874015748100 ) ;
#4438 = ORIENTED_EDGE ( 'NONE', *, *, #2568, .T. ) ;
#4439 = ORIENTED_EDGE ( 'NONE', *, *, #1962, .F. ) ;
#4440 = B_SPLINE_CURVE_WITH_KNOTS ( 'NONE', 3,
 ( #2078, #2463, #2527, #2543, #2562, #2572, #2580, #2596, #2621, #2637, #2647, #2661, #2693, #2714, #2724, #2764, #2778, #2791, #2804, #2821, #2831, #2845, #2856, #2874, #2888, #2907, #2928 ),
 .UNSPECIFIED., .F., .F.,
 ( 4, 2, 2, 2, 2, 2, 1, 1, 1, 2, 2, 2, 2, 2, 4 ),
 ( 0.0000000000000000000, 0.1249999999999999400, 0.2499999999999998600, 0.3749999999999997800, 0.4374999999999997200, 0.4687499999999996700, 0.4843749999999996700, 0.4921874999999996700, 0.4960937499999996700, 0.4980468749999996700, 0.4999999999999996700, 0.6249999999999997800, 0.7499999999999997800, 0.8749999999999997800, 1.000000000000000000 ),
 .UNSPECIFIED. ) ;
#4441 = EDGE_CURVE ( 'NONE', #4031, #5326, #7067, .T. ) ;
#4442 = AXIS2_PLACEMENT_3D ( 'NONE', #4208, #290, #3065 ) ;
#4443 = PLANE ( 'NONE',  #1781 ) ;
#4444 = CYLINDRICAL_SURFACE ( 'NONE', #5103, 0.04599999999991845300 ) ;
#4445 = VERTEX_POINT ( 'NONE', #4614 ) ;
#4446 = ORIENTED_EDGE ( 'NONE', *, *, #422, .F. ) ;
#4447 = CARTESIAN_POINT ( 'NONE',  ( 0.2531606981922636700, -0.1680978362457634900, -0.001324268731276861700 ) ) ;
#4448 = CARTESIAN_POINT ( 'NONE',  ( 0.1184145433295519800, -0.06973959225885041600, -0.1740471538815948900 ) ) ;
#4449 = EDGE_CURVE ( 'NONE', #3291, #3806, #1864, .T. ) ;
#4450 = CIRCLE ( 'NONE', #5175, 0.3075000000000286400 ) ;
#4451 = CARTESIAN_POINT ( 'NONE',  ( 0.1000000000000000100, -0.07871943358655994500, 0.1610390979319666100 ) ) ;
#4452 = DIRECTION ( 'NONE',  ( 0.0000000000000000000, 0.0000000000000000000, 1.000000000000000000 ) ) ;
#4454 = EDGE_CURVE ( 'NONE', #6546, #4222, #4299, .T. ) ;
#4453 = ORIENTED_EDGE ( 'NONE', *, *, #3048, .F. ) ;
#4455 = CARTESIAN_POINT ( 'NONE',  ( 0.2532050932442460600, -0.1680803771823707600, -0.002816121056496132400 ) ) ;
#4456 = LINE ( 'NONE', #2960, #4437 ) ;
#4457 = CARTESIAN_POINT ( 'NONE',  ( 0.1184052757089652100, -0.07006202708361181100, -0.1739176424875112900 ) ) ;
#4458 = VERTEX_POINT ( 'NONE', #4675 ) ;
#4459 = CARTESIAN_POINT ( 'NONE',  ( 0.09999999999999999200, -0.08887000358706181900, 0.1552018400359443100 ) ) ;
#4460 = CARTESIAN_POINT ( 'NONE',  ( 0.1728280751106999700, -0.02159276601069999900, 0.1837478344442000100 ) ) ;
#4461 = EDGE_CURVE ( 'NONE', #1200, #4140, #6996, .T. ) ;
#4462 = CARTESIAN_POINT ( 'NONE',  ( -0.8939999999999999100, 0.2612046566428999900, -0.01537999999999000100 ) ) ;
#4463 = CARTESIAN_POINT ( 'NONE',  ( 0.2532888142130732500, -0.1680101157112842100, -0.005628813833666319900 ) ) ;
#4464 = CIRCLE ( 'NONE', #1528, 0.06200000000006851400 ) ;
#4465 = EDGE_LOOP ( 'NONE', ( #3152, #3937 ) ) ;
#4466 = CARTESIAN_POINT ( 'NONE',  ( 0.2710627461126000100, -0.1575081933890999900, 0.09705908180130999600 ) ) ;
#4467 = DIRECTION ( 'NONE',  ( 1.000000000000000000, 0.0000000000000000000, 0.0000000000000000000 ) ) ;
#4468 = CARTESIAN_POINT ( 'NONE',  ( 0.09999999999999999200, -0.1079182045641614700, 0.1415991002280712100 ) ) ;
#4469 = CARTESIAN_POINT ( 'NONE',  ( 0.2533306558687992700, -0.1679573246569866000, -0.007034187372034744100 ) ) ;
#4470 = EDGE_CURVE ( 'NONE', #4546, #832, #320, .T. ) ;
#4471 = ORIENTED_EDGE ( 'NONE', *, *, #355, .T. ) ;
#4473 = EDGE_CURVE ( 'NONE', #4794, #1405, #7017, .T. ) ;
#4472 = CARTESIAN_POINT ( 'NONE',  ( 0.1183897844095975900, -0.07060041721903757800, -0.1736996901731804300 ) ) ;
#4474 = DIRECTION ( 'NONE',  ( -1.000000000000000000, -0.0000000000000000000, -0.0000000000000000000 ) ) ;
#4475 = CARTESIAN_POINT ( 'NONE',  ( -0.7339999999999999900, 0.2444999999999999700, -0.1029999999999999700 ) ) ;
#4476 = LINE ( 'NONE', #2304, #3063 ) ;
#4477 = CARTESIAN_POINT ( 'NONE',  ( 0.09999999999999999200, -0.1166519239046347100, 0.1339700778463675800 ) ) ;
#4478 = ORIENTED_EDGE ( 'NONE', *, *, #2498, .T. ) ;
#4479 = CARTESIAN_POINT ( 'NONE',  ( 0.2534561243499133800, -0.1677459684604059600, -0.01124606449801096400 ) ) ;
#4480 = CARTESIAN_POINT ( 'NONE',  ( 0.1183665444717844600, -0.07140736299387369400, -0.1733708299006425900 ) ) ;
#4481 = AXIS2_PLACEMENT_3D ( 'NONE', #830, #795, #774 ) ;
#4482 = DIRECTION ( 'NONE',  ( 0.0000000000000000000, 0.0000000000000000000, -1.000000000000000000 ) ) ;
#4483 = VECTOR ( 'NONE', #2087, 39.37007874015748100 ) ;
#4484 = CARTESIAN_POINT ( 'NONE',  ( 0.2427551412154000100, -0.07914558893048999300, -0.1749148116663999900 ) ) ;
#4485 = CARTESIAN_POINT ( 'NONE',  ( 0.09999999999999999200, -0.1325381404924129700, 0.1170562466481531900 ) ) ;
#4486 = ORIENTED_EDGE ( 'NONE', *, *, #1485, .F. ) ;
#4487 = CARTESIAN_POINT ( 'NONE',  ( -0.8944982674906000200, 0.2612046566428999900, -0.09750173250938999600 ) ) ;
#4488 = PLANE ( 'NONE',  #4711 ) ;
#4489 = CARTESIAN_POINT ( 'NONE',  ( 0.1000000000000000200, -0.1397459547377093400, 0.1076627829209387500 ) ) ;
#4490 = FACE_OUTER_BOUND ( 'NONE', #3103, .T. ) ;
#4491 = ORIENTED_EDGE ( 'NONE', *, *, #4133, .F. ) ;
#4492 = CARTESIAN_POINT ( 'NONE',  ( 0.2535396946892383700, -0.1675343618118942900, -0.01404831753380655000 ) ) ;
#4493 = CARTESIAN_POINT ( 'NONE',  ( 0.1183122970288894000, -0.07328569783934303600, -0.1725899872222580200 ) ) ;
#4494 = DIRECTION ( 'NONE',  ( -2.731847993696793700E-014, 0.0000000000000000000, -1.000000000000000000 ) ) ;
#4495 = ORIENTED_EDGE ( 'NONE', *, *, #1443, .F. ) ;
#4496 = CARTESIAN_POINT ( 'NONE',  ( 0.2693085555590000200, -0.1142858278087000000, 0.1454924382603000100 ) ) ;
#4497 = CARTESIAN_POINT ( 'NONE',  ( -0.8971999999999998900, -0.2363825042068999900, 0.1161743514051999900 ) ) ;
#4498 = FACE_OUTER_BOUND ( 'NONE', #6333, .T. ) ;
#4499 = ORIENTED_EDGE ( 'NONE', *, *, #2201, .T. ) ;
#4500 = ORIENTED_EDGE ( 'NONE', *, *, #4939, .F. ) ;
#4501 = EDGE_CURVE ( 'NONE', #2978, #371, #863, .T. ) ;
#4503 = EDGE_CURVE ( 'NONE', #5764, #5991, #6984, .T. ) ;
#4502 = CARTESIAN_POINT ( 'NONE',  ( 0.1182037184577746500, -0.07702371058972926100, -0.1709744589350065700 ) ) ;
#4504 = CARTESIAN_POINT ( 'NONE',  ( 0.1179862265742464600, -0.08442106787775131800, -0.1675293635902832300 ) ) ;
#4505 = LINE ( 'NONE', #285, #2741 ) ;
#4506 = VERTEX_POINT ( 'NONE', #5032 ) ;
#4507 = CARTESIAN_POINT ( 'NONE',  ( 0.1000000000000000200, -0.1520075198326150700, 0.08790810184777836400 ) ) ;
#4508 = VERTEX_POINT ( 'NONE', #5540 ) ;
#4509 = VERTEX_POINT ( 'NONE', #5549 ) ;
#4510 = CARTESIAN_POINT ( 'NONE',  ( 0.09999999999999989500, -0.1571265060560718100, 0.07751024903594229400 ) ) ;
#4511 = CARTESIAN_POINT ( 'NONE',  ( 0.2537901797629604800, -0.1666880059305517700, -0.02242760287103921400 ) ) ;
#4512 = DIRECTION ( 'NONE',  ( 0.0000000000000000000, 0.0000000000000000000, -1.000000000000000000 ) ) ;
#4513 = EDGE_CURVE ( 'NONE', #5082, #1094, #6980, .T. ) ;
#4514 = FACE_OUTER_BOUND ( 'NONE', #3144, .T. ) ;
#4515 = DIRECTION ( 'NONE',  ( 1.341772099048953400E-015, 0.0000000000000000000, 1.000000000000000000 ) ) ;
#4517 = EDGE_CURVE ( 'NONE', #5177, #1298, #7025, .T. ) ;
#4516 = ORIENTED_EDGE ( 'NONE', *, *, #1750, .F. ) ;
#4518 = ORIENTED_EDGE ( 'NONE', *, *, #7169, .T. ) ;
#4519 = CARTESIAN_POINT ( 'NONE',  ( 0.09999999999999992200, -0.1652614818901944300, 0.05563266998990202400 ) ) ;
#4520 = AXIS2_PLACEMENT_3D ( 'NONE', #745, #770, #784 ) ;
#4521 = CARTESIAN_POINT ( 'NONE',  ( 0.2539568685531042300, -0.1658424301382246400, -0.02797719340874789800 ) ) ;
#4522 = CIRCLE ( 'NONE', #388, 0.1874999999999893100 ) ;
#4523 = PLANE ( 'NONE',  #4822 ) ;
#4524 = CARTESIAN_POINT ( 'NONE',  ( 0.0000000000000000000, 0.3075000000000000500, 0.0000000000000000000 ) ) ;
#4525 = ORIENTED_EDGE ( 'NONE', *, *, #6326, .F. ) ;
#4526 = VERTEX_POINT ( 'NONE', #5788 ) ;
#4527 = DIRECTION ( 'NONE',  ( 1.000000000000000000, 0.0000000000000000000, -0.0000000000000000000 ) ) ;
#4528 = CARTESIAN_POINT ( 'NONE',  ( 0.1177992311175674700, -0.09061287402393221300, -0.1642141094723109400 ) ) ;
#4529 = CARTESIAN_POINT ( 'NONE',  ( 0.09999999999999999200, -0.1682293384529652000, 0.04422646598185956500 ) ) ;
#4530 = EDGE_CURVE ( 'NONE', #6833, #4526, #6949, .T. ) ;
#4531 = AXIS2_PLACEMENT_3D ( 'NONE', #6513, #4636, #5003 ) ;
#4532 = CYLINDRICAL_SURFACE ( 'NONE', #2125, 0.1874999999999694400 ) ;
#4534 = VERTEX_POINT ( 'NONE', #5804 ) ;
#4533 = CARTESIAN_POINT ( 'NONE',  ( 0.1174244750812413500, -0.1027600745613132100, -0.1571132723209099900 ) ) ;
#4535 = VERTEX_POINT ( 'NONE', #5825 ) ;
#4536 = DIRECTION ( 'NONE',  ( 1.000000000000000000, -0.0000000000000000000, 0.0000000000000000000 ) ) ;
#4537 = CARTESIAN_POINT ( 'NONE',  ( 0.09999999999999997800, -0.1718087350661327800, 0.02132120993258593300 ) ) ;
#4538 = CARTESIAN_POINT ( 'NONE',  ( 0.09999999999999996400, -0.1724591642342541700, 0.009635099966596160200 ) ) ;
#4539 = LINE ( 'NONE', #5737, #4679 ) ;
#4540 = EDGE_CURVE ( 'NONE', #5082, #4541, #1831, .T. ) ;
#4541 = VERTEX_POINT ( 'NONE', #5831 ) ;
#4542 = CARTESIAN_POINT ( 'NONE',  ( 0.7505083303678999900, 1.164130068862634600E-014, -6.189280072997057200E-017 ) ) ;
#4543 = DIRECTION ( 'NONE',  ( 1.000000000000000000, 0.0000000000000000000, 0.0000000000000000000 ) ) ;
#4544 = CARTESIAN_POINT ( 'NONE',  ( 0.09999999999999997800, -0.1713268727233593900, -0.01377115349878505400 ) ) ;
#4545 = FACE_OUTER_BOUND ( 'NONE', #3210, .T. ) ;
#4546 = VERTEX_POINT ( 'NONE', #5870 ) ;
#4547 = CARTESIAN_POINT ( 'NONE',  ( 0.1171736175597328600, -0.1105433311278735800, -0.1517520977843452000 ) ) ;
#4548 = DIRECTION ( 'NONE',  ( -0.9781476007336974400, 0.2079116908182685700, 0.0000000000000000000 ) ) ;
#4549 = AXIS2_PLACEMENT_3D ( 'NONE', #7126, #6637, #7104 ) ;
#4550 = PLANE ( 'NONE',  #448 ) ;
#4551 = CARTESIAN_POINT ( 'NONE',  ( 0.1164179845033342900, -0.1326320850410667200, -0.1338951621330587400 ) ) ;
#4552 = EDGE_CURVE ( 'NONE', #6341, #2387, #294, .T. ) ;
#4553 = CARTESIAN_POINT ( 'NONE',  ( 0.09999999999999993600, -0.1695837710574298300, -0.02525465557050542800 ) ) ;
#4554 = VERTEX_POINT ( 'NONE', #5814 ) ;
#4555 = CARTESIAN_POINT ( 'NONE',  ( 0.2544560311465237100, -0.1624910866127115800, -0.04443562232558288100 ) ) ;
#4556 = CARTESIAN_POINT ( 'NONE',  ( -0.7339999999999999900, 0.3075000000000000500, -0.1999999999999624900 ) ) ;
#4557 = CARTESIAN_POINT ( 'NONE',  ( 0.2547876011727867600, -0.1591708413088824000, -0.05515365010809244300 ) ) ;
#4558 = FACE_OUTER_BOUND ( 'NONE', #1372, .T. ) ;
#4559 = CARTESIAN_POINT ( 'NONE',  ( 0.1159101484765710900, -0.1456762142966934500, -0.1196157638977943500 ) ) ;
#4560 = CARTESIAN_POINT ( 'NONE',  ( 0.09999999999999996400, -0.1637929126152351300, -0.04779160189041011000 ) ) ;
#4561 = EDGE_CURVE ( 'NONE', #1508, #4509, #6959, .T. ) ;
#4562 = VERTEX_POINT ( 'NONE', #6257 ) ;
#4563 = CARTESIAN_POINT ( 'NONE',  ( 0.1000000000000000100, -0.1596807014413776600, -0.05890338206954450600 ) ) ;
#4564 = ORIENTED_EDGE ( 'NONE', *, *, #6196, .T. ) ;
#4565 = DIRECTION ( 'NONE',  ( -0.0000000000000000000, -1.000000000000000000, -0.0000000000000000000 ) ) ;
#4566 = CARTESIAN_POINT ( 'NONE',  ( 0.2557786961435263300, -0.1461822245934689700, -0.08591758990219973400 ) ) ;
#4567 = EDGE_CURVE ( 'NONE', #6833, #1337, #1817, .T. ) ;
#4568 = ADVANCED_FACE ( 'NONE', ( #6856 ), #5666, .T. ) ;
#4570 = EDGE_CURVE ( 'NONE', #1808, #2801, #6824, .T. ) ;
#4569 = CARTESIAN_POINT ( 'NONE',  ( 0.1148863151113815200, -0.1669915197655249000, -0.08745514119154858300 ) ) ;
#4571 = CARTESIAN_POINT ( 'NONE',  ( -0.6026300506594000100, 0.02281183861854000100, 0.06848175441409000400 ) ) ;
#4572 = AXIS2_PLACEMENT_3D ( 'NONE', #1060, #1078, #1088 ) ;
#4573 = ORIENTED_EDGE ( 'NONE', *, *, #1418, .T. ) ;
#4574 = CARTESIAN_POINT ( 'NONE',  ( -0.7339999999999983200, 0.2444999999999999700, 0.1101935541909882800 ) ) ;
#4575 = CARTESIAN_POINT ( 'NONE',  ( 0.1000000000000000200, -0.1493963622173999400, -0.07973699169364011100 ) ) ;
#4576 = CIRCLE ( 'NONE', #5041, 0.2499999999997205600 ) ;
#4577 = DIRECTION ( 'NONE',  ( 2.731847993696793700E-014, 0.0000000000000000000, -1.000000000000000000 ) ) ;
#4578 = CARTESIAN_POINT ( 'NONE',  ( 0.1143703177729560600, -0.1752273186482726800, -0.06955284163759682700 ) ) ;
#4579 = CARTESIAN_POINT ( 'NONE',  ( 0.2564346059799527100, -0.1334449726947863300, -0.1045457361990619300 ) ) ;
#4580 = ORIENTED_EDGE ( 'NONE', *, *, #4570, .T. ) ;
#4581 = CARTESIAN_POINT ( 'NONE',  ( -0.3557536091683999900, 0.07854969472117999400, -0.1001961756585000000 ) ) ;
#4582 = CARTESIAN_POINT ( 'NONE',  ( -1.044524830354171400, -0.2156675682617635300, 0.1605132393291655300 ) ) ;
#4583 = CARTESIAN_POINT ( 'NONE',  ( 0.2675543650053999700, -0.05699373348951000000, 0.1760142553105999700 ) ) ;
#4584 = DIRECTION ( 'NONE',  ( -0.7002412321727005100, -0.1097426747456406900, 0.7054209821836395800 ) ) ;
#4585 = ORIENTED_EDGE ( 'NONE', *, *, #3421, .F. ) ;
#4586 = DIRECTION ( 'NONE',  ( 0.0000000000000000000, 0.0000000000000000000, -1.000000000000000000 ) ) ;
#4587 = DIRECTION ( 'NONE',  ( 1.000000000000000000, -0.0000000000000000000, -0.0000000000000000000 ) ) ;
#4588 = EDGE_LOOP ( 'NONE', ( #4359, #4255, #3070, #4667, #3096 ) ) ;
#4589 = CYLINDRICAL_SURFACE ( 'NONE', #4858, 0.08500000000161266100 ) ;
#4590 = ORIENTED_EDGE ( 'NONE', *, *, #2132, .T. ) ;
#4591 = CARTESIAN_POINT ( 'NONE',  ( 0.2577367853646812000, -0.1020424687784670700, -0.1353677834880160100 ) ) ;
#4592 = ORIENTED_EDGE ( 'NONE', *, *, #241, .F. ) ;
#4593 = CARTESIAN_POINT ( 'NONE',  ( 0.1133301617844268000, -0.1858494347160951600, -0.03172216050585649500 ) ) ;
#4594 = DIRECTION ( 'NONE',  ( -0.9110794801756865200, 0.3867302949007581100, -0.1427370302646568400 ) ) ;
#4595 = CARTESIAN_POINT ( 'NONE',  ( -0.3905000000000000700, 0.2454999999999999400, -0.3075000000000000000 ) ) ;
#4596 = CARTESIAN_POINT ( 'NONE',  ( 0.7661333303678999900, -1.749236418443148600E-014, 0.1720120028468149800 ) ) ;
#4597 = FACE_OUTER_BOUND ( 'NONE', #2115, .T. ) ;
#4598 = ORIENTED_EDGE ( 'NONE', *, *, #3521, .F. ) ;
#4599 = VERTEX_POINT ( 'NONE', #4302 ) ;
#4600 = CARTESIAN_POINT ( 'NONE',  ( 0.2583830549129828600, -0.08338423786850877900, -0.1475637238460641700 ) ) ;
#4601 = CARTESIAN_POINT ( 'NONE',  ( 0.1128060031343182900, -0.1881904457796667900, -0.01178812807940207900 ) ) ;
#4602 = CARTESIAN_POINT ( 'NONE',  ( 0.2596659537214452400, -0.04309432087770763400, -0.1639152793955679400 ) ) ;
#4603 = AXIS2_PLACEMENT_3D ( 'NONE', #4865, #5136, #5398 ) ;
#4604 = DIRECTION ( 'NONE',  ( -0.7097075932851763000, -2.709285703769714900E-013, -0.7044963676509359300 ) ) ;
#4605 = AXIS2_PLACEMENT_3D ( 'NONE', #6907, #6891, #6880 ) ;
#4606 = CARTESIAN_POINT ( 'NONE',  ( 0.09999968334695628900, -0.1359696096524190800, -0.09883672460704090400 ) ) ;
#4607 = DIRECTION ( 'NONE',  ( 0.1313901291259448600, -0.05577180091265753600, -0.9897606479302087900 ) ) ;
#4608 = CONICAL_SURFACE ( 'NONE', #5324, 0.2492264973081017000, 1.134464013795892100 ) ;
#4609 = CARTESIAN_POINT ( 'NONE',  ( -0.3772794277176711500, 0.07379624821149376200, -0.1027441665007119400 ) ) ;
#4610 = ORIENTED_EDGE ( 'NONE', *, *, #4076, .T. ) ;
#4611 = ORIENTED_EDGE ( 'NONE', *, *, #1664, .F. ) ;
#4612 = CARTESIAN_POINT ( 'NONE',  ( 0.1710738845570999900, 0.04320945825360000100, 0.1798956940968000100 ) ) ;
#4613 = CARTESIAN_POINT ( 'NONE',  ( 0.1122695100892250200, -0.1873044593641341700, 0.008506481363568190900 ) ) ;
#4614 = CARTESIAN_POINT ( 'NONE',  ( 1.809864976664496700E-017, -0.1306808075913053800, 0.3075000000000000000 ) ) ;
#4615 = ORIENTED_EDGE ( 'NONE', *, *, #4791, .F. ) ;
#4616 = VERTEX_POINT ( 'NONE', #3664 ) ;
#4617 = CARTESIAN_POINT ( 'NONE',  ( -0.7340000000000001000, 0.1999999999999249600, -0.3025000000000749900 ) ) ;
#4618 = DIRECTION ( 'NONE',  ( 0.7044952661607889500, -0.001768339945116303600, -0.7097064836472029000 ) ) ;
#4619 = CARTESIAN_POINT ( 'NONE',  ( -0.6656069649878999500, -0.009264375189917000600, 0.05710620413871999500 ) ) ;
#4620 = PLANE ( 'NONE',  #1548 ) ;
#4621 = CARTESIAN_POINT ( 'NONE',  ( 0.1122579047698968900, -0.1872841684175145800, 0.008945435974200647100 ) ) ;
#4622 = VERTEX_POINT ( 'NONE', #6391 ) ;
#4623 = VERTEX_POINT ( 'NONE', #4832 ) ;
#4624 = CARTESIAN_POINT ( 'NONE',  ( -0.3729964566757529900, 0.06938337080099994700, -0.1059137274661852600 ) ) ;
#4625 = AXIS2_PLACEMENT_3D ( 'NONE', #1315, #1359, #1368 ) ;
#4626 = CARTESIAN_POINT ( 'NONE',  ( 0.1122380684585525400, -0.1872469185673540600, 0.009695577709346739700 ) ) ;
#4627 = CARTESIAN_POINT ( 'NONE',  ( -0.8940290340353002100, -0.1491995308303500400, 0.2043538597628500300 ) ) ;
#4628 = LINE ( 'NONE', #4595, #4638 ) ;
#4629 = CARTESIAN_POINT ( 'NONE',  ( 0.1122083367386751000, -0.1871877206664000500, 0.01081974612958453000 ) ) ;
#4630 = ORIENTED_EDGE ( 'NONE', *, *, #1091, .F. ) ;
#4631 = CARTESIAN_POINT ( 'NONE',  ( 0.2658001744517999900, 0.007314875514018000200, 0.1848669793200000100 ) ) ;
#4632 = CARTESIAN_POINT ( 'NONE',  ( -0.9689999999986234100, 0.2437953433570997900, 0.02200000000000684700 ) ) ;
#4633 = EDGE_CURVE ( 'NONE', #4546, #1991, #6829, .T. ) ;
#4634 = FACE_OUTER_BOUND ( 'NONE', #3570, .T. ) ;
#4635 = ORIENTED_EDGE ( 'NONE', *, *, #2688, .T. ) ;
#4636 = DIRECTION ( 'NONE',  ( -0.2334453638511979100, 1.497369606983217800E-017, -0.9723699203988068800 ) ) ;
#4637 = CARTESIAN_POINT ( 'NONE',  ( 0.3067329577057347800, 0.1772740727881676200, -0.02315490198232360600 ) ) ;
#4638 = VECTOR ( 'NONE', #4587, 39.37007874015748100 ) ;
#4639 = CARTESIAN_POINT ( 'NONE',  ( -0.8939999999999997900, -0.1880904037955999600, 0.1880904037955999600 ) ) ;
#4640 = ORIENTED_EDGE ( 'NONE', *, *, #6464, .F. ) ;
#4641 = ADVANCED_FACE ( 'NONE', ( #6642 ), #5054, .T. ) ;
#4642 = CARTESIAN_POINT ( 'NONE',  ( 0.1121391219556013000, -0.1870264398371532200, 0.01343535967701253000 ) ) ;
#4643 = EDGE_CURVE ( 'NONE', #1929, #1042, #6814, .T. ) ;
#4644 = DIRECTION ( 'NONE',  ( 0.02967669730467509300, 0.1396178836890951400, -0.9897606479302282200 ) ) ;
#4645 = DIRECTION ( 'NONE',  ( 0.0000000000000000000, 0.0000000000000000000, -1.000000000000000000 ) ) ;
#4646 = EDGE_CURVE ( 'NONE', #3694, #6673, #607, .T. ) ;
#4647 = CARTESIAN_POINT ( 'NONE',  ( -0.7575000000000000600, -0.3024999999999999900, -0.1910000000000000000 ) ) ;
#4648 = ORIENTED_EDGE ( 'NONE', *, *, #1375, .T. ) ;
#4649 = CARTESIAN_POINT ( 'NONE',  ( 0.2609368261529606000, 1.248008587145141400E-008, -0.1680971861311012500 ) ) ;
#4650 = CARTESIAN_POINT ( 'NONE',  ( 0.3070933388217621500, 0.1769067067877334300, 8.402099134516016800E-009 ) ) ;
#4651 = CARTESIAN_POINT ( 'NONE',  ( -0.3665989825274578700, 0.05884146498050357000, -0.1119818378084502700 ) ) ;
#4652 = FACE_OUTER_BOUND ( 'NONE', #4423, .T. ) ;
#4653 = CARTESIAN_POINT ( 'NONE',  ( 0.3157498778097900200, -0.1682505209331233400, 4.653589746055667300E-008 ) ) ;
#4654 = EDGE_CURVE ( 'NONE', #5063, #6578, #4268, .T. ) ;
#4655 = CARTESIAN_POINT ( 'NONE',  ( -0.3694971397075286800, 0.06439777849760228200, -0.1090622426881086700 ) ) ;
#4656 = ORIENTED_EDGE ( 'NONE', *, *, #981, .T. ) ;
#4657 = AXIS2_PLACEMENT_3D ( 'NONE', #5259, #5138, #5133 ) ;
#4658 = CARTESIAN_POINT ( 'NONE',  ( 0.2199506640185000000, 0.1835490257088000000, -0.05629409826456000000 ) ) ;
#4659 = VECTOR ( 'NONE', #4220, 39.37007874015748100 ) ;
#4660 = CARTESIAN_POINT ( 'NONE',  ( 0.1120013293093481300, -0.1866121422838898600, 0.01863572488641320300 ) ) ;
#4661 = CARTESIAN_POINT ( 'NONE',  ( 0.7661333303678999900, -1.749236418443148600E-014, 6.189280072997399900E-017 ) ) ;
#4662 = ORIENTED_EDGE ( 'NONE', *, *, #3180, .F. ) ;
#4663 = CARTESIAN_POINT ( 'NONE',  ( -0.3905000000000001200, -0.3075000000000219800, -0.2455000000000000500 ) ) ;
#4664 = DIRECTION ( 'NONE',  ( 2.731847993696793700E-014, 0.0000000000000000000, -1.000000000000000000 ) ) ;
#4665 = CARTESIAN_POINT ( 'NONE',  ( 0.3158031588028921700, -0.1681971559993837000, -0.003121739418748606200 ) ) ;
#4666 = CARTESIAN_POINT ( 'NONE',  ( 0.1118843131895213400, -0.1861027566426604100, 0.02303663985981833200 ) ) ;
#4667 = ORIENTED_EDGE ( 'NONE', *, *, #4654, .T. ) ;
#4668 = DIRECTION ( 'NONE',  ( -0.7213873210325400000, 0.0000000000000000000, 0.6925318281880589200 ) ) ;
#4669 = DIRECTION ( 'NONE',  ( 1.000000000000000000, -0.0000000000000000000, -0.0000000000000000000 ) ) ;
#4670 = ORIENTED_EDGE ( 'NONE', *, *, #2937, .F. ) ;
#4671 = CARTESIAN_POINT ( 'NONE',  ( 0.1116517367667695200, -0.1848861667039622400, 0.03175406338028166600 ) ) ;
#4672 = EDGE_CURVE ( 'NONE', #1649, #3336, #1007, .T. ) ;
#4673 = LINE ( 'NONE', #2194, #6015 ) ;
#4674 = ORIENTED_EDGE ( 'NONE', *, *, #2007, .T. ) ;
#4675 = CARTESIAN_POINT ( 'NONE',  ( -0.6816944748690998400, -0.001670121333289772000, 0.05454266999530487500 ) ) ;
#4676 = VERTEX_POINT ( 'NONE', #6033 ) ;
#4677 = DIRECTION ( 'NONE',  ( 0.0000000000000000000, 0.0000000000000000000, 1.000000000000000000 ) ) ;
#4678 = CARTESIAN_POINT ( 'NONE',  ( 0.2640459838981000200, 0.07072297281584000200, 0.1709607331979000100 ) ) ;
#4679 = VECTOR ( 'NONE', #5367, 39.37007874015748100 ) ;
#4680 = ORIENTED_EDGE ( 'NONE', *, *, #2869, .T. ) ;
#4681 = CARTESIAN_POINT ( 'NONE',  ( 0.1114986269074706400, -0.1838101613386678700, 0.03745268861584508800 ) ) ;
#4682 = ORIENTED_EDGE ( 'NONE', *, *, #6977, .T. ) ;
#4683 = ORIENTED_EDGE ( 'NONE', *, *, #2066, .F. ) ;
#4684 = EDGE_CURVE ( 'NONE', #755, #3339, #4273, .T. ) ;
#4685 = AXIS2_PLACEMENT_3D ( 'NONE', #5168, #5152, #5145 ) ;
#4686 = EDGE_CURVE ( 'NONE', #123, #1384, #6903, .T. ) ;
#4687 = CARTESIAN_POINT ( 'NONE',  ( 0.2296854282223791100, 5.720046262181973500E-008, -0.1680968956553193200 ) ) ;
#4688 = DIRECTION ( 'NONE',  ( 0.0000000000000000000, 0.0000000000000000000, -1.000000000000000000 ) ) ;
#4689 = LINE ( 'NONE', #4286, #4659 ) ;
#4690 = CARTESIAN_POINT ( 'NONE',  ( 0.3063723421895295800, 0.1730182849344831200, -0.04645083302789356600 ) ) ;
#4691 = CARTESIAN_POINT ( 'NONE',  ( 0.2129339018040999900, -0.02633178339529999900, -0.1901734065714000000 ) ) ;
#4692 = VERTEX_POINT ( 'NONE', #6686 ) ;
#4693 = VERTEX_POINT ( 'NONE', #7004 ) ;
#4694 = CARTESIAN_POINT ( 'NONE',  ( -0.7810000000000001400, -0.2580939751330999500, 0.1308147545195000000 ) ) ;
#4695 = CARTESIAN_POINT ( 'NONE',  ( 0.1110451205971803700, -0.1798663102533996100, 0.05414919489444465500 ) ) ;
#4696 = CARTESIAN_POINT ( 'NONE',  ( 0.7211595114417849200, -0.1443375672974164000, -0.2500000000000103800 ) ) ;
#4697 = CARTESIAN_POINT ( 'NONE',  ( 0.2304630661062088700, 0.02647454485272625000, -0.1680947964245856100 ) ) ;
#4699 = EDGE_CURVE ( 'NONE', #5326, #5207, #970, .T. ) ;
#4698 = ORIENTED_EDGE ( 'NONE', *, *, #3444, .T. ) ;
#4700 = CARTESIAN_POINT ( 'NONE',  ( 0.2312114135823617200, 0.05169738051306410600, -0.1617756016428011900 ) ) ;
#4701 = ORIENTED_EDGE ( 'NONE', *, *, #3181, .T. ) ;
#4702 = CARTESIAN_POINT ( 'NONE',  ( 0.3056511111571099100, 0.1558624805157290100, -0.08977604813232113700 ) ) ;
#4703 = CARTESIAN_POINT ( 'NONE',  ( 0.1846467263151999900, -0.07590057132927000000, 0.1538939321830999900 ) ) ;
#4704 = CARTESIAN_POINT ( 'NONE',  ( 0.3153911633028143600, -0.1686145785307756600, 0.02202553972615416100 ) ) ;
#4705 = LINE ( 'NONE', #4065, #4729 ) ;
#4706 = ORIENTED_EDGE ( 'NONE', *, *, #2666, .T. ) ;
#4707 = ORIENTED_EDGE ( 'NONE', *, *, #3307, .F. ) ;
#4708 = CARTESIAN_POINT ( 'NONE',  ( 0.2326433605314091900, 0.09530571410923220600, -0.1405932800659322200 ) ) ;
#4709 = CARTESIAN_POINT ( 'NONE',  ( 0.1107505474137951300, -0.1762875109945204200, 0.06474511897955213800 ) ) ;
#4710 = CARTESIAN_POINT ( 'NONE',  ( 0.1752409639538000100, 0.1699654219683999800, 0.02357993901809999800 ) ) ;
#4711 = AXIS2_PLACEMENT_3D ( 'NONE', #4497, #4425, #4543 ) ;
#4712 = CIRCLE ( 'NONE', #5081, 0.1272500000000276700 ) ;
#4713 = ORIENTED_EDGE ( 'NONE', *, *, #6904, .F. ) ;
#4714 = CARTESIAN_POINT ( 'NONE',  ( 0.2333269600043027200, 0.1136893955693073900, -0.1257675269434625200 ) ) ;
#4715 = ADVANCED_FACE ( 'NONE', ( #6754 ), #4313, .T. ) ;
#4716 = CARTESIAN_POINT ( 'NONE',  ( -0.9689999999986292900, -0.02199999999999999200, -0.2437953433570997900 ) ) ;
#4717 = CARTESIAN_POINT ( 'NONE',  ( -0.7339999999999999900, 0.2604999999999999500, 0.1469999999999999900 ) ) ;
#4718 = CARTESIAN_POINT ( 'NONE',  ( 0.3052904956408960000, 0.1429397803735782400, -0.1097937884690552400 ) ) ;
#4719 = DIRECTION ( 'NONE',  ( -1.000000000000000000, 0.0000000000000000000, -2.410454112010970500E-015 ) ) ;
#4720 = EDGE_CURVE ( 'NONE', #3157, #4509, #6768, .T. ) ;
#4721 = ORIENTED_EDGE ( 'NONE', *, *, #660, .F. ) ;
#4722 = CARTESIAN_POINT ( 'NONE',  ( 0.7343750000000043300, -1.652661323354626700E-014, 6.189280072997388800E-017 ) ) ;
#4723 = PRESENTATION_LAYER_ASSIGNMENT (  '', '', ( #396 ) ) ;
#4724 = AXIS2_PLACEMENT_3D ( 'NONE', #6471, #6498, #6452 ) ;
#4725 = CARTESIAN_POINT ( 'NONE',  ( 0.1098901209340577000, -0.1633381379973608800, 0.09457708469107287100 ) ) ;
#4726 = CARTESIAN_POINT ( 'NONE',  ( 0.2346294109468295100, 0.1422411713836976300, -0.09227730023071852000 ) ) ;
#4727 = CONICAL_SURFACE ( 'NONE', #3960, 0.3081220228479096800, 1.483529864194679700 ) ;
#4728 = CARTESIAN_POINT ( 'NONE',  ( 0.3045692646085029800, 0.1103050541341004500, -0.1434510170009176700 ) ) ;
#4729 = VECTOR ( 'NONE', #4070, 39.37007874015748900 ) ;
#4730 = CARTESIAN_POINT ( 'NONE',  ( -0.5103706770838999400, 3.930074648466654600E-014, -0.1265000000000640100 ) ) ;
#4731 = ORIENTED_EDGE ( 'NONE', *, *, #5984, .F. ) ;
#4732 = CARTESIAN_POINT ( 'NONE',  ( 0.2390597867852999900, 0.1361855835413000000, -0.1155336706506000000 ) ) ;
#4733 = EDGE_CURVE ( 'NONE', #3132, #4541, #6793, .T. ) ;
#4734 = FACE_BOUND ( 'NONE', #5179, .T. ) ;
#4735 = FACE_OUTER_BOUND ( 'NONE', #5887, .T. ) ;
#4736 = CARTESIAN_POINT ( 'NONE',  ( 0.1093475607081214600, -0.1517366025066796700, 0.1117939764971848800 ) ) ;
#4737 = ORIENTED_EDGE ( 'NONE', *, *, #4205, .T. ) ;
#4738 = DIRECTION ( 'NONE',  ( 1.000000000000000000, 0.0000000000000000000, -0.0000000000000000000 ) ) ;
#4739 = DIRECTION ( 'NONE',  ( 1.000000000000000000, 0.0000000000000000000, 0.0000000000000000000 ) ) ;
#4740 = FACE_OUTER_BOUND ( 'NONE', #2321, .T. ) ;
#4741 = CARTESIAN_POINT ( 'NONE',  ( 0.1083245551106852300, -0.1257964144178982400, 0.1403550107873227400 ) ) ;
#4742 = CARTESIAN_POINT ( 'NONE',  ( -0.5103706770839001600, -0.009630428322637442700, -0.1265000000000640600 ) ) ;
#4743 = EDGE_CURVE ( 'NONE', #3659, #1210, #6747, .T. ) ;
#4744 = ORIENTED_EDGE ( 'NONE', *, *, #118, .F. ) ;
#4745 = CARTESIAN_POINT ( 'NONE',  ( 0.1078441097391862600, -0.1114597615848792900, 0.1517046846142280100 ) ) ;
#4746 = AXIS2_PLACEMENT_3D ( 'NONE', #6508, #6342, #6576 ) ;
#4747 = CARTESIAN_POINT ( 'NONE',  ( 0.2409409392575999900, 0.1692233622402999900, -0.05707882239372000200 ) ) ;
#4748 = AXIS2_PLACEMENT_3D ( 'NONE', #6669, #6599, #6596 ) ;
#4749 = DIRECTION ( 'NONE',  ( 0.0000000000000000000, 0.0000000000000000000, -1.000000000000000000 ) ) ;
#4750 = VECTOR ( 'NONE', #695, 39.37007874015748100 ) ;
#4751 = CARTESIAN_POINT ( 'NONE',  ( 0.2352482624164623800, 0.1524165562566140400, -0.07361474615195375000 ) ) ;
#4752 = ORIENTED_EDGE ( 'NONE', *, *, #2795, .T. ) ;
#4753 = CARTESIAN_POINT ( 'NONE',  ( 0.1069453338506269100, -0.08252962032344830800, 0.1691908150799218400 ) ) ;
#4754 = DIRECTION ( 'NONE',  ( 2.449490783530942300E-015, 1.178340830471968600E-031, -1.000000000000000000 ) ) ;
#4755 = CARTESIAN_POINT ( 'NONE',  ( -0.5096669791454829800, -0.01933141258263414800, -0.1253754677849113800 ) ) ;
#4756 = CONICAL_SURFACE ( 'NONE', #610, 0.1720120028468149200, 0.7649928327086166200 ) ;
#4758 = ADVANCED_FACE ( 'NONE', ( #6730 ), #7096, .F. ) ;
#4757 = CARTESIAN_POINT ( 'NONE',  ( -0.9689999999986292900, -0.02199999999999999200, -0.2444999999999997700 ) ) ;
#4759 = EDGE_CURVE ( 'NONE', #5765, #2605, #3980, .T. ) ;
#4760 = AXIS2_PLACEMENT_3D ( 'NONE', #5085, #6475, #6439 ) ;
#4761 = ORIENTED_EDGE ( 'NONE', *, *, #6153, .F. ) ;
#4762 = CARTESIAN_POINT ( 'NONE',  ( -0.5065765685479010100, -0.03786124340136074600, -0.1210753388714078700 ) ) ;
#4763 = CARTESIAN_POINT ( 'NONE',  ( 0.3042086490923230900, 0.09058918232353920000, -0.1570856569706165200 ) ) ;
#4764 = CARTESIAN_POINT ( 'NONE',  ( 0.7968750000000300900, -2.656640782414118100E-018, -0.2499999999999521800 ) ) ;
#4765 = VECTOR ( 'NONE', #3169, 39.37007874015748900 ) ;
#4766 = VERTEX_POINT ( 'NONE', #6950 ) ;
#4767 = CARTESIAN_POINT ( 'NONE',  ( 0.2364212173524737900, 0.1653428077428411900, -0.03624904426628305200 ) ) ;
#4768 = CARTESIAN_POINT ( 'NONE',  ( 0.1065270033335664500, -0.06794746348142323400, 0.1753577723660359700 ) ) ;
#4769 = CARTESIAN_POINT ( 'NONE',  ( 0.2622917933444999800, 0.1254243833419000100, 0.1360074960831000000 ) ) ;
#4770 = CARTESIAN_POINT ( 'NONE',  ( -0.5041585366506288200, -0.04681204237790515700, -0.1178601963120878400 ) ) ;
#4771 = CARTESIAN_POINT ( 'NONE',  ( 0.3034874180599401700, 0.04729387931986044800, -0.1757933902480497400 ) ) ;
#4772 = ORIENTED_EDGE ( 'NONE', *, *, #3552, .T. ) ;
#4773 = CARTESIAN_POINT ( 'NONE',  ( 0.2428220917297999900, 0.1783405107755000100, 0.009444395251234000100 ) ) ;
#4774 = VECTOR ( 'NONE', #655, 39.37007874015748100 ) ;
#4775 = ORIENTED_EDGE ( 'NONE', *, *, #7016, .T. ) ;
#4776 = DIRECTION ( 'NONE',  ( -1.000000000000000000, -0.0000000000000000000, 0.0000000000000000000 ) ) ;
#4777 = VERTEX_POINT ( 'NONE', #6999 ) ;
#4778 = CARTESIAN_POINT ( 'NONE',  ( 0.2369753208188523400, 0.1680961910574972600, -0.01753410313796471100 ) ) ;
#4779 = DIRECTION ( 'NONE',  ( -5.918869505956197600E-017, 0.0000000000000000000, 1.000000000000000000 ) ) ;
#4780 = CARTESIAN_POINT ( 'NONE',  ( 0.1061336791016965100, -0.05383419538928885300, 0.1796048491340617200 ) ) ;
#4781 = EDGE_CURVE ( 'NONE', #5973, #4237, #6723, .T. ) ;
#4782 = VECTOR ( 'NONE', #2896, 39.37007874015748100 ) ;
#4783 = CARTESIAN_POINT ( 'NONE',  ( 0.2447032442020999900, 0.1622482965348000000, 0.07463257174472000300 ) ) ;
#4784 = VERTEX_POINT ( 'NONE', #6935 ) ;
#4785 = ORIENTED_EDGE ( 'NONE', *, *, #3555, .F. ) ;
#4786 = CARTESIAN_POINT ( 'NONE',  ( -0.4987105141820865100, -0.05891104259479199000, -0.1120347038063655000 ) ) ;
#4787 = CARTESIAN_POINT ( 'NONE',  ( 0.2375052023064853100, 0.1680985854569068400, 0.0002739884817009745400 ) ) ;
#4788 = CARTESIAN_POINT ( 'NONE',  ( 0.3031268025437405800, 0.02372119239919411000, -0.1808796044229158700 ) ) ;
#4789 = VECTOR ( 'NONE', #728, 39.37007874015748100 ) ;
#4790 = CARTESIAN_POINT ( 'NONE',  ( 0.1000000000000000200, -0.1432216635565542500, -0.08958404309071581200 ) ) ;
#4791 = EDGE_CURVE ( 'NONE', #2037, #2801, #1080, .T. ) ;
#4792 = ORIENTED_EDGE ( 'NONE', *, *, #6687, .F. ) ;
#4793 = AXIS2_PLACEMENT_3D ( 'NONE', #4904, #4985, #4998 ) ;
#4794 = VERTEX_POINT ( 'NONE', #6853 ) ;
#4795 = CARTESIAN_POINT ( 'NONE',  ( 0.2375161978220036400, 0.1680977097748471400, 0.0006435290894989810300 ) ) ;
#4796 = CARTESIAN_POINT ( 'NONE',  ( 0.1061250890099019500, -0.05352578451987369300, 0.1796970277778390500 ) ) ;
#4797 = CARTESIAN_POINT ( 'NONE',  ( -0.4965626714814119200, -0.06276818911455252200, -0.1099071416657776300 ) ) ;
#4798 = FACE_OUTER_BOUND ( 'NONE', #3919, .T. ) ;
#4799 = CARTESIAN_POINT ( 'NONE',  ( 0.3027661706602981500, 2.249637981553483900E-009, -0.1812340157342725300 ) ) ;
#4800 = ORIENTED_EDGE ( 'NONE', *, *, #6157, .T. ) ;
#4801 = ORIENTED_EDGE ( 'NONE', *, *, #6294, .T. ) ;
#4802 = DIRECTION ( 'NONE',  ( 1.000000000000000000, -0.0000000000000000000, -0.0000000000000000000 ) ) ;
#4803 = CARTESIAN_POINT ( 'NONE',  ( 0.2635147689248000200, -0.08546981364033000300, -0.1568100876524000100 ) ) ;
#4804 = EDGE_CURVE ( 'NONE', #3182, #4616, #1046, .T. ) ;
#4805 = CARTESIAN_POINT ( 'NONE',  ( 0.09999999999999999200, 0.1765780854300775000, -0.04581582255569596800 ) ) ;
#4806 = EDGE_CURVE ( 'NONE', #1210, #598, #1251, .T. ) ;
#4807 = FACE_BOUND ( 'NONE', #4465, .T. ) ;
#4808 = ADVANCED_FACE ( 'NONE', ( #6465, #6682 ), #6430, .F. ) ;
#4809 = CARTESIAN_POINT ( 'NONE',  ( 0.1061104398139334800, -0.05299942213482180400, 0.1798528994977838500 ) ) ;
#4810 = B_SPLINE_CURVE_WITH_KNOTS ( 'NONE', 3,
 ( #6118, #5234, #6885, #6469 ),
 .UNSPECIFIED., .F., .F.,
 ( 4, 4 ),
 ( 1.387549688844457200E-016, 0.003694680973670558800 ),
 .UNSPECIFIED. ) ;
#4811 = AXIS2_PLACEMENT_3D ( 'NONE', #742, #1172, #1064 ) ;
#4812 = ORIENTED_EDGE ( 'NONE', *, *, #2937, .T. ) ;
#4813 = ORIENTED_EDGE ( 'NONE', *, *, #2622, .F. ) ;
#4814 = CARTESIAN_POINT ( 'NONE',  ( 0.2541090065635000000, -0.1219229221056000000, 0.1304964075135000000 ) ) ;
#4815 = CARTESIAN_POINT ( 'NONE',  ( 0.7100892630247255300, -0.2649349102526907300, -0.04111927474370738500 ) ) ;
#4816 = CARTESIAN_POINT ( 'NONE',  ( 0.2954943609533999800, -0.06165152280173000200, -0.1676112277888000000 ) ) ;
#4817 = FACE_OUTER_BOUND ( 'NONE', #1499, .T. ) ;
#4818 = ORIENTED_EDGE ( 'NONE', *, *, #6790, .T. ) ;
#4819 = CARTESIAN_POINT ( 'NONE',  ( 0.2375353523706930600, 0.1680940905925887300, 0.001287285607722496200 ) ) ;
#4820 = CARTESIAN_POINT ( 'NONE',  ( 0.1060884580578357200, -0.05220905647205338600, 0.1800850587361712000 ) ) ;
#4821 = EDGE_CURVE ( 'NONE', #4431, #1788, #1118, .T. ) ;
#4822 = AXIS2_PLACEMENT_3D ( 'NONE', #4581, #4604, #4618 ) ;
#4823 = CARTESIAN_POINT ( 'NONE',  ( 0.2917320560089000100, -0.1598759991705999700, -0.07958709250579000500 ) ) ;
#4824 = CIRCLE ( 'NONE', #5373, 0.3075000000000286400 ) ;
#4825 = CARTESIAN_POINT ( 'NONE',  ( 0.2375640912040112300, 0.1680858793482183600, 0.002253160349787076600 ) ) ;
#4826 = ORIENTED_EDGE ( 'NONE', *, *, #3750, .T. ) ;
#4827 = CARTESIAN_POINT ( 'NONE',  ( -0.8915000000000000700, 0.2444999999999999400, -0.1004999999999950100 ) ) ;
#4828 = CARTESIAN_POINT ( 'NONE',  ( 0.2605376027908999900, 0.1646848023612000100, 0.08431034670503000100 ) ) ;
#4829 = CARTESIAN_POINT ( 'NONE',  ( -0.4916346241129695400, -0.06982729471792822900, -0.1055631292934990200 ) ) ;
#4830 = CARTESIAN_POINT ( 'NONE',  ( 0.1060371115585918300, -0.05035916226180410500, 0.1806151879264905100 ) ) ;
#4831 = FACE_OUTER_BOUND ( 'NONE', #3992, .T. ) ;
#4832 = CARTESIAN_POINT ( 'NONE',  ( -0.8939999999999997900, -0.2156675682619010900, 0.1605132393293015000 ) ) ;
#4833 = EDGE_CURVE ( 'NONE', #4895, #1212, #6651, .T. ) ;
#4834 = CARTESIAN_POINT ( 'NONE',  ( -0.8939999999999997900, -0.1767766952966000100, 0.1767766952966000100 ) ) ;
#4835 = CONICAL_SURFACE ( 'NONE', #4811, 0.1574100156933725400, 0.7853981633982263200 ) ;
#4836 = EDGE_LOOP ( 'NONE', ( #3246, #353, #3074 ) ) ;
#4837 = CARTESIAN_POINT ( 'NONE',  ( 0.2376311975537433700, 0.1680471976396915600, 0.004508436245113398500 ) ) ;
#4838 = CARTESIAN_POINT ( 'NONE',  ( 0.2376888014054957800, 0.1679804214411609900, 0.006443834490572647500 ) ) ;
#4839 = LINE ( 'NONE', #1005, #6186 ) ;
#4840 = CARTESIAN_POINT ( 'NONE',  ( -0.4888436999774269400, -0.07306343280023282200, -0.1033321399127114900 ) ) ;
#4841 = CARTESIAN_POINT ( 'NONE',  ( 0.2578713115080000200, -0.1782370813720000100, 0.01122704757351999900 ) ) ;
#4842 = EDGE_LOOP ( 'NONE', ( #2341, #5257, #768, #4886, #3356, #1650, #1478, #99, #4161, #3982, #4785, #3255, #189, #1394, #4250, #1220 ) ) ;
#4843 = EDGE_CURVE ( 'NONE', #5655, #2619, #6666, .T. ) ;
#4844 = CARTESIAN_POINT ( 'NONE',  ( 0.2378041212735482200, 0.1678016292868945400, 0.01031666889567116700 ) ) ;
#4845 = CARTESIAN_POINT ( 'NONE',  ( 0.1059341956200411700, -0.04663692193971077900, 0.1816288442083119900 ) ) ;
#4846 = CARTESIAN_POINT ( 'NONE',  ( 0.2559901590356999900, -0.1614939724902000100, 0.07625093035379999800 ) ) ;
#4847 = ORIENTED_EDGE ( 'NONE', *, *, #6326, .T. ) ;
#4848 = CARTESIAN_POINT ( 'NONE',  ( 0.09999999999999997800, 0.1795290779630426800, -0.03449539635764941500 ) ) ;
#4849 = FACE_OUTER_BOUND ( 'NONE', #6883, .T. ) ;
#4850 = DIRECTION ( 'NONE',  ( 1.000000000000000000, -3.327275781181958700E-014, 3.327275781181995900E-014 ) ) ;
#4851 = CARTESIAN_POINT ( 'NONE',  ( -0.4824769760295316000, -0.07894767997796962900, -0.09890935333723167900 ) ) ;
#4852 = CARTESIAN_POINT ( 'NONE',  ( 0.1058455997754615700, -0.04340925064671886200, 0.1824167742061324800 ) ) ;
#4853 = B_SPLINE_CURVE_WITH_KNOTS ( 'NONE', 3,
 ( #6036, #6095, #5948, #5953 ),
 .UNSPECIFIED., .F., .F.,
 ( 4, 4 ),
 ( 2.554925122489629400E-016, 0.003694680973267643700 ),
 .UNSPECIFIED. ) ;
#4854 = EDGE_CURVE ( 'NONE', #1404, #4328, #6672, .T. ) ;
#4855 = ORIENTED_EDGE ( 'NONE', *, *, #3309, .F. ) ;
#4856 = AXIS2_PLACEMENT_3D ( 'NONE', #3800, #3786, #3779 ) ;
#4857 = DIRECTION ( 'NONE',  ( 0.0000000000000000000, -0.7071067811865474600, -0.7071067811865474600 ) ) ;
#4858 = AXIS2_PLACEMENT_3D ( 'NONE', #4716, #4888, #4898 ) ;
#4859 = CARTESIAN_POINT ( 'NONE',  ( 0.2378811507383130600, 0.1676219906302639000, 0.01290127325216319600 ) ) ;
#4860 = CARTESIAN_POINT ( 'NONE',  ( 0.2381126877907982800, 0.1669010580937911900, 0.02065493745212400000 ) ) ;
#4861 = DIRECTION ( 'NONE',  ( 0.7071067811859606000, 0.0000000000000000000, -0.7071067811871343300 ) ) ;
#4862 = CARTESIAN_POINT ( 'NONE',  ( -0.4789752186903166200, -0.08152212869665721700, -0.09677356354864413700 ) ) ;
#4863 = CYLINDRICAL_SURFACE ( 'NONE', #3225, 0.08500000000161372900 ) ;
#4864 = ORIENTED_EDGE ( 'NONE', *, *, #2759, .T. ) ;
#4865 = CARTESIAN_POINT ( 'NONE',  ( 0.7012500000000000400, 0.1501110699892999900, 0.2500000000000000000 ) ) ;
#4866 = CARTESIAN_POINT ( 'NONE',  ( 0.1056678985090157800, -0.03690796071987594000, 0.1838819656612007100 ) ) ;
#4867 = CARTESIAN_POINT ( 'NONE',  ( 0.2973755134257000100, 0.004599152195823999800, -0.1785308896625000000 ) ) ;
#4868 = PRESENTATION_LAYER_ASSIGNMENT (  '', '', ( #4879 ) ) ;
#4869 = EDGE_CURVE ( 'NONE', #6546, #5117, #4348, .T. ) ;
#4870 = ORIENTED_EDGE ( 'NONE', *, *, #118, .T. ) ;
#4871 = CARTESIAN_POINT ( 'NONE',  ( 0.2382676440367087800, 0.1661778550557887200, 0.02582392576674362800 ) ) ;
#4872 = FACE_OUTER_BOUND ( 'NONE', #1356, .T. ) ;
#4873 = CARTESIAN_POINT ( 'NONE',  ( -0.7819400000000001900, -0.2439999999999233100, -0.3025000000000766000 ) ) ;
#4874 = EDGE_LOOP ( 'NONE', ( #6438, #1338, #6974, #2920 ) ) ;
#4875 = LINE ( 'NONE', #2862, #4782 ) ;
#4876 = ORIENTED_EDGE ( 'NONE', *, *, #1485, .T. ) ;
#4877 = CARTESIAN_POINT ( 'NONE',  ( 0.1055487515616699700, -0.03251245325786512200, 0.1847112146455227900 ) ) ;
#4878 = CARTESIAN_POINT ( 'NONE',  ( -0.4713785832032492700, -0.08595145635943904300, -0.09286187171723585300 ) ) ;
#4879 = STYLED_ITEM ( 'NONE', ( #6009 ), #3583 ) ;
#4880 = ORIENTED_EDGE ( 'NONE', *, *, #414, .T. ) ;
#4881 = ORIENTED_EDGE ( 'NONE', *, *, #4473, .T. ) ;
#4882 = CARTESIAN_POINT ( 'NONE',  ( -0.7339999999999999900, -0.2481944801964750300, 0.1279863273947750000 ) ) ;
#4883 = VECTOR ( 'NONE', #1270, 39.37007874015748100 ) ;
#4884 = VERTEX_POINT ( 'NONE', #6247 ) ;
#4885 = CARTESIAN_POINT ( 'NONE',  ( 0.2387343074072013300, 0.1632778361066938300, 0.04126179129578486800 ) ) ;
#4886 = ORIENTED_EDGE ( 'NONE', *, *, #2364, .F. ) ;
#4887 = ADVANCED_FACE ( 'NONE', ( #6510 ), #6222, .F. ) ;
#4888 = DIRECTION ( 'NONE',  ( 2.449490783530942300E-015, 1.178340830471968600E-031, -1.000000000000000000 ) ) ;
#4889 = CARTESIAN_POINT ( 'NONE',  ( -0.4672180836245851100, -0.08783362701942634700, -0.09106034991834476000 ) ) ;
#4890 = EDGE_CURVE ( 'NONE', #5838, #3659, #6614, .T. ) ;
#4891 = CARTESIAN_POINT ( 'NONE',  ( 0.1693196940035000000, 0.1026919848509000000, 0.1538956727872999900 ) ) ;
#4892 = CARTESIAN_POINT ( 'NONE',  ( 0.1051892724104867800, -0.01917281539737895200, 0.1867336481354620000 ) ) ;
#4893 = CARTESIAN_POINT ( 'NONE',  ( 0.2936132084811000100, -0.1191875496974000000, -0.1329991171217999900 ) ) ;
#4894 = CIRCLE ( 'NONE', #4572, 0.2499999999998772400 ) ;
#4895 = VERTEX_POINT ( 'NONE', #6125 ) ;
#4896 = ORIENTED_EDGE ( 'NONE', *, *, #2479, .T. ) ;
#4897 = CARTESIAN_POINT ( 'NONE',  ( 0.2390478091645446000, 0.1603703914538005500, 0.05146273927268196800 ) ) ;
#4898 = DIRECTION ( 'NONE',  ( -1.000000000000000000, 0.0000000000000000000, -2.410454112010970500E-015 ) ) ;
#4899 = CARTESIAN_POINT ( 'NONE',  ( 0.2898509035365999800, -0.1779654017386000100, -0.01492512870342999900 ) ) ;
#4900 = FACE_OUTER_BOUND ( 'NONE', #848, .T. ) ;
#4901 = EDGE_CURVE ( 'NONE', #1554, #5973, #3990, .T. ) ;
#4902 = VERTEX_POINT ( 'NONE', #6069 ) ;
#4903 = CARTESIAN_POINT ( 'NONE',  ( 0.2399954929676229600, 0.1487121338784500900, 0.08120147450199136100 ) ) ;
#4904 = CARTESIAN_POINT ( 'NONE',  ( -0.7330600000000000400, -0.2606395595454000200, 0.1282691701071999900 ) ) ;
#4905 = CARTESIAN_POINT ( 'NONE',  ( 0.2587834122373000000, 0.1836708587500000000, 0.02223371568728000100 ) ) ;
#4906 = DIRECTION ( 'NONE',  ( 1.000000000000000000, 0.0000000000000000000, 0.0000000000000000000 ) ) ;
#4907 = FACE_OUTER_BOUND ( 'NONE', #1185, .T. ) ;
#4908 = B_SPLINE_CURVE_WITH_KNOTS ( 'NONE', 3,
 ( #3997, #3959, #4062, #4074 ),
 .UNSPECIFIED., .F., .F.,
 ( 4, 4 ),
 ( 1.334917952646775300E-013, 0.003694680973803872700 ),
 .UNSPECIFIED. ) ;
#4909 = ORIENTED_EDGE ( 'NONE', *, *, #1443, .T. ) ;
#4910 = ORIENTED_EDGE ( 'NONE', *, *, #129, .F. ) ;
#4911 = EDGE_CURVE ( 'NONE', #1019, #4011, #6630, .T. ) ;
#4912 = CARTESIAN_POINT ( 'NONE',  ( 0.2406368535444071700, 0.1369761741765288000, 0.09987553047956944400 ) ) ;
#4913 = AXIS2_PLACEMENT_3D ( 'NONE', #1502, #1501, #1488 ) ;
#4914 = CARTESIAN_POINT ( 'NONE',  ( 0.1049469018975035300, -0.01007471229582996800, 0.1874617293938737300 ) ) ;
#4915 = CARTESIAN_POINT ( 'NONE',  ( -0.4585312844225951100, -0.09083196148324192100, -0.08806979127797057200 ) ) ;
#4916 = AXIS2_PLACEMENT_3D ( 'NONE', #7165, #7132, #7124 ) ;
#4917 = FACE_OUTER_BOUND ( 'NONE', #5919, .T. ) ;
#4918 = CARTESIAN_POINT ( 'NONE',  ( 0.2879697510643000100, -0.1708987414930999700, 0.05184657316526000000 ) ) ;
#4919 = CARTESIAN_POINT ( 'NONE',  ( -0.4540131741874670600, -0.09196068658982160800, -0.08687261137331529800 ) ) ;
#4920 = CARTESIAN_POINT ( 'NONE',  ( -0.3665989825274578700, 0.05884146498050357000, -0.1119818378084502700 ) ) ;
#4921 = VERTEX_POINT ( 'NONE', #6146 ) ;
#4922 = CLOSED_SHELL ( 'NONE', ( #5855, #6970, #5348, #4169, #6101, #5608, #6144, #5544 ) ) ;
#4923 = CARTESIAN_POINT ( 'NONE',  ( 0.2860885985921000100, -0.1396749033061000000, 0.1112895849595000000 ) ) ;
#4924 = FACE_OUTER_BOUND ( 'NONE', #1722, .T. ) ;
#4925 = COLOUR_RGB ( '',0.7529411764705882200, 0.7529411764705882200, 0.7529411764705882200 ) ;
#4926 = CARTESIAN_POINT ( 'NONE',  ( 0.1042116371219703000, 0.01755797087304284200, 0.1875964929185532600 ) ) ;
#4927 = EDGE_CURVE ( 'NONE', #1019, #1111, #3017, .T. ) ;
#4928 = ORIENTED_EDGE ( 'NONE', *, *, #2688, .F. ) ;
#4929 = AXIS2_PLACEMENT_3D ( 'NONE', #5993, #6352, #6365 ) ;
#4930 = CARTESIAN_POINT ( 'NONE',  ( 0.2842074461197999800, -0.08870748085787000200, 0.1550014082047999900 ) ) ;
#4931 = AXIS2_PLACEMENT_3D ( 'NONE', #2436, #3250, #3474 ) ;
#4932 = CARTESIAN_POINT ( 'NONE',  ( 0.2419387174474236500, 0.1066573366565012900, 0.1317647764622386400 ) ) ;
#4933 = FACE_OUTER_BOUND ( 'NONE', #4138, .T. ) ;
#4934 = CARTESIAN_POINT ( 'NONE',  ( -0.4446248358354627500, -0.09355154985580883800, -0.08515706667368379300 ) ) ;
#4935 = ORIENTED_EDGE ( 'NONE', *, *, #4854, .T. ) ;
#4936 = CARTESIAN_POINT ( 'NONE',  ( -0.4397714015668863200, -0.09400151983238330700, -0.08465217795037820200 ) ) ;
#4937 = CARTESIAN_POINT ( 'NONE',  ( -0.8889999999999999000, 0.2444999999999999700, 0.1470000000000000200 ) ) ;
#4938 = CARTESIAN_POINT ( 'NONE',  ( 0.2616336164525000000, -0.1373340697699000100, -0.1141658863429999800 ) ) ;
#4939 = EDGE_CURVE ( 'NONE', #3864, #4794, #6636, .T. ) ;
#4940 = AXIS2_PLACEMENT_3D ( 'NONE', #6735, #6909, #6760 ) ;
#4941 = CIRCLE ( 'NONE', #2036, 0.07999999999995319200 ) ;
#4942 = CARTESIAN_POINT ( 'NONE',  ( 0.2425992207736555900, 0.08806622789157535200, 0.1449691213134861900 ) ) ;
#4943 = ORIENTED_EDGE ( 'NONE', *, *, #6843, .T. ) ;
#4944 = CARTESIAN_POINT ( 'NONE',  ( 0.2597524639803000000, -0.1697855528460000000, -0.05538380704071999700 ) ) ;
#4945 = CARTESIAN_POINT ( 'NONE',  ( -0.4253506400498005500, -0.09433069121121233400, -0.08428569597367771600 ) ) ;
#4946 = CARTESIAN_POINT ( 'NONE',  ( 0.1037105896228369500, 0.03644564595175052400, 0.1849346335368680600 ) ) ;
#4947 = FACE_BOUND ( 'NONE', #1996, .T. ) ;
#4948 = CARTESIAN_POINT ( 'NONE',  ( 0.2653959213971000000, -0.02152404055195000100, -0.1772884785995999800 ) ) ;
#4949 = EDGE_CURVE ( 'NONE', #4067, #2438, #6695, .T. ) ;
#4950 = ORIENTED_EDGE ( 'NONE', *, *, #241, .T. ) ;
#4951 = EDGE_CURVE ( 'NONE', #4693, #3629, #2863, .T. ) ;
#4952 = CARTESIAN_POINT ( 'NONE',  ( 0.2672770738693999700, 0.04546422800442000100, -0.1727063672663000100 ) ) ;
#4953 = CARTESIAN_POINT ( 'NONE',  ( 0.2567886656442000000, 0.1301534612003000000, 0.1411356061137999900 ) ) ;
#4954 =( BOUNDED_CURVE ( )  B_SPLINE_CURVE ( 3, ( #4920, #5044, #5084, #5101 ),
 .UNSPECIFIED., .F., .F. ) 
 B_SPLINE_CURVE_WITH_KNOTS ( ( 4, 4 ),
 ( 2.657788692259497300, 3.141592653589794900 ),
 .UNSPECIFIED. ) 
 CURVE ( )  GEOMETRIC_REPRESENTATION_ITEM ( )  RATIONAL_B_SPLINE_CURVE ( ( 1.000000000000000000, 0.9805894082688487700, 0.9805894082688487700, 1.000000000000000000 ) ) 
 REPRESENTATION_ITEM ( '' )  );
#4955 = LINE ( 'NONE', #7021, #4983 ) ;
#4956 = ORIENTED_EDGE ( 'NONE', *, *, #3909, .T. ) ;
#4957 = CARTESIAN_POINT ( 'NONE',  ( -0.4155822441368922100, -0.09320985293327396800, -0.08559938798888021300 ) ) ;
#4958 = CARTESIAN_POINT ( 'NONE',  ( 0.1026867526603477700, 0.07334312944260022700, 0.1736528710507528300 ) ) ;
#4959 = EDGE_CURVE ( 'NONE', #1313, #1919, #6589, .T. ) ;
#4960 = AXIS2_PLACEMENT_3D ( 'NONE', #5781, #5988, #6100 ) ;
#4961 = ORIENTED_EDGE ( 'NONE', *, *, #6022, .T. ) ;
#4962 = CARTESIAN_POINT ( 'NONE',  ( 0.2804451411753000100, 0.04186793829743999700, 0.1736131800310999900 ) ) ;
#4963 = ORIENTED_EDGE ( 'NONE', *, *, #6515, .T. ) ;
#4964 = CARTESIAN_POINT ( 'NONE',  ( 0.2453094239879888800, -1.058706405198384300E-008, 0.1680983007247091600 ) ) ;
#4965 = ADVANCED_FACE ( 'NONE', ( #6563 ), #6485, .T. ) ;
#4966 = CARTESIAN_POINT ( 'NONE',  ( -0.4021940457402944900, -0.08942745524259228300, -0.08948883017346814800 ) ) ;
#4967 = ORIENTED_EDGE ( 'NONE', *, *, #4180, .T. ) ;
#4968 = CARTESIAN_POINT ( 'NONE',  ( 0.2823262936475000000, -0.02520090260103000400, 0.1768032002401999900 ) ) ;
#4969 = CARTESIAN_POINT ( 'NONE',  ( 0.2570292216837000200, 0.1800451560160999900, -0.04258013683624999700 ) ) ;
#4970 = PLANE ( 'NONE',  #4793 ) ;
#4971 = VERTEX_POINT ( 'NONE', #5532 ) ;
#4972 = CARTESIAN_POINT ( 'NONE',  ( 0.2691582263416000300, 0.1060259118863000100, -0.1437114738357999900 ) ) ;
#4973 = ORIENTED_EDGE ( 'NONE', *, *, #4513, .T. ) ;
#4974 = AXIS2_PLACEMENT_3D ( 'NONE', #6841, #6802, #6820 ) ;
#4975 = EDGE_CURVE ( 'NONE', #1916, #5973, #6517, .T. ) ;
#4976 = CARTESIAN_POINT ( 'NONE',  ( 0.2446190162512630900, 0.02341825684587735600, 0.1681003123861653200 ) ) ;
#4977 = CARTESIAN_POINT ( 'NONE',  ( 0.1021639631969917500, 0.09133645405896956300, 0.1649859830934700700 ) ) ;
#4978 = CYLINDRICAL_SURFACE ( 'NONE', #4940, 0.004999999999940460900 ) ;
#4979 = CARTESIAN_POINT ( 'NONE',  ( 0.2710393788139000000, 0.1516003669119999900, -0.09440236682251999800 ) ) ;
#4980 = VERTEX_POINT ( 'NONE', #5506 ) ;
#4981 = VERTEX_POINT ( 'NONE', #5604 ) ;
#4982 = CARTESIAN_POINT ( 'NONE',  ( -0.3978525350838715800, -0.08778299020827753900, -0.09112440802373270000 ) ) ;
#4983 = VECTOR ( 'NONE', #7044, 39.37007874015748100 ) ;
#4984 = CARTESIAN_POINT ( 'NONE',  ( -0.3898743394719379500, -0.08382294346361346400, -0.09477987791023431700 ) ) ;
#4985 = DIRECTION ( 'NONE',  ( 0.0000000000000000000, -0.7071067811865475700, 0.7071067811865475700 ) ) ;
#4986 = ORIENTED_EDGE ( 'NONE', *, *, #3136, .T. ) ;
#4987 = ORIENTED_EDGE ( 'NONE', *, *, #1687, .T. ) ;
#4988 = CARTESIAN_POINT ( 'NONE',  ( 0.2465843966743999900, 0.1232214608902000000, 0.1292710261256000100 ) ) ;
#4989 = CARTESIAN_POINT ( 'NONE',  ( 0.2439393701755756000, 0.04643857540846636100, 0.1631316383143717700 ) ) ;
#4990 = DIRECTION ( 'NONE',  ( -1.000000000000000000, 1.172870181530256900E-015, 1.101398411666896200E-015 ) ) ;
#4991 = CONICAL_SURFACE ( 'NONE', #4724, 0.3056954702719920600, 0.08726646259946646600 ) ;
#4992 = CARTESIAN_POINT ( 'NONE',  ( 0.1010966423060605800, 0.1243293983099298000, 0.1418050577904235700 ) ) ;
#4993 = CARTESIAN_POINT ( 'NONE',  ( -0.3861940450761127700, -0.08150233226858573400, -0.09680659734102570200 ) ) ;
#4994 = EDGE_CURVE ( 'NONE', #371, #529, #3337, .T. ) ;
#4995 = ORIENTED_EDGE ( 'NONE', *, *, #7028, .T. ) ;
#4996 = VERTEX_POINT ( 'NONE', #5475 ) ;
#4997 = CARTESIAN_POINT ( 'NONE',  ( 0.7192583303678994300, -1.164130068862634600E-014, -0.1879879971531076000 ) ) ;
#4998 = DIRECTION ( 'NONE',  ( 0.0000000000000000000, 0.7071067811865474600, 0.7071067811865474600 ) ) ;
#4999 = EDGE_CURVE ( 'NONE', #4902, #3714, #6551, .T. ) ;
#5000 = CARTESIAN_POINT ( 'NONE',  ( 0.7100892630251137700, -0.09685711861486631700, -0.2500000000000000000 ) ) ;
#5001 = B_SPLINE_CURVE_WITH_KNOTS ( 'NONE', 3,
 ( #6929, #7139, #6014, #6054, #6173, #6376, #6401, #6413, #5464, #5424, #5387, #5353, #5293, #6434, #7180, #7101, #7078, #7058, #6990, #6983, #6939, #6947, #6857, #6835, #6798, #6815, #6738, #6712, #6663 ),
 .UNSPECIFIED., .F., .F.,
 ( 4, 2, 2, 2, 2, 2, 2, 1, 1, 1, 2, 2, 2, 2, 2, 4 ),
 ( 0.0000000000000000000, 0.06250000000000016700, 0.1250000000000003300, 0.2500000000000005600, 0.3750000000000008300, 0.4375000000000009400, 0.4687500000000009400, 0.4843750000000010000, 0.4921875000000010500, 0.4960937500000010500, 0.4980468750000010500, 0.5000000000000010000, 0.6250000000000007800, 0.7500000000000005600, 0.8750000000000003300, 1.000000000000000000 ),
 .UNSPECIFIED. ) ;
#5002 = VERTEX_POINT ( 'NONE', #5339 ) ;
#5003 = DIRECTION ( 'NONE',  ( -0.9723699203988067600, 0.0000000000000000000, 0.2334453638511979100 ) ) ;
#5004 = VERTEX_POINT ( 'NONE', #5315 ) ;
#5005 = CARTESIAN_POINT ( 'NONE',  ( 0.1005521108784869400, 0.1392942799214373100, 0.1272551834523571200 ) ) ;
#5006 = CARTESIAN_POINT ( 'NONE',  ( 0.2503467016188999900, 0.0008926787031300999800, 0.1785881352453999900 ) ) ;
#5007 = CARTESIAN_POINT ( 'NONE',  ( -0.3794156132559201000, -0.07610591225720181300, -0.1011040927631842200 ) ) ;
#5008 = EDGE_CURVE ( 'NONE', #1919, #3452, #6543, .T. ) ;
#5009 = CONICAL_SURFACE ( 'NONE', #5022, 0.1879879971531076600, 0.7649928327086258400 ) ;
#5010 = DIRECTION ( 'NONE',  ( 2.731847993644627600E-014, 1.000000000000000000, 0.0000000000000000000 ) ) ;
#5011 = B_SPLINE_CURVE_WITH_KNOTS ( 'NONE', 3,
 ( #764, #791, #992, #1010, #1016, #1031, #1043, #1062, #1073, #1086, #1102, #1110, #1133, #1143, #1186, #1198, #1208, #1218, #1227, #1246, #1260, #1268, #1275, #1319, #1327, #1349, #1357, #1371 ),
 .UNSPECIFIED., .F., .F.,
 ( 4, 2, 2, 2, 2, 2, 2, 2, 2, 2, 2, 2, 2, 4 ),
 ( -9.870576578308032400E-016, 0.0008578945843850515200, 0.001715789168771090100, 0.002144736460964109300, 0.002573683753157128900, 0.003002631045350148100, 0.003431578337543167300, 0.003860525629736186900, 0.004289472921929205600, 0.004718420214122225200, 0.005147367506315244900, 0.005576314798508263600, 0.006005262090701283200, 0.006863156675087325900 ),
 .UNSPECIFIED. ) ;
#5012 = AXIS2_PLACEMENT_3D ( 'NONE', #6926, #6969, #7178 ) ;
#5013 = EDGE_LOOP ( 'NONE', ( #1487, #1324, #6963, #6779, #2252 ) ) ;
#5014 = CARTESIAN_POINT ( 'NONE',  ( -0.3763446940674903800, -0.07303497944398484900, -0.1033637759386495900 ) ) ;
#5015 = DIRECTION ( 'NONE',  ( 1.000000000000000000, 0.0000000000000000000, -0.0000000000000000000 ) ) ;
#5016 = FACE_OUTER_BOUND ( 'NONE', #4842, .T. ) ;
#5017 = DIRECTION ( 'NONE',  ( 1.000000000000000000, 0.0000000000000000000, 0.0000000000000000000 ) ) ;
#5018 = LINE ( 'NONE', #5187, #3783 ) ;
#5019 = VERTEX_POINT ( 'NONE', #5307 ) ;
#5020 = EDGE_CURVE ( 'NONE', #839, #4270, #1871, .T. ) ;
#5021 = DIRECTION ( 'NONE',  ( 1.000000000000000000, -3.327275781276495800E-014, 3.327275781168551800E-014 ) ) ;
#5022 = AXIS2_PLACEMENT_3D ( 'NONE', #6322, #6437, #6399 ) ;
#5023 = CARTESIAN_POINT ( 'NONE',  ( -0.7677204956737500000, 0.2444999999999999700, -0.06175464422068000600 ) ) ;
#5024 = LINE ( 'NONE', #4303, #3673 ) ;
#5025 = CARTESIAN_POINT ( 'NONE',  ( -0.3709765953063055600, -0.06637401709349855000, -0.1077620909854282700 ) ) ;
#5026 = CARTESIAN_POINT ( 'NONE',  ( 0.1000001396368077300, 0.1517489156513100500, 0.1101236844750643300 ) ) ;
#5027 = CARTESIAN_POINT ( 'NONE',  ( 0.2484655491466999900, 0.06677666557875000500, 0.1656363477544999800 ) ) ;
#5028 = ORIENTED_EDGE ( 'NONE', *, *, #6203, .T. ) ;
#5029 = CARTESIAN_POINT ( 'NONE',  ( -0.7810000000000002500, 0.3024999999999504800, 0.2440000000000054900 ) ) ;
#5030 = FACE_OUTER_BOUND ( 'NONE', #5069, .T. ) ;
#5031 = EDGE_CURVE ( 'NONE', #2022, #1649, #6478, .T. ) ;
#5032 = CARTESIAN_POINT ( 'NONE',  ( 0.1828098434928216400, -1.933905378519911100E-008, 0.1680978880106576100 ) ) ;
#5033 = CARTESIAN_POINT ( 'NONE',  ( 0.1675655034499000100, 0.1495315996890999900, 0.1089487326922000000 ) ) ;
#5034 = ORIENTED_EDGE ( 'NONE', *, *, #2897, .F. ) ;
#5035 = CARTESIAN_POINT ( 'NONE',  ( -0.7574999999999999500, 0.1949999999999824100, -0.3025000000000159800 ) ) ;
#5036 = CARTESIAN_POINT ( 'NONE',  ( 0.2552750311301000300, 0.1542540347628000000, -0.1021519594578000100 ) ) ;
#5037 = CARTESIAN_POINT ( 'NONE',  ( 0.7211595114417742600, -0.2886751345948361200, -3.195979788088966700E-015 ) ) ;
#5038 = ORIENTED_EDGE ( 'NONE', *, *, #5798, .T. ) ;
#5039 = CARTESIAN_POINT ( 'NONE',  ( 0.2522278540912000200, -0.06511746776960999900, 0.1662956117839000100 ) ) ;
#5040 = EDGE_CURVE ( 'NONE', #5640, #2537, #1715, .T. ) ;
#5041 = AXIS2_PLACEMENT_3D ( 'NONE', #5597, #5545, #5681 ) ;
#5042 = CARTESIAN_POINT ( 'NONE',  ( -0.8940290340353002100, -0.2368807716974499800, 0.1166726188957500400 ) ) ;
#5043 = ADVANCED_FACE ( 'NONE', ( #6441 ), #6428, .T. ) ;
#5044 = CARTESIAN_POINT ( 'NONE',  ( -0.3570863682390548700, 0.04060399058999048000, -0.1215648177959900800 ) ) ;
#5045 = CARTESIAN_POINT ( 'NONE',  ( 0.3159018322300875000, -0.1678359380240446700, -0.009352362540219949900 ) ) ;
#5046 = ORIENTED_EDGE ( 'NONE', *, *, #1813, .F. ) ;
#5047 = CARTESIAN_POINT ( 'NONE',  ( 0.7031250000000204300, -0.04886364035931693700, -0.2500000000000000000 ) ) ;
#5048 = DIRECTION ( 'NONE',  ( -1.000000000000000000, -0.0000000000000000000, -0.0000000000000000000 ) ) ;
#5049 = CARTESIAN_POINT ( 'NONE',  ( 0.2729205312861999700, 0.1757454656014000000, -0.03174910804955000100 ) ) ;
#5050 = CARTESIAN_POINT ( 'NONE',  ( 0.2603025829816068000, -0.02148206193145351500, -0.1681010631464932800 ) ) ;
#5051 = B_SPLINE_CURVE_WITH_KNOTS ( 'NONE', 3,
 ( #476, #493, #410, #409, #401, #397, #390, #383, #382, #377, #370, #368, #357, #350, #343, #342, #335, #334, #323, #316, #312, #304, #302, #286, #265, #258 ),
 .UNSPECIFIED., .F., .F.,
 ( 4, 2, 2, 2, 2, 2, 1, 1, 2, 2, 2, 2, 2, 4 ),
 ( 0.0000000000000000000, 0.1250000000000002200, 0.2500000000000003900, 0.3750000000000005600, 0.4375000000000005600, 0.4687500000000005000, 0.4843750000000004400, 0.4921875000000005000, 0.4960937500000005000, 0.5000000000000004400, 0.6250000000000004400, 0.7500000000000003300, 0.8750000000000002200, 1.000000000000000000 ),
 .UNSPECIFIED. ) ;
#5052 = FACE_OUTER_BOUND ( 'NONE', #1859, .T. ) ;
#5053 = VERTEX_POINT ( 'NONE', #5096 ) ;
#5054 = PLANE ( 'NONE',  #4603 ) ;
#5055 = CARTESIAN_POINT ( 'NONE',  ( 0.3158543901472808400, -0.1680590147954677000, -0.006240786593635547700 ) ) ;
#5056 = CARTESIAN_POINT ( 'NONE',  ( 0.2766828362307000000, 0.1496071905964999900, 0.09753028250973000400 ) ) ;
#5057 = DIRECTION ( 'NONE',  ( -0.0000000000000000000, 1.000000000000000000, -0.0000000000000000000 ) ) ;
#5058 = ORIENTED_EDGE ( 'NONE', *, *, #1418, .F. ) ;
#5059 = LINE ( 'NONE', #6617, #4050 ) ;
#5060 = ORIENTED_EDGE ( 'NONE', *, *, #2832, .T. ) ;
#5061 = CARTESIAN_POINT ( 'NONE',  ( -0.3665989825274579800, -0.05884146498046292200, -0.1119818378084478900 ) ) ;
#5062 = EDGE_CURVE ( 'NONE', #6690, #5177, #6436, .T. ) ;
#5063 = VERTEX_POINT ( 'NONE', #5108 ) ;
#5064 = CARTESIAN_POINT ( 'NONE',  ( 0.7505083303678999900, 1.164130068862634600E-014, -6.189280072997057200E-017 ) ) ;
#5065 = EDGE_CURVE ( 'NONE', #4535, #598, #3283, .T. ) ;
#5066 = CARTESIAN_POINT ( 'NONE',  ( 0.2748016837583999700, 0.1750482146609999800, 0.03539199829847999900 ) ) ;
#5067 = VECTOR ( 'NONE', #5160, 39.37007874015748100 ) ;
#5068 = CARTESIAN_POINT ( 'NONE',  ( 0.4052700307959143400, 6.189280072998427900E-017, -8.505651413398584300E-014 ) ) ;
#5069 = EDGE_LOOP ( 'NONE', ( #5171, #2068, #6235, #6067, #3088 ) ) ;
#5070 = DIRECTION ( 'NONE',  ( -1.000000000000000000, -0.0000000000000000000, -0.0000000000000000000 ) ) ;
#5071 = VERTEX_POINT ( 'NONE', #5127 ) ;
#5072 = CARTESIAN_POINT ( 'NONE',  ( -0.7340000000000001000, -0.2389999999999999900, 0.0000000000000000000 ) ) ;
#5073 = CARTESIAN_POINT ( 'NONE',  ( -0.3686401727369881800, -0.06275481130627517900, -0.1099255487236198300 ) ) ;
#5074 = DIRECTION ( 'NONE',  ( 0.7213873210325326700, -7.998396284477811400E-016, -0.6925318281880663600 ) ) ;
#5075 = CARTESIAN_POINT ( 'NONE',  ( 0.2535208405764999800, 0.1094726291427000100, -0.1491478372177000000 ) ) ;
#5076 = CARTESIAN_POINT ( 'NONE',  ( -0.8940000000000001300, 0.2605000000000000100, 0.1469999999999999900 ) ) ;
#5077 = CARTESIAN_POINT ( 'NONE',  ( 0.2785639887029999800, 0.1030186003247999900, 0.1458822538360000100 ) ) ;
#5078 = EDGE_CURVE ( 'NONE', #755, #3594, #6453, .T. ) ;
#5079 = FACE_OUTER_BOUND ( 'NONE', #2682, .T. ) ;
#5080 = AXIS2_PLACEMENT_3D ( 'NONE', #6176, #6298, #6305 ) ;
#5081 = AXIS2_PLACEMENT_3D ( 'NONE', #4379, #4428, #4515 ) ;
#5082 = VERTEX_POINT ( 'NONE', #317 ) ;
#5083 = VERTEX_POINT ( 'NONE', #363 ) ;
#5084 = CARTESIAN_POINT ( 'NONE',  ( -0.3521874239845841400, 0.02060191684254667300, -0.1265000000000640300 ) ) ;
#5085 = CARTESIAN_POINT ( 'NONE',  ( 0.7027643097711999700, 1.580032583335568400E-013, 1.499955289021284700E-014 ) ) ;
#5086 = DIRECTION ( 'NONE',  ( 0.0000000000000000000, -1.000000000000000000, 0.0000000000000000000 ) ) ;
#5087 = FACE_OUTER_BOUND ( 'NONE', #6161, .T. ) ;
#5089 = ADVANCED_FACE ( 'NONE', ( #6622 ), #1595, .F. ) ;
#5088 = CARTESIAN_POINT ( 'NONE',  ( 0.3255928005097000200, -0.09616708764288999000, -0.1454688621835000000 ) ) ;
#5090 = ORIENTED_EDGE ( 'NONE', *, *, #2431, .T. ) ;
#5091 = ORIENTED_EDGE ( 'NONE', *, *, #4166, .F. ) ;
#5092 = DIRECTION ( 'NONE',  ( -0.0000000000000000000, -0.0000000000000000000, -1.000000000000000000 ) ) ;
#5093 = EDGE_CURVE ( 'NONE', #832, #1019, #6338, .T. ) ;
#5094 = AXIS2_PLACEMENT_3D ( 'NONE', #6822, #6776, #6727 ) ;
#5095 = DIRECTION ( 'NONE',  ( -1.000000000000000000, 0.0000000000000000000, 0.0000000000000000000 ) ) ;
#5096 = CARTESIAN_POINT ( 'NONE',  ( -0.7339999999999987600, 0.2605000000000000100, 0.1101935541909822800 ) ) ;
#5097 = CARTESIAN_POINT ( 'NONE',  ( 0.07930218786805000300, 0.1599439759760999900, -0.04991201764206999700 ) ) ;
#5098 = ORIENTED_EDGE ( 'NONE', *, *, #6022, .F. ) ;
#5099 = ORIENTED_EDGE ( 'NONE', *, *, #4901, .F. ) ;
#5100 = CARTESIAN_POINT ( 'NONE',  ( -0.8939999999999997900, 0.2605000000000000100, 0.02199999999999999900 ) ) ;
#5101 = CARTESIAN_POINT ( 'NONE',  ( -0.3521874239845842500, 3.930074648464835200E-014, -0.1265000000000640300 ) ) ;
#5102 = EDGE_CURVE ( 'NONE', #4264, #1298, #6364, .T. ) ;
#5103 = AXIS2_PLACEMENT_3D ( 'NONE', #6701, #6677, #6713 ) ;
#5104 = CARTESIAN_POINT ( 'NONE',  ( 0.09058910270167000500, -0.06621333380643000500, 0.1583041815664000000 ) ) ;
#5106 = EDGE_CURVE ( 'NONE', #5207, #1462, #3987, .T. ) ;
#5105 = ORIENTED_EDGE ( 'NONE', *, *, #5183, .T. ) ;
#5107 = CARTESIAN_POINT ( 'NONE',  ( 0.2992566658979999800, 0.07019970626249000300, -0.1642145817495999600 ) ) ;
#5108 = CARTESIAN_POINT ( 'NONE',  ( 0.3009999999999998200, 0.1272499999999711400, 7.880206098638943900E-014 ) ) ;
#5109 = CARTESIAN_POINT ( 'NONE',  ( -0.8939999999999999100, -0.1014999999999999900, -0.2444999999999999700 ) ) ;
#5110 = CARTESIAN_POINT ( 'NONE',  ( 0.3218304955651999900, -0.1738780338047999900, -0.04075413594261000100 ) ) ;
#5111 = EDGE_CURVE ( 'NONE', #3714, #5420, #6415, .T. ) ;
#5112 = CARTESIAN_POINT ( 'NONE',  ( 0.08306449281258999900, 0.1542117799249999900, 0.07525443470114999400 ) ) ;
#5113 = EDGE_CURVE ( 'NONE', #6691, #3488, #6357, .T. ) ;
#5114 = AXIS2_PLACEMENT_3D ( 'NONE', #2704, #3102, #3020 ) ;
#5115 = DIRECTION ( 'NONE',  ( 0.7213873210325343300, 7.998396284477813400E-016, -0.6925318281880646900 ) ) ;
#5116 = AXIS2_PLACEMENT_3D ( 'NONE', #4661, #4776, #4677 ) ;
#5117 = VERTEX_POINT ( 'NONE', #541 ) ;
#5118 = CARTESIAN_POINT ( 'NONE',  ( 0.7031250000000229800, -4.173827970016320400E-014, 0.2499999999999778000 ) ) ;
#5119 = PLANE ( 'NONE',  #5167 ) ;
#5120 = DIRECTION ( 'NONE',  ( 2.731847993696793700E-014, 0.0000000000000000000, -1.000000000000000000 ) ) ;
#5121 = CARTESIAN_POINT ( 'NONE',  ( 0.3114226428695873200, 2.972135964836603400E-009, 0.1725774041012583500 ) ) ;
#5122 = EDGE_CURVE ( 'NONE', #4599, #5154, #6329, .T. ) ;
#5123 = CARTESIAN_POINT ( 'NONE',  ( 0.7788404885582130800, -0.1443375672974409900, 0.2500000000000122700 ) ) ;
#5124 = ORIENTED_EDGE ( 'NONE', *, *, #3892, .F. ) ;
#5125 =( GEOMETRIC_REPRESENTATION_CONTEXT ( 3 ) GLOBAL_UNCERTAINTY_ASSIGNED_CONTEXT ( ( #6886 ) ) GLOBAL_UNIT_ASSIGNED_CONTEXT ( ( #6230, #6245, #6254 ) ) REPRESENTATION_CONTEXT ( 'NONE', 'WORKASPACE' ) );
#5126 = ADVANCED_FACE ( 'NONE', ( #6709 ), #761, .T. ) ;
#5128 = EDGE_CURVE ( 'NONE', #697, #3215, #6299, .T. ) ;
#5127 = CARTESIAN_POINT ( 'NONE',  ( -0.7339999999999999900, 0.1959999999999624800, 0.3075000000000000000 ) ) ;
#5129 = CARTESIAN_POINT ( 'NONE',  ( -0.8939999999999999100, 0.09962000000000000000, -0.2612046566428999900 ) ) ;
#5130 = CARTESIAN_POINT ( 'NONE',  ( 0.08870795022940000700, -0.003074001437080000000, 0.1715662286438000000 ) ) ;
#5131 = ORIENTED_EDGE ( 'NONE', *, *, #4672, .F. ) ;
#5132 = CARTESIAN_POINT ( 'NONE',  ( 0.3009999999999998200, -5.646808553482475000E-014, 0.1272500000000277300 ) ) ;
#5133 = DIRECTION ( 'NONE',  ( 2.864034186896294000E-014, 0.0000000000000000000, -1.000000000000000000 ) ) ;
#5134 = CARTESIAN_POINT ( 'NONE',  ( 0.3049001233147999900, 0.1784977407834000000, -0.005742379843011999300 ) ) ;
#5135 = CARTESIAN_POINT ( 'NONE',  ( -1.044524830354394400, 0.01700000000008991900, -0.2444999999999998800 ) ) ;
#5136 = DIRECTION ( 'NONE',  ( -0.0000000000000000000, 0.0000000000000000000, 1.000000000000000000 ) ) ;
#5137 = VERTEX_POINT ( 'NONE', #808 ) ;
#5138 = DIRECTION ( 'NONE',  ( 1.000000000000000000, -9.341392738283457200E-015, 2.805651445712314900E-014 ) ) ;
#5139 = CARTESIAN_POINT ( 'NONE',  ( 0.1583105917033999800, -0.1702629021884000100, 0.02132689617866000100 ) ) ;
#5140 = ORIENTED_EDGE ( 'NONE', *, *, #6997, .T. ) ;
#5141 = AXIS2_PLACEMENT_3D ( 'NONE', #3592, #3579, #3571 ) ;
#5142 = DIRECTION ( 'NONE',  ( -0.0000000000000000000, -0.0000000000000000000, 1.000000000000000000 ) ) ;
#5143 = PLANE ( 'NONE',  #2444 ) ;
#5144 = CARTESIAN_POINT ( 'NONE',  ( 0.2517666500229000000, 0.05121398035619999900, -0.1777820742449000300 ) ) ;
#5145 = DIRECTION ( 'NONE',  ( 0.0000000000000000000, 0.0000000000000000000, -1.000000000000000000 ) ) ;
#5146 =( BOUNDED_CURVE ( )  B_SPLINE_CURVE ( 3, ( #684, #686, #700, #676 ),
 .UNSPECIFIED., .F., .F. ) 
 B_SPLINE_CURVE_WITH_KNOTS ( ( 4, 4 ),
 ( 2.106723719302682400, 2.111174276881590700 ),
 .UNSPECIFIED. ) 
 CURVE ( )  GEOMETRIC_REPRESENTATION_ITEM ( )  RATIONAL_B_SPLINE_CURVE ( ( 1.000000000000000000, 0.9999983493787842900, 0.9999983493787842900, 1.000000000000000000 ) ) 
 REPRESENTATION_ITEM ( '' )  );
#5147 = ORIENTED_EDGE ( 'NONE', *, *, #1769, .T. ) ;
#5148 = EDGE_CURVE ( 'NONE', #1493, #3627, #6306, .T. ) ;
#5149 = EDGE_CURVE ( 'NONE', #4921, #5117, #6736, .T. ) ;
#5150 = AXIS2_PLACEMENT_3D ( 'NONE', #2535, #7008, #7123 ) ;
#5151 = ORIENTED_EDGE ( 'NONE', *, *, #2866, .T. ) ;
#5152 = DIRECTION ( 'NONE',  ( 1.000000000000000000, 0.0000000000000000000, 0.0000000000000000000 ) ) ;
#5153 = LENGTH_MEASURE_WITH_UNIT ( LENGTH_MEASURE( 0.02539999999999999900 ), #6223 );
#5154 = VERTEX_POINT ( 'NONE', #893 ) ;
#5155 = CARTESIAN_POINT ( 'NONE',  ( 0.7031250000000193200, 3.964380975180757000E-014, -0.2499999999999777700 ) ) ;
#5156 = ORIENTED_EDGE ( 'NONE', *, *, #6348, .T. ) ;
#5158 = ADVANCED_FACE ( 'NONE', ( #6218, #6239, #6202, #6197, #6274, #6191, #6803, #4831 ), #562, .T. ) ;
#5157 = CARTESIAN_POINT ( 'NONE',  ( 0.1564294392311000000, -0.1503532129318000100, 0.08269345494398000500 ) ) ;
#5159 = DIRECTION ( 'NONE',  ( -0.9723699203988067600, 0.0000000000000000000, 0.2334453638511979100 ) ) ;
#5160 = DIRECTION ( 'NONE',  ( -1.000000000000000000, -0.0000000000000000000, -0.0000000000000000000 ) ) ;
#5161 = PLANE ( 'NONE',  #1164 ) ;
#5163 = EDGE_CURVE ( 'NONE', #5991, #5177, #4839, .T. ) ;
#5162 = EDGE_LOOP ( 'NONE', ( #1169, #4004, #707 ) ) ;
#5164 = ORIENTED_EDGE ( 'NONE', *, *, #2364, .T. ) ;
#5165 = AXIS2_PLACEMENT_3D ( 'NONE', #3503, #3723, #3662 ) ;
#5166 = DIRECTION ( 'NONE',  ( -0.9914466781300052000, 0.0000000000000000000, 0.1305123918445206000 ) ) ;
#5167 = AXIS2_PLACEMENT_3D ( 'NONE', #5180, #4906, #5188 ) ;
#5168 = CARTESIAN_POINT ( 'NONE',  ( 0.7968750000000000000, 2.244170441670291100E-013, 1.820947428276835500E-014 ) ) ;
#5169 = DIRECTION ( 'NONE',  ( -0.2334453638511979100, 1.497369606983217800E-017, -0.9723699203988068800 ) ) ;
#5170 = ORIENTED_EDGE ( 'NONE', *, *, #6756, .T. ) ;
#5171 = ORIENTED_EDGE ( 'NONE', *, *, #231, .F. ) ;
#5172 = DIRECTION ( 'NONE',  ( -1.000000000000000000, 0.0000000000000000000, 0.0000000000000000000 ) ) ;
#5173 = CARTESIAN_POINT ( 'NONE',  ( 0.1545482867588999800, -0.1091895378960000000, 0.1323704827474999900 ) ) ;
#5174 = EDGE_CURVE ( 'NONE', #6673, #4766, #4894, .T. ) ;
#5175 = AXIS2_PLACEMENT_3D ( 'NONE', #6925, #6908, #6898 ) ;
#5177 = VERTEX_POINT ( 'NONE', #976 ) ;
#5176 = CARTESIAN_POINT ( 'NONE',  ( 0.7012500000000000400, 0.2915618859408000100, -0.005000000000000000100 ) ) ;
#5178 = DIRECTION ( 'NONE',  ( -0.9110794801760944100, 0.3867302948997278200, 0.1427370302648449400 ) ) ;
#5179 = EDGE_LOOP ( 'NONE', ( #2382, #2564 ) ) ;
#5180 = CARTESIAN_POINT ( 'NONE',  ( 0.7031250000000000000, 0.2600877442874999800, 0.2600000000000000100 ) ) ;
#5181 = DIRECTION ( 'NONE',  ( 1.000000000000000000, 3.327275781181926500E-014, 3.327275781182000300E-014 ) ) ;
#5182 = DIRECTION ( 'NONE',  ( -0.0000000000000000000, -0.0000000000000000000, 1.000000000000000000 ) ) ;
#5183 = EDGE_CURVE ( 'NONE', #381, #4996, #3801, .T. ) ;
#5184 = ORIENTED_EDGE ( 'NONE', *, *, #6792, .F. ) ;
#5185 = AXIS2_PLACEMENT_3D ( 'NONE', #5728, #5774, #5720 ) ;
#5186 = ORIENTED_EDGE ( 'NONE', *, *, #430, .T. ) ;
#5187 = CARTESIAN_POINT ( 'NONE',  ( -0.7339999999999999900, 0.2604999999999999000, 0.0000000000000000000 ) ) ;
#5188 = DIRECTION ( 'NONE',  ( 0.0000000000000000000, -1.000000000000000000, 0.0000000000000000000 ) ) ;
#5189 = CARTESIAN_POINT ( 'NONE',  ( 0.1526671342866000000, -0.05259075545955999700, 0.1633355934256000000 ) ) ;
#5190 = VERTEX_POINT ( 'NONE', #1135 ) ;
#5191 = ORIENTED_EDGE ( 'NONE', *, *, #2925, .F. ) ;
#5192 = CARTESIAN_POINT ( 'NONE',  ( -0.3665989825274579800, -0.05884146498046292200, -0.1119818378084478900 ) ) ;
#5193 = CARTESIAN_POINT ( 'NONE',  ( -0.3521874239845842500, 3.930074648464835200E-014, -0.1265000000000640300 ) ) ;
#5194 = ADVANCED_FACE ( 'NONE', ( #6177 ), #6137, .F. ) ;
#5195 = CARTESIAN_POINT ( 'NONE',  ( -0.9692624151769500000, -0.06099999999999999200, -0.2444999999999999700 ) ) ;
#5196 = CARTESIAN_POINT ( 'NONE',  ( 0.2500124594693000100, -0.01334967166956000000, -0.1845294768141000100 ) ) ;
#5197 = EDGE_CURVE ( 'NONE', #4222, #6546, #6145, .T. ) ;
#5198 = CONICAL_SURFACE ( 'NONE', #5208, 0.3098651377028963600, 1.483529864195487000 ) ;
#5199 = EDGE_CURVE ( 'NONE', #5848, #5655, #7006, .T. ) ;
#5200 = CARTESIAN_POINT ( 'NONE',  ( 0.3157498778097900200, -0.1682505209331233400, 4.653589746055667300E-008 ) ) ;
#5201 = ORIENTED_EDGE ( 'NONE', *, *, #1375, .F. ) ;
#5202 = DIRECTION ( 'NONE',  ( -1.000000000000000000, 0.0000000000000000000, 0.0000000000000000000 ) ) ;
#5203 = FACE_OUTER_BOUND ( 'NONE', #2496, .T. ) ;
#5204 = DIRECTION ( 'NONE',  ( -0.0000000000000000000, 1.000000000000000000, -0.0000000000000000000 ) ) ;
#5205 = CARTESIAN_POINT ( 'NONE',  ( 0.1489048293420000000, 0.07385795031835000500, 0.1548848420217000000 ) ) ;
#5206 = CARTESIAN_POINT ( 'NONE',  ( 0.1658113128962999700, 0.1779616054099000000, 0.05058850119527000300 ) ) ;
#5207 = VERTEX_POINT ( 'NONE', #1248 ) ;
#5208 = AXIS2_PLACEMENT_3D ( 'NONE', #6129, #6156, #6120 ) ;
#5209 = MECHANICAL_DESIGN_GEOMETRIC_PRESENTATION_REPRESENTATION (  '', ( #396 ), #5125 ) ;
#5210 = LINE ( 'NONE', #3543, #4262 ) ;
#5211 = CARTESIAN_POINT ( 'NONE',  ( 0.2146880923576999800, 0.04098097116563000100, -0.1875629044356000000 ) ) ;
#5212 = DIRECTION ( 'NONE',  ( -1.000000000000000000, 0.0000000000000000000, 0.0000000000000000000 ) ) ;
#5213 = ORIENTED_EDGE ( 'NONE', *, *, #4821, .T. ) ;
#5214 = CARTESIAN_POINT ( 'NONE',  ( 0.1451425243975000000, 0.1600201819245999900, 0.06195046346335000100 ) ) ;
#5215 = CARTESIAN_POINT ( 'NONE',  ( -0.3521874239845841400, -0.02060191684247976400, -0.1265000000000640300 ) ) ;
#5216 = SURFACE_STYLE_FILL_AREA ( #6193 ) ;
#5217 = EDGE_CURVE ( 'NONE', #3064, #2615, #6774, .T. ) ;
#5218 = DIRECTION ( 'NONE',  ( -0.0000000000000000000, 0.8660254037844425900, 0.4999999999999933400 ) ) ;
#5219 = AXIS2_PLACEMENT_3D ( 'NONE', #6024, #6086, #6107 ) ;
#5220 = ORIENTED_EDGE ( 'NONE', *, *, #6490, .T. ) ;
#5221 = DIRECTION ( 'NONE',  ( -1.000000000000000000, -0.0000000000000000000, -0.0000000000000000000 ) ) ;
#5222 = CARTESIAN_POINT ( 'NONE',  ( -0.3905000000000000700, 0.3075000000000000000, 0.2439999999999999700 ) ) ;
#5223 = DIRECTION ( 'NONE',  ( 0.0000000000000000000, -0.4999999999999933400, 0.8660254037844425900 ) ) ;
#5224 = DIRECTION ( 'NONE',  ( -1.000000000000000000, 2.410454112010823400E-015, 0.0000000000000000000 ) ) ;
#5225 = ORIENTED_EDGE ( 'NONE', *, *, #1348, .F. ) ;
#5226 = DIRECTION ( 'NONE',  ( -1.000000000000000000, 0.0000000000000000000, -2.410454112010970500E-015 ) ) ;
#5227 = EDGE_CURVE ( 'NONE', #3328, #837, #6108, .T. ) ;
#5228 = CARTESIAN_POINT ( 'NONE',  ( 0.1507859818143000000, 0.01144232412347000000, 0.1712115083745000000 ) ) ;
#5229 = CARTESIAN_POINT ( 'NONE',  ( -0.6646138842422674200, -0.02199999999999756300, -0.1479548172215321100 ) ) ;
#5231 = ADVANCED_FACE ( 'NONE', ( #4807, #4917 ), #1340, .F. ) ;
#5230 = CARTESIAN_POINT ( 'NONE',  ( -0.8115000000000001100, 0.2444999999999999700, 0.1469999999999999900 ) ) ;
#5232 = FACE_OUTER_BOUND ( 'NONE', #7092, .T. ) ;
#5233 = ORIENTED_EDGE ( 'NONE', *, *, #3170, .F. ) ;
#5234 = CARTESIAN_POINT ( 'NONE',  ( 0.7899107369752699200, -0.2649349102526806200, -0.04111927474372488500 ) ) ;
#5235 = DIRECTION ( 'NONE',  ( 0.0000000000000000000, 0.0000000000000000000, -1.000000000000000000 ) ) ;
#5236 = CARTESIAN_POINT ( 'NONE',  ( -0.8939999999999999100, 0.2524999999999999500, -0.01699999999999000900 ) ) ;
#5237 = CARTESIAN_POINT ( 'NONE',  ( 0.1470236768698000000, 0.1258329913457000000, 0.1166635038230000000 ) ) ;
#5238 = ORIENTED_EDGE ( 'NONE', *, *, #6249, .T. ) ;
#5239 = EDGE_CURVE ( 'NONE', #3562, #1059, #7040, .T. ) ;
#5240 = ORIENTED_EDGE ( 'NONE', *, *, #6157, .F. ) ;
#5241 = CARTESIAN_POINT ( 'NONE',  ( -0.3570863682390603100, -0.04060399058993427500, -0.1215648177959846300 ) ) ;
#5242 = ORIENTED_EDGE ( 'NONE', *, *, #2315, .F. ) ;
#5243 = DIRECTION ( 'NONE',  ( -2.449490783530942300E-015, -1.178340830471968600E-031, 1.000000000000000000 ) ) ;
#5244 = DIRECTION ( 'NONE',  ( 0.0000000000000000000, 1.000000000000000000, 0.0000000000000000000 ) ) ;
#5245 = CARTESIAN_POINT ( 'NONE',  ( 0.3150303991471446500, -0.1645845479994950700, 0.04418015923440796900 ) ) ;
#5246 = CARTESIAN_POINT ( 'NONE',  ( 0.1620728966479000100, -0.1384650416069999900, -0.1013494798153000100 ) ) ;
#5247 = ORIENTED_EDGE ( 'NONE', *, *, #471, .T. ) ;
#5248 = ORIENTED_EDGE ( 'NONE', *, *, #5062, .T. ) ;
#5249 = CARTESIAN_POINT ( 'NONE',  ( -0.8940000000000001300, 0.1029999999999999800, -0.2605000000000000100 ) ) ;
#5251 = EDGE_CURVE ( 'NONE', #860, #7056, #6090, .T. ) ;
#5250 = CARTESIAN_POINT ( 'NONE',  ( -0.9689999999986292900, -0.02199999999999999200, -0.2604999999999998400 ) ) ;
#5252 = CARTESIAN_POINT ( 'NONE',  ( -0.8890000000000000100, -0.1469999999999999900, -0.2524999999999999500 ) ) ;
#5253 = AXIS2_PLACEMENT_3D ( 'NONE', #4315, #4350, #4362 ) ;
#5254 = CARTESIAN_POINT ( 'NONE',  ( 0.3143088708358041100, -0.1482977038387062200, 0.08542016088895407200 ) ) ;
#5255 = CARTESIAN_POINT ( 'NONE',  ( 0.1658352015925000100, -0.03114058803340999700, -0.1687440102686000000 ) ) ;
#5256 = EDGE_LOOP ( 'NONE', ( #6512, #1992, #4896, #457, #3183 ) ) ;
#5257 = ORIENTED_EDGE ( 'NONE', *, *, #414, .F. ) ;
#5258 = CARTESIAN_POINT ( 'NONE',  ( 0.2482582689156999600, -0.07626986323907999900, -0.1685593466996999900 ) ) ;
#5259 = CARTESIAN_POINT ( 'NONE',  ( -0.7486799999999982400, -0.1306808075914037700, 0.2454999999997350400 ) ) ;
#5260 = EDGE_CURVE ( 'NONE', #2970, #4067, #6077, .T. ) ;
#5261 = CONICAL_SURFACE ( 'NONE', #5185, 0.1879879971531076600, 0.7649928327086258400 ) ;
#5262 = CARTESIAN_POINT ( 'NONE',  ( -0.7810000000000002500, 0.1999999999999233800, -0.3025000000000766000 ) ) ;
#5263 = AXIS2_PLACEMENT_3D ( 'NONE', #7012, #7005, #7027 ) ;
#5264 = VERTEX_POINT ( 'NONE', #1426 ) ;
#5265 = ORIENTED_EDGE ( 'NONE', *, *, #3067, .T. ) ;
#5266 = DIRECTION ( 'NONE',  ( 0.0000000000000000000, 0.0000000000000000000, 1.000000000000000000 ) ) ;
#5267 = ADVANCED_FACE ( 'NONE', ( #6097 ), #6023, .F. ) ;
#5268 = PLANE ( 'NONE',  #5864 ) ;
#5269 = CARTESIAN_POINT ( 'NONE',  ( -0.3905000000000000700, -0.2955706345359500100, 0.1682914139223499500 ) ) ;
#5270 = ORIENTED_EDGE ( 'NONE', *, *, #2832, .F. ) ;
#5271 = PRODUCT_DEFINITION_CONTEXT ( 'detailed design', #3588, 'design' ) ;
#5272 = VERTEX_POINT ( 'NONE', #1555 ) ;
#5273 = CARTESIAN_POINT ( 'NONE',  ( 0.2741385218565308100, 0.07939706091115839000, 0.1496325737418534000 ) ) ;
#5274 = CARTESIAN_POINT ( 'NONE',  ( 0.3139481066801205200, -0.1360133251826886900, 0.1044652843305196200 ) ) ;
#5275 = AXIS2_PLACEMENT_3D ( 'NONE', #5949, #5878, #6012 ) ;
#5276 = CARTESIAN_POINT ( 'NONE',  ( -0.7330600000000000400, -0.2389999999999999900, -0.1887699999999999900 ) ) ;
#5277 = CARTESIAN_POINT ( 'NONE',  ( 0.7968750000000300900, -2.656640782414118100E-018, -0.2499999999999521800 ) ) ;
#5278 = ORIENTED_EDGE ( 'NONE', *, *, #1328, .F. ) ;
#5279 = CARTESIAN_POINT ( 'NONE',  ( 0.1639540491201999800, -0.09125250951504999800, -0.1453177914966000100 ) ) ;
#5280 = CARTESIAN_POINT ( 'NONE',  ( 0.2735039131599968900, 0.09807712847318420000, 0.1382722650300164100 ) ) ;
#5281 = B_SPLINE_CURVE_WITH_KNOTS ( 'NONE', 3,
 ( #4650, #4637, #4690, #4702, #4718, #4728, #4763, #4771, #4788, #4799 ),
 .UNSPECIFIED., .F., .F.,
 ( 4, 2, 2, 2, 4 ),
 ( 0.0000000000000000000, 0.1021346483386952300, 0.2042692966773905200, 0.3064039450160857500, 0.4085385933547809300 ),
 .UNSPECIFIED. ) ;
#5282 = DIRECTION ( 'NONE',  ( 0.7213873210325364400, 8.481068866981755500E-017, 0.6925318281880625800 ) ) ;
#5283 = ORIENTED_EDGE ( 'NONE', *, *, #5122, .T. ) ;
#5284 = CARTESIAN_POINT ( 'NONE',  ( 0.7788404885582452800, -0.1443375672974198100, -0.2500000000000103800 ) ) ;
#5285 = CARTESIAN_POINT ( 'NONE',  ( -0.6235582130208999800, 0.01603145877490000000, -0.02243900907185999600 ) ) ;
#5286 = CARTESIAN_POINT ( 'NONE',  ( 0.3132265783687329100, -0.1049865865674254700, 0.1365349942152324400 ) ) ;
#5287 = LINE ( 'NONE', #5711, #5490 ) ;
#5288 = DIRECTION ( 'NONE',  ( -1.000000000000000000, -0.0000000000000000000, -0.0000000000000000000 ) ) ;
#5289 = VERTEX_POINT ( 'NONE', #1534 ) ;
#5290 = CARTESIAN_POINT ( 'NONE',  ( 0.2465040783620999800, -0.1298004456148000000, -0.1318377547536999900 ) ) ;
#5291 = DIRECTION ( 'NONE',  ( 0.0000000000000000000, 1.000000000000000000, 0.0000000000000000000 ) ) ;
#5292 = CONICAL_SURFACE ( 'NONE', #5643, 0.2492264973082483300, 1.134464013796606900 ) ;
#5293 = CARTESIAN_POINT ( 'NONE',  ( 0.1911036046631318400, -0.1673534803057798700, -0.01632728021452986900 ) ) ;
#5294 = CARTESIAN_POINT ( 'NONE',  ( 0.7100892630251136600, 0.09685711861486383200, 0.2500000000000000000 ) ) ;
#5295 = ORIENTED_EDGE ( 'NONE', *, *, #4530, .T. ) ;
#5296 = DIRECTION ( 'NONE',  ( 2.449490783530942700E-015, 1.000000000000000000, 1.178340830472019000E-031 ) ) ;
#5297 = CARTESIAN_POINT ( 'NONE',  ( -0.8940290340353002100, -0.1166726188957500400, 0.2368807716974499800 ) ) ;
#5298 = DIRECTION ( 'NONE',  ( 0.0000000000000000000, -1.000000000000000000, 0.0000000000000000000 ) ) ;
#5299 = DIRECTION ( 'NONE',  ( 0.0000000000000000000, 0.0000000000000000000, -1.000000000000000000 ) ) ;
#5300 = CARTESIAN_POINT ( 'NONE',  ( 0.1601917441757000100, -0.1661042073535000100, -0.04305439451511999800 ) ) ;
#5301 = CARTESIAN_POINT ( 'NONE',  ( 0.7505083303678999900, 1.166432257852551400E-014, 0.1879879971531076000 ) ) ;
#5303 = ADVANCED_FACE ( 'NONE', ( #4872 ), #1592, .T. ) ;
#5302 = CARTESIAN_POINT ( 'NONE',  ( 0.3128658142130339400, -0.08622698133039132000, 0.1495082112446103100 ) ) ;
#5304 = VERTEX_POINT ( 'NONE', #1652 ) ;
#5305 = AXIS2_PLACEMENT_3D ( 'NONE', #2168, #2348, #2240 ) ;
#5306 = CARTESIAN_POINT ( 'NONE',  ( 0.7899107369749246400, -0.09685711861488499600, -0.2500000000000000000 ) ) ;
#5307 = CARTESIAN_POINT ( 'NONE',  ( -0.7339999999999999900, 0.1949999999999999800, -0.2605000000000000100 ) ) ;
#5308 = CARTESIAN_POINT ( 'NONE',  ( 0.1677163540646999800, 0.03337331320526999700, -0.1683166521513999900 ) ) ;
#5309 = ORIENTED_EDGE ( 'NONE', *, *, #3799, .T. ) ;
#5310 = ADVANCED_FACE ( 'NONE', ( #6029, #6847 ), #1686, .T. ) ;
#5311 = CARTESIAN_POINT ( 'NONE',  ( -0.7339999999999999900, 0.2524999999999999500, 0.1469999999999999900 ) ) ;
#5312 = EDGE_CURVE ( 'NONE', #2224, #3548, #5978, .T. ) ;
#5313 = DIRECTION ( 'NONE',  ( 0.0000000000000000000, 0.0000000000000000000, -1.000000000000000000 ) ) ;
#5314 = PLANE ( 'NONE',  #1546 ) ;
#5315 = CARTESIAN_POINT ( 'NONE',  ( -0.8709999999999523700, -0.02199999999995364000, -0.2605000000000000100 ) ) ;
#5316 = PRESENTATION_STYLE_ASSIGNMENT (( #6214 ) ) ;
#5317 = VERTEX_POINT ( 'NONE', #1721 ) ;
#5318 = CARTESIAN_POINT ( 'NONE',  ( 0.2722014348105922800, 0.1303597538420439000, 0.1083720554955203600 ) ) ;
#5319 = CARTESIAN_POINT ( 'NONE',  ( 0.3121442859016591600, -0.04502944379546536300, 0.1673733324520532100 ) ) ;
#5320 = CARTESIAN_POINT ( 'NONE',  ( -0.6199267571840000300, 0.02449109749003000300, -0.02423943751634999700 ) ) ;
#5321 = DIRECTION ( 'NONE',  ( -0.0000000000000000000, -0.0000000000000000000, 1.000000000000000000 ) ) ;
#5322 = VERTEX_POINT ( 'NONE', #1765 ) ;
#5323 = ORIENTED_EDGE ( 'NONE', *, *, #779, .F. ) ;
#5324 = AXIS2_PLACEMENT_3D ( 'NONE', #3491, #4536, #4645 ) ;
#5325 = CARTESIAN_POINT ( 'NONE',  ( 0.1695975065370000100, 0.09316954620398999700, -0.1440961667858000100 ) ) ;
#5326 = VERTEX_POINT ( 'NONE', #1738 ) ;
#5327 = CARTESIAN_POINT ( 'NONE',  ( 0.3117835217459894400, -0.02259024244574854600, 0.1722068842377464900 ) ) ;
#5328 = CARTESIAN_POINT ( 'NONE',  ( 0.7031250000000023300, -1.162341282646013300E-014, -0.1724999999999969900 ) ) ;
#5329 = CARTESIAN_POINT ( 'NONE',  ( 0.7968750000000398600, -0.04886364035930756300, -0.2500000000000000000 ) ) ;
#5330 = FACE_OUTER_BOUND ( 'NONE', #3642, .T. ) ;
#5331 = VERTEX_POINT ( 'NONE', #1790 ) ;
#5332 = EDGE_LOOP ( 'NONE', ( #6505, #3894, #1826, #6148 ) ) ;
#5333 = ORIENTED_EDGE ( 'NONE', *, *, #3740, .F. ) ;
#5334 = CARTESIAN_POINT ( 'NONE',  ( 0.1733598114816000100, 0.1666598307155000000, -0.04085049362194000100 ) ) ;
#5335 = EDGE_CURVE ( 'NONE', #5063, #5082, #5959, .T. ) ;
#5336 = DIRECTION ( 'NONE',  ( 0.0000000000000000000, 0.0000000000000000000, -1.000000000000000000 ) ) ;
#5337 = FACE_OUTER_BOUND ( 'NONE', #3753, .T. ) ;
#5338 = ADVANCED_FACE ( 'NONE', ( #5971 ), #4863, .T. ) ;
#5339 = CARTESIAN_POINT ( 'NONE',  ( -1.054000000000241200, 0.2444999999999999700, 0.02200000000000684700 ) ) ;
#5340 = ORIENTED_EDGE ( 'NONE', *, *, #2056, .T. ) ;
#5341 = ORIENTED_EDGE ( 'NONE', *, *, #5078, .F. ) ;
#5342 = DIRECTION ( 'NONE',  ( -0.2057828098159761900, -0.9681320030737085000, 0.1427370302645062900 ) ) ;
#5343 = CARTESIAN_POINT ( 'NONE',  ( 0.2715335651577213700, 0.1439501504948637600, 0.08981926212970407800 ) ) ;
#5344 = CARTESIAN_POINT ( 'NONE',  ( 0.3114226428695873200, 2.972135964836603400E-009, 0.1725774041012583500 ) ) ;
#5345 = DIRECTION ( 'NONE',  ( 1.000000000000000000, 0.0000000000000000000, 0.0000000000000000000 ) ) ;
#5346 = ORIENTED_EDGE ( 'NONE', *, *, #3180, .T. ) ;
#5347 = VERTEX_POINT ( 'NONE', #1799 ) ;
#5348 = ADVANCED_FACE ( 'NONE', ( #475 ), #5923, .T. ) ;
#5349 = CARTESIAN_POINT ( 'NONE',  ( -0.6191467747307000100, 0.02892964163327000100, -0.02484440392761000000 ) ) ;
#5350 = AXIS2_PLACEMENT_3D ( 'NONE', #6553, #6577, #6522 ) ;
#5351 = CARTESIAN_POINT ( 'NONE',  ( 0.1714786590093000100, 0.1397953723678000100, -0.09950638009246998200 ) ) ;
#5352 = CARTESIAN_POINT ( 'NONE',  ( 0.01562000000000000000, 0.3075000000000000000, 0.2553199999999999900 ) ) ;
#5353 = CARTESIAN_POINT ( 'NONE',  ( 0.1912290064661895400, -0.1668911759787359000, -0.02056043004238394500 ) ) ;
#5354 = ORIENTED_EDGE ( 'NONE', *, *, #3359, .T. ) ;
#5355 = ORIENTED_EDGE ( 'NONE', *, *, #4686, .T. ) ;
#5356 = CARTESIAN_POINT ( 'NONE',  ( 0.2447498878084999900, -0.1673512193115999900, -0.07888550264292999700 ) ) ;
#5357 = CARTESIAN_POINT ( 'NONE',  ( 0.1000000000000000100, -6.430407353524017400E-014, 6.189280072995864100E-017 ) ) ;
#5358 = CARTESIAN_POINT ( 'NONE',  ( 0.3070933388217621500, 0.1769067067877334300, 8.402099134516016800E-009 ) ) ;
#5359 = EDGE_CURVE ( 'NONE', #3279, #4623, #7053, .T. ) ;
#5360 = DIRECTION ( 'NONE',  ( -1.000000000000000000, -0.0000000000000000000, -0.0000000000000000000 ) ) ;
#5361 = AXIS2_PLACEMENT_3D ( 'NONE', #7168, #5576, #5628 ) ;
#5362 = FACE_OUTER_BOUND ( 'NONE', #1162, .T. ) ;
#5363 = VERTEX_POINT ( 'NONE', #1990 ) ;
#5364 = VERTEX_POINT ( 'NONE', #2020 ) ;
#5365 = CARTESIAN_POINT ( 'NONE',  ( 0.3742980247883996900, -0.3056954702719919500, -2.127738022139815800E-014 ) ) ;
#5366 = CARTESIAN_POINT ( 'NONE',  ( -0.8939999999999999100, 0.2444999999999999700, -0.05749999999998999700 ) ) ;
#5367 = DIRECTION ( 'NONE',  ( -1.000000000000000000, 0.0000000000000000000, -0.0000000000000000000 ) ) ;
#5368 = DIRECTION ( 'NONE',  ( -1.000000000000000000, 0.0000000000000000000, -0.0000000000000000000 ) ) ;
#5369 = CARTESIAN_POINT ( 'NONE',  ( -0.6339947540416999100, 0.007096172830217999800, -0.01885262297219000200 ) ) ;
#5370 = CARTESIAN_POINT ( 'NONE',  ( 0.3011378183701999800, 0.1258772740080000000, -0.1266859755280000100 ) ) ;
#5371 = ORIENTED_EDGE ( 'NONE', *, *, #7098, .T. ) ;
#5372 = CARTESIAN_POINT ( 'NONE',  ( 0.3030189708425000100, 0.1637616445174000000, -0.07124987870578999800 ) ) ;
#5373 = AXIS2_PLACEMENT_3D ( 'NONE', #3561, #3618, #3733 ) ;
#5374 = DIRECTION ( 'NONE',  ( 0.9961946980917673100, -0.08715574274740947600, -3.289437650382373600E-016 ) ) ;
#5375 = FACE_OUTER_BOUND ( 'NONE', #938, .T. ) ;
#5376 = CARTESIAN_POINT ( 'NONE',  ( 0.3074543385859513400, 0.1765391506804738500, 0.02315486501263567400 ) ) ;
#5377 = FACE_OUTER_BOUND ( 'NONE', #1964, .T. ) ;
#5378 = CARTESIAN_POINT ( 'NONE',  ( 0.3086624282593000100, 0.1337596851126000000, 0.1183332542465999900 ) ) ;
#5379 = ORIENTED_EDGE ( 'NONE', *, *, #7016, .F. ) ;
#5380 = CARTESIAN_POINT ( 'NONE',  ( 0.3067812757869999900, 0.1680025754148999900, 0.06057681106175000200 ) ) ;
#5381 = AXIS2_PLACEMENT_3D ( 'NONE', #3105, #53, #62 ) ;
#5382 = FACE_OUTER_BOUND ( 'NONE', #4168, .T. ) ;
#5383 = CARTESIAN_POINT ( 'NONE',  ( 0.2445093317690000000, -0.01385301587606999900, -0.1914870893594000100 ) ) ;
#5384 = EDGE_CURVE ( 'NONE', #2882, #1134, #5928, .T. ) ;
#5385 = CARTESIAN_POINT ( 'NONE',  ( -0.6473002657960998900, 0.003672128387704000200, -0.01526623687251000100 ) ) ;
#5386 = ORIENTED_EDGE ( 'NONE', *, *, #469, .T. ) ;
#5387 = CARTESIAN_POINT ( 'NONE',  ( 0.1916138204392104900, -0.1649631393621735200, -0.03347060873263221800 ) ) ;
#5388 = ADVANCED_FACE ( 'NONE', ( #6003 ), #2044, .T. ) ;
#5389 = FACE_OUTER_BOUND ( 'NONE', #3956, .T. ) ;
#5390 = DIRECTION ( 'NONE',  ( 1.006075183802954900E-015, -0.7071067811865469100, 0.7071067811865482400 ) ) ;
#5391 = CARTESIAN_POINT ( 'NONE',  ( 0.3078151039499670300, 0.1715885560937050500, 0.04616440482702833400 ) ) ;
#5392 = ORIENTED_EDGE ( 'NONE', *, *, #4686, .F. ) ;
#5393 = CARTESIAN_POINT ( 'NONE',  ( 0.01467999999999999900, 3.928525470263913200E-014, -6.791203371749754800E-014 ) ) ;
#5394 = CARTESIAN_POINT ( 'NONE',  ( -0.6563129136412000400, 0.005549663342188000000, -0.01346580842802000100 ) ) ;
#5395 = AXIS2_PLACEMENT_3D ( 'NONE', #2390, #2389, #2375 ) ;
#5396 = CARTESIAN_POINT ( 'NONE',  ( 0.3249657496857000200, -0.1145068313863000000, -0.1333447599750000000 ) ) ;
#5397 = AXIS2_PLACEMENT_3D ( 'NONE', #2011, #2134, #2145 ) ;
#5398 = DIRECTION ( 'NONE',  ( 0.0000000000000000000, -1.000000000000000000, 0.0000000000000000000 ) ) ;
#5399 = CARTESIAN_POINT ( 'NONE',  ( -0.6711463195908441400, 0.01123421843208372200, 0.02182250319206439600 ) ) ;
#5400 = VERTEX_POINT ( 'NONE', #2064 ) ;
#5401 = CARTESIAN_POINT ( 'NONE',  ( 0.3085366346780249500, 0.1532925837123802800, 0.08840560051887655400 ) ) ;
#5402 = CARTESIAN_POINT ( 'NONE',  ( 0.7211595114417815900, 0.1443375672974181200, 0.2500000000000014400 ) ) ;
#5403 = ORIENTED_EDGE ( 'NONE', *, *, #6756, .F. ) ;
#5404 = CARTESIAN_POINT ( 'NONE',  ( -0.6603961357058000200, 0.007456583453276000200, -0.01286084201676000000 ) ) ;
#5405 = DIRECTION ( 'NONE',  ( 0.0000000000000000000, -0.7071067811865474600, -0.7071067811865474600 ) ) ;
#5406 = LINE ( 'NONE', #2734, #3226 ) ;
#5407 = ORIENTED_EDGE ( 'NONE', *, *, #2726, .F. ) ;
#5408 = CARTESIAN_POINT ( 'NONE',  ( -0.8890000000000000100, -0.1469999999999999900, -0.2444999999999999700 ) ) ;
#5409 = EDGE_CURVE ( 'NONE', #2013, #2455, #4673, .T. ) ;
#5410 = AXIS2_PLACEMENT_3D ( 'NONE', #3321, #3308, #3301 ) ;
#5411 = CARTESIAN_POINT ( 'NONE',  ( 0.3088974000420619500, 0.1399964713223868000, 0.1076496660868501000 ) ) ;
#5412 = CARTESIAN_POINT ( 'NONE',  ( 0.2429956972549000000, -0.1842992612854000000, -0.01622156908396000000 ) ) ;
#5413 = DIRECTION ( 'NONE',  ( -7.284927983103797200E-017, 0.0000000000000000000, 1.000000000000000000 ) ) ;
#5414 = CARTESIAN_POINT ( 'NONE',  ( 0.3096189307701409100, 0.1071263017433944500, 0.1394727971300206400 ) ) ;
#5415 = ORIENTED_EDGE ( 'NONE', *, *, #1941, .T. ) ;
#5416 = CARTESIAN_POINT ( 'NONE',  ( 0.3237116480375000200, -0.1465384756129000100, -0.1020818770831000000 ) ) ;
#5417 = FACE_OUTER_BOUND ( 'NONE', #6300, .T. ) ;
#5418 = ORIENTED_EDGE ( 'NONE', *, *, #49, .T. ) ;
#5419 = CARTESIAN_POINT ( 'NONE',  ( 0.3200897043186999300, -0.09239909654783998200, -0.1397691431762000100 ) ) ;
#5420 = VERTEX_POINT ( 'NONE', #2228 ) ;
#5421 = CARTESIAN_POINT ( 'NONE',  ( -0.7810000000000001400, -0.1487012633397790700, 0.2038555922723208100 ) ) ;
#5422 = ADVANCED_FACE ( 'NONE', ( #6890 ), #2207, .T. ) ;
#5423 = CARTESIAN_POINT ( 'NONE',  ( -0.6134316555180999700, 0.02792294460643000200, -0.02487535623220000000 ) ) ;
#5424 = CARTESIAN_POINT ( 'NONE',  ( 0.1918818411730218400, -0.1629567231735706300, -0.04236243192801628100 ) ) ;
#5425 = DIRECTION ( 'NONE',  ( -1.000000000000000000, -5.558188429870848700E-017, -5.918869505956197600E-017 ) ) ;
#5426 = CARTESIAN_POINT ( 'NONE',  ( 0.09435140764621000000, -0.1568083147956000100, 0.06968188520547000100 ) ) ;
#5427 = EDGE_LOOP ( 'NONE', ( #2876, #3228, #2846, #2792 ) ) ;
#5428 = ORIENTED_EDGE ( 'NONE', *, *, #3026, .F. ) ;
#5429 = CARTESIAN_POINT ( 'NONE',  ( -0.7575000000000000600, -0.2390000000000000500, -0.1910000000000000000 ) ) ;
#5430 = CARTESIAN_POINT ( 'NONE',  ( 0.3099796961341826400, 0.08759969703525462300, 0.1520840655100771400 ) ) ;
#5431 = VECTOR ( 'NONE', #5204, 39.37007874015748100 ) ;
#5432 = CARTESIAN_POINT ( 'NONE',  ( -0.3382062471876413600, 0.05348918867538252100, -0.1178733371197945000 ) ) ;
#5433 = ORIENTED_EDGE ( 'NONE', *, *, #6932, .T. ) ;
#5434 = ORIENTED_EDGE ( 'NONE', *, *, #2770, .T. ) ;
#5435 = CARTESIAN_POINT ( 'NONE',  ( -0.6143646376065999800, 0.02261583139313000000, -0.02412847451592000200 ) ) ;
#5436 = CARTESIAN_POINT ( 'NONE',  ( 0.04999999999999998200, 3.681693177335427100E-014, -5.918869505956235700E-020 ) ) ;
#5437 = CARTESIAN_POINT ( 'NONE',  ( 0.3107012268622584300, 0.04531385109370748800, 0.1687971734341419100 ) ) ;
#5438 = CIRCLE ( 'NONE', #4289, 0.004999999999940460900 ) ;
#5439 = ORIENTED_EDGE ( 'NONE', *, *, #2132, .F. ) ;
#5440 = CARTESIAN_POINT ( 'NONE',  ( -0.3905000000000000700, 0.2000000000000000400, -0.3075000000000000000 ) ) ;
#5441 = EDGE_CURVE ( 'NONE', #6559, #7056, #5906, .T. ) ;
#5442 = DIRECTION ( 'NONE',  ( -1.000000000000000000, 0.0000000000000000000, 0.0000000000000000000 ) ) ;
#5443 = DIRECTION ( 'NONE',  ( 2.375519994490233700E-015, 0.0000000000000000000, -1.000000000000000000 ) ) ;
#5444 = VECTOR ( 'NONE', #5142, 39.37007874015748100 ) ;
#5445 = CARTESIAN_POINT ( 'NONE',  ( -0.6187067552900000800, 0.01248373140302000100, -0.02224935034277999600 ) ) ;
#5446 = CARTESIAN_POINT ( 'NONE',  ( 0.05099999999999998300, 3.681698735523857500E-014, -3.855256875694486800E-034 ) ) ;
#5447 = EDGE_LOOP ( 'NONE', ( #181, #7191, #7029, #911, #6310 ) ) ;
#5448 = ORIENTED_EDGE ( 'NONE', *, *, #5008, .F. ) ;
#5449 = CARTESIAN_POINT ( 'NONE',  ( 0.7499999999999998900, -0.2886751345948389000, -2.249079231033906700E-014 ) ) ;
#5450 = CARTESIAN_POINT ( 'NONE',  ( 0.3124247332039000200, 0.01606476611000999900, 0.1778660445781999900 ) ) ;
#5451 = LINE ( 'NONE', #5236, #5431 ) ;
#5452 = EDGE_LOOP ( 'NONE', ( #3346, #3262, #3204, #3166 ) ) ;
#5453 = DIRECTION ( 'NONE',  ( 0.3907311284892253100, 0.9205048534524609100, 4.400162841604027300E-013 ) ) ;
#5454 = CARTESIAN_POINT ( 'NONE',  ( -0.6312191169141000400, 0.001764223517134000000, -0.01885262297219000200 ) ) ;
#5455 = CARTESIAN_POINT ( 'NONE',  ( 0.3105435807315999900, 0.08060942474653999500, 0.1593628882028000100 ) ) ;
#5456 = ADVANCED_FACE ( 'NONE', ( #6902 ), #2343, .T. ) ;
#5457 = DIRECTION ( 'NONE',  ( 1.000000000000000000, 2.416603665159755800E-015, 2.573421524327912600E-015 ) ) ;
#5458 = LINE ( 'NONE', #5773, #5472 ) ;
#5459 = CARTESIAN_POINT ( 'NONE',  ( -0.5989355881578858300, 0.1205378789138969700, -0.03837798518608998000 ) ) ;
#5460 = DIRECTION ( 'NONE',  ( -1.000000000000000000, -5.558188429870848700E-017, -5.918869505956197600E-017 ) ) ;
#5461 = CARTESIAN_POINT ( 'NONE',  ( 0.2412415067013000100, -0.1785580614032999900, 0.04843944273455000300 ) ) ;
#5462 = CARTESIAN_POINT ( 'NONE',  ( -0.6471768195032000500, -0.002336845953456000100, -0.01545589560159000100 ) ) ;
#5463 = CYLINDRICAL_SURFACE ( 'NONE', #5715, 0.004999999999940460900 ) ;
#5464 = CARTESIAN_POINT ( 'NONE',  ( 0.1927203376298496100, -0.1542777092755664400, -0.06940828431491320700 ) ) ;
#5465 = AXIS2_PLACEMENT_3D ( 'NONE', #3289, #3538, #3233 ) ;
#5466 = ORIENTED_EDGE ( 'NONE', *, *, #5239, .T. ) ;
#5467 = CARTESIAN_POINT ( 'NONE',  ( 0.7656250000000041100, -1.645938416182718500E-014, 6.189280072997335800E-017 ) ) ;
#5468 = CARTESIAN_POINT ( 'NONE',  ( 0.3110619922262921600, 0.02259032988185834300, 0.1729477897058409900 ) ) ;
#5469 = FILL_AREA_STYLE_COLOUR ( '', #6350 ) ;
#5470 = DIRECTION ( 'NONE',  ( 0.0000000000000000000, 0.0000000000000000000, -1.000000000000000000 ) ) ;
#5471 = DIRECTION ( 'NONE',  ( 0.8660254037843684300, 0.5000000000001216800, 6.354281876972002200E-016 ) ) ;
#5472 = VECTOR ( 'NONE', #5624, 39.37007874015748100 ) ;
#5473 = EDGE_CURVE ( 'NONE', #3554, #2275, #4440, .T. ) ;
#5474 = CARTESIAN_POINT ( 'NONE',  ( -0.7810000000000001400, -0.2707499999999999900, -0.1910000000000000000 ) ) ;
#5475 = CARTESIAN_POINT ( 'NONE',  ( 0.7968749999999452700, -0.2165063509407882700, 0.1250000000091932600 ) ) ;
#5476 = CARTESIAN_POINT ( 'NONE',  ( 0.09247025517393998900, -0.1199922743718000000, 0.1226632378630000000 ) ) ;
#5477 = VERTEX_POINT ( 'NONE', #2310 ) ;
#5478 = DIRECTION ( 'NONE',  ( 0.0000000000000000000, 1.000000000000000000, 0.0000000000000000000 ) ) ;
#5479 = CIRCLE ( 'NONE', #4100, 0.1892431148550480500 ) ;
#5480 = CARTESIAN_POINT ( 'NONE',  ( 0.7817583303678999900, 1.164130068862634600E-014, -0.1879879971531077400 ) ) ;
#5481 = ADVANCED_FACE ( 'NONE', ( #5877, #5912 ), #5869, .F. ) ;
#5482 = CARTESIAN_POINT ( 'NONE',  ( -0.6579670863101000400, -8.216672526045000300E-005, -0.01357677142845000100 ) ) ;
#5483 = DIRECTION ( 'NONE',  ( -7.284927983103797200E-017, 0.0000000000000000000, 1.000000000000000000 ) ) ;
#5484 = ORIENTED_EDGE ( 'NONE', *, *, #757, .T. ) ;
#5485 = CARTESIAN_POINT ( 'NONE',  ( 0.07992923869213999800, 0.1662368779386000100, -0.02974629532915000100 ) ) ;
#5486 = CARTESIAN_POINT ( 'NONE',  ( 0.3114226428695873200, 2.972135964836603400E-009, 0.1725774041012583500 ) ) ;
#5487 = AXIS2_PLACEMENT_3D ( 'NONE', #3464, #3457, #3514 ) ;
#5488 = LINE ( 'NONE', #6229, #5495 ) ;
#5489 = DIRECTION ( 'NONE',  ( 0.0000000000000000000, 0.0000000000000000000, -1.000000000000000000 ) ) ;
#5490 = VECTOR ( 'NONE', #5793, 39.37007874015748900 ) ;
#5491 = ORIENTED_EDGE ( 'NONE', *, *, #6997, .F. ) ;
#5492 = DIRECTION ( 'NONE',  ( 0.0000000000000000000, 0.0000000000000000000, -1.000000000000000000 ) ) ;
#5493 = ORIENTED_EDGE ( 'NONE', *, *, #459, .T. ) ;
#5494 = DIRECTION ( 'NONE',  ( 1.000000000000000000, 0.0000000000000000000, 0.0000000000000000000 ) ) ;
#5495 = VECTOR ( 'NONE', #6042, 39.37007874015748900 ) ;
#5496 = ORIENTED_EDGE ( 'NONE', *, *, #6422, .T. ) ;
#5497 = ORIENTED_EDGE ( 'NONE', *, *, #4684, .T. ) ;
#5498 = CARTESIAN_POINT ( 'NONE',  ( 0.2394873161476999700, -0.1508344004710000000, 0.1071370544596000100 ) ) ;
#5499 = CARTESIAN_POINT ( 'NONE',  ( -0.6628495554896000100, 0.002197614173844000000, -0.01282988971218000000 ) ) ;
#5500 = CARTESIAN_POINT ( 'NONE',  ( 0.08494564528485999700, 0.1155212287413000000, 0.1268828151232999900 ) ) ;
#5501 = VECTOR ( 'NONE', #4861, 39.37007874015748900 ) ;
#5502 = DIRECTION ( 'NONE',  ( 0.0000000000000000000, 1.000000000000000000, 0.0000000000000000000 ) ) ;
#5503 = LINE ( 'NONE', #5606, #5517 ) ;
#5504 = CARTESIAN_POINT ( 'NONE',  ( 0.7031250000000230900, 1.580032583335568400E-013, 1.499955289021284700E-014 ) ) ;
#5505 = EDGE_LOOP ( 'NONE', ( #1149, #6243, #5739, #2059 ) ) ;
#5506 = CARTESIAN_POINT ( 'NONE',  ( -0.8011904906812820100, -0.1013483074783185200, -0.2444999999999999400 ) ) ;
#5507 = CARTESIAN_POINT ( 'NONE',  ( 0.7784797983293999500, 1.089324387473624900E-013, 5.543944022142414500E-014 ) ) ;
#5508 = CARTESIAN_POINT ( 'NONE',  ( 0.3266102505537000200, 0.1420360850511861500, 7.881168036096894900E-014 ) ) ;
#5509 = CARTESIAN_POINT ( 'NONE',  ( -0.6077167779737000500, 0.02691487398017000000, -0.02490630853678000100 ) ) ;
#5510 = CARTESIAN_POINT ( 'NONE',  ( 0.7031250000000204300, 0.04886364035931222600, 0.2500000000000000000 ) ) ;
#5511 = ORIENTED_EDGE ( 'NONE', *, *, #6933, .T. ) ;
#5512 = ORIENTED_EDGE ( 'NONE', *, *, #422, .T. ) ;
#5513 = CARTESIAN_POINT ( 'NONE',  ( -0.8014409913475721800, 0.2605000000000000100, -0.05731573425037919700 ) ) ;
#5514 = DIRECTION ( 'NONE',  ( 0.0000000000000000000, 0.0000000000000000000, 1.000000000000000000 ) ) ;
#5515 = LINE ( 'NONE', #4827, #5501 ) ;
#5516 = ADVANCED_FACE ( 'NONE', ( #4798 ), #3038, .T. ) ;
#5517 = VECTOR ( 'NONE', #5502, 39.37007874015748100 ) ;
#5518 = EDGE_LOOP ( 'NONE', ( #3428, #3471, #3011, #2878 ) ) ;
#5519 = CARTESIAN_POINT ( 'NONE',  ( 0.04900000000000000200, -6.430407353524017400E-014, 6.189280072995864100E-017 ) ) ;
#5520 = FACE_OUTER_BOUND ( 'NONE', #3162, .T. ) ;
#5521 = CARTESIAN_POINT ( 'NONE',  ( 0.08118334034032000100, 0.1711013151714999800, 0.01298578867319000000 ) ) ;
#5522 = ORIENTED_EDGE ( 'NONE', *, *, #4567, .F. ) ;
#5523 = ORIENTED_EDGE ( 'NONE', *, *, #6882, .T. ) ;
#5524 = CARTESIAN_POINT ( 'NONE',  ( 0.1640571223427000300, 0.1844817968277000000, -0.01399999540381999900 ) ) ;
#5525 = CONICAL_SURFACE ( 'NONE', #7131, 0.3098651377028963600, 1.483529864195487000 ) ;
#5526 = CARTESIAN_POINT ( 'NONE',  ( -0.7340000000000003200, 0.06597740229986240300, -0.2524999999999999500 ) ) ;
#5527 = DIRECTION ( 'NONE',  ( 0.0000000000000000000, 0.0000000000000000000, 1.000000000000000000 ) ) ;
#5528 = CARTESIAN_POINT ( 'NONE',  ( -0.6088018616868999800, 0.02074552655783000100, -0.02401751151549000000 ) ) ;
#5529 = LINE ( 'NONE', #5480, #20 ) ;
#5530 = CARTESIAN_POINT ( 'NONE',  ( 0.08682679775712999500, 0.06049995428869999600, 0.1605745568687000100 ) ) ;
#5531 = FACE_OUTER_BOUND ( 'NONE', #3458, .T. ) ;
#5532 = CARTESIAN_POINT ( 'NONE',  ( -0.7339999999999999900, -0.1308147545195249800, 0.2580939751330749700 ) ) ;
#5533 = VERTEX_POINT ( 'NONE', #3111 ) ;
#5534 = DIRECTION ( 'NONE',  ( -1.000000000000000000, 0.0000000000000000000, -0.0000000000000000000 ) ) ;
#5535 = DIRECTION ( 'NONE',  ( -1.000000000000000000, -0.0000000000000000000, -0.0000000000000000000 ) ) ;
#5536 = FACE_OUTER_BOUND ( 'NONE', #2365, .T. ) ;
#5537 = VECTOR ( 'NONE', #6089, 39.37007874015748100 ) ;
#5538 = CARTESIAN_POINT ( 'NONE',  ( 0.7784797983293999500, 2.244170441670291100E-013, 1.820947428276835500E-014 ) ) ;
#5539 = CARTESIAN_POINT ( 'NONE',  ( -0.7339999999999999900, 0.3075000000000000500, 0.0000000000000000000 ) ) ;
#5540 = CARTESIAN_POINT ( 'NONE',  ( 0.2296854282223791100, 5.720046262181973500E-008, -0.1680968956553193200 ) ) ;
#5541 = EDGE_CURVE ( 'NONE', #4509, #6833, #7127, .T. ) ;
#5542 = FACE_OUTER_BOUND ( 'NONE', #1882, .T. ) ;
#5543 = CARTESIAN_POINT ( 'NONE',  ( -0.7810000000000001400, 0.2512500000000000300, -0.1950000000000000100 ) ) ;
#5544 = ADVANCED_FACE ( 'NONE', ( #5873 ), #4727, .F. ) ;
#5545 = DIRECTION ( 'NONE',  ( 1.000000000000000000, 0.0000000000000000000, 0.0000000000000000000 ) ) ;
#5546 = DIRECTION ( 'NONE',  ( 0.0000000000000000000, 0.0000000000000000000, 1.000000000000000000 ) ) ;
#5547 = CARTESIAN_POINT ( 'NONE',  ( 0.3180681906207000200, -0.1544297215425000100, 0.08969875894650002100 ) ) ;
#5548 = CARTESIAN_POINT ( 'NONE',  ( -0.6138494875919999800, 0.008942937325400000100, -0.02205969161369000100 ) ) ;
#5549 = CARTESIAN_POINT ( 'NONE',  ( -0.8011904906812751200, 0.05734830747832075900, -0.2444999999999999400 ) ) ;
#5550 = ORIENTED_EDGE ( 'NONE', *, *, #4131, .T. ) ;
#5551 = CARTESIAN_POINT ( 'NONE',  ( 0.3161870381483999900, -0.1103923542375999900, 0.1403849243895000100 ) ) ;
#5552 = CARTESIAN_POINT ( 'NONE',  ( 0.2377331255941000100, -0.1045413442176000000, 0.1526449346035000100 ) ) ;
#5553 = LINE ( 'NONE', #3606, #5574 ) ;
#5554 = DIRECTION ( 'NONE',  ( 0.0000000000000000000, 0.0000000000000000000, -1.000000000000000000 ) ) ;
#5555 = CARTESIAN_POINT ( 'NONE',  ( -0.6284426793076000100, -0.003569263501450000000, -0.01885262297219000200 ) ) ;
#5556 = DIRECTION ( 'NONE',  ( -0.7071067811865514600, -0.0000000000000000000, -0.7071067811865433500 ) ) ;
#5557 = AXIS2_PLACEMENT_3D ( 'NONE', #7080, #7060, #7010 ) ;
#5558 = EDGE_LOOP ( 'NONE', ( #5511, #5605, #5580, #5832 ) ) ;
#5559 = CARTESIAN_POINT ( 'NONE',  ( 0.7968749999999452700, 0.2165063509407882700, -0.1250000000091932000 ) ) ;
#5560 = DIRECTION ( 'NONE',  ( -1.000000000000000000, 0.0000000000000000000, -4.268512490100792000E-016 ) ) ;
#5561 = DIRECTION ( 'NONE',  ( -1.000000000000000000, -3.565463374016227700E-015, -2.410454112010970500E-015 ) ) ;
#5562 = DIRECTION ( 'NONE',  ( -1.000000000000000000, -0.0000000000000000000, -0.0000000000000000000 ) ) ;
#5563 = CIRCLE ( 'NONE', #300, 0.004999999999940460900 ) ;
#5564 = CARTESIAN_POINT ( 'NONE',  ( 0.3199493430929000200, -0.1766378336489999900, 0.02633331965793999800 ) ) ;
#5565 = CARTESIAN_POINT ( 'NONE',  ( -0.6470623850928000100, -0.008346602766878999400, -0.01564555433068000000 ) ) ;
#5566 = LINE ( 'NONE', #5072, #5444 ) ;
#5567 = ORIENTED_EDGE ( 'NONE', *, *, #469, .F. ) ;
#5568 = VERTEX_POINT ( 'NONE', #3224 ) ;
#5569 = CARTESIAN_POINT ( 'NONE',  ( 0.2453094239879888800, -1.058706405198384300E-008, 0.1680983007247091600 ) ) ;
#5570 = DIRECTION ( 'NONE',  ( -2.449490783530942300E-015, -1.178340830471968600E-031, 1.000000000000000000 ) ) ;
#5571 = CYLINDRICAL_SURFACE ( 'NONE', #6480, 0.08500000000161785100 ) ;
#5572 = CARTESIAN_POINT ( 'NONE',  ( 0.3143058856761000200, -0.05075069111760000000, 0.1712272511667999900 ) ) ;
#5573 = PLANE ( 'NONE',  #1425 ) ;
#5574 = VECTOR ( 'NONE', #3628, 39.37007874015748100 ) ;
#5575 = ORIENTED_EDGE ( 'NONE', *, *, #5008, .T. ) ;
#5577 = ADVANCED_FACE ( 'NONE', ( #5845 ), #5783, .F. ) ;
#5576 = DIRECTION ( 'NONE',  ( 1.000000000000000000, 3.327275781182024300E-014, -3.327275781181986500E-014 ) ) ;
#5578 = DIRECTION ( 'NONE',  ( -7.284927983103797200E-017, 0.0000000000000000000, 1.000000000000000000 ) ) ;
#5579 = CARTESIAN_POINT ( 'NONE',  ( -0.6596256994690999900, -0.005711688774191999900, -0.01368773442887999900 ) ) ;
#5580 = ORIENTED_EDGE ( 'NONE', *, *, #104, .T. ) ;
#5581 = ORIENTED_EDGE ( 'NONE', *, *, #3555, .T. ) ;
#5582 = DIRECTION ( 'NONE',  ( 2.444793052347634800E-016, -3.532958964958343900E-031, -1.000000000000000000 ) ) ;
#5583 = CARTESIAN_POINT ( 'NONE',  ( -0.7909999999999595100, -0.02199999999995364000, -0.2605000000000000100 ) ) ;
#5584 = FACE_OUTER_BOUND ( 'NONE', #6366, .T. ) ;
#5585 = CARTESIAN_POINT ( 'NONE',  ( -0.9689999999986292900, -0.02199999999999999200, -0.2604999999999998400 ) ) ;
#5586 = CARTESIAN_POINT ( 'NONE',  ( 0.2359789350404999900, -0.04537806340149999600, 0.1793605418912999600 ) ) ;
#5587 = LINE ( 'NONE', #3479, #5601 ) ;
#5588 = VERTEX_POINT ( 'NONE', #3318 ) ;
#5589 = CARTESIAN_POINT ( 'NONE',  ( 0.7031250000000229800, -4.173827970016320400E-014, 0.2499999999999778000 ) ) ;
#5590 = DIRECTION ( 'NONE',  ( -1.000000000000000000, -5.558188429870848700E-017, -5.918869505956197600E-017 ) ) ;
#5591 = CARTESIAN_POINT ( 'NONE',  ( -0.6653017114714000500, -0.003061945006954999900, -0.01279893740759000000 ) ) ;
#5592 = EDGE_CURVE ( 'NONE', #4554, #3448, #4392, .T. ) ;
#5593 = CARTESIAN_POINT ( 'NONE',  ( 0.1865278787874999900, -0.1273648606464999900, 0.1149888148573000000 ) ) ;
#5594 = EDGE_LOOP ( 'NONE', ( #7134, #1398, #1959, #2102 ) ) ;
#5595 = DIRECTION ( 'NONE',  ( 0.0000000000000000000, -1.000000000000000000, 0.0000000000000000000 ) ) ;
#5596 = VERTEX_POINT ( 'NONE', #3294 ) ;
#5597 = CARTESIAN_POINT ( 'NONE',  ( 0.7968750000000000000, -1.340152852673150400E-014, -1.837850737737633100E-013 ) ) ;
#5598 = CARTESIAN_POINT ( 'NONE',  ( 0.1940524886764999900, -0.1221653702612000000, -0.1204983083185000000 ) ) ;
#5599 = CARTESIAN_POINT ( 'NONE',  ( -0.3296429279817957300, 3.930074648464835200E-014, -0.1265000000000640300 ) ) ;
#5600 = AXIS2_PLACEMENT_3D ( 'NONE', #4197, #4739, #4688 ) ;
#5601 = VECTOR ( 'NONE', #3705, 39.37007874015748900 ) ;
#5602 = VERTEX_POINT ( 'NONE', #3261 ) ;
#5603 = CARTESIAN_POINT ( 'NONE',  ( 0.04999999999999998200, 3.681693177335427100E-014, -5.918869505956235700E-020 ) ) ;
#5604 = CARTESIAN_POINT ( 'NONE',  ( -0.8939999999999999100, 0.2444999999999999700, -0.01699999999999000600 ) ) ;
#5605 = ORIENTED_EDGE ( 'NONE', *, *, #5239, .F. ) ;
#5606 = CARTESIAN_POINT ( 'NONE',  ( 0.0000000000000000000, 0.0000000000000000000, 0.3075000000000000500 ) ) ;
#5607 = CARTESIAN_POINT ( 'NONE',  ( -0.8940000000000004600, 0.2525000000000000600, -0.09799999999999051100 ) ) ;
#5608 = ADVANCED_FACE ( 'NONE', ( #5791 ), #5777, .F. ) ;
#5609 = CARTESIAN_POINT ( 'NONE',  ( -0.6020021425924999600, 0.02590542984165000000, -0.02493726084137000100 ) ) ;
#5610 = CARTESIAN_POINT ( 'NONE',  ( 0.2166263183438000000, -0.09757291151421000600, 0.1411513427095000000 ) ) ;
#5611 = DIRECTION ( 'NONE',  ( 0.0000000000000000000, 0.0000000000000000000, 1.000000000000000000 ) ) ;
#5612 = FACE_OUTER_BOUND ( 'NONE', #3790, .T. ) ;
#5613 = CARTESIAN_POINT ( 'NONE',  ( -0.3905000000000001200, 0.3075000000000219800, -0.2455000000000000500 ) ) ;
#5614 = FACE_OUTER_BOUND ( 'NONE', #5427, .T. ) ;
#5615 = DIRECTION ( 'NONE',  ( -0.0000000000000000000, -0.0000000000000000000, 1.000000000000000000 ) ) ;
#5616 = CARTESIAN_POINT ( 'NONE',  ( -0.6032384253657999700, 0.01888018234747999800, -0.02390654851505999800 ) ) ;
#5617 = CARTESIAN_POINT ( 'NONE',  ( 0.2185074708160000000, -0.1427996788646999900, 0.09514421996484999400 ) ) ;
#5618 = CARTESIAN_POINT ( 'NONE',  ( 0.1623029317890999900, 0.1682893993569999900, -0.07686491436824000000 ) ) ;
#5619 = ORIENTED_EDGE ( 'NONE', *, *, #3985, .F. ) ;
#5620 = CARTESIAN_POINT ( 'NONE',  ( 0.2034582510379000000, 0.1528361929755000000, -0.07800832710294998400 ) ) ;
#5621 = CARTESIAN_POINT ( 'NONE',  ( -0.7810000000000001400, 0.3075000000000000000, 0.2454999999999766000 ) ) ;
#5622 = CARTESIAN_POINT ( 'NONE',  ( 0.2015770985655999700, 0.1132276998012000000, -0.1289329002727999900 ) ) ;
#5623 = CARTESIAN_POINT ( 'NONE',  ( -0.8939999999999997900, 0.2444999999999999400, 0.1015000000000049800 ) ) ;
#5624 = DIRECTION ( 'NONE',  ( 0.0000000000000000000, 1.000000000000000000, 0.0000000000000000000 ) ) ;
#5625 = CARTESIAN_POINT ( 'NONE',  ( -0.6089864268325999600, 0.005409089432889999600, -0.02187003288461000100 ) ) ;
#5626 = CARTESIAN_POINT ( 'NONE',  ( 0.1959336411487999900, -0.06903418907257999300, -0.1570939111678999700 ) ) ;
#5627 = CARTESIAN_POINT ( 'NONE',  ( 0.7784797983293999500, -1.089324387473624900E-013, -5.543944022142414500E-014 ) ) ;
#5628 = DIRECTION ( 'NONE',  ( -2.731847993696793700E-014, 1.000000000000000000, 0.0000000000000000000 ) ) ;
#5629 = CARTESIAN_POINT ( 'NONE',  ( -0.7810000000000001400, 0.1909999999999999500, 0.2389999999999999900 ) ) ;
#5630 = CARTESIAN_POINT ( 'NONE',  ( -0.6256654367802999600, -0.008904296758827999500, -0.01885262297219000200 ) ) ;
#5631 = DIRECTION ( 'NONE',  ( 0.0000000000000000000, -0.7071067811865474600, -0.7071067811865474600 ) ) ;
#5632 = FACE_OUTER_BOUND ( 'NONE', #3465, .T. ) ;
#5633 = VECTOR ( 'NONE', #6184, 39.37007874015748100 ) ;
#5634 = CARTESIAN_POINT ( 'NONE',  ( 0.3078127296317015900, 4.062929515606087500E-008, 0.1680977908734060100 ) ) ;
#5635 = CARTESIAN_POINT ( 'NONE',  ( 0.1884090312596999900, -0.1608250804436000000, 0.05982913128066000300 ) ) ;
#5636 = ADVANCED_FACE ( 'NONE', ( #5862 ), #5746, .F. ) ;
#5637 = ORIENTED_EDGE ( 'NONE', *, *, #699, .F. ) ;
#5638 = LINE ( 'NONE', #6449, #5663 ) ;
#5639 = CARTESIAN_POINT ( 'NONE',  ( 0.2342247444869000100, 0.01937179236745999900, 0.1839948646234000100 ) ) ;
#5640 = VERTEX_POINT ( 'NONE', #3613 ) ;
#5641 = CARTESIAN_POINT ( 'NONE',  ( -0.8939999999999999100, 0.2612046566428999900, 0.1436200000000000000 ) ) ;
#5642 = CARTESIAN_POINT ( 'NONE',  ( -0.6469569634276000100, -0.01435712081023000000, -0.01583521305976000000 ) ) ;
#5643 = AXIS2_PLACEMENT_3D ( 'NONE', #5695, #5703, #5313 ) ;
#5644 = CARTESIAN_POINT ( 'NONE',  ( -0.3544645175687745100, 0.07550533098228226500, -0.1014948027894272400 ) ) ;
#5645 = AXIS2_PLACEMENT_3D ( 'NONE', #3429, #3416, #3414 ) ;
#5646 = ORIENTED_EDGE ( 'NONE', *, *, #242, .T. ) ;
#5647 = LINE ( 'NONE', #6268, #5633 ) ;
#5648 = CARTESIAN_POINT ( 'NONE',  ( 0.7499999999999998900, 0.1443375672974360500, -0.2500000000000208200 ) ) ;
#5649 = VERTEX_POINT ( 'NONE', #3645 ) ;
#5650 = CARTESIAN_POINT ( 'NONE',  ( 0.3086082575627024400, -0.02683444421347271400, 0.1681009677541108500 ) ) ;
#5651 = DIRECTION ( 'NONE',  ( -1.000000000000000000, -0.0000000000000000000, -0.0000000000000000000 ) ) ;
#5652 = CARTESIAN_POINT ( 'NONE',  ( 0.3093436305969766700, -0.05143638733850631300, 0.1616503860531723300 ) ) ;
#5653 = AXIS2_PLACEMENT_3D ( 'NONE', #3758, #3736, #3725 ) ;
#5654 = ORIENTED_EDGE ( 'NONE', *, *, #5163, .T. ) ;
#5655 = VERTEX_POINT ( 'NONE', #3348 ) ;
#5656 = CARTESIAN_POINT ( 'NONE',  ( 0.09999968334695628900, -0.1359696096524190800, -0.09883672460704090400 ) ) ;
#5657 = DIRECTION ( 'NONE',  ( 1.000000000000000000, 0.0000000000000000000, 0.0000000000000000000 ) ) ;
#5658 = CARTESIAN_POINT ( 'NONE',  ( 0.1007781263998767500, -0.1204459936272227600, -0.1201906107434712200 ) ) ;
#5659 = CARTESIAN_POINT ( 'NONE',  ( 0.3106914128150180500, -0.09260049977543011200, 0.1421141372481324100 ) ) ;
#5660 = CARTESIAN_POINT ( 'NONE',  ( 0.1902901837319999900, -0.1715513914146999900, -0.003787840302405000100 ) ) ;
#5661 = DIRECTION ( 'NONE',  ( -3.571600411456921600E-017, -1.000000000000000000, 2.405397171125720800E-016 ) ) ;
#5662 = CARTESIAN_POINT ( 'NONE',  ( 0.1921713362042999600, -0.1580275787134000100, -0.06686933661523999900 ) ) ;
#5663 = VECTOR ( 'NONE', #6228, 39.37007874015748100 ) ;
#5664 = ORIENTED_EDGE ( 'NONE', *, *, #4570, .F. ) ;
#5665 = CARTESIAN_POINT ( 'NONE',  ( -0.6612887549247999900, -0.01133890649462000000, -0.01379869742930999900 ) ) ;
#5666 = B_SPLINE_SURFACE_WITH_KNOTS ( 'NONE', 3, 3, ( 
 ( #6405, #6421, #6446, #6671, #6917, #7033, #7050 ),
 ( #7065, #7149, #199, #884, #889, #1586, #1758 ),
 ( #1823, #1897, #1872, #2166, #2318, #2362, #2503 ),
 ( #2457, #2751, #3062, #3073, #3107, #3419, #3648 ) ),
 .UNSPECIFIED., .F., .F., .F.,
 ( 4, 4 ),
 ( 4, 1, 1, 1, 4 ),
 ( -0.04404104018090000000, 1.044041040181000100 ),
 ( -0.03459515198871000000, 0.4151418238644999900, 0.8648787997178000200, 1.314615775571000000, 1.764352751424000100 ),
 .UNSPECIFIED. ) ;
#5667 = CARTESIAN_POINT ( 'NONE',  ( 0.1978147936210999700, -0.006144543402303999700, -0.1714831098536999900 ) ) ;
#5668 = ORIENTED_EDGE ( 'NONE', *, *, #6648, .T. ) ;
#5669 = ORIENTED_EDGE ( 'NONE', *, *, #4833, .F. ) ;
#5670 = CARTESIAN_POINT ( 'NONE',  ( 0.1015595989403331200, -0.09981540938226130000, -0.1377982540576327100 ) ) ;
#5671 = CARTESIAN_POINT ( 'NONE',  ( 0.1046871833027997500, -1.618567963150960000E-008, -0.1680991218989705300 ) ) ;
#5672 = ADVANCED_FACE ( 'NONE', ( #5755 ), #1603, .F. ) ;
#5673 = CARTESIAN_POINT ( 'NONE',  ( 0.3113038219987819300, -0.1092550225927290500, 0.1291194013490335700 ) ) ;
#5674 = CYLINDRICAL_SURFACE ( 'NONE', #6620, 0.2343750000000291200 ) ;
#5675 = AXIS2_PLACEMENT_3D ( 'NONE', #2642, #2658, #2667 ) ;
#5676 = CARTESIAN_POINT ( 'NONE',  ( 0.2164422829112999900, 0.1032484456001000100, -0.1618611668556999800 ) ) ;
#5677 = CARTESIAN_POINT ( 'NONE',  ( 0.3118590533764902800, -0.1222249418715016700, 0.1154027989631624100 ) ) ;
#5678 = VECTOR ( 'NONE', #3542, 39.37007874015748900 ) ;
#5679 = VERTEX_POINT ( 'NONE', #3707 ) ;
#5680 = CARTESIAN_POINT ( 'NONE',  ( 0.1996959460932999900, 0.05761364523989000200, -0.1616319165781999700 ) ) ;
#5681 = DIRECTION ( 'NONE',  ( 0.0000000000000000000, 0.0000000000000000000, -1.000000000000000000 ) ) ;
#5682 = FACE_OUTER_BOUND ( 'NONE', #3390, .T. ) ;
#5683 = CARTESIAN_POINT ( 'NONE',  ( -0.6677526034387000200, -0.008322093633495000400, -0.01276798510300000000 ) ) ;
#5684 = ORIENTED_EDGE ( 'NONE', *, *, #3520, .T. ) ;
#5685 = CARTESIAN_POINT ( 'NONE',  ( 0.2109828609270000000, 0.08672142160793999700, 0.1480661369111999900 ) ) ;
#5686 = CARTESIAN_POINT ( 'NONE',  ( 0.2091017084547000000, 0.1352686579476999900, 0.1055773641026000000 ) ) ;
#5687 = CYLINDRICAL_SURFACE ( 'NONE', #7160, 0.004999999999940460900 ) ;
#5688 = CARTESIAN_POINT ( 'NONE',  ( -0.7810000000000001400, 0.3075000000000109900, -0.2454999999999766500 ) ) ;
#5689 = LINE ( 'NONE', #2797, #5884 ) ;
#5690 = CARTESIAN_POINT ( 'NONE',  ( 0.3118595172117891200, -0.1222357317478121200, 0.1153913028428022000 ) ) ;
#5691 = CARTESIAN_POINT ( 'NONE',  ( 0.2147451658715000000, -0.03855358079939000300, 0.1672058604255000100 ) ) ;
#5692 = LINE ( 'NONE', #4020, #5840 ) ;
#5693 = DIRECTION ( 'NONE',  ( -1.000000000000000000, 2.410454112010823400E-015, 0.0000000000000000000 ) ) ;
#5694 = VERTEX_POINT ( 'NONE', #3739 ) ;
#5695 = CARTESIAN_POINT ( 'NONE',  ( 0.7027643097711999700, -1.580032583335568400E-013, -1.499955289021284700E-014 ) ) ;
#5696 = CARTESIAN_POINT ( 'NONE',  ( 0.2324705539332999600, 0.08173679010025999800, 0.1659773406811000100 ) ) ;
#5697 = AXIS2_PLACEMENT_3D ( 'NONE', #6818, #6791, #6782 ) ;
#5698 = CARTESIAN_POINT ( 'NONE',  ( -0.4326017887031412500, 0.07901824182331997100, -0.1775000000000591400 ) ) ;
#5699 = CARTESIAN_POINT ( 'NONE',  ( 0.3118643189876402800, -0.1223477159485871600, 0.1152725266251930100 ) ) ;
#5700 = CARTESIAN_POINT ( 'NONE',  ( 0.2128640133992000000, 0.02591557183808999900, 0.1696247777932000100 ) ) ;
#5701 = LINE ( 'NONE', #2913, #5738 ) ;
#5702 = DIRECTION ( 'NONE',  ( -0.0000000000000000000, -1.000000000000000000, -0.0000000000000000000 ) ) ;
#5703 = DIRECTION ( 'NONE',  ( 1.000000000000000000, 0.0000000000000000000, -0.0000000000000000000 ) ) ;
#5704 = CARTESIAN_POINT ( 'NONE',  ( 0.3118715554727622400, -0.1225163433062047800, 0.1150934113836675300 ) ) ;
#5705 = CARTESIAN_POINT ( 'NONE',  ( 0.2072205559823999700, 0.1646947900146000000, 0.04816450510010000100 ) ) ;
#5706 = FACE_OUTER_BOUND ( 'NONE', #2524, .T. ) ;
#5708 = ADVANCED_FACE ( 'NONE', ( #5729 ), #3756, .F. ) ;
#5707 = CARTESIAN_POINT ( 'NONE',  ( 0.2053394035102000000, 0.1708402106910000000, -0.01605676190918000100 ) ) ;
#5709 = ORIENTED_EDGE ( 'NONE', *, *, #6477, .T. ) ;
#5710 = DIRECTION ( 'NONE',  ( 0.0000000000000000000, 0.4999999999999933400, 0.8660254037844425900 ) ) ;
#5711 = CARTESIAN_POINT ( 'NONE',  ( -0.8939999999999999100, -0.2425376259469999900, 0.1223294731453000200 ) ) ;
#5712 = CARTESIAN_POINT ( 'NONE',  ( 0.1263309996747999900, -0.1653147712231000100, 0.04599327522587000300 ) ) ;
#5713 = EDGE_CURVE ( 'NONE', #1665, #1798, #7152, .T. ) ;
#5714 = LINE ( 'NONE', #3515, #5678 ) ;
#5715 = AXIS2_PLACEMENT_3D ( 'NONE', #4873, #4850, #4664 ) ;
#5716 = CARTESIAN_POINT ( 'NONE',  ( 0.1039040165616835200, -0.02639709335198865300, -0.1681088701888667800 ) ) ;
#5717 = CARTESIAN_POINT ( 'NONE',  ( 0.3118886773541309500, -0.1229143379686909300, 0.1146687968979734600 ) ) ;
#5718 = DIRECTION ( 'NONE',  ( 0.0000000000000000000, -3.132853203742434200E-016, -1.000000000000000000 ) ) ;
#5719 = CARTESIAN_POINT ( 'NONE',  ( 0.2550344750906000100, 0.1708941791323000100, 0.08748923571537999000 ) ) ;
#5720 = DIRECTION ( 'NONE',  ( -1.453203414598485000E-015, 0.0000000000000000000, -1.000000000000000000 ) ) ;
#5721 = FACE_OUTER_BOUND ( 'NONE', #5995, .T. ) ;
#5722 = ORIENTED_EDGE ( 'NONE', *, *, #5102, .F. ) ;
#5723 = CARTESIAN_POINT ( 'NONE',  ( -0.8944982674906000200, 0.2605000000000000100, 0.1415017325094000100 ) ) ;
#5724 = DIRECTION ( 'NONE',  ( -1.000000000000000000, -0.0000000000000000000, -0.0000000000000000000 ) ) ;
#5725 = CARTESIAN_POINT ( 'NONE',  ( 0.3119238681145350400, -0.1237282340872027700, 0.1137926703525061200 ) ) ;
#5726 = AXIS2_PLACEMENT_3D ( 'NONE', #3880, #3902, #3920 ) ;
#5727 = ORIENTED_EDGE ( 'NONE', *, *, #4672, .T. ) ;
#5728 = CARTESIAN_POINT ( 'NONE',  ( 0.7192583303678997700, -1.164130068862634600E-014, 6.189280072997063400E-017 ) ) ;
#5729 = FACE_OUTER_BOUND ( 'NONE', #3576, .T. ) ;
#5730 = EDGE_LOOP ( 'NONE', ( #6479, #6615, #6532, #6519 ) ) ;
#5731 = CARTESIAN_POINT ( 'NONE',  ( 0.1300933046192999900, -0.1517955809045999900, -0.08001530730895001200 ) ) ;
#5732 = ORIENTED_EDGE ( 'NONE', *, *, #1510, .T. ) ;
#5733 = CARTESIAN_POINT ( 'NONE',  ( 0.3009999999999996600, -5.653164585482858500E-014, 5.335577574977961000E-017 ) ) ;
#5734 = CARTESIAN_POINT ( 'NONE',  ( 0.2307163633797000000, 0.1340390856087000100, 0.1275261068911000000 ) ) ;
#5735 = CARTESIAN_POINT ( 'NONE',  ( 0.1031225440212336200, -0.05277889255237056700, -0.1617774250419289900 ) ) ;
#5736 = PLANE ( 'NONE',  #1602 ) ;
#5737 = CARTESIAN_POINT ( 'NONE',  ( 0.01467999999999999900, 3.930074648464835200E-014, -0.1265000000000640300 ) ) ;
#5738 = VECTOR ( 'NONE', #2879, 39.37007874015748100 ) ;
#5739 = ORIENTED_EDGE ( 'NONE', *, *, #3626, .T. ) ;
#5740 = AXIS2_PLACEMENT_3D ( 'NONE', #952, #949, #940 ) ;
#5741 = CARTESIAN_POINT ( 'NONE',  ( 0.1282121521470999900, -0.1706144303497999800, -0.01830484997850000100 ) ) ;
#5742 = AXIS2_PLACEMENT_3D ( 'NONE', #2926, #2961, #2975 ) ;
#5743 = B_SPLINE_CURVE_WITH_KNOTS ( 'NONE', 3,
 ( #6347, #6604, #4064, #6330 ),
 .UNSPECIFIED., .F., .F.,
 ( 4, 4 ),
 ( 0.0000000000000000000, 0.003694680973267969800 ),
 .UNSPECIFIED. ) ;
#5744 = DIRECTION ( 'NONE',  ( 0.0000000000000000000, 0.0000000000000000000, -1.000000000000000000 ) ) ;
#5745 = DIRECTION ( 'NONE',  ( -1.000000000000000000, -0.0000000000000000000, -0.0000000000000000000 ) ) ;
#5746 = CONICAL_SURFACE ( 'NONE', #820, 0.1879879971531076600, 0.7649928327086258400 ) ;
#5747 = ADVANCED_FACE ( 'NONE', ( #7167 ), #3856, .T. ) ;
#5748 = CARTESIAN_POINT ( 'NONE',  ( 0.3119556550480254200, -0.1244558017087554200, 0.1129949642587266500 ) ) ;
#5749 = EDGE_LOOP ( 'NONE', ( #6155, #5099, #2359, #5852 ) ) ;
#5750 = ORIENTED_EDGE ( 'NONE', *, *, #7039, .F. ) ;
#5751 = CARTESIAN_POINT ( 'NONE',  ( 0.3120213934811025800, -0.1259486827919036900, 0.1113354848413509000 ) ) ;
#5752 = DIRECTION ( 'NONE',  ( -1.000000000000000000, 1.228479761022789000E-015, 1.308198073516607000E-015 ) ) ;
#5753 = CARTESIAN_POINT ( 'NONE',  ( 0.1319744570915999900, -0.1115185485273000000, -0.1304145602080999900 ) ) ;
#5754 = AXIS2_PLACEMENT_3D ( 'NONE', #4082, #4068, #4059 ) ;
#5755 = FACE_OUTER_BOUND ( 'NONE', #2349, .T. ) ;
#5756 = CARTESIAN_POINT ( 'NONE',  ( 0.7968750000000000000, 1.749236418443148600E-014, -6.189280072997399900E-017 ) ) ;
#5757 = LINE ( 'NONE', #3326, #5771 ) ;
#5758 = CARTESIAN_POINT ( 'NONE',  ( -0.7339999999999999900, 0.0000000000000000000, -0.1484760073499000200 ) ) ;
#5759 = VERTEX_POINT ( 'NONE', #3716 ) ;
#5760 = CARTESIAN_POINT ( 'NONE',  ( 0.3120681051912823600, -0.1269943305308218500, 0.1101437599512604800 ) ) ;
#5761 = DIRECTION ( 'NONE',  ( 1.341772099048953400E-015, 0.0000000000000000000, 1.000000000000000000 ) ) ;
#5762 = CARTESIAN_POINT ( 'NONE',  ( 0.3259999999999854100, 0.1416837567297257500, 7.881123260227538400E-014 ) ) ;
#5763 = CARTESIAN_POINT ( 'NONE',  ( 0.09623256011847999800, -0.1714569568526000100, 0.006849922919176999700 ) ) ;
#5764 = VERTEX_POINT ( 'NONE', #3966 ) ;
#5765 = VERTEX_POINT ( 'NONE', #3978 ) ;
#5766 = CARTESIAN_POINT ( 'NONE',  ( 0.7012500000000000400, 0.1414508159515000000, -0.2550000000000000000 ) ) ;
#5767 = CARTESIAN_POINT ( 'NONE',  ( 0.3122168985862078200, -0.1302627365538212800, 0.1062976448576506000 ) ) ;
#5768 = CARTESIAN_POINT ( 'NONE',  ( 0.3070199999999998500, -5.651659578837069700E-014, -0.1272500000000276200 ) ) ;
#5769 = VECTOR ( 'NONE', #485, 39.37007874015748100 ) ;
#5770 = B_SPLINE_SURFACE_WITH_KNOTS ( 'NONE', 3, 3, ( 
 ( #7064, #7085, #7103, #7125, #7137, #7147, #7158 ),
 ( #7166, #7179, #5937, #5954, #111, #66, #176 ),
 ( #23, #344, #275, #228, #267, #276, #325 ),
 ( #402, #338, #467, #435, #578, #643, #751 ) ),
 .UNSPECIFIED., .F., .F., .F.,
 ( 4, 4 ),
 ( 4, 1, 1, 1, 4 ),
 ( -0.04404104018090000000, 1.044041040181000100 ),
 ( -0.03525565089029000100, 0.4230678106833999900, 0.8813912722571000100, 1.339714733831000000, 1.798038195405000000 ),
 .UNSPECIFIED. ) ;
#5771 = VECTOR ( 'NONE', #3133, 39.37007874015748100 ) ;
#5772 = CARTESIAN_POINT ( 'NONE',  ( 0.7500000000000001100, 0.1443375672973999900, 0.2500000000000000000 ) ) ;
#5773 = CARTESIAN_POINT ( 'NONE',  ( -0.7340000000000001000, 0.0000000000000000000, 0.2389999999999999900 ) ) ;
#5774 = DIRECTION ( 'NONE',  ( 1.000000000000000000, -1.108751990959527400E-015, -1.180700948117231100E-015 ) ) ;
#5775 = CARTESIAN_POINT ( 'NONE',  ( 0.2289621728260000100, 0.1698396546554999900, 0.07337492797724999600 ) ) ;
#5776 = CARTESIAN_POINT ( 'NONE',  ( 0.3123276385353393500, -0.1326181673086814200, 0.1033723985042913100 ) ) ;
#5777 = CONICAL_SURFACE ( 'NONE', #5487, 0.1874385851268749200, 0.08726646259987722000 ) ;
#5778 = CARTESIAN_POINT ( 'NONE',  ( 0.09999486506301999400, -0.1293954246090000000, -0.1126997208417999800 ) ) ;
#5779 = ORIENTED_EDGE ( 'NONE', *, *, #2278, .T. ) ;
#5780 = DIRECTION ( 'NONE',  ( -1.332608777397077500E-015, 1.000000000000000000, 0.0000000000000000000 ) ) ;
#5781 = CARTESIAN_POINT ( 'NONE',  ( 0.7027643097711999700, 8.349797351103793100E-014, -7.833574121832274700E-014 ) ) ;
#5782 = DIRECTION ( 'NONE',  ( 0.9205048534524605800, -0.3907311284892260300, -3.524459854205805300E-015 ) ) ;
#5783 = CONICAL_SURFACE ( 'NONE', #3248, 0.1720120028468149200, 0.7649928327086206200 ) ;
#5784 = CARTESIAN_POINT ( 'NONE',  ( 0.3126944914402768900, -0.1400158038660866100, 0.09338827712639857800 ) ) ;
#5785 = CARTESIAN_POINT ( 'NONE',  ( 0.09811371259074998200, -0.1618674324812000000, -0.05695033409405000200 ) ) ;
#5786 = DIRECTION ( 'NONE',  ( 0.0000000000000000000, 0.8660254037844425900, -0.4999999999999933400 ) ) ;
#5787 = CIRCLE ( 'NONE', #164, 0.03270000000001866600 ) ;
#5789 = ADVANCED_FACE ( 'NONE', ( #5706 ), #5687, .T. ) ;
#5788 = CARTESIAN_POINT ( 'NONE',  ( -0.7340000000000001000, 0.06597740229986241700, -0.2605000000000000100 ) ) ;
#5790 = AXIS2_PLACEMENT_3D ( 'NONE', #5250, #5243, #5226 ) ;
#5791 = FACE_OUTER_BOUND ( 'NONE', #1029, .T. ) ;
#5792 = DIRECTION ( 'NONE',  ( 1.000000000000000000, 1.443626708769453500E-015, 1.355655714602112600E-015 ) ) ;
#5793 = DIRECTION ( 'NONE',  ( -0.0000000000000000000, 0.7071067811865479100, -0.7071067811865469100 ) ) ;
#5794 = ORIENTED_EDGE ( 'NONE', *, *, #600, .F. ) ;
#5795 = CARTESIAN_POINT ( 'NONE',  ( 0.1018760175353000000, -0.07863140276383000200, -0.1525172193409999900 ) ) ;
#5796 = CARTESIAN_POINT ( 'NONE',  ( 0.3949238939618784400, -1.408596514203429000E-016, -4.077283130543913100E-014 ) ) ;
#5797 = COLOUR_RGB ( '',0.7529411764705882200, 0.7529411764705882200, 0.7529411764705882200 ) ;
#5798 = EDGE_CURVE ( 'NONE', #4981, #5331, #5692, .T. ) ;
#5799 = AXIS2_PLACEMENT_3D ( 'NONE', #2374, #2386, #2395 ) ;
#5800 = CARTESIAN_POINT ( 'NONE',  ( 0.3129852374536257800, -0.1454139758520253400, 0.08511385638087778900 ) ) ;
#5801 = AXIS2_PLACEMENT_3D ( 'NONE', #5806, #5857, #5866 ) ;
#5802 = LINE ( 'NONE', #3556, #5914 ) ;
#5803 = CARTESIAN_POINT ( 'NONE',  ( 0.3136590843004394800, -0.1555630310606990500, 0.06471647516375618500 ) ) ;
#5804 = CARTESIAN_POINT ( 'NONE',  ( -0.7339999999999999900, 0.3024999999999824500, 0.2390000000000003800 ) ) ;
#5805 = CARTESIAN_POINT ( 'NONE',  ( 0.1225686947303000100, -0.08866000847161000000, 0.1469141414098000000 ) ) ;
#5806 = CARTESIAN_POINT ( 'NONE',  ( 0.7012500000000000400, -0.2915618859408000100, 0.005000000000000000100 ) ) ;
#5807 = ORIENTED_EDGE ( 'NONE', *, *, #4517, .T. ) ;
#5808 = CARTESIAN_POINT ( 'NONE',  ( 0.3140421851339039700, -0.1603187607109482800, 0.05257645450660181800 ) ) ;
#5809 = DIRECTION ( 'NONE',  ( 0.0000000000000000000, 0.0000000000000000000, -1.000000000000000000 ) ) ;
#5810 = DIRECTION ( 'NONE',  ( -0.0000000000000000000, -0.0000000000000000000, 1.000000000000000000 ) ) ;
#5811 = CARTESIAN_POINT ( 'NONE',  ( 0.1188063897856999900, 0.03635619499218999800, 0.1676979312950999900 ) ) ;
#5812 = VECTOR ( 'NONE', #2728, 39.37007874015748100 ) ;
#5813 = CARTESIAN_POINT ( 'NONE',  ( -0.7339999999999999900, 0.2605000000000000600, 0.0000000000000000000 ) ) ;
#5814 = CARTESIAN_POINT ( 'NONE',  ( -0.3552436610350082600, -0.07654911405472494800, -0.1007098959261074900 ) ) ;
#5815 = ORIENTED_EDGE ( 'NONE', *, *, #1174, .T. ) ;
#5816 = CIRCLE ( 'NONE', #5675, 0.06200000000021190600 ) ;
#5817 = ORIENTED_EDGE ( 'NONE', *, *, #2948, .T. ) ;
#5818 = ADVANCED_FACE ( 'NONE', ( #6919 ), #5674, .T. ) ;
#5819 = CARTESIAN_POINT ( 'NONE',  ( 0.3149007416209485500, -0.1669632682472612900, 0.02434675550098315500 ) ) ;
#5820 = CARTESIAN_POINT ( 'NONE',  ( 0.2272079822723999900, 0.1847310141643999900, 0.01019042194643000000 ) ) ;
#5821 = PRODUCT ( '112bpcx', '112bpcx', '', ( #3558 ) ) ;
#5822 = CARTESIAN_POINT ( 'NONE',  ( 0.1150440848412000000, 0.1415413093712999900, 0.09700739027233999700 ) ) ;
#5823 = FACE_OUTER_BOUND ( 'NONE', #1659, .T. ) ;
#5824 = ORIENTED_EDGE ( 'NONE', *, *, #4833, .T. ) ;
#5825 = CARTESIAN_POINT ( 'NONE',  ( 0.1000001396368077300, 0.1517489156513100500, 0.1101236844750643300 ) ) ;
#5826 = LINE ( 'NONE', #675, #5837 ) ;
#5827 = ORIENTED_EDGE ( 'NONE', *, *, #218, .F. ) ;
#5828 = CARTESIAN_POINT ( 'NONE',  ( -0.9689999999986234100, 0.2444999999999997700, 0.02200000000000684700 ) ) ;
#5829 = ADVANCED_FACE ( 'NONE', ( #4734, #5823 ), #4095, .F. ) ;
#5830 = CARTESIAN_POINT ( 'NONE',  ( 0.1112817798966000000, 0.1695196870341999800, -0.02659809400875000000 ) ) ;
#5831 = CARTESIAN_POINT ( 'NONE',  ( -1.237856014599481000E-016, -5.645250190430559300E-014, -0.1272500000000275100 ) ) ;
#5832 = ORIENTED_EDGE ( 'NONE', *, *, #5102, .T. ) ;
#5833 = ORIENTED_EDGE ( 'NONE', *, *, #6914, .T. ) ;
#5834 = DIRECTION ( 'NONE',  ( -1.000000000000000000, 4.094932536742629700E-016, 4.360660245055356500E-016 ) ) ;
#5835 = DIRECTION ( 'NONE',  ( 0.0000000000000000000, 0.0000000000000000000, -1.000000000000000000 ) ) ;
#5836 = CARTESIAN_POINT ( 'NONE',  ( 0.1037571700076000000, -0.01675167435798000100, -0.1707740547863000100 ) ) ;
#5837 = VECTOR ( 'NONE', #2259, 39.37007874015748100 ) ;
#5838 = VERTEX_POINT ( 'NONE', #4184 ) ;
#5839 = DIRECTION ( 'NONE',  ( 0.0000000000000000000, 1.000000000000000000, 0.0000000000000000000 ) ) ;
#5840 = VECTOR ( 'NONE', #3953, 39.37007874015748100 ) ;
#5841 = DIRECTION ( 'NONE',  ( -0.9781476007338227900, 0.2079116908176789300, 0.0000000000000000000 ) ) ;
#5842 = ORIENTED_EDGE ( 'NONE', *, *, #7169, .F. ) ;
#5843 = ORIENTED_EDGE ( 'NONE', *, *, #30, .T. ) ;
#5844 = DIRECTION ( 'NONE',  ( 1.000000000000000000, 0.0000000000000000000, -0.0000000000000000000 ) ) ;
#5845 = FACE_OUTER_BOUND ( 'NONE', #2490, .T. ) ;
#5846 = PLANE ( 'NONE',  #5801 ) ;
#5847 = CIRCLE ( 'NONE', #4419, 0.07999999999999205000 ) ;
#5848 = VERTEX_POINT ( 'NONE', #4176 ) ;
#5849 = CARTESIAN_POINT ( 'NONE',  ( -0.7810000000000001400, -0.1605132393293291200, 0.2156675682618708900 ) ) ;
#5851 = ADVANCED_FACE ( 'NONE', ( #5632 ), #5571, .T. ) ;
#5850 = CARTESIAN_POINT ( 'NONE',  ( 0.1075194749521000000, 0.1050295587303000000, -0.1356951785316999900 ) ) ;
#5852 = ORIENTED_EDGE ( 'NONE', *, *, #1556, .F. ) ;
#5853 = CARTESIAN_POINT ( 'NONE',  ( 0.3853461368341024000, 7.896685069038138800E-017, -1.420881095142174500E-014 ) ) ;
#5854 = DIRECTION ( 'NONE',  ( -1.000000000000000000, 4.094932536742629700E-016, 4.360660245055356500E-016 ) ) ;
#5855 = ADVANCED_FACE ( 'NONE', ( #5612 ), #5525, .T. ) ;
#5856 = VERTEX_POINT ( 'NONE', #4304 ) ;
#5857 = DIRECTION ( 'NONE',  ( 0.0000000000000000000, -0.8660254037844425900, -0.4999999999999933400 ) ) ;
#5858 = CARTESIAN_POINT ( 'NONE',  ( 0.3070199999999999000, -5.653217941888984800E-014, 5.335577574977952400E-017 ) ) ;
#5859 = CARTESIAN_POINT ( 'NONE',  ( 0.2254537917188000100, 0.1768798397694000000, -0.05424867303189000200 ) ) ;
#5860 = DIRECTION ( 'NONE',  ( -1.000000000000000000, -0.0000000000000000000, 0.0000000000000000000 ) ) ;
#5861 = AXIS2_PLACEMENT_3D ( 'NONE', #3896, #3908, #3916 ) ;
#5862 = FACE_OUTER_BOUND ( 'NONE', #5594, .T. ) ;
#5863 = CARTESIAN_POINT ( 'NONE',  ( 0.1244498472025000100, -0.1366457314063999900, 0.1037897037113000000 ) ) ;
#5864 = AXIS2_PLACEMENT_3D ( 'NONE', #5276, #5291, #5299 ) ;
#5865 = LINE ( 'NONE', #2719, #5812 ) ;
#5866 = DIRECTION ( 'NONE',  ( 0.0000000000000000000, 0.4999999999999933400, -0.8660254037844425900 ) ) ;
#5867 = B_SPLINE_CURVE_WITH_KNOTS ( 'NONE', 3,
 ( #571, #672, #712, #719 ),
 .UNSPECIFIED., .F., .F.,
 ( 4, 4 ),
 ( 9.222717410048685500E-016, 0.003694680973536137200 ),
 .UNSPECIFIED. ) ;
#5868 = CARTESIAN_POINT ( 'NONE',  ( 0.1206875422580000100, -0.02814098213465999700, 0.1692703479506000000 ) ) ;
#5869 = CYLINDRICAL_SURFACE ( 'NONE', #3958, 0.1264999999999961200 ) ;
#5870 = CARTESIAN_POINT ( 'NONE',  ( 0.7211595114417849200, -0.1443375672974164000, -0.2500000000000103800 ) ) ;
#5871 = ORIENTED_EDGE ( 'NONE', *, *, #198, .F. ) ;
#5872 = DIRECTION ( 'NONE',  ( 2.444793052347634800E-016, -3.532958964958343900E-031, -1.000000000000000000 ) ) ;
#5873 = FACE_OUTER_BOUND ( 'NONE', #5013, .T. ) ;
#5874 = CARTESIAN_POINT ( 'NONE',  ( 0.3153761972745282600, -0.1688150048158401600, 0.008229815301515215300 ) ) ;
#5875 = VECTOR ( 'NONE', #2309, 39.37007874015748900 ) ;
#5876 = DIRECTION ( 'NONE',  ( -1.000000000000000000, -0.0000000000000000000, -0.0000000000000000000 ) ) ;
#5877 = FACE_OUTER_BOUND ( 'NONE', #4331, .T. ) ;
#5878 = DIRECTION ( 'NONE',  ( -0.7071067811865445800, 0.7071067811865504600, 0.0000000000000000000 ) ) ;
#5879 = DIRECTION ( 'NONE',  ( -1.332608777397077500E-015, 1.000000000000000000, 0.0000000000000000000 ) ) ;
#5880 = ORIENTED_EDGE ( 'NONE', *, *, #2017, .T. ) ;
#5881 = CARTESIAN_POINT ( 'NONE',  ( 0.1169252373135000100, 0.09571397631460000500, 0.1424191254650999900 ) ) ;
#5882 = ADVANCED_FACE ( 'NONE', ( #5531 ), #4296, .T. ) ;
#5883 = CARTESIAN_POINT ( 'NONE',  ( -0.6190753320507999000, 0.02578783339807000000, 0.08150530025789999600 ) ) ;
#5884 = VECTOR ( 'NONE', #2834, 39.37007874015748900 ) ;
#5885 = CARTESIAN_POINT ( 'NONE',  ( 0.1131629323689000000, 0.1673598315210000100, 0.03788226847808000300 ) ) ;
#5886 = DIRECTION ( 'NONE',  ( 1.000000000000000000, 1.443626708769453500E-015, 1.355655714602112600E-015 ) ) ;
#5887 = EDGE_LOOP ( 'NONE', ( #5, #2692, #5575, #6860 ) ) ;
#5888 = CARTESIAN_POINT ( 'NONE',  ( 0.2236996011651999900, 0.1472526761847000000, -0.1120091494112000100 ) ) ;
#5889 = DIRECTION ( 'NONE',  ( 1.000000000000000000, 5.558188429870848700E-017, 5.918869505956197600E-017 ) ) ;
#5890 = LENGTH_MEASURE_WITH_UNIT ( LENGTH_MEASURE( 0.02539999999999999900 ), #134 );
#5891 = CIRCLE ( 'NONE', #5742, 0.1264999999999961200 ) ;
#5892 = VERTEX_POINT ( 'NONE', #4324 ) ;
#5893 = DIRECTION ( 'NONE',  ( -1.000000000000000000, 0.0000000000000000000, -0.0000000000000000000 ) ) ;
#5894 = CYLINDRICAL_SURFACE ( 'NONE', #1455, 0.03899999999998383900 ) ;
#5895 = CARTESIAN_POINT ( 'NONE',  ( 0.3949238939618784400, -1.408596514203429000E-016, -4.077283130543913100E-014 ) ) ;
#5896 = VERTEX_POINT ( 'NONE', #3435 ) ;
#5897 = VERTEX_POINT ( 'NONE', #4394 ) ;
#5898 = CARTESIAN_POINT ( 'NONE',  ( -0.7909999999999595100, -0.02199999999995364000, -0.2437953433570999900 ) ) ;
#5899 = UNCERTAINTY_MEASURE_WITH_UNIT (LENGTH_MEASURE( 1.000000000000000100E-005 ), #633, 'distance_accuracy_value', 'NONE');
#5900 = CARTESIAN_POINT ( 'NONE',  ( 0.1056383224798000000, 0.04749610684010000000, -0.1648893958968999900 ) ) ;
#5901 = ORIENTED_EDGE ( 'NONE', *, *, #2736, .F. ) ;
#5902 = CARTESIAN_POINT ( 'NONE',  ( 0.01467999999999999900, 3.928525470263913200E-014, 0.1264999999999282000 ) ) ;
#5903 = ORIENTED_EDGE ( 'NONE', *, *, #6500, .F. ) ;
#5904 = AXIS2_PLACEMENT_3D ( 'NONE', #6104, #6091, #6076 ) ;
#5905 = CARTESIAN_POINT ( 'NONE',  ( 0.1094006274243999900, 0.1477154998307000100, -0.08731848264281999400 ) ) ;
#5906 = CIRCLE ( 'NONE', #5799, 0.03899999999998406800 ) ;
#5907 = ORIENTED_EDGE ( 'NONE', *, *, #699, .T. ) ;
#5908 = ORIENTED_EDGE ( 'NONE', *, *, #600, .T. ) ;
#5909 = CARTESIAN_POINT ( 'NONE',  ( 0.4052700307959141200, 4.481875076957911400E-017, -0.1892431148549392800 ) ) ;
#5910 = PLANE ( 'NONE',  #7083 ) ;
#5911 = CARTESIAN_POINT ( 'NONE',  ( 0.1394990669807000000, 0.1237463977357000000, -0.1188745500857000000 ) ) ;
#5912 = FACE_BOUND ( 'NONE', #1741, .T. ) ;
#5913 = ADVANCED_FACE ( 'NONE', ( #5682 ), #4410, .T. ) ;
#5914 = VECTOR ( 'NONE', #3490, 39.37007874015748100 ) ;
#5915 = ORIENTED_EDGE ( 'NONE', *, *, #4633, .F. ) ;
#5916 = CARTESIAN_POINT ( 'NONE',  ( 0.7343750000000043300, -1.747032054204693900E-014, -0.1725000000000310200 ) ) ;
#5917 = VECTOR ( 'NONE', #1442, 39.37007874015748100 ) ;
#5918 = CARTESIAN_POINT ( 'NONE',  ( -0.7909999999999906000, 0.2605000000000000100, 0.02199999999997281900 ) ) ;
#5919 = EDGE_LOOP ( 'NONE', ( #3686, #3784 ) ) ;
#5920 = CARTESIAN_POINT ( 'NONE',  ( 0.1357367620362000000, 0.008406803594774999200, -0.1713874633003999700 ) ) ;
#5921 = CARTESIAN_POINT ( 'NONE',  ( 0.7812499999999643600, 1.164073707631883200E-014, -0.1874999999998918100 ) ) ;
#5922 = CARTESIAN_POINT ( 'NONE',  ( 0.7211595114417742600, 0.2886751345948361200, 3.196651316724173200E-015 ) ) ;
#5923 = CONICAL_SURFACE ( 'NONE', #3844, 0.3056954702719920600, 0.08726646259946646600 ) ;
#5924 = DIRECTION ( 'NONE',  ( 2.460002620993068900E-016, 1.000000000000000000, 0.0000000000000000000 ) ) ;
#5925 = DIRECTION ( 'NONE',  ( -1.000000000000000000, 0.0000000000000000000, -4.268512490100792000E-016 ) ) ;
#5926 = ORIENTED_EDGE ( 'NONE', *, *, #726, .F. ) ;
#5927 = CARTESIAN_POINT ( 'NONE',  ( 0.3144462469018000100, -0.1697168609903000100, 0.02530153512118999900 ) ) ;
#5928 = CIRCLE ( 'NONE', #2589, 0.004999999999940460900 ) ;
#5929 = DIRECTION ( 'NONE',  ( 0.2079116908176789100, 0.9781476007338226800, 0.0000000000000000000 ) ) ;
#5930 = LINE ( 'NONE', #2441, #5875 ) ;
#5931 = DIRECTION ( 'NONE',  ( -1.000000000000000000, 4.268512490100835400E-016, 0.0000000000000000000 ) ) ;
#5932 = FACE_OUTER_BOUND ( 'NONE', #1658, .T. ) ;
#5933 = PLANE ( 'NONE',  #1906 ) ;
#5934 = CARTESIAN_POINT ( 'NONE',  ( 0.2219454106116000000, 0.09949695152925999700, -0.1559800012436000100 ) ) ;
#5935 = ORIENTED_EDGE ( 'NONE', *, *, #4552, .T. ) ;
#5936 = DIRECTION ( 'NONE',  ( 5.367088396195814000E-016, 0.0000000000000000000, 1.000000000000000000 ) ) ;
#5937 = CARTESIAN_POINT ( 'NONE',  ( -0.6138494875919999800, 0.008942937325400000100, 0.06605969161371999500 ) ) ;
#5938 = CARTESIAN_POINT ( 'NONE',  ( 0.3031593320682000000, 0.1285187517045000000, 0.1136967548039999900 ) ) ;
#5939 = VECTOR ( 'NONE', #1961, 39.37007874015748100 ) ;
#5940 = ORIENTED_EDGE ( 'NONE', *, *, #6536, .F. ) ;
#5941 = ADVANCED_FACE ( 'NONE', ( #5542 ), #4488, .T. ) ;
#5942 = CARTESIAN_POINT ( 'NONE',  ( 0.7100892630247210800, 0.2649349102526859000, -0.04111927474371568400 ) ) ;
#5943 = CARTESIAN_POINT ( 'NONE',  ( 0.3012781795960000100, 0.1614199469541000000, 0.05820330792006000300 ) ) ;
#5944 = DIRECTION ( 'NONE',  ( 0.0000000000000000000, -1.000000000000000000, 0.0000000000000000000 ) ) ;
#5945 = CARTESIAN_POINT ( 'NONE',  ( 0.7031249999990836200, 0.2409381711214067000, -0.08268284613506830800 ) ) ;
#5946 = CARTESIAN_POINT ( 'NONE',  ( 0.3125650944296000100, -0.1483789007279000000, 0.08618420804106999300 ) ) ;
#5947 = CIRCLE ( 'NONE', #284, 0.06200000000006851400 ) ;
#5948 = CARTESIAN_POINT ( 'NONE',  ( 0.7968749999989376300, 0.1920745307629811400, -0.1673171538786359900 ) ) ;
#5949 = CARTESIAN_POINT ( 'NONE',  ( -0.8944982674906000200, 0.09750173250940000200, -0.2612046566428999900 ) ) ;
#5950 = CARTESIAN_POINT ( 'NONE',  ( 0.7968749999999541500, 0.04886364035932034400, -0.2500000000000000000 ) ) ;
#5951 = LINE ( 'NONE', #2118, #3584 ) ;
#5952 = ORIENTED_EDGE ( 'NONE', *, *, #4939, .T. ) ;
#5953 = CARTESIAN_POINT ( 'NONE',  ( 0.7968749999999452700, 0.2165063509407882700, -0.1250000000091932000 ) ) ;
#5954 = CARTESIAN_POINT ( 'NONE',  ( -0.6284426793076000100, -0.003569263501450000000, 0.06285262297221000400 ) ) ;
#5955 = DIRECTION ( 'NONE',  ( -0.0000000000000000000, -0.0000000000000000000, -1.000000000000000000 ) ) ;
#5956 = CARTESIAN_POINT ( 'NONE',  ( 0.7031250000000230900, 0.2165063509434593800, -0.1250000000046165800 ) ) ;
#5957 = CIRCLE ( 'NONE', #6958, 0.2343750000000291200 ) ;
#5958 = DIRECTION ( 'NONE',  ( 0.0000000000000000000, 1.000000000000000000, 0.0000000000000000000 ) ) ;
#5959 = CIRCLE ( 'NONE', #7001, 0.1272500000000276700 ) ;
#5960 = ORIENTED_EDGE ( 'NONE', *, *, #3700, .T. ) ;
#5961 = ORIENTED_EDGE ( 'NONE', *, *, #4654, .F. ) ;
#5962 = CARTESIAN_POINT ( 'NONE',  ( 1.707404996040164500E-017, 3.681415267913933400E-014, -3.018623448037659300E-018 ) ) ;
#5963 = CARTESIAN_POINT ( 'NONE',  ( 0.3749999999999935600, -0.3057568851448829200, 1.641173065019245300E-015 ) ) ;
#5964 = CARTESIAN_POINT ( 'NONE',  ( 0.1790032688983999900, 0.1074273502419000000, 0.1338043907104999900 ) ) ;
#5965 = DIRECTION ( 'NONE',  ( 0.0000000000000000000, 0.0000000000000000000, -1.000000000000000000 ) ) ;
#5966 = ORIENTED_EDGE ( 'NONE', *, *, #3667, .F. ) ;
#5967 = CARTESIAN_POINT ( 'NONE',  ( 0.1771221164261000100, 0.1492449083793999900, 0.08467710254261000300 ) ) ;
#5968 = CIRCLE ( 'NONE', #309, 0.06200000000006851400 ) ;
#5969 = EDGE_LOOP ( 'NONE', ( #1666, #854, #6073, #521 ) ) ;
#5970 = PLANE ( 'NONE',  #5275 ) ;
#5971 = FACE_OUTER_BOUND ( 'NONE', #3795, .T. ) ;
#5972 = CARTESIAN_POINT ( 'NONE',  ( 0.3050404845404999800, 0.07745100951253000600, 0.1531187774747999900 ) ) ;
#5973 = VERTEX_POINT ( 'NONE', #4556 ) ;
#5974 = ORIENTED_EDGE ( 'NONE', *, *, #4118, .T. ) ;
#5975 = ADVANCED_FACE ( 'NONE', ( #1562 ), #4523, .F. ) ;
#5976 = EDGE_CURVE ( 'NONE', #529, #1210, #5281, .T. ) ;
#5977 = CARTESIAN_POINT ( 'NONE',  ( -0.7330600000000000400, 0.3047300000000000000, 0.2389999999999999900 ) ) ;
#5978 = LINE ( 'NONE', #1745, #453 ) ;
#5979 = CARTESIAN_POINT ( 'NONE',  ( 0.2201912200579999900, 0.03949194274052000200, -0.1807478756976999800 ) ) ;
#5980 = DIRECTION ( 'NONE',  ( 1.000000000000000000, 0.0000000000000000000, -0.0000000000000000000 ) ) ;
#5981 = CIRCLE ( 'NONE', #1629, 0.06200000000021190600 ) ;
#5982 = VERTEX_POINT ( 'NONE', #4574 ) ;
#5983 = CARTESIAN_POINT ( 'NONE',  ( 0.3069216370128000100, 0.01543532107710000000, 0.1708969485130999700 ) ) ;
#5984 = EDGE_CURVE ( 'NONE', #5596, #3059, #5515, .T. ) ;
#5985 = ADVANCED_FACE ( 'NONE', ( #5584 ), #5463, .T. ) ;
#5986 = LINE ( 'NONE', #2177, #3559 ) ;
#5987 = AXIS2_PLACEMENT_3D ( 'NONE', #3569, #3767, #3777 ) ;
#5988 = DIRECTION ( 'NONE',  ( 1.000000000000000000, -0.0000000000000000000, 0.0000000000000000000 ) ) ;
#5989 = CARTESIAN_POINT ( 'NONE',  ( 0.2076713301432999700, -0.1786381392607999900, -0.07033999852276000300 ) ) ;
#5990 = ORIENTED_EDGE ( 'NONE', *, *, #5093, .F. ) ;
#5991 = VERTEX_POINT ( 'NONE', #4937 ) ;
#5992 = CARTESIAN_POINT ( 'NONE',  ( 0.3088027894850000100, -0.04876219217387999700, 0.1645182743905999900 ) ) ;
#5993 = CARTESIAN_POINT ( 'NONE',  ( -1.060400000000000000, -0.1520000000000000000, -0.2605000000000000100 ) ) ;
#5994 = CARTESIAN_POINT ( 'NONE',  ( 0.1808844213706000100, 0.05042404680150999700, 0.1640172620104999600 ) ) ;
#5995 = EDGE_LOOP ( 'NONE', ( #1920, #1331, #451, #2793 ) ) ;
#5996 = ADVANCED_FACE ( 'NONE', ( #5721 ), #4970, .F. ) ;
#5997 = ORIENTED_EDGE ( 'NONE', *, *, #4470, .T. ) ;
#5998 = CARTESIAN_POINT ( 'NONE',  ( 0.7031250000000230900, -1.580032583335568400E-013, -1.499955289021284700E-014 ) ) ;
#5999 = EDGE_CURVE ( 'NONE', #3627, #5765, #4954, .T. ) ;
#6000 = AXIS2_PLACEMENT_3D ( 'NONE', #5853, #5844, #5835 ) ;
#6001 = CARTESIAN_POINT ( 'NONE',  ( 0.1827655738428999900, -0.01370708520989999900, 0.1710449026638000100 ) ) ;
#6002 = PLANE ( 'NONE',  #2465 ) ;
#6003 = FACE_OUTER_BOUND ( 'NONE', #1631, .T. ) ;
#6004 = ORIENTED_EDGE ( 'NONE', *, *, #2220, .T. ) ;
#6005 = CARTESIAN_POINT ( 'NONE',  ( -0.7339999999999988800, 0.2525000000000000000, -0.06619355419097190700 ) ) ;
#6006 = FACE_OUTER_BOUND ( 'NONE', #3713, .T. ) ;
#6007 = CARTESIAN_POINT ( 'NONE',  ( 0.3163273993740999800, -0.1670651948278000000, -0.03915731914091000200 ) ) ;
#6008 = EDGE_CURVE ( 'NONE', #3339, #5896, #5566, .T. ) ;
#6009 = PRESENTATION_STYLE_ASSIGNMENT (( #105 ) ) ;
#6010 = CIRCLE ( 'NONE', #2329, 0.08500000000161266100 ) ;
#6011 = ADVANCED_FACE ( 'NONE', ( #5417 ), #5161, .T. ) ;
#6012 = DIRECTION ( 'NONE',  ( 0.0000000000000000000, 0.0000000000000000000, 1.000000000000000000 ) ) ;
#6013 = DIRECTION ( 'NONE',  ( 0.0000000000000000000, 0.0000000000000000000, 1.000000000000000000 ) ) ;
#6014 = CARTESIAN_POINT ( 'NONE',  ( 0.1976089583311252700, -0.02774498429534276100, -0.1663360837355398500 ) ) ;
#6015 = VECTOR ( 'NONE', #2214, 39.37007874015748900 ) ;
#6016 = CARTESIAN_POINT ( 'NONE',  ( 0.3159018322300875000, -0.1678359380240446700, -0.009352362540219949900 ) ) ;
#6017 = LINE ( 'NONE', #2679, #177 ) ;
#6018 = CARTESIAN_POINT ( 'NONE',  ( 0.2279132331774000000, -0.04534096784319000000, -0.1654942567165000000 ) ) ;
#6019 = ORIENTED_EDGE ( 'NONE', *, *, #6558, .T. ) ;
#6020 = B_SPLINE_CURVE_WITH_KNOTS ( 'NONE', 3,
 ( #1087, #1076, #1140, #1196 ),
 .UNSPECIFIED., .F., .F.,
 ( 4, 4 ),
 ( 1.170167104082255900E-016, 0.003694680973267752500 ),
 .UNSPECIFIED. ) ;
#6021 = AXIS2_PLACEMENT_3D ( 'NONE', #3830, #3928, #3934 ) ;
#6022 = EDGE_CURVE ( 'NONE', #4981, #4784, #5451, .T. ) ;
#6023 = CYLINDRICAL_SURFACE ( 'NONE', #3267, 0.1264999999999961200 ) ;
#6024 = CARTESIAN_POINT ( 'NONE',  ( 0.1000000000000000100, -0.1950832283072000100, 0.1950000000000000100 ) ) ;
#6025 = CARTESIAN_POINT ( 'NONE',  ( 0.2373189955388000100, 0.1713528243126999900, 0.009074347680107000200 ) ) ;
#6026 = ADVANCED_FACE ( 'NONE', ( #5377 ), #5268, .T. ) ;
#6027 = ORIENTED_EDGE ( 'NONE', *, *, #2841, .T. ) ;
#6028 = B_SPLINE_CURVE_WITH_KNOTS ( 'NONE', 3,
 ( #5037, #4815, #639, #535 ),
 .UNSPECIFIED., .F., .F.,
 ( 4, 4 ),
 ( 6.235956561839950300E-016, 0.003694680973669639800 ),
 .UNSPECIFIED. ) ;
#6029 = FACE_BOUND ( 'NONE', #2892, .T. ) ;
#6030 = CARTESIAN_POINT ( 'NONE',  ( 0.2184370295044000000, -0.02537502778790000000, -0.1832635262043000000 ) ) ;
#6031 = DIRECTION ( 'NONE',  ( 1.000000000000000000, 0.0000000000000000000, -0.0000000000000000000 ) ) ;
#6032 = ORIENTED_EDGE ( 'NONE', *, *, #6924, .T. ) ;
#6033 = CARTESIAN_POINT ( 'NONE',  ( -0.7810000000000001400, 0.1949999999999912400, -0.3025000000000462900 ) ) ;
#6034 = ADVANCED_FACE ( 'NONE', ( #5389 ), #6412, .T. ) ;
#6035 = SURFACE_STYLE_FILL_AREA ( #80 ) ;
#6036 = CARTESIAN_POINT ( 'NONE',  ( 0.7788404885582130800, 0.1443375672974409900, -0.2500000000000122700 ) ) ;
#6037 = EDGE_LOOP ( 'NONE', ( #5295, #5340, #5496, #5522 ) ) ;
#6038 = DIRECTION ( 'NONE',  ( 1.000000000000000000, -0.0000000000000000000, -0.0000000000000000000 ) ) ;
#6039 = CARTESIAN_POINT ( 'NONE',  ( -0.7339999999999999900, 0.2444999999999999700, 0.02199999999999999900 ) ) ;
#6040 = CARTESIAN_POINT ( 'NONE',  ( 0.2316755381219000000, 0.08060998303634998900, -0.1514799514443999900 ) ) ;
#6041 = ADVANCED_FACE ( 'NONE', ( #5375 ), #5292, .T. ) ;
#6042 = DIRECTION ( 'NONE',  ( 0.0000000000000000000, 0.7071067811865475700, 0.7071067811865473500 ) ) ;
#6043 = VECTOR ( 'NONE', #1892, 39.37007874015748100 ) ;
#6044 = ORIENTED_EDGE ( 'NONE', *, *, #2397, .F. ) ;
#6045 = CARTESIAN_POINT ( 'NONE',  ( 0.2759758260334730900, 0.01985655069278413300, 0.1681008621004608000 ) ) ;
#6046 = ADVANCED_FACE ( 'NONE', ( #5382 ), #5261, .F. ) ;
#6047 = ORIENTED_EDGE ( 'NONE', *, *, #2079, .F. ) ;
#6048 = EDGE_CURVE ( 'NONE', #697, #2995, #5287, .T. ) ;
#6049 = FACE_OUTER_BOUND ( 'NONE', #1430, .T. ) ;
#6050 = EDGE_LOOP ( 'NONE', ( #2393, #2332, #2307, #2257 ) ) ;
#6051 = CARTESIAN_POINT ( 'NONE',  ( 0.7973833303678999900, -1.749236418443148600E-014, 0.1720120028468149800 ) ) ;
#6052 = ORIENTED_EDGE ( 'NONE', *, *, #5798, .F. ) ;
#6053 = DIRECTION ( 'NONE',  ( 0.0000000000000000000, 0.0000000000000000000, -1.000000000000000000 ) ) ;
#6054 = CARTESIAN_POINT ( 'NONE',  ( 0.1968203989906341400, -0.05355810915290235700, -0.1598966290082810800 ) ) ;
#6055 = VECTOR ( 'NONE', #1411, 39.37007874015748100 ) ;
#6056 = LINE ( 'NONE', #4627, #6072 ) ;
#6057 = CARTESIAN_POINT ( 'NONE',  ( -0.7810000000000001400, -0.1944543648262999900, 0.1944543648262999900 ) ) ;
#6058 = ADVANCED_FACE ( 'NONE', ( #5362 ), #5846, .T. ) ;
#6059 = ORIENTED_EDGE ( 'NONE', *, *, #1518, .T. ) ;
#6060 = PLANE ( 'NONE',  #5219 ) ;
#6061 = CARTESIAN_POINT ( 'NONE',  ( 0.2410813004833000100, 0.1183934331446000000, 0.1242059660596000100 ) ) ;
#6062 = DIRECTION ( 'NONE',  ( 0.0000000000000000000, 1.000000000000000000, 0.0000000000000000000 ) ) ;
#6063 = DIRECTION ( 'NONE',  ( 1.000000000000000000, -0.0000000000000000000, -0.0000000000000000000 ) ) ;
#6064 = CARTESIAN_POINT ( 'NONE',  ( 0.2335566905941999800, 0.1308495992806000000, -0.1110068636852000100 ) ) ;
#6065 = FACE_OUTER_BOUND ( 'NONE', #5749, .T. ) ;
#6066 = EDGE_LOOP ( 'NONE', ( #1236, #4080, #6876, #3904, #2165 ) ) ;
#6067 = ORIENTED_EDGE ( 'NONE', *, *, #6545, .F. ) ;
#6068 = ADVANCED_FACE ( 'NONE', ( #5337 ), #5910, .T. ) ;
#6069 = CARTESIAN_POINT ( 'NONE',  ( -0.5989355881578786200, 0.1205378789139307500, -0.03837798518609698100 ) ) ;
#6070 = CARTESIAN_POINT ( 'NONE',  ( 0.3182085518463999600, -0.1407968473207000000, -0.09808213441396000700 ) ) ;
#6071 = FACE_OUTER_BOUND ( 'NONE', #3004, .T. ) ;
#6072 = VECTOR ( 'NONE', #961, 39.37007874015748100 ) ;
#6073 = ORIENTED_EDGE ( 'NONE', *, *, #5384, .T. ) ;
#6074 = DIRECTION ( 'NONE',  ( -1.000000000000000000, 0.0000000000000000000, 0.0000000000000000000 ) ) ;
#6075 = ADVANCED_FACE ( 'NONE', ( #5536 ), #5970, .T. ) ;
#6076 = DIRECTION ( 'NONE',  ( 0.0000000000000000000, 0.0000000000000000000, 1.000000000000000000 ) ) ;
#6077 = CIRCLE ( 'NONE', #172, 0.1874999999999893100 ) ;
#6078 = CARTESIAN_POINT ( 'NONE',  ( 0.2354378430665000100, 0.1625929012622000000, -0.05484237643526999900 ) ) ;
#6079 = ORIENTED_EDGE ( 'NONE', *, *, #2489, .T. ) ;
#6080 = VERTEX_POINT ( 'NONE', #5963 ) ;
#6081 = CARTESIAN_POINT ( 'NONE',  ( 0.7499999999999998900, -0.1443375672974360500, 0.2500000000000208200 ) ) ;
#6082 = ADVANCED_FACE ( 'NONE', ( #5330 ), #6060, .T. ) ;
#6083 = CARTESIAN_POINT ( 'NONE',  ( -0.5978271636319019100, 0.1257526063129275900, 0.04539958996240946900 ) ) ;
#6084 = CARTESIAN_POINT ( 'NONE',  ( 0.3194626534945999600, -0.1100202577408000000, -0.1281200840439999900 ) ) ;
#6085 = DIRECTION ( 'NONE',  ( -0.9781469922293089000, 0.2079145535857147000, 9.591707231657257600E-008 ) ) ;
#6086 = DIRECTION ( 'NONE',  ( 1.000000000000000000, -0.0000000000000000000, 0.0000000000000000000 ) ) ;
#6087 = CIRCLE ( 'NONE', #4193, 0.08500000000161785100 ) ;
#6088 = CARTESIAN_POINT ( 'NONE',  ( 0.2692985875673999900, 0.1681895259951000100, 0.03400527922761000000 ) ) ;
#6089 = DIRECTION ( 'NONE',  ( -0.0000000000000000000, -0.0000000000000000000, 1.000000000000000000 ) ) ;
#6090 = LINE ( 'NONE', #1433, #6055 ) ;
#6091 = DIRECTION ( 'NONE',  ( -1.000000000000000000, -0.0000000000000000000, -0.0000000000000000000 ) ) ;
#6092 = ORIENTED_EDGE ( 'NONE', *, *, #2111, .T. ) ;
#6093 = CARTESIAN_POINT ( 'NONE',  ( 0.2730608925119000200, 0.09898215523575000500, 0.1401663374361999900 ) ) ;
#6094 = CARTESIAN_POINT ( 'NONE',  ( 0.2711797400395999900, 0.1437453247988000100, 0.09370887910653000200 ) ) ;
#6095 = CARTESIAN_POINT ( 'NONE',  ( 0.7899107369740286900, 0.1680777916369651000, -0.2088807252608725600 ) ) ;
#6096 = SURFACE_STYLE_FILL_AREA ( #589 ) ;
#6097 = FACE_OUTER_BOUND ( 'NONE', #4836, .T. ) ;
#6098 = CARTESIAN_POINT ( 'NONE',  ( -0.6108307207146508300, 0.02609944567735556300, 0.06869961870803519000 ) ) ;
#6099 = CIRCLE ( 'NONE', #4442, 0.06200000000021190600 ) ;
#6100 = DIRECTION ( 'NONE',  ( 0.0000000000000000000, 0.0000000000000000000, -1.000000000000000000 ) ) ;
#6101 = ADVANCED_FACE ( 'NONE', ( #5232 ), #5198, .T. ) ;
#6102 = VECTOR ( 'NONE', #1379, 39.37007874015748100 ) ;
#6103 = ORIENTED_EDGE ( 'NONE', *, *, #2880, .T. ) ;
#6104 = CARTESIAN_POINT ( 'NONE',  ( 0.3260000000000931600, -1.065975624152775600E-013, -1.148795437741948800E-013 ) ) ;
#6105 = MANIFOLD_SOLID_BREP ( 'Imported1', #861 ) ;
#6106 = CARTESIAN_POINT ( 'NONE',  ( 0.2824666548732000000, -0.1642026362882000000, 0.04981513568717999700 ) ) ;
#6107 = DIRECTION ( 'NONE',  ( 0.0000000000000000000, 0.0000000000000000000, -1.000000000000000000 ) ) ;
#6108 = LINE ( 'NONE', #1278, #4883 ) ;
#6109 = CARTESIAN_POINT ( 'NONE',  ( 0.2862289598178000000, -0.1536117838765999900, -0.07646873399881000400 ) ) ;
#6110 = ADVANCED_FACE ( 'NONE', ( #5203 ), #6163, .T. ) ;
#6111 = CIRCLE ( 'NONE', #6858, 0.06200000000006851400 ) ;
#6112 = CARTESIAN_POINT ( 'NONE',  ( -0.7339999999999999900, -0.3075000000000000500, 0.0000000000000000000 ) ) ;
#6113 = CARTESIAN_POINT ( 'NONE',  ( -0.3905000000000000700, 0.3075000000000000000, -0.1999999999999999800 ) ) ;
#6114 = CARTESIAN_POINT ( 'NONE',  ( 0.2429624529556000100, 0.06416024152532000300, 0.1591464321436000000 ) ) ;
#6116 = ADVANCED_FACE ( 'NONE', ( #5520 ), #6278, .F. ) ;
#6115 = CARTESIAN_POINT ( 'NONE',  ( 0.2580116727337000100, -0.08212096005034000300, -0.1506660000194000000 ) ) ;
#6117 = EDGE_LOOP ( 'NONE', ( #3965, #979, #6757, #903, #897, #876, #841, #1219, #1190, #1168, #1141, #1253, #1322, #1305, #1276, #1263, #1424, #1460, #1477, #1576, #1532, #1731 ) ) ;
#6118 = CARTESIAN_POINT ( 'NONE',  ( 0.7788404885582191900, -0.2886751345948362400, -2.714133640958143600E-014 ) ) ;
#6119 = CARTESIAN_POINT ( 'NONE',  ( -0.7810000000000001400, -0.2988657521363000100, 0.2988657521363000100 ) ) ;
#6120 = DIRECTION ( 'NONE',  ( 0.0000000000000000000, 0.0000000000000000000, 1.000000000000000000 ) ) ;
#6121 = CARTESIAN_POINT ( 'NONE',  ( 0.2843478073455000300, -0.1709924126898999800, -0.01434033661473000000 ) ) ;
#6122 = AXIS2_PLACEMENT_3D ( 'NONE', #3249, #3238, #3237 ) ;
#6123 = VECTOR ( 'NONE', #1178, 39.37007874015748900 ) ;
#6124 = VECTOR ( 'NONE', #237, 39.37007874015748900 ) ;
#6125 = CARTESIAN_POINT ( 'NONE',  ( -0.7339999999999999900, -0.1469999999999999900, -0.2605000000000000100 ) ) ;
#6126 = ORIENTED_EDGE ( 'NONE', *, *, #1464, .F. ) ;
#6127 = CARTESIAN_POINT ( 'NONE',  ( -0.3608247673737853800, 0.07450851582617673600, -0.09508750555497942600 ) ) ;
#6128 = DIRECTION ( 'NONE',  ( 1.000000000000000000, -7.813423130936676000E-016, 7.337292704353690100E-016 ) ) ;
#6129 = CARTESIAN_POINT ( 'NONE',  ( 0.3947169712252000000, 2.134231029990791500E-016, -3.994900839484974600E-014 ) ) ;
#6130 = LINE ( 'NONE', #24, #6180 ) ;
#6131 = CIRCLE ( 'NONE', #72, 0.3057568851450932500 ) ;
#6132 = CARTESIAN_POINT ( 'NONE',  ( 0.2805855024010000000, -0.1342022015247000000, 0.1069290685357000000 ) ) ;
#6133 = ORIENTED_EDGE ( 'NONE', *, *, #2405, .T. ) ;
#6134 = AXIS2_PLACEMENT_3D ( 'NONE', #1793, #1766, #1683 ) ;
#6135 = ADVANCED_FACE ( 'NONE', ( #5079 ), #5009, .F. ) ;
#6136 = CARTESIAN_POINT ( 'NONE',  ( -0.6035826476055208300, 0.09867518311600800800, 0.07915464760213580800 ) ) ;
#6137 = CYLINDRICAL_SURFACE ( 'NONE', #3940, 0.09300000000006082600 ) ;
#6138 = ORIENTED_EDGE ( 'NONE', *, *, #6991, .T. ) ;
#6139 = CARTESIAN_POINT ( 'NONE',  ( 0.2467247579001000100, -0.06256605392625000400, 0.1597798650797999900 ) ) ;
#6140 = LINE ( 'NONE', #249, #6154 ) ;
#6141 = ORIENTED_EDGE ( 'NONE', *, *, #2397, .T. ) ;
#6142 = CARTESIAN_POINT ( 'NONE',  ( 0.2598928252059999900, -0.02068069180222000300, -0.1703420125581000000 ) ) ;
#6143 = AXIS2_PLACEMENT_3D ( 'NONE', #4123, #4132, #4148 ) ;
#6144 = ADVANCED_FACE ( 'NONE', ( #5030 ), #4991, .T. ) ;
#6145 = CIRCLE ( 'NONE', #6454, 0.1725000000000310700 ) ;
#6146 = CARTESIAN_POINT ( 'NONE',  ( 0.7656250000000044400, -1.747032054204694800E-014, -0.1725000000000311600 ) ) ;
#6147 = ORIENTED_EDGE ( 'NONE', *, *, #5251, .T. ) ;
#6148 = ORIENTED_EDGE ( 'NONE', *, *, #5251, .F. ) ;
#6149 = CARTESIAN_POINT ( 'NONE',  ( 0.2749420449842000000, 0.04022748081308000200, 0.1668107184782000000 ) ) ;
#6150 = CARTESIAN_POINT ( 'NONE',  ( 0.7968750000000000000, -1.749236418442916400E-014, 0.1724999999999966600 ) ) ;
#6151 = ADVANCED_FACE ( 'NONE', ( #4924 ), #6561, .T. ) ;
#6152 = DIRECTION ( 'NONE',  ( 9.616739269741827800E-016, 1.000000000000000000, 0.0000000000000000000 ) ) ;
#6153 = EDGE_CURVE ( 'NONE', #1808, #1945, #7024, .T. ) ;
#6154 = VECTOR ( 'NONE', #229, 39.37007874015748100 ) ;
#6155 = ORIENTED_EDGE ( 'NONE', *, *, #4781, .F. ) ;
#6156 = DIRECTION ( 'NONE',  ( -1.000000000000000000, -0.0000000000000000000, 0.0000000000000000000 ) ) ;
#6157 = EDGE_CURVE ( 'NONE', #4328, #5289, #5059, .T. ) ;
#6158 = CARTESIAN_POINT ( 'NONE',  ( 0.2523682153169000100, -0.1712534474502999700, 0.01078715263318999800 ) ) ;
#6159 = FACE_OUTER_BOUND ( 'NONE', #1456, .T. ) ;
#6161 = EDGE_LOOP ( 'NONE', ( #6407, #1306, #1725, #1821 ) ) ;
#6160 = DIRECTION ( 'NONE',  ( -0.0000000000000000000, -1.000000000000000000, -0.0000000000000000000 ) ) ;
#6162 = ORIENTED_EDGE ( 'NONE', *, *, #6534, .T. ) ;
#6163 = PLANE ( 'NONE',  #5080 ) ;
#6164 = CARTESIAN_POINT ( 'NONE',  ( 0.2765627883634135800, 9.159556301282127100E-008, 0.1680972335166995300 ) ) ;
#6165 = PLANE ( 'NONE',  #965 ) ;
#6166 = CARTESIAN_POINT ( 'NONE',  ( 0.2655362826227999900, 0.1456604050546000100, -0.09070352050973999600 ) ) ;
#6167 = EDGE_CURVE ( 'NONE', #3629, #3172, #6746, .T. ) ;
#6168 = LINE ( 'NONE', #1928, #3608 ) ;
#6169 = AXIS2_PLACEMENT_3D ( 'NONE', #5585, #5570, #5561 ) ;
#6170 = CIRCLE ( 'NONE', #7121, 0.2343750000000291200 ) ;
#6171 = DIRECTION ( 'NONE',  ( 0.0000000000000000000, -1.000000000000000000, 0.0000000000000000000 ) ) ;
#6172 = DIRECTION ( 'NONE',  ( -1.000000000000000000, 0.0000000000000000000, 0.0000000000000000000 ) ) ;
#6173 = CARTESIAN_POINT ( 'NONE',  ( 0.1964375974055192200, -0.06570117159321704800, -0.1552360644989249600 ) ) ;
#6174 = CONICAL_SURFACE ( 'NONE', #4279, 0.2894486372868748100, 1.134464013795892100 ) ;
#6175 = ORIENTED_EDGE ( 'NONE', *, *, #5113, .T. ) ;
#6176 = CARTESIAN_POINT ( 'NONE',  ( -1.060400000000000000, -0.1520000000000000000, -0.2444999999999999700 ) ) ;
#6177 = FACE_OUTER_BOUND ( 'NONE', #3838, .T. ) ;
#6178 = DIRECTION ( 'NONE',  ( -0.0000000000000000000, -0.0000000000000000000, -1.000000000000000000 ) ) ;
#6179 = DIRECTION ( 'NONE',  ( 0.0000000000000000000, 1.000000000000000000, -0.0000000000000000000 ) ) ;
#6180 = VECTOR ( 'NONE', #34, 39.37007874015748900 ) ;
#6181 = CARTESIAN_POINT ( 'NONE',  ( 0.2542493677891999900, -0.1631330642776999700, -0.05321377468501999700 ) ) ;
#6182 = LINE ( 'NONE', #460, #6124 ) ;
#6183 = ADVANCED_FACE ( 'NONE', ( #4084 ), #4978, .T. ) ;
#6184 = DIRECTION ( 'NONE',  ( 0.0000000000000000000, 0.0000000000000000000, -1.000000000000000000 ) ) ;
#6185 = FILL_AREA_STYLE_COLOUR ( '', #4925 ) ;
#6186 = VECTOR ( 'NONE', #1021, 39.37007874015748100 ) ;
#6187 = FACE_OUTER_BOUND ( 'NONE', #6117, .T. ) ;
#6188 = ORIENTED_EDGE ( 'NONE', *, *, #2099, .T. ) ;
#6190 = ADVANCED_FACE ( 'NONE', ( #5016 ), #6944, .F. ) ;
#6189 = CARTESIAN_POINT ( 'NONE',  ( 0.2674174350951000200, 0.1688594574503000100, -0.03050512365385999900 ) ) ;
#6191 = FACE_BOUND ( 'NONE', #1537, .T. ) ;
#6192 = DIRECTION ( 'NONE',  ( -0.7213873210325400000, 0.0000000000000000000, 0.6925318281880589200 ) ) ;
#6193 = FILL_AREA_STYLE ('',( #6185 ) ) ;
#6194 = VECTOR ( 'NONE', #548, 39.37007874015748100 ) ;
#6195 = CARTESIAN_POINT ( 'NONE',  ( 0.2297943856496999800, 0.01897568006359999900, -0.1705405297059000000 ) ) ;
#6196 = EDGE_CURVE ( 'NONE', #4058, #5083, #4955, .T. ) ;
#6197 = FACE_BOUND ( 'NONE', #2082, .T. ) ;
#6198 = CARTESIAN_POINT ( 'NONE',  ( 3.094640036498820100E-017, 3.684424488560181800E-014, -0.2343750000000291200 ) ) ;
#6199 = CARTESIAN_POINT ( 'NONE',  ( 0.01562000000000000000, 0.2553199999999999900, -0.3075000000000000000 ) ) ;
#6200 = EDGE_LOOP ( 'NONE', ( #4950, #4961, #4880, #4870 ) ) ;
#6201 = CARTESIAN_POINT ( 'NONE',  ( 0.7899107369748725700, 0.09685711861485928100, -0.2500000000000000000 ) ) ;
#6202 = FACE_BOUND ( 'NONE', #2996, .T. ) ;
#6203 = EDGE_CURVE ( 'NONE', #5331, #5272, #4037, .T. ) ;
#6204 = SURFACE_SIDE_STYLE ('',( #5216 ) ) ;
#6205 = ADVANCED_FACE ( 'NONE', ( #4015 ), #5770, .T. ) ;
#6206 = VECTOR ( 'NONE', #559, 39.37007874015748100 ) ;
#6207 = CARTESIAN_POINT ( 'NONE',  ( -0.7308999999999999900, -0.1469999999999999900, -0.2612046566428999900 ) ) ;
#6208 = CARTESIAN_POINT ( 'NONE',  ( 0.2392001480109999800, 0.1558911305697000000, 0.07170833984140999300 ) ) ;
#6209 = PLANE ( 'NONE',  #1601 ) ;
#6210 = CARTESIAN_POINT ( 'NONE',  ( 0.7788404885582130800, 0.1443375672974409900, -0.2500000000000122700 ) ) ;
#6211 = VECTOR ( 'NONE', #1726, 39.37007874015748100 ) ;
#6212 = ORIENTED_EDGE ( 'NONE', *, *, #6896, .T. ) ;
#6213 = ADVANCED_FACE ( 'NONE', ( #4947, #5052 ), #851, .T. ) ;
#6214 = SURFACE_STYLE_USAGE ( .BOTH. , #6204 ) ;
#6215 = CARTESIAN_POINT ( 'NONE',  ( 0.2241509282329000300, -0.1465611726062000000, -0.08924114758897000500 ) ) ;
#6216 = MECHANICAL_DESIGN_GEOMETRIC_PRESENTATION_REPRESENTATION (  '', ( #4879 ), #3330 ) ;
#6217 = LINE ( 'NONE', #520, #6194 ) ;
#6218 = FACE_BOUND ( 'NONE', #1820, .T. ) ;
#6219 = ORIENTED_EDGE ( 'NONE', *, *, #2111, .F. ) ;
#6220 = ORIENTED_EDGE ( 'NONE', *, *, #2922, .F. ) ;
#6221 = ADVANCED_FACE ( 'NONE', ( #4933 ), #4835, .T. ) ;
#6222 = PLANE ( 'NONE',  #3854 ) ;
#6223 =( LENGTH_UNIT ( ) NAMED_UNIT ( * ) SI_UNIT ( $, .METRE. ) );
#6224 = CARTESIAN_POINT ( 'NONE',  ( 0.2260320807051000000, -0.1032484396072000000, -0.1370544262965000000 ) ) ;
#6225 = VECTOR ( 'NONE', #910, 39.37007874015748100 ) ;
#6226 = VECTOR ( 'NONE', #575, 39.37007874015748100 ) ;
#6227 = ORIENTED_EDGE ( 'NONE', *, *, #2822, .T. ) ;
#6228 = DIRECTION ( 'NONE',  ( 1.000000000000000000, 0.0000000000000000000, 0.0000000000000000000 ) ) ;
#6229 = CARTESIAN_POINT ( 'NONE',  ( -0.7339999999999999900, -0.2580939751330999500, 0.1308147545195000300 ) ) ;
#6230 =( CONVERSION_BASED_UNIT ( 'INCH', #5153 ) LENGTH_UNIT ( ) NAMED_UNIT ( #2668 ) );
#6231 = CARTESIAN_POINT ( 'NONE',  ( 0.2768231974563999900, -0.02421348810282999600, 0.1698757482355000000 ) ) ;
#6232 = VECTOR ( 'NONE', #308, 39.37007874015748100 ) ;
#6233 = CARTESIAN_POINT ( 'NONE',  ( 0.2787043499287000200, -0.08523176992464998000, 0.1489281877284000000 ) ) ;
#6234 = EDGE_LOOP ( 'NONE', ( #4344, #6698, #5341, #5974, #613, #1755, #763 ) ) ;
#6235 = ORIENTED_EDGE ( 'NONE', *, *, #5312, .T. ) ;
#6236 = AXIS2_PLACEMENT_3D ( 'NONE', #3815, #3832, #3839 ) ;
#6237 = CARTESIAN_POINT ( 'NONE',  ( 0.3266102505536999100, 2.240937538479272500E-017, 7.881168036096894900E-014 ) ) ;
#6238 = CARTESIAN_POINT ( 'NONE',  ( 0.2374925695545999900, -0.1912481936432000000, -0.01683319707158999900 ) ) ;
#6239 = FACE_BOUND ( 'NONE', #6037, .T. ) ;
#6240 = CARTESIAN_POINT ( 'NONE',  ( 0.2899912647623000300, -0.05923591061458000100, -0.1610439329978000100 ) ) ;
#6241 = VECTOR ( 'NONE', #608, 39.37007874015748900 ) ;
#6242 = ADVANCED_FACE ( 'NONE', ( #4849 ), #1771, .T. ) ;
#6243 = ORIENTED_EDGE ( 'NONE', *, *, #4461, .F. ) ;
#6244 = B_SPLINE_CURVE_WITH_KNOTS ( 'NONE', 3,
 ( #6752, #6765, #6742, #6728 ),
 .UNSPECIFIED., .F., .F.,
 ( 4, 4 ),
 ( 0.0000000000000000000, 0.003694680973268061700 ),
 .UNSPECIFIED. ) ;
#6245 =( NAMED_UNIT ( * ) PLANE_ANGLE_UNIT ( ) SI_UNIT ( $, .RADIAN. ) );
#6246 = LINE ( 'NONE', #2459, #3493 ) ;
#6247 = CARTESIAN_POINT ( 'NONE',  ( -0.8014409913475677400, 0.2444999999999999700, 0.1013157342504089300 ) ) ;
#6249 = EDGE_CURVE ( 'NONE', #5322, #4445, #4194, .T. ) ;
#6248 = ORIENTED_EDGE ( 'NONE', *, *, #4287, .T. ) ;
#6250 = ORIENTED_EDGE ( 'NONE', *, *, #4720, .F. ) ;
#6251 = CARTESIAN_POINT ( 'NONE',  ( 0.2881101122900999700, -0.1145175774969000000, -0.1277879840695000100 ) ) ;
#6252 = ADVANCED_FACE ( 'NONE', ( #4907 ), #1653, .T. ) ;
#6253 = CARTESIAN_POINT ( 'NONE',  ( 0.1376179145084000000, 0.07110218827929000500, -0.1561691778026000100 ) ) ;
#6254 =( NAMED_UNIT ( * ) SI_UNIT ( $, .STERADIAN. ) SOLID_ANGLE_UNIT ( ) );
#6255 = VECTOR ( 'NONE', #3099, 39.37007874015748100 ) ;
#6256 = CIRCLE ( 'NONE', #6369, 0.1264999999999961200 ) ;
#6257 = CARTESIAN_POINT ( 'NONE',  ( 0.09999968334695628900, -0.1359696096524190800, -0.09883672460704090400 ) ) ;
#6258 = EDGE_CURVE ( 'NONE', #2037, #842, #4941, .T. ) ;
#6260 = ADVANCED_FACE ( 'NONE', ( #4900 ), #4756, .F. ) ;
#6259 = CARTESIAN_POINT ( 'NONE',  ( 0.1413802194530000000, 0.1588975805992999800, -0.06477564985728999400 ) ) ;
#6261 = PRODUCT_DEFINITION ( 'UNKNOWN', '', #2100, #5271 ) ;
#6262 = LINE ( 'NONE', #2317, #6284 ) ;
#6263 = CARTESIAN_POINT ( 'NONE',  ( -0.6030052103662053600, 0.02443606222239113100, 0.02037335578571500300 ) ) ;
#6264 = VECTOR ( 'NONE', #4125, 39.37007874015748900 ) ;
#6265 = CARTESIAN_POINT ( 'NONE',  ( -0.7339999999999999900, -0.02199999999999999900, -0.2444999999999999700 ) ) ;
#6266 = VECTOR ( 'NONE', #796, 39.37007874015748100 ) ;
#6267 = LINE ( 'NONE', #3120, #6255 ) ;
#6268 = CARTESIAN_POINT ( 'NONE',  ( -0.7339999999999999900, 0.1949999999999999800, 0.0000000000000000000 ) ) ;
#6269 = EDGE_CURVE ( 'NONE', #2743, #6287, #4875, .T. ) ;
#6270 = ORIENTED_EDGE ( 'NONE', *, *, #2278, .F. ) ;
#6271 = DIRECTION ( 'NONE',  ( 0.0000000000000000000, -1.000000000000000000, 0.0000000000000000000 ) ) ;
#6272 = DIRECTION ( 'NONE',  ( -0.0000000000000000000, -0.0000000000000000000, 1.000000000000000000 ) ) ;
#6273 = DIRECTION ( 'NONE',  ( -0.0000000000000000000, 0.7071067811836738700, -0.7071067811894210500 ) ) ;
#6274 = FACE_BOUND ( 'NONE', #1129, .T. ) ;
#6275 = CARTESIAN_POINT ( 'NONE',  ( 0.1432613719252000000, 0.1715867472323000000, -0.001520006829269000000 ) ) ;
#6276 = CARTESIAN_POINT ( 'NONE',  ( -0.7909999999999595100, -0.02199999999995364000, -0.2444999999999999400 ) ) ;
#6277 = LINE ( 'NONE', #560, #6226 ) ;
#6278 = PLANE ( 'NONE',  #4929 ) ;
#6279 = CARTESIAN_POINT ( 'NONE',  ( -0.7012468282987925900, 0.02401112633370385300, 0.02182250319205720000 ) ) ;
#6280 = ADVANCED_FACE ( 'NONE', ( #4105 ), #2952, .F. ) ;
#6281 = CARTESIAN_POINT ( 'NONE',  ( 0.7505083303678999900, 1.164130068862634600E-014, -0.1879879971531077400 ) ) ;
#6282 = EDGE_CURVE ( 'NONE', #4167, #842, #4164, .T. ) ;
#6283 = CARTESIAN_POINT ( 'NONE',  ( 0.1338556095639000000, -0.05547702776739999600, -0.1623780771806999900 ) ) ;
#6284 = VECTOR ( 'NONE', #2206, 39.37007874015748100 ) ;
#6285 = CARTESIAN_POINT ( 'NONE',  ( 0.3846441616224999800, 6.777335710081271800E-017, 0.1874385851268564300 ) ) ;
#6286 = DIRECTION ( 'NONE',  ( 2.444793052347634800E-016, -3.532958964958343900E-031, -1.000000000000000000 ) ) ;
#6287 = VERTEX_POINT ( 'NONE', #3076 ) ;
#6288 = B_SPLINE_CURVE_WITH_KNOTS ( 'NONE', 3,
 ( #3028, #3196, #3257, #3310, #3292, #3303 ),
 .UNSPECIFIED., .F., .F.,
 ( 4, 2, 4 ),
 ( 0.0000000000000000000, 0.0006864888684958738100, 0.001372977736991747600 ),
 .UNSPECIFIED. ) ;
#6289 = CARTESIAN_POINT ( 'NONE',  ( -0.7810000000000001400, -0.2955706345359500100, 0.1682914139223499500 ) ) ;
#6290 = ADVANCED_FACE ( 'NONE', ( #4817 ), #3140, .T. ) ;
#6291 = VECTOR ( 'NONE', #3086, 39.37007874015748100 ) ;
#6292 = CARTESIAN_POINT ( 'NONE',  ( 0.3106839419572999800, -0.1060669928492000000, 0.1348844027668000000 ) ) ;
#6293 = VECTOR ( 'NONE', #1323, 39.37007874015748100 ) ;
#6294 = EDGE_CURVE ( 'NONE', #3548, #5533, #4824, .T. ) ;
#6295 = ADVANCED_FACE ( 'NONE', ( #4740 ), #3578, .T. ) ;
#6296 = CARTESIAN_POINT ( 'NONE',  ( -0.8939999999999997900, -0.1548563850798500000, 0.2100107140123999800 ) ) ;
#6297 = DIRECTION ( 'NONE',  ( 0.0000000000000000000, 0.0000000000000000000, -1.000000000000000000 ) ) ;
#6298 = DIRECTION ( 'NONE',  ( 0.0000000000000000000, 0.0000000000000000000, 1.000000000000000000 ) ) ;
#6299 = LINE ( 'NONE', #819, #6312 ) ;
#6300 = EDGE_LOOP ( 'NONE', ( #6380, #6432, #6468, #6585, #1889, #6569 ) ) ;
#6301 = CARTESIAN_POINT ( 'NONE',  ( 0.2993970271236999800, 0.1715038937797999900, -0.005517383572008999900 ) ) ;
#6302 = CARTESIAN_POINT ( 'NONE',  ( 0.2918724172346000000, 0.004418949540805999900, -0.1715357438290000000 ) ) ;
#6303 = EDGE_CURVE ( 'NONE', #2008, #1560, #4705, .T. ) ;
#6304 = CIRCLE ( 'NONE', #5740, 0.1874999999999694400 ) ;
#6305 = DIRECTION ( 'NONE',  ( 1.000000000000000000, 0.0000000000000000000, 0.0000000000000000000 ) ) ;
#6306 = LINE ( 'NONE', #856, #6266 ) ;
#6307 = VERTEX_POINT ( 'NONE', #3874 ) ;
#6308 = CARTESIAN_POINT ( 'NONE',  ( 0.2937535697068999800, 0.06744916161613999400, -0.1577803733643000100 ) ) ;
#6309 = DIRECTION ( 'NONE',  ( 1.000000000000000000, -0.0000000000000000000, 0.0000000000000000000 ) ) ;
#6310 = ORIENTED_EDGE ( 'NONE', *, *, #3394, .F. ) ;
#6311 = CARTESIAN_POINT ( 'NONE',  ( 0.2956347221790999700, 0.1209451869587999800, -0.1217222021690000000 ) ) ;
#6312 = VECTOR ( 'NONE', #836, 39.37007874015748100 ) ;
#6313 = LINE ( 'NONE', #843, #6404 ) ;
#6315 = EDGE_CURVE ( 'NONE', #361, #5063, #4712, .T. ) ;
#6314 = ORIENTED_EDGE ( 'NONE', *, *, #6008, .T. ) ;
#6316 = ORIENTED_EDGE ( 'NONE', *, *, #6628, .T. ) ;
#6317 = CARTESIAN_POINT ( 'NONE',  ( 0.2975158746514000000, 0.1573451829880999600, -0.06845818650561000300 ) ) ;
#6318 = EDGE_CURVE ( 'NONE', #5838, #371, #4689, .T. ) ;
#6319 = ADVANCED_FACE ( 'NONE', ( #4652 ), #4608, .T. ) ;
#6320 = DIRECTION ( 'NONE',  ( -0.0000000000000000000, -0.7071067811865474600, -0.7071067811865474600 ) ) ;
#6321 = CONICAL_SURFACE ( 'NONE', #6134, 0.1420360850511861200, 0.5235987755984401500 ) ;
#6322 = CARTESIAN_POINT ( 'NONE',  ( 0.7192583303678997700, -1.164130068862634600E-014, 6.189280072997063400E-017 ) ) ;
#6323 = CARTESIAN_POINT ( 'NONE',  ( -0.7809999999999999200, -0.2454999999999532600, -0.2454999999999532300 ) ) ;
#6324 = ORIENTED_EDGE ( 'NONE', *, *, #7111, .T. ) ;
#6325 = CARTESIAN_POINT ( 'NONE',  ( 0.2203886232883000000, -0.1678408197173000000, 0.03568790256920999900 ) ) ;
#6326 = EDGE_CURVE ( 'NONE', #1125, #1404, #4628, .T. ) ;
#6327 = ADVANCED_FACE ( 'NONE', ( #4735 ), #4589, .T. ) ;
#6328 = CARTESIAN_POINT ( 'NONE',  ( 0.2222697757606000000, -0.1691566417733000000, -0.02881308703191999600 ) ) ;
#6329 = LINE ( 'NONE', #705, #4789 ) ;
#6330 = CARTESIAN_POINT ( 'NONE',  ( 0.7211595114417815900, 0.1443375672974181200, 0.2500000000000014400 ) ) ;
#6332 = ORIENTED_EDGE ( 'NONE', *, *, #5441, .F. ) ;
#6331 = DIRECTION ( 'NONE',  ( 0.0000000000000000000, 1.000000000000000000, 0.0000000000000000000 ) ) ;
#6333 = EDGE_LOOP ( 'NONE', ( #2690, #920, #988 ) ) ;
#6334 = CARTESIAN_POINT ( 'NONE',  ( 0.2636551301505000200, 0.1018716351829000000, -0.1380806123120000000 ) ) ;
#6335 = CARTESIAN_POINT ( 'NONE',  ( -0.7819400000000001900, 0.3024999999999504800, 0.2440000000000054300 ) ) ;
#6337 = ADVANCED_FACE ( 'NONE', ( #4124, #4634 ), #5119, .F. ) ;
#6336 = CARTESIAN_POINT ( 'NONE',  ( 0.2617739776783000200, 0.04368286173387000300, -0.1659394361897000000 ) ) ;
#6338 = CIRCLE ( 'NONE', #1925, 0.2499999999998772100 ) ;
#6339 = EDGE_CURVE ( 'NONE', #1649, #123, #4576, .T. ) ;
#6340 = LINE ( 'NONE', #1283, #6359 ) ;
#6341 = VERTEX_POINT ( 'NONE', #5513 ) ;
#6342 = DIRECTION ( 'NONE',  ( 0.0000000000000000000, -1.000000000000000000, 0.0000000000000000000 ) ) ;
#6343 = CARTESIAN_POINT ( 'NONE',  ( -0.5797594369715916000, 0.1337988276531001700, 0.002715623230262542400 ) ) ;
#6344 = CIRCLE ( 'NONE', #2160, 0.2499999999999558700 ) ;
#6345 = ADVANCED_FACE ( 'NONE', ( #4545 ), #4532, .T. ) ;
#6346 = ORIENTED_EDGE ( 'NONE', *, *, #4318, .T. ) ;
#6347 = CARTESIAN_POINT ( 'NONE',  ( 0.7031250000000154300, 0.2165063509434527700, 0.1250000000046127800 ) ) ;
#6348 = EDGE_CURVE ( 'NONE', #1462, #4622, #4539, .T. ) ;
#6349 = CARTESIAN_POINT ( 'NONE',  ( 0.7968750000000300900, 2.656640782411016600E-018, 0.2499999999999521800 ) ) ;
#6350 = COLOUR_RGB ( '',0.7529411764705882200, 0.7529411764705882200, 0.7529411764705882200 ) ;
#6351 = CARTESIAN_POINT ( 'NONE',  ( 0.2504870628445999800, -0.1551663622322000100, 0.07326328839017000300 ) ) ;
#6352 = DIRECTION ( 'NONE',  ( 0.0000000000000000000, 0.0000000000000000000, 1.000000000000000000 ) ) ;
#6353 = DIRECTION ( 'NONE',  ( -0.9205048534525056600, 0.3907311284891196700, 0.0000000000000000000 ) ) ;
#6354 = ADVANCED_FACE ( 'NONE', ( #4498 ), #4203, .T. ) ;
#6355 = PRESENTATION_STYLE_ASSIGNMENT (( #614 ) ) ;
#6356 = CARTESIAN_POINT ( 'NONE',  ( 0.7968750000000398600, 0.04886364035931030400, 0.2500000000000000000 ) ) ;
#6357 = LINE ( 'NONE', #671, #4750 ) ;
#6358 = CARTESIAN_POINT ( 'NONE',  ( 0.2486059103724000100, -0.1171457733321999800, 0.1253833349073000000 ) ) ;
#6359 = VECTOR ( 'NONE', #1293, 39.37007874015748900 ) ;
#6360 = CARTESIAN_POINT ( 'NONE',  ( 0.2448436054278000100, 0.0008577020236172000000, 0.1715907464319999800 ) ) ;
#6361 = EDGE_CURVE ( 'NONE', #4045, #4902, #6837, .T. ) ;
#6362 = VECTOR ( 'NONE', #3186, 39.37007874015748900 ) ;
#6363 = CARTESIAN_POINT ( 'NONE',  ( -0.7339999999999999900, 0.0000000000000000000, -0.1949999999999999800 ) ) ;
#6364 = LINE ( 'NONE', #406, #6385 ) ;
#6365 = DIRECTION ( 'NONE',  ( 1.000000000000000000, 0.0000000000000000000, 0.0000000000000000000 ) ) ;
#6366 = EDGE_LOOP ( 'NONE', ( #3796, #1229, #2989, #5497 ) ) ;
#6367 = CARTESIAN_POINT ( 'NONE',  ( 0.2561305202615000200, -0.1319530858530000000, -0.1096926715079000100 ) ) ;
#6368 = CYLINDRICAL_SURFACE ( 'NONE', #5465, 0.03270000000005143100 ) ;
#6369 = AXIS2_PLACEMENT_3D ( 'NONE', #227, #219, #217 ) ;
#6370 = ADVANCED_FACE ( 'NONE', ( #4558 ), #5933, .F. ) ;
#6371 = CARTESIAN_POINT ( 'NONE',  ( 0.7788404885582546100, 0.1443375672973983600, 0.2500000000000000000 ) ) ;
#6372 = DIRECTION ( 'NONE',  ( 2.731847993644627600E-014, 1.000000000000000000, 0.0000000000000000000 ) ) ;
#6373 = AXIS2_PLACEMENT_3D ( 'NONE', #1935, #1947, #1958 ) ;
#6374 = CIRCLE ( 'NONE', #6618, 0.1874999999999657200 ) ;
#6375 = CARTESIAN_POINT ( 'NONE',  ( 0.7899107369749265300, 0.09685711861487532300, 0.2500000000000000000 ) ) ;
#6376 = CARTESIAN_POINT ( 'NONE',  ( 0.1953236269055654000, -0.09915588812174133700, -0.1380563226586873400 ) ) ;
#6377 = DIRECTION ( 'NONE',  ( -1.000000000000000000, 0.0000000000000000000, -4.268512490100792000E-016 ) ) ;
#6378 = VECTOR ( 'NONE', #324, 39.37007874015748100 ) ;
#6379 = CARTESIAN_POINT ( 'NONE',  ( 0.0000000000000000000, 0.0000000000000000000, -0.3075000000000000000 ) ) ;
#6380 = ORIENTED_EDGE ( 'NONE', *, *, #1949, .T. ) ;
#6381 = ADVANCED_FACE ( 'NONE', ( #4490 ), #6862, .F. ) ;
#6382 = AXIS2_PLACEMENT_3D ( 'NONE', #3617, #3564, #3546 ) ;
#6383 = CARTESIAN_POINT ( 'NONE',  ( -0.8889999999999996800, 0.2444999999999999400, -0.1029999999999998000 ) ) ;
#6384 = CARTESIAN_POINT ( 'NONE',  ( 0.7031250000000026600, -1.161003130900483900E-014, 0.1724999999999971300 ) ) ;
#6385 = VECTOR ( 'NONE', #480, 39.37007874015748100 ) ;
#6386 = CARTESIAN_POINT ( 'NONE',  ( 0.2753744782932696100, 0.04027976213198679300, 0.1645271284499200700 ) ) ;
#6387 = LINE ( 'NONE', #3200, #6291 ) ;
#6388 = LINE ( 'NONE', #892, #6396 ) ;
#6389 = DIRECTION ( 'NONE',  ( 0.3907311284891195600, 0.9205048534525057700, -3.430780042039951100E-013 ) ) ;
#6390 = CARTESIAN_POINT ( 'NONE',  ( 0.3072694059889384300, 0.01831680398819430000, 0.1680946850320593800 ) ) ;
#6391 = CARTESIAN_POINT ( 'NONE',  ( -0.7339999999999999900, 3.930074648464835200E-014, -0.1265000000000640300 ) ) ;
#6392 = ADVANCED_FACE ( 'NONE', ( #4597 ), #4421, .F. ) ;
#6393 = AXIS2_PLACEMENT_3D ( 'NONE', #5467, #5457, #5443 ) ;
#6394 = VERTEX_POINT ( 'NONE', #7157 ) ;
#6395 = FACE_OUTER_BOUND ( 'NONE', #3726, .T. ) ;
#6396 = VECTOR ( 'NONE', #807, 39.37007874015748100 ) ;
#6397 = DIRECTION ( 'NONE',  ( 0.0000000000000000000, 1.000000000000000000, 0.0000000000000000000 ) ) ;
#6398 = DIRECTION ( 'NONE',  ( 0.9961946980917315600, 1.067350013834258300E-017, 0.08715574274781830200 ) ) ;
#6399 = DIRECTION ( 'NONE',  ( -1.453203414598485000E-015, 0.0000000000000000000, -1.000000000000000000 ) ) ;
#6400 = ORIENTED_EDGE ( 'NONE', *, *, #2969, .F. ) ;
#6401 = CARTESIAN_POINT ( 'NONE',  ( 0.1946268922461183200, -0.1173798494833216400, -0.1223365583740028100 ) ) ;
#6402 = ADVANCED_FACE ( 'NONE', ( #4195 ), #7136, .T. ) ;
#6403 = FACE_OUTER_BOUND ( 'NONE', #3523, .T. ) ;
#6404 = VECTOR ( 'NONE', #816, 39.37007874015748100 ) ;
#6405 = CARTESIAN_POINT ( 'NONE',  ( -0.3521198432746000000, 0.07580336322413000500, -0.1029495596981999900 ) ) ;
#6406 = EDGE_CURVE ( 'NONE', #6912, #5207, #6431, .T. ) ;
#6407 = ORIENTED_EDGE ( 'NONE', *, *, #6282, .F. ) ;
#6408 = DIRECTION ( 'NONE',  ( 0.0000000000000000000, 0.0000000000000000000, 1.000000000000000000 ) ) ;
#6409 = EDGE_CURVE ( 'NONE', #4409, #6287, #4450, .T. ) ;
#6410 = CARTESIAN_POINT ( 'NONE',  ( -0.6711463195908562400, 0.01123421843208607200, 0.02217749680794516000 ) ) ;
#6411 = DIRECTION ( 'NONE',  ( -1.000000000000000000, 0.0000000000000000000, 0.0000000000000000000 ) ) ;
#6412 = B_SPLINE_SURFACE_WITH_KNOTS ( 'NONE', 3, 3, ( 
 ( #5349, #5320, #5285, #5369, #5385, #5394, #5404 ),
 ( #5423, #5435, #5445, #5454, #5462, #5482, #5499 ),
 ( #5509, #5528, #5548, #5555, #5565, #5579, #5591 ),
 ( #5609, #5616, #5625, #5630, #5642, #5665, #5683 ) ),
 .UNSPECIFIED., .F., .F., .F.,
 ( 4, 4 ),
 ( 4, 1, 1, 1, 4 ),
 ( -0.04404104018090000000, 1.044041040181000100 ),
 ( -0.03525565089029000100, 0.4230678106833999900, 0.8813912722571000100, 1.339714733831000000, 1.798038195405000000 ),
 .UNSPECIFIED. ) ;
#6413 = CARTESIAN_POINT ( 'NONE',  ( 0.1933252476082601400, -0.1449155077431013800, -0.08800832217575659000 ) ) ;
#6414 = DIRECTION ( 'NONE',  ( 1.000000000000000000, -3.327275781276495800E-014, 3.327275781168551800E-014 ) ) ;
#6415 = LINE ( 'NONE', #632, #4774 ) ;
#6417 = ADVANCED_FACE ( 'NONE', ( #4413 ), #4383, .T. ) ;
#6416 = CARTESIAN_POINT ( 'NONE',  ( -0.6628346809863986400, -0.009675629125260156200, -0.01349741900340970000 ) ) ;
#6418 = VERTEX_POINT ( 'NONE', #6878 ) ;
#6419 = VERTEX_POINT ( 'NONE', #6864 ) ;
#6420 = VECTOR ( 'NONE', #4668, 39.37007874015748100 ) ;
#6421 = CARTESIAN_POINT ( 'NONE',  ( -0.3632827240918000100, 0.07397595233775999800, -0.09089851934055999400 ) ) ;
#6422 = EDGE_CURVE ( 'NONE', #1399, #1337, #4387, .T. ) ;
#6423 = LINE ( 'NONE', #806, #6241 ) ;
#6424 = ORIENTED_EDGE ( 'NONE', *, *, #1962, .T. ) ;
#6425 = ADVANCED_FACE ( 'NONE', ( #1875 ), #4335, .T. ) ;
#6426 = CARTESIAN_POINT ( 'NONE',  ( -0.5961450523476752300, 0.1336663177081966700, 0.002855919044178672600 ) ) ;
#6427 = DIRECTION ( 'NONE',  ( -1.000000000000000000, -0.0000000000000000000, -0.0000000000000000000 ) ) ;
#6428 = CYLINDRICAL_SURFACE ( 'NONE', #4657, 0.06200000000021190600 ) ;
#6429 = DIRECTION ( 'NONE',  ( 0.0000000000000000000, 1.000000000000000000, 0.0000000000000000000 ) ) ;
#6430 = PLANE ( 'NONE',  #4216 ) ;
#6431 = B_SPLINE_CURVE_WITH_KNOTS ( 'NONE', 3,
 ( #7097, #7116, #7070, #7059, #7034, #7020, #7014, #7003, #6988, #6976 ),
 .UNSPECIFIED., .F., .F.,
 ( 4, 3, 3, 4 ),
 ( 1.662063783033302300E-011, 0.0002288242459613409200, 0.0003866519351968576800, 0.0005444915625345050100 ),
 .UNSPECIFIED. ) ;
#6432 = ORIENTED_EDGE ( 'NONE', *, *, #7072, .T. ) ;
#6433 = ORIENTED_EDGE ( 'NONE', *, *, #6269, .T. ) ;
#6434 = CARTESIAN_POINT ( 'NONE',  ( 0.1909198062404693900, -0.1678063148277184600, -0.01010485010824117300 ) ) ;
#6435 = CARTESIAN_POINT ( 'NONE',  ( 0.7499999999999998900, -0.1443375672974360500, -0.2500000000000208200 ) ) ;
#6436 = LINE ( 'NONE', #5076, #6537 ) ;
#6437 = DIRECTION ( 'NONE',  ( 1.000000000000000000, -1.108751990959527400E-015, -1.180700948117231100E-015 ) ) ;
#6438 = ORIENTED_EDGE ( 'NONE', *, *, #5149, .F. ) ;
#6439 = DIRECTION ( 'NONE',  ( 0.0000000000000000000, 0.0000000000000000000, -1.000000000000000000 ) ) ;
#6440 = CARTESIAN_POINT ( 'NONE',  ( 0.2701604072761010800, 0.1617882229842537200, 0.04708883689479772400 ) ) ;
#6441 = FACE_OUTER_BOUND ( 'NONE', #1543, .T. ) ;
#6442 = CARTESIAN_POINT ( 'NONE',  ( -0.7339999999999976500, 0.2524999999999999500, 0.1101935541909824200 ) ) ;
#6444 = EDGE_CURVE ( 'NONE', #2022, #1991, #6244, .T. ) ;
#6443 = EDGE_LOOP ( 'NONE', ( #4025, #4072, #4150, #3962 ) ) ;
#6445 = ADVANCED_FACE ( 'NONE', ( #4340 ), #4305, .F. ) ;
#6446 = CARTESIAN_POINT ( 'NONE',  ( -0.3911223279416000100, 0.07049978021701999700, -0.07188906317351000100 ) ) ;
#6447 = LINE ( 'NONE', #3176, #6718 ) ;
#6448 = VECTOR ( 'NONE', #5360, 39.37007874015748100 ) ;
#6449 = CARTESIAN_POINT ( 'NONE',  ( -0.3904999999999999600, 0.2455000000000000000, 0.3075000000000218100 ) ) ;
#6450 = CIRCLE ( 'NONE', #4333, 0.1892431148550480500 ) ;
#6451 = CARTESIAN_POINT ( 'NONE',  ( -0.7339999999999999900, 0.0000000000000000000, -0.2605000000000000600 ) ) ;
#6452 = DIRECTION ( 'NONE',  ( 4.468250692811387700E-016, 1.000000000000000000, 0.0000000000000000000 ) ) ;
#6453 = LINE ( 'NONE', #296, #6378 ) ;
#6454 = AXIS2_PLACEMENT_3D ( 'NONE', #1216, #1224, #1239 ) ;
#6455 = VECTOR ( 'NONE', #5212, 39.37007874015748100 ) ;
#6456 = ORIENTED_EDGE ( 'NONE', *, *, #1687, .F. ) ;
#6457 = ADVANCED_FACE ( 'NONE', ( #4514 ), #4444, .T. ) ;
#6458 = CARTESIAN_POINT ( 'NONE',  ( 0.2964992073019966400, -0.1430028537833895300, 0.1212666237302482100 ) ) ;
#6459 = CARTESIAN_POINT ( 'NONE',  ( 0.2140606878154331600, -3.225167462209514100E-008, 0.1680964471711262100 ) ) ;
#6460 = LINE ( 'NONE', #3223, #6362 ) ;
#6461 = CARTESIAN_POINT ( 'NONE',  ( 0.2094255206969000100, -0.1433441771295999900, -0.1277174334369000100 ) ) ;
#6462 = DIRECTION ( 'NONE',  ( 1.000000000000000000, -0.0000000000000000000, -0.0000000000000000000 ) ) ;
#6463 = VECTOR ( 'NONE', #1378, 39.37007874015748900 ) ;
#6464 = EDGE_CURVE ( 'NONE', #1508, #5004, #4375, .T. ) ;
#6465 = FACE_BOUND ( 'NONE', #1939, .T. ) ;
#6466 = DIRECTION ( 'NONE',  ( 0.0000000000000000000, -0.7071067811865474600, -0.7071067811865474600 ) ) ;
#6467 = ADVANCED_FACE ( 'NONE', ( #4280 ), #6647, .F. ) ;
#6468 = ORIENTED_EDGE ( 'NONE', *, *, #2678, .T. ) ;
#6469 = CARTESIAN_POINT ( 'NONE',  ( 0.7968750000000000000, -0.2165063509434214700, -0.1250000000046352900 ) ) ;
#6470 = EDGE_CURVE ( 'NONE', #6673, #3373, #891, .T. ) ;
#6471 = CARTESIAN_POINT ( 'NONE',  ( 0.3742980247883998500, 1.067115514995441500E-016, -2.131481711931640500E-014 ) ) ;
#6472 = CARTESIAN_POINT ( 'NONE',  ( 0.2967622576919195500, -0.1542981249277780000, 0.1075528020775476700 ) ) ;
#6473 = LINE ( 'NONE', #1358, #6552 ) ;
#6474 = ADVANCED_FACE ( 'NONE', ( #4224 ), #4211, .F. ) ;
#6475 = DIRECTION ( 'NONE',  ( 1.000000000000000000, 0.0000000000000000000, 0.0000000000000000000 ) ) ;
#6476 = CARTESIAN_POINT ( 'NONE',  ( 0.7784797983293999500, 1.340152852673150400E-014, 1.837850737737633100E-013 ) ) ;
#6477 = EDGE_CURVE ( 'NONE', #5982, #5053, #4321, .T. ) ;
#6478 = CIRCLE ( 'NONE', #4685, 0.2500000000001477200 ) ;
#6479 = ORIENTED_EDGE ( 'NONE', *, *, #6855, .T. ) ;
#6480 = AXIS2_PLACEMENT_3D ( 'NONE', #4104, #4126, #4200 ) ;
#6481 = CARTESIAN_POINT ( 'NONE',  ( 0.2696345593191953900, 0.1655420049581512200, 0.02978116016656762200 ) ) ;
#6482 = CARTESIAN_POINT ( 'NONE',  ( 0.2694582372620079600, 0.1664968714671309900, 0.02391344004191790100 ) ) ;
#6483 = ADVANCED_FACE ( 'NONE', ( #4284 ), #4183, .T. ) ;
#6484 = VECTOR ( 'NONE', #1354, 39.37007874015748100 ) ;
#6485 = CONICAL_SURFACE ( 'NONE', #1868, 0.2894486372868087500, 1.134464013796606900 ) ;
#6486 = ORIENTED_EDGE ( 'NONE', *, *, #6048, .F. ) ;
#6487 = CARTESIAN_POINT ( 'NONE',  ( 0.2970232980978028700, -0.1635862268199228000, 0.09223819214272387100 ) ) ;
#6488 = VERTEX_POINT ( 'NONE', #6384 ) ;
#6489 = CARTESIAN_POINT ( 'NONE',  ( 0.2691035143378620000, 0.1677740810818677500, 0.01204175698964580900 ) ) ;
#6490 = EDGE_CURVE ( 'NONE', #5154, #5289, #4253, .T. ) ;
#6491 = ADVANCED_FACE ( 'NONE', ( #3875 ), #4158, .T. ) ;
#6492 = VECTOR ( 'NONE', #3372, 39.37007874015747400 ) ;
#6493 = CARTESIAN_POINT ( 'NONE',  ( 0.2975453789095752800, -0.1775192318113385800, 0.05970752856339597200 ) ) ;
#6494 = CARTESIAN_POINT ( 'NONE',  ( 0.2166828389508000100, -0.08711805662275000400, -0.1632172179813999600 ) ) ;
#6495 = CIRCLE ( 'NONE', #116, 0.1725000000000312100 ) ;
#6496 = ORIENTED_EDGE ( 'NONE', *, *, #1675, .T. ) ;
#6497 = DIRECTION ( 'NONE',  ( 0.0000000000000000000, 0.0000000000000000000, 1.000000000000000000 ) ) ;
#6498 = DIRECTION ( 'NONE',  ( 1.000000000000000000, -3.630371203666332700E-016, -3.409145479564126600E-016 ) ) ;
#6499 = CARTESIAN_POINT ( 'NONE',  ( 0.2689277431853862000, 0.1680975038039139200, 0.006126404536875759400 ) ) ;
#6500 = EDGE_CURVE ( 'NONE', #2970, #5264, #4219, .T. ) ;
#6501 = VECTOR ( 'NONE', #5342, 39.37007874015748100 ) ;
#6503 = EDGE_CURVE ( 'NONE', #1560, #2013, #4206, .T. ) ;
#6502 = ORIENTED_EDGE ( 'NONE', *, *, #50, .T. ) ;
#6504 = ADVANCED_FACE ( 'NONE', ( #4135 ), #6209, .T. ) ;
#6505 = ORIENTED_EDGE ( 'NONE', *, *, #4351, .T. ) ;
#6506 = CARTESIAN_POINT ( 'NONE',  ( 0.2978064193154676400, -0.1821307513851974900, 0.04248242837276550200 ) ) ;
#6507 = AXIS2_PLACEMENT_3D ( 'NONE', #2993, #2946, #3053 ) ;
#6508 = CARTESIAN_POINT ( 'NONE',  ( -0.7330600000000000400, 0.1910000000000000000, 0.2377300000000000000 ) ) ;
#6509 = CARTESIAN_POINT ( 'NONE',  ( 0.2680173932537517300, 0.1680942994616445000, -0.02450525437848407800 ) ) ;
#6510 = FACE_OUTER_BOUND ( 'NONE', #2506, .T. ) ;
#6511 = LINE ( 'NONE', #1320, #6539 ) ;
#6512 = ORIENTED_EDGE ( 'NONE', *, *, #4949, .T. ) ;
#6513 = CARTESIAN_POINT ( 'NONE',  ( -0.6647783830686603300, -0.02199999999999756300, -0.1486400041453011500 ) ) ;
#6514 = ADVANCED_FACE ( 'NONE', ( #4188 ), #4077, .F. ) ;
#6515 = EDGE_CURVE ( 'NONE', #2013, #5420, #4110, .T. ) ;
#6516 = CARTESIAN_POINT ( 'NONE',  ( 0.2673084482718226500, 0.1626788443712000000, -0.04831411000106463500 ) ) ;
#6517 = LINE ( 'NONE', #5539, #6535 ) ;
#6518 = B_SPLINE_CURVE_WITH_KNOTS ( 'NONE', 3,
 ( #203, #291, #75, #101 ),
 .UNSPECIFIED., .F., .F.,
 ( 4, 4 ),
 ( 3.476216610979977100E-017, 0.003694680973804417400 ),
 .UNSPECIFIED. ) ;
#6519 = ORIENTED_EDGE ( 'NONE', *, *, #5359, .F. ) ;
#6520 = ORIENTED_EDGE ( 'NONE', *, *, #2613, .F. ) ;
#6521 = CARTESIAN_POINT ( 'NONE',  ( 0.2983285001272679100, -0.1863431298071640500, 0.007493345471000635400 ) ) ;
#6522 = DIRECTION ( 'NONE',  ( 1.453203414598485000E-015, 0.0000000000000000000, -1.000000000000000000 ) ) ;
#6523 = CIRCLE ( 'NONE', #7032, 0.1579999999999803000 ) ;
#6524 = CARTESIAN_POINT ( 'NONE',  ( 0.2659292282347260900, 0.1434582630216213500, -0.09067062564866883200 ) ) ;
#6525 = LINE ( 'NONE', #1347, #6293 ) ;
#6526 = ADVANCED_FACE ( 'NONE', ( #4096 ), #6165, .T. ) ;
#6527 = CARTESIAN_POINT ( 'NONE',  ( 0.2985895405331733800, -0.1859609214913835700, -0.01026124292635415500 ) ) ;
#6528 = CARTESIAN_POINT ( 'NONE',  ( 0.7211595114417496100, -0.1443375672974235000, 0.2500000000000047200 ) ) ;
#6529 = VECTOR ( 'NONE', #3098, 39.37007874015748900 ) ;
#6530 = CARTESIAN_POINT ( 'NONE',  ( 0.2652589531795629400, 0.1296841688288712100, -0.1092003556452676400 ) ) ;
#6531 = CARTESIAN_POINT ( 'NONE',  ( -0.5989355881578786200, 0.1205378789139307500, -0.03837798518609698100 ) ) ;
#6532 = ORIENTED_EDGE ( 'NONE', *, *, #4287, .F. ) ;
#6533 = CARTESIAN_POINT ( 'NONE',  ( 0.2639570729960059600, 0.09721461936857413200, -0.1389120455049428200 ) ) ;
#6534 = EDGE_CURVE ( 'NONE', #2702, #3081, #3881, .T. ) ;
#6535 = VECTOR ( 'NONE', #5492, 39.37007874015748100 ) ;
#6536 = EDGE_CURVE ( 'NONE', #6720, #4794, #4139, .T. ) ;
#6537 = VECTOR ( 'NONE', #5048, 39.37007874015748100 ) ;
#6538 = CARTESIAN_POINT ( 'NONE',  ( 0.2991116213449812600, -0.1802051936483621300, -0.04487591406904709000 ) ) ;
#6539 = VECTOR ( 'NONE', #1333, 39.37007874015748100 ) ;
#6540 = CARTESIAN_POINT ( 'NONE',  ( 0.2633254678676106300, 0.07852630143795384700, -0.1500755603022827000 ) ) ;
#6541 = ADVANCED_FACE ( 'NONE', ( #4023 ), #6002, .T. ) ;
#6542 = DIRECTION ( 'NONE',  ( 1.000000000000000000, 0.0000000000000000000, -0.0000000000000000000 ) ) ;
#6543 = CIRCLE ( 'NONE', #5790, 0.08500000000161266100 ) ;
#6544 = CARTESIAN_POINT ( 'NONE',  ( 0.7100892630251109900, -0.09685711861488079100, 0.2500000000000000000 ) ) ;
#6545 = EDGE_CURVE ( 'NONE', #6287, #3548, #4057, .T. ) ;
#6546 = VERTEX_POINT ( 'NONE', #5916 ) ;
#6547 = CARTESIAN_POINT ( 'NONE',  ( 0.2149286483972000000, -0.1381358194883000000, -0.1230768677460000000 ) ) ;
#6548 = CARTESIAN_POINT ( 'NONE',  ( 0.2993726617508835600, -0.1748685220686056800, -0.06173908718565505900 ) ) ;
#6549 = CARTESIAN_POINT ( 'NONE',  ( 0.2621009275375834600, 0.03967046363549559000, -0.1646780914679164500 ) ) ;
#6550 = ADVANCED_FACE ( 'NONE', ( #4009 ), #3968, .F. ) ;
#6551 = LINE ( 'NONE', #5459, #6501 ) ;
#6552 = VECTOR ( 'NONE', #1387, 39.37007874015748100 ) ;
#6553 = CARTESIAN_POINT ( 'NONE',  ( 0.7817583303678996600, 1.164130068862634600E-014, -6.189280072997063400E-017 ) ) ;
#6554 = CARTESIAN_POINT ( 'NONE',  ( 0.2615079923359521200, 0.01950307100802755800, -0.1680952108806756100 ) ) ;
#6555 = CARTESIAN_POINT ( 'NONE',  ( 0.2998947425626707900, -0.1597212144693956300, -0.09322471545324266500 ) ) ;
#6556 = CONICAL_SURFACE ( 'NONE', #6382, 0.2492264973080051400, 1.134464013796779200 ) ;
#6557 = DIRECTION ( 'NONE',  ( 1.000000000000000000, 0.0000000000000000000, 0.0000000000000000000 ) ) ;
#6558 = EDGE_CURVE ( 'NONE', #2447, #3864, #4042, .T. ) ;
#6559 = VERTEX_POINT ( 'NONE', #5849 ) ;
#6560 = DIRECTION ( 'NONE',  ( -1.000000000000000000, -0.0000000000000000000, -0.0000000000000000000 ) ) ;
#6561 = PLANE ( 'NONE',  #4746 ) ;
#6562 = CARTESIAN_POINT ( 'NONE',  ( -0.7574999999999997300, -0.2389999999999823400, -0.3025000000000159800 ) ) ;
#6563 = FACE_OUTER_BOUND ( 'NONE', #3035, .T. ) ;
#6564 = ADVANCED_FACE ( 'NONE', ( #3911 ), #3922, .F. ) ;
#6565 = VECTOR ( 'NONE', #4097, 39.37007874015748100 ) ;
#6566 = LINE ( 'NONE', #1950, #6572 ) ;
#6567 = CARTESIAN_POINT ( 'NONE',  ( 0.7031250000000360800, -0.04886364035930296200, 0.2500000000000000000 ) ) ;
#6568 = CARTESIAN_POINT ( 'NONE',  ( 0.3001557829685541600, -0.1498916908246541400, -0.1078377681825378000 ) ) ;
#6569 = ORIENTED_EDGE ( 'NONE', *, *, #1941, .F. ) ;
#6570 = CARTESIAN_POINT ( 'NONE',  ( 0.2609368261529606000, 1.248008587145141400E-008, -0.1680971861311012500 ) ) ;
#6571 = LINE ( 'NONE', #3518, #6492 ) ;
#6572 = VECTOR ( 'NONE', #1909, 39.37007874015748900 ) ;
#6573 = EDGE_LOOP ( 'NONE', ( #2333, #6674, #3721, #3540 ) ) ;
#6574 = CARTESIAN_POINT ( 'NONE',  ( -0.6659736379831047200, -0.008343220681135105100, -0.01300562577293784900 ) ) ;
#6575 = ADVANCED_FACE ( 'NONE', ( #3941 ), #5736, .T. ) ;
#6576 = DIRECTION ( 'NONE',  ( 0.0000000000000000000, 0.0000000000000000000, 1.000000000000000000 ) ) ;
#6577 = DIRECTION ( 'NONE',  ( 1.000000000000000000, 1.108751990959527400E-015, 1.180700948117231100E-015 ) ) ;
#6578 = VERTEX_POINT ( 'NONE', #5762 ) ;
#6579 = CARTESIAN_POINT ( 'NONE',  ( -0.7810000000000001400, 0.2512500000000000300, -0.3075000000000000000 ) ) ;
#6580 = CARTESIAN_POINT ( 'NONE',  ( 0.2131744578435999800, -0.1721473885635000100, -0.06778422070091999500 ) ) ;
#6581 = CARTESIAN_POINT ( 'NONE',  ( 0.3006778637803270700, -0.1266194171211203200, -0.1337048637503501200 ) ) ;
#6582 = VECTOR ( 'NONE', #5556, 39.37007874015748900 ) ;
#6583 = CIRCLE ( 'NONE', #232, 0.08500000000161372900 ) ;
#6584 = CARTESIAN_POINT ( 'NONE',  ( -0.5826100461440810700, 0.1203877659098143700, -0.03884631023993767600 ) ) ;
#6585 = ORIENTED_EDGE ( 'NONE', *, *, #50, .F. ) ;
#6586 = VERTEX_POINT ( 'NONE', #5688 ) ;
#6587 = ADVANCED_FACE ( 'NONE', ( #3890 ), #3867, .T. ) ;
#6588 = CARTESIAN_POINT ( 'NONE',  ( -0.7339999999999621300, 0.01676428509475662600, -0.1369962130697735300 ) ) ;
#6589 = CIRCLE ( 'NONE', #6169, 0.08500000000161266100 ) ;
#6590 = DIRECTION ( 'NONE',  ( 0.3907304089776618700, 0.9205051588666626200, 9.591826147289597300E-008 ) ) ;
#6591 = EDGE_CURVE ( 'NONE', #2251, #2351, #3996, .T. ) ;
#6592 = LINE ( 'NONE', #1517, #6683 ) ;
#6593 = VERTEX_POINT ( 'NONE', #5621 ) ;
#6594 = AXIS2_PLACEMENT_3D ( 'NONE', #3633, #3619, #3607 ) ;
#6595 = DIRECTION ( 'NONE',  ( -1.000000000000000000, -0.0000000000000000000, -0.0000000000000000000 ) ) ;
#6596 = DIRECTION ( 'NONE',  ( 0.0000000000000000000, 0.7071067811865474600, 0.7071067811865474600 ) ) ;
#6597 = ADVANCED_FACE ( 'NONE', ( #3260 ), #5573, .T. ) ;
#6598 = VECTOR ( 'NONE', #3495, 39.37007874015748900 ) ;
#6599 = DIRECTION ( 'NONE',  ( 0.0000000000000000000, 0.7071067811865475700, -0.7071067811865475700 ) ) ;
#6600 = CARTESIAN_POINT ( 'NONE',  ( 0.3009389041862199900, -0.1131541362053389600, -0.1449324584564261900 ) ) ;
#6601 = EDGE_LOOP ( 'NONE', ( #2284, #2234, #2171 ) ) ;
#6602 = ORIENTED_EDGE ( 'NONE', *, *, #283, .F. ) ;
#6603 = CARTESIAN_POINT ( 'NONE',  ( -0.8115000000000001100, 0.1029999999999999900, -0.2444999999999999700 ) ) ;
#6604 = CARTESIAN_POINT ( 'NONE',  ( 0.7031250000010090800, 0.1920745307629765900, 0.1673171538786438500 ) ) ;
#6605 = VECTOR ( 'NONE', #6063, 39.37007874015748100 ) ;
#6606 = ADVANCED_FACE ( 'NONE', ( #3900 ), #3353, .T. ) ;
#6607 = CARTESIAN_POINT ( 'NONE',  ( -0.7339999999999889900, 0.01449915831191275100, -0.1320213642512840500 ) ) ;
#6608 = AXIS2_PLACEMENT_3D ( 'NONE', #5262, #5181, #5120 ) ;
#6609 = LINE ( 'NONE', #618, #6206 ) ;
#6610 = ORIENTED_EDGE ( 'NONE', *, *, #1750, .T. ) ;
#6611 = CARTESIAN_POINT ( 'NONE',  ( -0.6596074638472206900, -0.01063849009505652600, -0.01398014476894814800 ) ) ;
#6612 = CARTESIAN_POINT ( 'NONE',  ( 0.3014609849980201500, -0.08367576083240858800, -0.1631401633276591800 ) ) ;
#6613 = CARTESIAN_POINT ( 'NONE',  ( -0.6529864419423763200, -0.01185262709689203500, -0.01495077295585209800 ) ) ;
#6614 = CIRCLE ( 'NONE', #5904, 0.1579999999999803000 ) ;
#6615 = ORIENTED_EDGE ( 'NONE', *, *, #4406, .T. ) ;
#6616 = ORIENTED_EDGE ( 'NONE', *, *, #7063, .T. ) ;
#6617 = CARTESIAN_POINT ( 'NONE',  ( -0.3905000000000000700, -0.2454999999999999400, -0.3075000000000000000 ) ) ;
#6618 = AXIS2_PLACEMENT_3D ( 'NONE', #919, #900, #899 ) ;
#6619 = DIRECTION ( 'NONE',  ( -0.0000000000000000000, -1.000000000000000000, -0.0000000000000000000 ) ) ;
#6620 = AXIS2_PLACEMENT_3D ( 'NONE', #4088, #4029, #4054 ) ;
#6621 = ADVANCED_FACE ( 'NONE', ( #3338 ), #3823, .T. ) ;
#6622 = FACE_OUTER_BOUND ( 'NONE', #1023, .T. ) ;
#6623 = LINE ( 'NONE', #1885, #6638 ) ;
#6624 = DIRECTION ( 'NONE',  ( 2.444793052347634800E-016, -3.532958964958343900E-031, -1.000000000000000000 ) ) ;
#6625 = CARTESIAN_POINT ( 'NONE',  ( 0.2114202672899999900, -0.1849654960714000000, -0.004146467652230000100 ) ) ;
#6626 = CIRCLE ( 'NONE', #5410, 0.1724999999999970700 ) ;
#6627 = CARTESIAN_POINT ( 'NONE',  ( -0.6495546520608490600, -0.01209705687719117200, -0.01544397334678601100 ) ) ;
#6628 = EDGE_CURVE ( 'NONE', #2351, #2251, #3831, .T. ) ;
#6629 = ADVANCED_FACE ( 'NONE', ( #3857 ), #3802, .T. ) ;
#6630 = CIRCLE ( 'NONE', #1827, 0.2500000000001205100 ) ;
#6631 = EDGE_LOOP ( 'NONE', ( #1009, #3819, #3467, #3272 ) ) ;
#6632 = CARTESIAN_POINT ( 'NONE',  ( -0.8944982674906000200, -0.1415017325094000100, -0.2612046566428999900 ) ) ;
#6633 = VECTOR ( 'NONE', #6652, 39.37007874015748100 ) ;
#6634 = CARTESIAN_POINT ( 'NONE',  ( -0.8709999999999523700, -0.02199999999995364000, -0.2437953433571000100 ) ) ;
#6635 = CARTESIAN_POINT ( 'NONE',  ( 0.3017220254039250600, -0.06767738260621682100, -0.1701303186592699500 ) ) ;
#6636 = LINE ( 'NONE', #6005, #3933 ) ;
#6637 = DIRECTION ( 'NONE',  ( 1.000000000000000000, 0.0000000000000000000, 0.0000000000000000000 ) ) ;
#6638 = VECTOR ( 'NONE', #1608, 39.37007874015748100 ) ;
#6639 = ADVANCED_FACE ( 'NONE', ( #3845 ), #3788, .F. ) ;
#6640 = EDGE_CURVE ( 'NONE', #4222, #3806, #3945, .T. ) ;
#6641 = CARTESIAN_POINT ( 'NONE',  ( 0.09999968334695628900, -0.1359696096524190800, -0.09883672460704090400 ) ) ;
#6642 = FACE_OUTER_BOUND ( 'NONE', #1195, .T. ) ;
#6643 = CARTESIAN_POINT ( 'NONE',  ( 0.3022441062157331700, -0.03441872139599037900, -0.1792883725044028800 ) ) ;
#6644 = VERTEX_POINT ( 'NONE', #5328 ) ;
#6645 = ADVANCED_FACE ( 'NONE', ( #3251 ), #5314, .T. ) ;
#6646 = VECTOR ( 'NONE', #6273, 39.37007874015748900 ) ;
#6647 = PLANE ( 'NONE',  #4748 ) ;
#6648 = EDGE_CURVE ( 'NONE', #5053, #6690, #5018, .T. ) ;
#6649 = EDGE_CURVE ( 'NONE', #7038, #2684, #3793, .T. ) ;
#6650 = CIRCLE ( 'NONE', #4913, 0.1874999999999657800 ) ;
#6651 = LINE ( 'NONE', #6451, #6717 ) ;
#6652 = DIRECTION ( 'NONE',  ( 0.7213873210325364400, 0.0000000000000000000, -0.6925318281880625800 ) ) ;
#6653 = EDGE_LOOP ( 'NONE', ( #6940, #1465, #3161 ) ) ;
#6654 = CARTESIAN_POINT ( 'NONE',  ( 0.0000000000000000000, 0.2454999999999766300, 0.3075000000000109300 ) ) ;
#6655 = CARTESIAN_POINT ( 'NONE',  ( -0.7339999999999398100, 0.01899515445792026100, -0.1424810941026456400 ) ) ;
#6656 = CARTESIAN_POINT ( 'NONE',  ( -1.280679822326509900E-017, -5.640645680014677600E-014, 0.1272500000000278700 ) ) ;
#6657 = ADVANCED_FACE ( 'NONE', ( #5087 ), #3393, .T. ) ;
#6658 = FACE_OUTER_BOUND ( 'NONE', #1228, .T. ) ;
#6659 = LINE ( 'NONE', #1388, #6484 ) ;
#6660 = CARTESIAN_POINT ( 'NONE',  ( 0.0000000000000000000, -0.3197999999999999700, 0.3197999999999999700 ) ) ;
#6661 = CARTESIAN_POINT ( 'NONE',  ( -0.6628476675298162800, -0.0009788629049197862900, -0.01300562723636484100 ) ) ;
#6662 = CARTESIAN_POINT ( 'NONE',  ( 0.2096660767364000000, -0.1750120451250999600, 0.06000179961897000200 ) ) ;
#6663 = CARTESIAN_POINT ( 'NONE',  ( 0.1828098434928216400, -1.933905378519911100E-008, 0.1680978880106576100 ) ) ;
#6664 = CARTESIAN_POINT ( 'NONE',  ( 0.1000000000000000500, -0.1294083232138163700, -0.1085907012525837400 ) ) ;
#6665 = VERTEX_POINT ( 'NONE', #5135 ) ;
#6666 = LINE ( 'NONE', #6296, #6646 ) ;
#6667 = LINE ( 'NONE', #1400, #6463 ) ;
#6668 = ORIENTED_EDGE ( 'NONE', *, *, #3048, .T. ) ;
#6669 = CARTESIAN_POINT ( 'NONE',  ( -0.7966199999999999900, -0.2981162189482000100, 0.1657458295100999700 ) ) ;
#6670 = DIRECTION ( 'NONE',  ( 0.0000000000000000000, 0.0000000000000000000, -1.000000000000000000 ) ) ;
#6671 = CARTESIAN_POINT ( 'NONE',  ( -0.4411775296461000200, 0.06561035009594000400, -0.06435394189498000500 ) ) ;
#6672 = LINE ( 'NONE', #6379, #4373 ) ;
#6673 = VERTEX_POINT ( 'NONE', #5118 ) ;
#6674 = ORIENTED_EDGE ( 'NONE', *, *, #6282, .T. ) ;
#6675 = ADVANCED_FACE ( 'NONE', ( #3738 ), #5143, .T. ) ;
#6676 = CARTESIAN_POINT ( 'NONE',  ( -0.7339999999999617900, 0.02117801355389459600, -0.1484760073499041800 ) ) ;
#6677 = DIRECTION ( 'NONE',  ( -0.0000000000000000000, 0.0000000000000000000, -1.000000000000000000 ) ) ;
#6678 = EDGE_CURVE ( 'NONE', #1493, #2605, #88, .T. ) ;
#6679 = AXIS2_PLACEMENT_3D ( 'NONE', #3112, #3121, #3131 ) ;
#6680 = CARTESIAN_POINT ( 'NONE',  ( -0.3552436608100559300, 0.07538321970847577900, -0.1007098961526873600 ) ) ;
#6681 = CARTESIAN_POINT ( 'NONE',  ( -0.6394530835637056700, -0.01169871554548080800, -0.01690239261448180800 ) ) ;
#6682 = FACE_OUTER_BOUND ( 'NONE', #3903, .T. ) ;
#6683 = VECTOR ( 'NONE', #1410, 39.37007874015748900 ) ;
#6684 = EDGE_LOOP ( 'NONE', ( #2041, #2081, #2164, #2242 ) ) ;
#6685 = CARTESIAN_POINT ( 'NONE',  ( 0.1984338297757832800, 9.018309092631596200E-008, -0.1680981337563112700 ) ) ;
#6686 = CARTESIAN_POINT ( 'NONE',  ( -0.7339999999999999900, -0.1469999999999999400, -0.2444999999999999700 ) ) ;
#6687 = EDGE_CURVE ( 'NONE', #4693, #2978, #2708, .T. ) ;
#6688 = LINE ( 'NONE', #3498, #6598 ) ;
#6689 = DIRECTION ( 'NONE',  ( -1.000000000000000000, -0.0000000000000000000, -0.0000000000000000000 ) ) ;
#6690 = VERTEX_POINT ( 'NONE', #4717 ) ;
#6691 = VERTEX_POINT ( 'NONE', #4694 ) ;
#6692 = CARTESIAN_POINT ( 'NONE',  ( -0.9689999999986234100, 0.2444999999999997700, 0.02200000000000684700 ) ) ;
#6693 = CARTESIAN_POINT ( 'NONE',  ( 0.2079118861827999900, -0.1435124008618000000, 0.1167631220033999900 ) ) ;
#6694 = DIRECTION ( 'NONE',  ( 0.7071067811865435800, 0.7071067811865515700, -0.0000000000000000000 ) ) ;
#6695 = CIRCLE ( 'NONE', #6000, 0.1874999999999893100 ) ;
#6696 = VECTOR ( 'NONE', #1921, 39.37007874015748100 ) ;
#6697 = ADVANCED_FACE ( 'NONE', ( #3699 ), #4620, .F. ) ;
#6698 = ORIENTED_EDGE ( 'NONE', *, *, #162, .F. ) ;
#6700 = AXIS2_PLACEMENT_3D ( 'NONE', #5504, #5494, #5489 ) ;
#6699 = CARTESIAN_POINT ( 'NONE',  ( 0.1986800453246503900, 0.008388902262709985900, -0.1680982887215377000 ) ) ;
#6701 = CARTESIAN_POINT ( 'NONE',  ( -0.6479999999999904700, 0.03399999999991269700, 0.07056760729835999400 ) ) ;
#6702 = VECTOR ( 'NONE', #3641, 39.37007874015748100 ) ;
#6703 = CARTESIAN_POINT ( 'NONE',  ( -0.5814596124107431800, 0.1258001310906506600, 0.04564896393612221500 ) ) ;
#6704 = DIRECTION ( 'NONE',  ( -1.000000000000000000, 0.0000000000000000000, 0.0000000000000000000 ) ) ;
#6705 = B_SPLINE_CURVE_WITH_KNOTS ( 'NONE', 3,
 ( #150, #173, #212, #143, #127, #125, #115, #90 ),
 .UNSPECIFIED., .F., .F.,
 ( 4, 2, 2, 4 ),
 ( 0.005862289645479979100, 0.006250088993160160900, 0.006637888340840342700, 0.007413487036200706300 ),
 .UNSPECIFIED. ) ;
#6706 = ORIENTED_EDGE ( 'NONE', *, *, #6649, .T. ) ;
#6707 = ADVANCED_FACE ( 'NONE', ( #3746 ), #4550, .F. ) ;
#6708 = CARTESIAN_POINT ( 'NONE',  ( 0.1995129613291019600, 0.03654113380701495800, -0.1660053192175567600 ) ) ;
#6709 = FACE_OUTER_BOUND ( 'NONE', #3404, .T. ) ;
#6710 = EDGE_CURVE ( 'NONE', #823, #5694, #3683, .T. ) ;
#6711 = VECTOR ( 'NONE', #4151, 39.37007874015748100 ) ;
#6712 = CARTESIAN_POINT ( 'NONE',  ( 0.1835225540481441000, -0.02405613569184222500, 0.1681002556274444300 ) ) ;
#6713 = DIRECTION ( 'NONE',  ( -1.000000000000000000, 0.0000000000000000000, 0.0000000000000000000 ) ) ;
#6715 = ADVANCED_FACE ( 'NONE', ( #3395 ), #3623, .F. ) ;
#6714 = CARTESIAN_POINT ( 'NONE',  ( 0.2921864066668274900, 1.466325248329692700E-007, -0.1680989288776474100 ) ) ;
#6716 = CARTESIAN_POINT ( 'NONE',  ( 0.09999999999999999200, -0.1218414499091394800, -0.1176414837126923400 ) ) ;
#6717 = VECTOR ( 'NONE', #6331, 39.37007874015748100 ) ;
#6718 = VECTOR ( 'NONE', #3219, 39.37007874015748100 ) ;
#6719 = CARTESIAN_POINT ( 'NONE',  ( 0.7031250000000229800, -4.173827970016320400E-014, 0.2499999999999778000 ) ) ;
#6720 = VERTEX_POINT ( 'NONE', #4475 ) ;
#6721 = CARTESIAN_POINT ( 'NONE',  ( 0.2009306075180932200, 0.08264316258739948200, -0.1504173240436551300 ) ) ;
#6722 = CARTESIAN_POINT ( 'NONE',  ( -0.5873002854795420500, 0.09832192471129065600, 0.07959302181135763400 ) ) ;
#6723 = CIRCLE ( 'NONE', #4605, 0.004999999999940460900 ) ;
#6724 = CARTESIAN_POINT ( 'NONE',  ( 0.0000000000000000000, 0.2454999999999532600, -0.2454999999999532300 ) ) ;
#6725 = LINE ( 'NONE', #2413, #6739 ) ;
#6726 = CARTESIAN_POINT ( 'NONE',  ( 0.2026847980716931800, 0.1295151167703500500, -0.1126103673818628600 ) ) ;
#6727 = DIRECTION ( 'NONE',  ( 0.0000000000000000000, 0.0000000000000000000, 1.000000000000000000 ) ) ;
#6728 = CARTESIAN_POINT ( 'NONE',  ( 0.7788404885582452800, -0.1443375672974198100, -0.2500000000000103800 ) ) ;
#6729 = CARTESIAN_POINT ( 'NONE',  ( 0.3078127296317015900, 4.062929515606087500E-008, 0.1680977908734060100 ) ) ;
#6730 = FACE_OUTER_BOUND ( 'NONE', #1235, .T. ) ;
#6731 = CARTESIAN_POINT ( 'NONE',  ( -1.054000000000241200, 0.2437953433570999900, 0.02200000000000684700 ) ) ;
#6732 = ORIENTED_EDGE ( 'NONE', *, *, #6470, .T. ) ;
#6733 = CARTESIAN_POINT ( 'NONE',  ( 0.1000000000000000200, -0.1050625941336557100, -0.1339175622740927100 ) ) ;
#6734 = CARTESIAN_POINT ( 'NONE',  ( 0.2044389886252934200, 0.1604419723157126700, -0.06093956389155198000 ) ) ;
#6735 = CARTESIAN_POINT ( 'NONE',  ( -0.7819400000000001900, -0.3025000000000766000, -0.1959999999999233200 ) ) ;
#6736 = LINE ( 'NONE', #883, #6225 ) ;
#6737 = CARTESIAN_POINT ( 'NONE',  ( 0.2061576956291999700, -0.09434454073301000400, 0.1591494500727000100 ) ) ;
#6738 = CARTESIAN_POINT ( 'NONE',  ( 0.1842216456103853700, -0.04753795152476721800, 0.1628605064439202200 ) ) ;
#6739 = VECTOR ( 'NONE', #2347, 39.37007874015748900 ) ;
#6740 = B_SPLINE_SURFACE_WITH_KNOTS ( 'NONE', 3, 3, ( 
 ( #3068, #3060, #3046, #3021, #3013, #2997, #2994, #2980, #2955, #2945, #2944, #2931, #2916, #2904, #2887, #2885, #2865, #2855, #2844, #2838, #2830, #2829, #2819, #2790, #2789, #2773, #2771, #2763, #2745, #2739, #2737, #2713, #2706, #2696, #2694, #2680, #2655, #2644, #2636, #2635, #2617, #2611, #2595, #2583, #2574, #2565, #2563, #2552, #2542, #2518, #2504, #2493, #2486, #2483, #2472, #2460, #2445, #2435, #2427, #2404, #2392, #2385, #2381, #2369, #2342, #2339, #2330, #2313, #2297, #2287, #2286, #2274, #2263, #2254, #2253, #2248, #2227, #2219, #2208, #2203, #2189, #2187, #2167, #2163, #2154, #2135, #2127, #2110, #2103, #2098, #2085, #2072, #2063, #2053, #2050, #2028, #2016, #2010, #2009, #1999, #1978, #1968, #1967, #1946, #1944, #1933, #1917, #1901, #1894, #1881, #1874, #1862, #1853, #1840, #1828, #1814, #1812, #1789, #1778, #1775, #1764, #1756, #1752, #1739, #1713, #1707, #1702, #1694, #1682, #1669, #1661 ),
 ( #1660, #1643, #1635, #1618, #1611, #1606, #1596, #1593, #1581, #1572, #1561, #1559, #1540, #1539, #1530, #1527, #1506, #1504, #1495, #1494, #1491, #1482, #1480, #1454, #1447, #1436, #1434, #1416, #1401, #1380, #1373, #1362, #1353, #1342, #1332, #1314, #1311, #1286, #1285, #1277, #1265, #1257, #1255, #1241, #1240, #1232, #1226, #1215, #1206, #1203, #1194, #1188, #1187, #1177, #1170, #1166, #1157, #1154, #1146, #1130, #1122, #1121, #1107, #1100, #1085, #1077, #1072, #1063, #1054, #1051, #1036, #1027, #1025, #1020, #1011, #998, #985, #974, #973, #957, #955, #944, #935, #934, #923, #917, #914, #902, #885, #878, #872, #870, #846, #835, #834, #824, #809, #798, #790, #778, #759, #754, #743, #736, #722, #717, #713, #702, #680, #679, #670, #665, #650, #638, #631, #630, #615, #602, #601, #582, #572, #564, #563, #553, #542, #534, #531, #523, #509, #502, #496 ),
 ( #495, #479, #478, #462, #436, #426, #416, #413, #394, #385, #384, #373, #359, #349, #336, #331, #328, #318, #293, #279, #269, #268, #245, #234, #222, #207, #196, #186, #180, #160, #147, #146, #137, #132, #109, #95, #94, #84, #58, #57, #54, #43, #38, #18, #8, #5618, #5524, #5206, #5033, #4891, #4612, #4460, #4371, #4120, #3883, #3797, #3496, #3231, #3066, #2631, #7174, #7146, #7102, #7045, #7000, #6953, #6916, #6852, #6816, #6769, #6737, #6693, #6662, #6625, #6580, #6547, #6494, #6030, #5979, #5934, #5888, #5859, #5820, #5775, #5734, #5696, #5639, #5586, #5552, #5498, #5461, #5412, #5356, #5290, #5258, #5196, #5144, #5075, #5036, #4969, #4905, #4828, #4769, #4678, #4631, #4583, #4496, #4466, #4426, #4382, #4295, #4248, #4173, #4111, #4060, #3994, #3950, #3872, #3833, #3782, #3732, #3677, #3612, #3535, #3502, #3434, #3396, #3340, #3282, #3217, #3175 ),
 ( #3094, #3036, #2967, #2917, #2872, #2803, #2757, #2721, #2660, #2608, #2540, #2458, #2416, #2356, #2529, #2594, #2311, #2271, #2238, #2202, #2139, #2119, #2077, #2029, #1989, #1957, #1924, #1880, #1839, #1787, #1729, #1684, #1646, #1626, #1582, #1547, #1520, #1472, #1428, #1360, #1301, #1184, #1145, #1098, #1061, #1032, #1017, #975, #964, #925, #894, #857, #811, #769, #731, #694, #657, #646, #625, #577, #551, #516, #487, #439, #405, #362, #337, #307, #255, #211, #159, #119, #79, #37, #5989, #6461, #7047, #4691, #5211, #5676, #4162, #4658, #2785, #2670, #2112, #1412, #993, #715, #392, #185, #213, #6238, #2683, #3638, #4484, #5383, #454, #1391, #2025, #942, #2176, #5719, #4953, #4013, #3153, #1264, #2, #70, #120, #168, #236, #295, #403, #474, #504, #544, #596, #689, #734, #789, #858, #905, #997, #1041, #1096, #1171, #1214, #1341, #1402, #1458, #1522 ) ),
 .UNSPECIFIED., .F., .F., .F.,
 ( 4, 4 ),
 ( 4, 1, 1, 1, 1, 1, 1, 1, 1, 1, 1, 1, 1, 1, 1, 1, 1, 1, 1, 1, 1, 1, 1, 1, 1, 1, 1, 1, 1, 1, 1, 1, 1, 1, 1, 1, 1, 1, 1, 1, 1, 1, 1, 1, 1, 1, 1, 1, 1, 1, 1, 1, 1, 1, 1, 1, 1, 1, 1, 1, 1, 1, 1, 1, 1, 1, 1, 1, 1, 1, 1, 1, 1, 1, 1, 1, 1, 1, 1, 1, 1, 1, 1, 1, 1, 1, 1, 1, 1, 1, 1, 1, 1, 1, 1, 1, 1, 1, 1, 1, 1, 1, 1, 1, 1, 1, 1, 1, 1, 1, 1, 1, 1, 1, 1, 1, 1, 1, 1, 1, 1, 1, 1, 1, 1, 1, 1, 1, 4 ),
 ( -0.02831217183825000100, 1.028288346617999900 ),
 ( 0.02537569256453000100, 0.02845998364779000000, 0.03154427473105000200, 0.03462856581431000100, 0.03771285689757000000, 0.04079714798082999900, 0.04388143906408999800, 0.04696573014734999700, 0.05005002123061000300, 0.05313431231387000200, 0.05621860339713000100, 0.05930289448039000000, 0.06238718556364999900, 0.06547147664690999800, 0.06855576773016999700, 0.07164005881342999600, 0.07472434989668999500, 0.07780864097994999500, 0.08089293206320999400, 0.08397722314647000600, 0.08706151422973000500, 0.09014580531299000400, 0.09323009639625000300, 0.09631438747951000200, 0.09939867856277000100, 0.1024829696460000000, 0.1055672607293000100, 0.1086515518125000000, 0.1117358428958000100, 0.1148201339791000000, 0.1179044250623000100, 0.1209887161456000000, 0.1240730072288000100, 0.1271572983120999900, 0.1302415893954000100, 0.1333258804786000000, 0.1364101715619000000, 0.1394944626450999900, 0.1425787537284000100, 0.1456630448117000000, 0.1487473358949000000, 0.1518316269781999900, 0.1549159180614000100, 0.1580002091447000000, 0.1610845002280000000, 0.1641687913111999900, 0.1672530823945000100, 0.1703373734777000000, 0.1734216645610000000, 0.1765059556442999900, 0.1795902467275000100, 0.1826745378108000100, 0.1857588288940000000, 0.1888431199772999900, 0.1919274110605999900, 0.1950117021438000100, 0.1980959932271000000, 0.2011802843102999900, 0.2042645753935999900, 0.2073488664769000100, 0.2104331575601000000, 0.2135174486434000000, 0.2166017397265999900, 0.2196860308099000100, 0.2227703218932000100, 0.2258546129764000000, 0.2289389040596999900, 0.2320231951429000100, 0.2351074862262000100, 0.2381917773095000000, 0.2412760683926999900, 0.2443603594759999900, 0.2474446505592000100, 0.2505289416425000000, 0.2536132327258000000, 0.2566975238090000200, 0.2597818148923000100, 0.2628661059754999800, 0.2659503970588000300, 0.2690346881421000200, 0.2721189792252999800, 0.2752032703085999800, 0.2782875613918000000, 0.2813718524750999900, 0.2844561435583000100, 0.2875404346416000100, 0.2906247257249000000, 0.2937090168081000200, 0.2967933078914000200, 0.2998775989745999800, 0.3029618900578999700, 0.3060461811412000200, 0.3091304722243999900, 0.3122147633076999800, 0.3152990543909000000, 0.3183833454742000000, 0.3214676365574999900, 0.3245519276407000100, 0.3276362187240000100, 0.3307205098072000200, 0.3338048008905000200, 0.3368890919738000100, 0.3399733830569999800, 0.3430576741402999700, 0.3461419652234999900, 0.3492262563067999900, 0.3523105473900999800, 0.3553948384733000000, 0.3584791295566000000, 0.3615634206398000100, 0.3646477117231000100, 0.3677320028064000000, 0.3708162938896000200, 0.3739005849729000200, 0.3769848760560999800, 0.3800691671393999800, 0.3831534582227000300, 0.3862377493058999900, 0.3893220403891999900, 0.3924063314724000100, 0.3954906225557000000, 0.3985749136389999900, 0.4016592047222000100, 0.4047434958055000100, 0.4078277868886999700, 0.4109120779720000200, 0.4139963690553000200, 0.4170806601384999800, 0.4201649512217999800 ),
 .UNSPECIFIED. ) ;
#6741 = ADVANCED_FACE ( 'NONE', ( #3671 ), #4443, .F. ) ;
#6742 = CARTESIAN_POINT ( 'NONE',  ( 0.7899107369740756600, -0.1680777916369645100, -0.2088807252608735100 ) ) ;
#6743 = CARTESIAN_POINT ( 'NONE',  ( 0.2061931791788934000, 0.1716162396108666700, -0.001766306594797305800 ) ) ;
#6744 = EDGE_CURVE ( 'NONE', #2251, #2236, #3656, .T. ) ;
#6745 = CARTESIAN_POINT ( 'NONE',  ( -0.6327432468121742000, -0.009914351206792296900, -0.01787975253519948400 ) ) ;
#6746 = B_SPLINE_CURVE_WITH_KNOTS ( 'NONE', 3,
 ( #6729, #6390, #6770, #6780, #6789, #6801, #6812, #6825, #6834, #6861, #6877, #6887 ),
 .UNSPECIFIED., .F., .F.,
 ( 4, 1, 1, 1, 1, 1, 1, 1, 1, 4 ),
 ( 0.0000000000000000000, 0.1040615674861858800, 0.2163278399351520900, 0.3285941123804792500, 0.4408603848294454500, 0.5531266572747706200, 0.6653929297237388700, 0.7776592021727051200, 0.8899254746180301800, 1.000000000000000000 ),
 .UNSPECIFIED. ) ;
#6747 = LINE ( 'NONE', #7090, #4367 ) ;
#6748 = LINE ( 'NONE', #1898, #6696 ) ;
#6749 = DIRECTION ( 'NONE',  ( 2.449490783530942700E-015, 1.000000000000000000, 1.178340830472019000E-031 ) ) ;
#6750 = ADVANCED_FACE ( 'NONE', ( #3603 ), #3379, .T. ) ;
#6751 = EDGE_LOOP ( 'NONE', ( #2950, #2833, #2461, #2559, #2640 ) ) ;
#6752 = CARTESIAN_POINT ( 'NONE',  ( 0.7968750000000000000, -0.2165063509434214700, -0.1250000000046352900 ) ) ;
#6753 = CARTESIAN_POINT ( 'NONE',  ( 0.2079473697324933900, 0.1616622455554960200, 0.05762437421994497800 ) ) ;
#6754 = FACE_OUTER_BOUND ( 'NONE', #3605, .T. ) ;
#6755 = CIRCLE ( 'NONE', #5395, 0.03899999999998406800 ) ;
#6756 = EDGE_CURVE ( 'NONE', #4079, #5322, #5024, .T. ) ;
#6757 = ORIENTED_EDGE ( 'NONE', *, *, #5976, .T. ) ;
#6758 = AXIS2_PLACEMENT_3D ( 'NONE', #4632, #4267, #4243 ) ;
#6759 = AXIS2_PLACEMENT_3D ( 'NONE', #4368, #6542, #7094 ) ;
#6760 = DIRECTION ( 'NONE',  ( -2.731847993696793700E-014, 1.000000000000000000, 0.0000000000000000000 ) ) ;
#6761 = CARTESIAN_POINT ( 'NONE',  ( 0.2097015602860934400, 0.1318054892098684000, 0.1099206975862812400 ) ) ;
#6762 = CIRCLE ( 'NONE', #2747, 0.07999999999999286800 ) ;
#6763 = ORIENTED_EDGE ( 'NONE', *, *, #4646, .T. ) ;
#6764 = CARTESIAN_POINT ( 'NONE',  ( -0.6237923520084240900, -0.005259387013204476500, -0.01933505329351377700 ) ) ;
#6765 = CARTESIAN_POINT ( 'NONE',  ( 0.7968749999989980200, -0.1920745307629762600, -0.1673171538786445100 ) ) ;
#6766 = VECTOR ( 'NONE', #3051, 39.37007874015748100 ) ;
#6767 = ORIENTED_EDGE ( 'NONE', *, *, #3520, .F. ) ;
#6768 = LINE ( 'NONE', #7143, #3917 ) ;
#6769 = CARTESIAN_POINT ( 'NONE',  ( 0.2044035050756000100, -0.03356163388715999900, 0.1819424648538000000 ) ) ;
#6770 = CARTESIAN_POINT ( 'NONE',  ( 0.3061426791901677400, 0.05639722974660305000, 0.1618232729719870900 ) ) ;
#6771 = ORIENTED_EDGE ( 'NONE', *, *, #568, .T. ) ;
#6772 = VERTEX_POINT ( 'NONE', #4341 ) ;
#6773 = ADVANCED_FACE ( 'NONE', ( #3597 ), #3537, .F. ) ;
#6774 = LINE ( 'NONE', #1199, #6819 ) ;
#6775 = CARTESIAN_POINT ( 'NONE',  ( 0.2114557508397010800, 0.08572175841518774000, 0.1486843081027326700 ) ) ;
#6776 = DIRECTION ( 'NONE',  ( -1.000000000000000000, -0.0000000000000000000, 0.0000000000000000000 ) ) ;
#6777 = AXIS2_PLACEMENT_3D ( 'NONE', #5756, #5745, #5744 ) ;
#6778 = LINE ( 'NONE', #2973, #6807 ) ;
#6779 = ORIENTED_EDGE ( 'NONE', *, *, #3861, .T. ) ;
#6780 = CARTESIAN_POINT ( 'NONE',  ( 0.3044312222068763000, 0.1078623816027395900, 0.1334889861596947600 ) ) ;
#6781 = EDGE_CURVE ( 'NONE', #5326, #2108, #3551, .T. ) ;
#6782 = DIRECTION ( 'NONE',  ( 0.0000000000000000000, 0.0000000000000000000, -1.000000000000000000 ) ) ;
#6783 = ADVANCED_FACE ( 'NONE', ( #3311 ), #4212, .T. ) ;
#6784 = VECTOR ( 'NONE', #3690, 39.37007874015748100 ) ;
#6785 = CARTESIAN_POINT ( 'NONE',  ( 0.1000000000000000100, -0.09595223585061851700, -0.1410796764289460600 ) ) ;
#6787 = ORIENTED_EDGE ( 'NONE', *, *, #3, .F. ) ;
#6786 = CARTESIAN_POINT ( 'NONE',  ( 0.2129075277075662700, 0.03884855042135015200, 0.1656159562791353600 ) ) ;
#6788 = VERTEX_POINT ( 'NONE', #4251 ) ;
#6789 = CARTESIAN_POINT ( 'NONE',  ( 0.3026770316532762500, 0.1473337396524733200, 0.08801349267027719400 ) ) ;
#6790 = EDGE_CURVE ( 'NONE', #4422, #3059, #3650, .T. ) ;
#6791 = DIRECTION ( 'NONE',  ( 1.000000000000000000, 0.0000000000000000000, -0.0000000000000000000 ) ) ;
#6792 = EDGE_CURVE ( 'NONE', #1384, #1788, #3316, .T. ) ;
#6793 = CIRCLE ( 'NONE', #4144, 0.1272500000000276700 ) ;
#6794 = AXIS2_PLACEMENT_3D ( 'NONE', #4462, #4474, #4482 ) ;
#6795 = VECTOR ( 'NONE', #2423, 39.37007874015748900 ) ;
#6796 = ORIENTED_EDGE ( 'NONE', *, *, #355, .F. ) ;
#6797 = CARTESIAN_POINT ( 'NONE',  ( 0.3027661706602981500, 2.249637981553483900E-009, -0.1812340157342725300 ) ) ;
#6798 = CARTESIAN_POINT ( 'NONE',  ( 0.1862550849313833200, -0.1081504471777970500, 0.1305443904946758900 ) ) ;
#6799 = VECTOR ( 'NONE', #6557, 39.37007874015748100 ) ;
#6800 = ORIENTED_EDGE ( 'NONE', *, *, #6855, .F. ) ;
#6801 = CARTESIAN_POINT ( 'NONE',  ( 0.3009228410996762600, 0.1686669692017041000, 0.03170271590262653500 ) ) ;
#6802 = DIRECTION ( 'NONE',  ( -1.000000000000000000, 0.0000000000000000000, 0.0000000000000000000 ) ) ;
#6803 = FACE_BOUND ( 'NONE', #3943, .T. ) ;
#6804 = DIRECTION ( 'NONE',  ( 0.0000000000000000000, 0.0000000000000000000, 1.000000000000000000 ) ) ;
#6805 = CIRCLE ( 'NONE', #5141, 0.005000000000035938400 ) ;
#6806 = CARTESIAN_POINT ( 'NONE',  ( -0.6209369604540349000, -0.003349505055009415000, -0.01982745206351964700 ) ) ;
#6807 = VECTOR ( 'NONE', #2953, 39.37007874015748100 ) ;
#6808 = CARTESIAN_POINT ( 'NONE',  ( 0.2137745743908273100, 0.009542243801160041700, 0.1680970849891513500 ) ) ;
#6809 = CARTESIAN_POINT ( 'NONE',  ( 0.1000000000000000200, -0.07634443168879910500, -0.1535262010861620800 ) ) ;
#6810 = ADVANCED_FACE ( 'NONE', ( #3494 ), #3449, .F. ) ;
#6811 = VECTOR ( 'NONE', #5471, 39.37007874015748100 ) ;
#6812 = CARTESIAN_POINT ( 'NONE',  ( 0.2991686505460762800, 0.1692357410300194300, -0.02851097393565886800 ) ) ;
#6813 = EDGE_CURVE ( 'NONE', #4422, #2447, #3522, .T. ) ;
#6814 = LINE ( 'NONE', #5449, #6873 ) ;
#6815 = CARTESIAN_POINT ( 'NONE',  ( 0.1855879110520060300, -0.08959197219031517200, 0.1440842565482416100 ) ) ;
#6816 = CARTESIAN_POINT ( 'NONE',  ( 0.2026493145220000000, 0.03135317528169000200, 0.1823360253635999700 ) ) ;
#6817 = ORIENTED_EDGE ( 'NONE', *, *, #4821, .F. ) ;
#6818 = CARTESIAN_POINT ( 'NONE',  ( 0.7812499999999643600, 1.027324243554916500E-014, 0.0000000000000000000 ) ) ;
#6819 = VECTOR ( 'NONE', #1193, 39.37007874015748100 ) ;
#6820 = DIRECTION ( 'NONE',  ( 0.0000000000000000000, 0.0000000000000000000, 1.000000000000000000 ) ) ;
#6821 = ADVANCED_FACE ( 'NONE', ( #3463 ), #3389, .T. ) ;
#6822 = CARTESIAN_POINT ( 'NONE',  ( 0.7348833303678998800, -1.749236418443148600E-014, 6.189280072997399900E-017 ) ) ;
#6823 = EDGE_CURVE ( 'NONE', #4414, #5848, #3417, .T. ) ;
#6824 = LINE ( 'NONE', #4345, #6927 ) ;
#6825 = CARTESIAN_POINT ( 'NONE',  ( 0.2974144599924762900, 0.1489700206027619000, -0.08521471492521899600 ) ) ;
#6826 = VECTOR ( 'NONE', #2534, 39.37007874015748100 ) ;
#6827 = CARTESIAN_POINT ( 'NONE',  ( 0.2140606878154331600, -3.225167462209514100E-008, 0.1680964471711262100 ) ) ;
#6828 = CARTESIAN_POINT ( 'NONE',  ( 0.7968750000000000000, -1.089324387473624900E-013, -5.543944022142414500E-014 ) ) ;
#6829 = LINE ( 'NONE', #6435, #3963 ) ;
#6830 = EDGE_CURVE ( 'NONE', #515, #1633, #3401, .T. ) ;
#6831 = CARTESIAN_POINT ( 'NONE',  ( 0.1000000000000000100, -0.06573939372888580600, -0.1588208502158462200 ) ) ;
#6832 = CARTESIAN_POINT ( 'NONE',  ( -0.7339999999999878800, -0.05849915831190988200, -0.1320213642512842500 ) ) ;
#6833 = VERTEX_POINT ( 'NONE', #3936 ) ;
#6834 = CARTESIAN_POINT ( 'NONE',  ( 0.2956602694388763000, 0.1103646934574903100, -0.1314277449259375600 ) ) ;
#6835 = CARTESIAN_POINT ( 'NONE',  ( 0.1875575150072805700, -0.1381050202717607200, 0.09831212338881824300 ) ) ;
#6836 = CARTESIAN_POINT ( 'NONE',  ( -0.6157748402132352500, 0.001001019500029066500, -0.02080074100545063100 ) ) ;
#6837 =( BOUNDED_CURVE ( )  B_SPLINE_CURVE ( 3, ( #6136, #6083, #6426, #6531 ),
 .UNSPECIFIED., .F., .F. ) 
 B_SPLINE_CURVE_WITH_KNOTS ( ( 4, 4 ),
 ( 2.465527622236699700, 3.449833938501140300 ),
 .UNSPECIFIED. ) 
 CURVE ( )  GEOMETRIC_REPRESENTATION_ITEM ( )  RATIONAL_B_SPLINE_CURVE ( ( 1.000000000000000000, 0.9208783214321997200, 0.9208783214321997200, 1.000000000000000000 ) ) 
 REPRESENTATION_ITEM ( '' )  );
#6838 = LINE ( 'NONE', #3599, #6702 ) ;
#6839 = LINE ( 'NONE', #2451, #6826 ) ;
#6840 = CARTESIAN_POINT ( 'NONE',  ( 0.3749999999999932800, 0.3057568851448888000, 1.678617484090241900E-015 ) ) ;
#6841 = CARTESIAN_POINT ( 'NONE',  ( 0.01468000000000000000, -0.2454999999997350400, 0.1306808075914037700 ) ) ;
#6842 = CARTESIAN_POINT ( 'NONE',  ( -0.8921000000000000000, 0.2612046566428999900, 0.1469999999999999900 ) ) ;
#6843 = EDGE_CURVE ( 'NONE', #5420, #5679, #1815, .T. ) ;
#6844 = EDGE_CURVE ( 'NONE', #1788, #4996, #3363, .T. ) ;
#6845 = ADVANCED_FACE ( 'NONE', ( #3411 ), #3304, .T. ) ;
#6846 = ORIENTED_EDGE ( 'NONE', *, *, #2601, .F. ) ;
#6847 = FACE_OUTER_BOUND ( 'NONE', #2406, .T. ) ;
#6848 = CIRCLE ( 'NONE', #1609, 0.1416837567297257200 ) ;
#6849 = CARTESIAN_POINT ( 'NONE',  ( 0.1000000000000000200, -0.04401870375016893300, -0.1670080304700833400 ) ) ;
#6850 = ORIENTED_EDGE ( 'NONE', *, *, #3181, .F. ) ;
#6851 = CARTESIAN_POINT ( 'NONE',  ( -0.7339999999999600200, -0.06076428509475534400, -0.1369962130697730800 ) ) ;
#6852 = CARTESIAN_POINT ( 'NONE',  ( 0.2008951239684000100, 0.09240803491735000200, 0.1602816483100000000 ) ) ;
#6853 = CARTESIAN_POINT ( 'NONE',  ( -0.7339999999999993200, 0.2444999999999999700, -0.06619355419097190700 ) ) ;
#6854 = CARTESIAN_POINT ( 'NONE',  ( -0.6134556109497234500, 0.003435805922253763500, -0.02128275325167131400 ) ) ;
#6855 = EDGE_CURVE ( 'NONE', #3279, #2075, #3343, .T. ) ;
#6856 = FACE_OUTER_BOUND ( 'NONE', #6751, .T. ) ;
#6857 = CARTESIAN_POINT ( 'NONE',  ( 0.1881927712038001800, -0.1495144732025049100, 0.07963271051366566100 ) ) ;
#6858 = AXIS2_PLACEMENT_3D ( 'NONE', #25, #15, #831 ) ;
#6859 = ORIENTED_EDGE ( 'NONE', *, *, #668, .T. ) ;
#6860 = ORIENTED_EDGE ( 'NONE', *, *, #3384, .F. ) ;
#6861 = CARTESIAN_POINT ( 'NONE',  ( 0.2939174944301143900, 0.05851207078575115800, -0.1612653565701326100 ) ) ;
#6862 = PLANE ( 'NONE',  #2123 ) ;
#6863 = CARTESIAN_POINT ( 'NONE',  ( -0.6072963284380132900, 0.01152445285887227800, -0.02274944487255290900 ) ) ;
#6864 = CARTESIAN_POINT ( 'NONE',  ( -1.044524830354398800, -0.1491995308301279400, 0.2043538597628011500 ) ) ;
#6865 = LINE ( 'NONE', #3697, #6784 ) ;
#6867 = ADVANCED_FACE ( 'NONE', ( #3327, #3300 ), #3698, .F. ) ;
#6866 = CARTESIAN_POINT ( 'NONE',  ( 0.05000000000000000300, -6.430407353524017400E-014, -0.1874999999999693900 ) ) ;
#6868 = LINE ( 'NONE', #2951, #6881 ) ;
#6869 = ORIENTED_EDGE ( 'NONE', *, *, #3580, .F. ) ;
#6870 = EDGE_CURVE ( 'NONE', #3981, #5322, #3290, .T. ) ;
#6871 = CARTESIAN_POINT ( 'NONE',  ( 0.1000000000000000500, -0.03282085308177400800, -0.1699889170858189000 ) ) ;
#6872 = CARTESIAN_POINT ( 'NONE',  ( -0.7339999999999606800, -0.06517801355389150900, -0.1484760073499043800 ) ) ;
#6873 = VECTOR ( 'NONE', #5221, 39.37007874015748100 ) ;
#6874 = DIRECTION ( 'NONE',  ( -1.000000000000000000, 0.0000000000000000000, -0.0000000000000000000 ) ) ;
#6875 = ORIENTED_EDGE ( 'NONE', *, *, #3866, .T. ) ;
#6876 = ORIENTED_EDGE ( 'NONE', *, *, #17, .F. ) ;
#6877 = CARTESIAN_POINT ( 'NONE',  ( 0.2927594496058797400, 0.01937523188186844300, -0.1680978349648470600 ) ) ;
#6878 = CARTESIAN_POINT ( 'NONE',  ( 0.0000000000000000000, -0.3075000000000109900, -0.2454999999999766500 ) ) ;
#6879 = VECTOR ( 'NONE', #5958, 39.37007874015748100 ) ;
#6880 = DIRECTION ( 'NONE',  ( 2.731847993696793700E-014, 1.000000000000000000, 0.0000000000000000000 ) ) ;
#6882 = EDGE_CURVE ( 'NONE', #842, #1945, #3298, .T. ) ;
#6881 = VECTOR ( 'NONE', #2478, 39.37007874015748100 ) ;
#6883 = EDGE_LOOP ( 'NONE', ( #5484, #5386, #5407, #5371, #5283, #5270 ) ) ;
#6884 = CARTESIAN_POINT ( 'NONE',  ( 0.7812499999999643600, 1.166369920380283300E-014, 0.1874999999998922000 ) ) ;
#6885 = CARTESIAN_POINT ( 'NONE',  ( 0.7968750000008981700, -0.2409381711214070300, -0.08268284613506772500 ) ) ;
#6886 = UNCERTAINTY_MEASURE_WITH_UNIT (LENGTH_MEASURE( 1.000000000000000100E-005 ), #6230, 'distance_accuracy_value', 'NONE');
#6887 = CARTESIAN_POINT ( 'NONE',  ( 0.2921864066668274900, 1.466325248329692700E-007, -0.1680989288776474100 ) ) ;
#6888 = CARTESIAN_POINT ( 'NONE',  ( 0.1000000000000000100, -0.009740983871817272800, -0.1736950956943503500 ) ) ;
#6889 = ADVANCED_FACE ( 'NONE', ( #3269 ), #3601, .T. ) ;
#6890 = FACE_OUTER_BOUND ( 'NONE', #2942, .T. ) ;
#6891 = DIRECTION ( 'NONE',  ( 1.000000000000000000, -3.327275781182000300E-014, -3.327275781181926500E-014 ) ) ;
#6892 = ORIENTED_EDGE ( 'NONE', *, *, #7063, .F. ) ;
#6893 = CARTESIAN_POINT ( 'NONE',  ( -0.7339999999999999900, 0.1029999999999999900, -0.2524999999999999500 ) ) ;
#6894 = EDGE_CURVE ( 'NONE', #4676, #1351, #3235, .T. ) ;
#6895 = CARTESIAN_POINT ( 'NONE',  ( 0.3853461368341024000, 6.788761325497037100E-017, 0.1874999999999750800 ) ) ;
#6896 = EDGE_CURVE ( 'NONE', #2173, #2995, #3207, .T. ) ;
#6897 = CIRCLE ( 'NONE', #3156, 0.1272500000000276700 ) ;
#6898 = DIRECTION ( 'NONE',  ( -1.332608777397077500E-015, 1.000000000000000000, 0.0000000000000000000 ) ) ;
#6899 = CIRCLE ( 'NONE', #4109, 0.07999999999995319200 ) ;
#6900 = ADVANCED_FACE ( 'NONE', ( #3151 ), #3423, .T. ) ;
#6901 = DIRECTION ( 'NONE',  ( 0.0000000000000000000, -1.000000000000000000, 0.0000000000000000000 ) ) ;
#6902 = FACE_OUTER_BOUND ( 'NONE', #3811, .T. ) ;
#6903 = CIRCLE ( 'NONE', #3948, 0.2500000000000079900 ) ;
#6904 = EDGE_CURVE ( 'NONE', #4058, #5289, #3134, .T. ) ;
#6905 = CARTESIAN_POINT ( 'NONE',  ( -0.7339999999999878800, -0.05849915831190988200, -0.1320213642512842500 ) ) ;
#6906 = ADVANCED_FACE ( 'NONE', ( #3122 ), #3093, .F. ) ;
#6907 = CARTESIAN_POINT ( 'NONE',  ( -0.7340000000000001000, 0.3025000000000749900, -0.1999999999999249600 ) ) ;
#6908 = DIRECTION ( 'NONE',  ( 1.000000000000000000, 1.443626708769453500E-015, 1.355655714602112600E-015 ) ) ;
#6909 = DIRECTION ( 'NONE',  ( 1.000000000000000000, 3.327275781182024300E-014, -3.327275781181986500E-014 ) ) ;
#6910 = VECTOR ( 'NONE', #3743, 39.37007874015748100 ) ;
#6911 = CARTESIAN_POINT ( 'NONE',  ( -0.8011904906812751200, 0.05734830747832078700, -0.2605000000000000100 ) ) ;
#6912 = VERTEX_POINT ( 'NONE', #3287 ) ;
#6913 = CARTESIAN_POINT ( 'NONE',  ( -1.060400000000000000, 0.2605000000000000100, -0.1080000000000000000 ) ) ;
#6914 = EDGE_CURVE ( 'NONE', #2387, #4777, #3114, .T. ) ;
#6915 = CARTESIAN_POINT ( 'NONE',  ( -0.6044231824687058600, 0.01776502751608868500, -0.02371603523314678000 ) ) ;
#6916 = CARTESIAN_POINT ( 'NONE',  ( 0.1991409334147999600, 0.1420862856103000100, 0.1184944855131000000 ) ) ;
#6917 = CARTESIAN_POINT ( 'NONE',  ( -0.4895400938232999900, 0.06083462713899000200, -0.07935091257904000600 ) ) ;
#6918 = LINE ( 'NONE', #3525, #7048 ) ;
#6919 = FACE_OUTER_BOUND ( 'NONE', #4339, .T. ) ;
#6920 = CARTESIAN_POINT ( 'NONE',  ( -0.6030052102994238900, 0.02443606253704468400, -0.02469962017143144000 ) ) ;
#6921 = EDGE_CURVE ( 'NONE', #5071, #4185, #3284, .T. ) ;
#6922 = ADVANCED_FACE ( 'NONE', ( #3129 ), #3270, .T. ) ;
#6923 = ORIENTED_EDGE ( 'NONE', *, *, #1759, .F. ) ;
#6924 = EDGE_CURVE ( 'NONE', #6720, #2447, #3077, .T. ) ;
#6925 = CARTESIAN_POINT ( 'NONE',  ( 0.3949238939618784400, -1.408596514203429000E-016, -4.077283130543913100E-014 ) ) ;
#6926 = CARTESIAN_POINT ( 'NONE',  ( 0.01562000000000000200, 0.2454999999999532600, -0.2454999999999532300 ) ) ;
#6927 = VECTOR ( 'NONE', #4565, 39.37007874015748100 ) ;
#6928 = LINE ( 'NONE', #3229, #7002 ) ;
#6929 = CARTESIAN_POINT ( 'NONE',  ( 0.1984338297757832800, 9.018309092631596200E-008, -0.1680981337563112700 ) ) ;
#6930 = ADVANCED_FACE ( 'NONE', ( #3033 ), #6740, .T. ) ;
#6931 = DIRECTION ( 'NONE',  ( 2.449490783530942700E-015, 1.000000000000000000, 1.178340830472019000E-031 ) ) ;
#6932 = EDGE_CURVE ( 'NONE', #1059, #590, #3010, .T. ) ;
#6933 = EDGE_CURVE ( 'NONE', #1298, #1059, #3030, .T. ) ;
#6934 = ORIENTED_EDGE ( 'NONE', *, *, #1575, .F. ) ;
#6935 = CARTESIAN_POINT ( 'NONE',  ( -0.8939999999999997900, 0.2605000000000000100, -0.01699999999998998800 ) ) ;
#6936 = B_SPLINE_CURVE_WITH_KNOTS ( 'NONE', 3,
 ( #1271, #1282, #1262, #1249 ),
 .UNSPECIFIED., .F., .F.,
 ( 4, 4 ),
 ( 2.434800425099962900E-017, 0.003694680973268076000 ),
 .UNSPECIFIED. ) ;
#6937 = VECTOR ( 'NONE', #5809, 39.37007874015748100 ) ;
#6938 = LINE ( 'NONE', #3388, #7128 ) ;
#6939 = CARTESIAN_POINT ( 'NONE',  ( 0.1900347044276458300, -0.1681015901450328400, 0.01995200197881430800 ) ) ;
#6940 = ORIENTED_EDGE ( 'NONE', *, *, #5148, .T. ) ;
#6941 = ADVANCED_FACE ( 'NONE', ( #3056 ), #2947, .F. ) ;
#6942 = VECTOR ( 'NONE', #3809, 39.37007874015748900 ) ;
#6943 = ORIENTED_EDGE ( 'NONE', *, *, #3, .T. ) ;
#6944 = PLANE ( 'NONE',  #367 ) ;
#6945 = CIRCLE ( 'NONE', #6122, 0.1874999999999694400 ) ;
#6946 = ORIENTED_EDGE ( 'NONE', *, *, #5713, .F. ) ;
#6947 = CARTESIAN_POINT ( 'NONE',  ( 0.1894313659139829400, -0.1644927198150858400, 0.04044510730700157100 ) ) ;
#6948 = EDGE_CURVE ( 'NONE', #6586, #1554, #2992, .T. ) ;
#6949 = LINE ( 'NONE', #5526, #6937 ) ;
#6950 = CARTESIAN_POINT ( 'NONE',  ( 0.7031250000000230900, -0.2165063509434593500, 0.1250000000046166100 ) ) ;
#6951 = ORIENTED_EDGE ( 'NONE', *, *, #6966, .T. ) ;
#6952 = ORIENTED_EDGE ( 'NONE', *, *, #3170, .T. ) ;
#6953 = CARTESIAN_POINT ( 'NONE',  ( 0.1973867428612000000, 0.1742718617572000000, 0.06211906152478999900 ) ) ;
#6954 = CARTESIAN_POINT ( 'NONE',  ( -1.044524830354000000, 0.2524999999999999500, -0.01699999999998999900 ) ) ;
#6955 = CARTESIAN_POINT ( 'NONE',  ( 0.3157498778097900200, -0.1682505209331233400, 4.653589746055667300E-008 ) ) ;
#6956 = EDGE_CURVE ( 'NONE', #1055, #5892, #4476, .T. ) ;
#6957 = CARTESIAN_POINT ( 'NONE',  ( -0.8915000000000000700, -0.1445000000000000200, -0.2444999999999999700 ) ) ;
#6958 = AXIS2_PLACEMENT_3D ( 'NONE', #5962, #5889, #4779 ) ;
#6959 = CIRCLE ( 'NONE', #2571, 0.07999999999999286800 ) ;
#6961 = CIRCLE ( 'NONE', #221, 0.03270000000005143100 ) ;
#6960 = DIRECTION ( 'NONE',  ( -1.000000000000000000, 0.0000000000000000000, -0.0000000000000000000 ) ) ;
#6962 = ADVANCED_FACE ( 'NONE', ( #2940 ), #2816, .T. ) ;
#6963 = ORIENTED_EDGE ( 'NONE', *, *, #5260, .T. ) ;
#6964 = DIRECTION ( 'NONE',  ( 1.000000000000000000, 0.0000000000000000000, 0.0000000000000000000 ) ) ;
#6965 = FACE_OUTER_BOUND ( 'NONE', #6601, .T. ) ;
#6966 = EDGE_CURVE ( 'NONE', #7038, #3981, #3001, .T. ) ;
#6967 = ORIENTED_EDGE ( 'NONE', *, *, #4843, .T. ) ;
#6968 = ORIENTED_EDGE ( 'NONE', *, *, #6339, .T. ) ;
#6969 = DIRECTION ( 'NONE',  ( -1.000000000000000000, -0.0000000000000000000, -0.0000000000000000000 ) ) ;
#6970 = ADVANCED_FACE ( 'NONE', ( #2900 ), #2842, .F. ) ;
#6971 = CARTESIAN_POINT ( 'NONE',  ( 0.01467999999999999900, 3.930074648464835200E-014, -0.1265000000000640300 ) ) ;
#6972 = FACE_OUTER_BOUND ( 'NONE', #1986, .T. ) ;
#6973 = VECTOR ( 'NONE', #3335, 39.37007874015748100 ) ;
#6974 = ORIENTED_EDGE ( 'NONE', *, *, #4449, .T. ) ;
#6975 = CARTESIAN_POINT ( 'NONE',  ( -0.7275988386385999800, -0.1255821643387000100, 0.2505986432524999800 ) ) ;
#6976 = CARTESIAN_POINT ( 'NONE',  ( -0.5206825004946338300, 0.05627955300575615500, -0.1132910495736134400 ) ) ;
#6977 = EDGE_CURVE ( 'NONE', #2432, #1055, #2849, .T. ) ;
#6978 = B_SPLINE_CURVE_WITH_KNOTS ( 'NONE', 3,
 ( #6574, #6416, #6611, #6613, #6627, #6681, #6745, #6764, #6806, #6836, #6854, #6863, #6915, #6920 ),
 .UNSPECIFIED., .F., .F.,
 ( 4, 2, 2, 2, 2, 2, 4 ),
 ( 0.0000000000000000000, 0.0002588071065322775800, 0.0005176142130645551600, 0.001035228426129110300, 0.001294035532661387900, 0.001552842639193665500, 0.002070456852258220600 ),
 .UNSPECIFIED. ) ;
#6979 = EDGE_CURVE ( 'NONE', #1042, #2578, #6028, .T. ) ;
#6980 = CIRCLE ( 'NONE', #2149, 0.1272500000000276700 ) ;
#6981 = DIRECTION ( 'NONE',  ( 1.000000000000000000, 0.0000000000000000000, 0.0000000000000000000 ) ) ;
#6982 = ORIENTED_EDGE ( 'NONE', *, *, #2312, .T. ) ;
#6983 = CARTESIAN_POINT ( 'NONE',  ( 0.1906312619072587900, -0.1680991738579760100, -0.0003117907892497772900 ) ) ;
#6984 = LINE ( 'NONE', #5230, #6448 ) ;
#6985 = ADVANCED_FACE ( 'NONE', ( #2870 ), #2798, .T. ) ;
#6986 = CARTESIAN_POINT ( 'NONE',  ( -0.7339999999999375900, -0.06299515445791883900, -0.1424810941026452300 ) ) ;
#6987 = CYLINDRICAL_SURFACE ( 'NONE', #83, 0.004999999999940460900 ) ;
#6988 = CARTESIAN_POINT ( 'NONE',  ( -0.5186134773228837600, 0.05636901236581784400, -0.1132466088685757500 ) ) ;
#6989 = LINE ( 'NONE', #3075, #6766 ) ;
#6990 = CARTESIAN_POINT ( 'NONE',  ( 0.1906366944638487300, -0.1680986009087011000, -0.0004963173882117692900 ) ) ;
#6991 = EDGE_CURVE ( 'NONE', #5347, #860, #2825, .T. ) ;
#6992 = VECTOR ( 'NONE', #4802, 39.37007874015748100 ) ;
#6993 = ORIENTED_EDGE ( 'NONE', *, *, #2959, .T. ) ;
#6994 = CARTESIAN_POINT ( 'NONE',  ( 0.01467999999999999900, 3.930074648464835200E-014, -0.1265000000000640300 ) ) ;
#6995 = ADVANCED_FACE ( 'NONE', ( #2890 ), #2729, .T. ) ;
#6996 = LINE ( 'NONE', #4647, #6992 ) ;
#6997 = EDGE_CURVE ( 'NONE', #1641, #590, #4505, .T. ) ;
#6998 = CARTESIAN_POINT ( 'NONE',  ( -0.8939999999999997900, -0.02199999999999999900, -0.2605000000000000100 ) ) ;
#6999 = CARTESIAN_POINT ( 'NONE',  ( -0.8014409913475677400, 0.2605000000000000100, 0.1013157342504089500 ) ) ;
#7000 = CARTESIAN_POINT ( 'NONE',  ( 0.1956325523075999900, 0.1850022649504000100, -0.001904078083613000000 ) ) ;
#7001 = AXIS2_PLACEMENT_3D ( 'NONE', #1860, #1869, #1879 ) ;
#7002 = VECTOR ( 'NONE', #3455, 39.37007874015748100 ) ;
#7003 = CARTESIAN_POINT ( 'NONE',  ( -0.5165447869275070500, 0.05646496566220592800, -0.1131988123337574500 ) ) ;
#7004 = CARTESIAN_POINT ( 'NONE',  ( 0.3159018322300875000, -0.1678359380240446700, -0.009352362540219949900 ) ) ;
#7005 = DIRECTION ( 'NONE',  ( 1.000000000000000000, -3.327275781181958700E-014, 3.327275781181995900E-014 ) ) ;
#7006 = LINE ( 'NONE', #1207, #6123 ) ;
#7007 = ORIENTED_EDGE ( 'NONE', *, *, #6503, .T. ) ;
#7008 = DIRECTION ( 'NONE',  ( 2.460002620993068900E-016, 1.000000000000000000, 0.0000000000000000000 ) ) ;
#7009 = EDGE_CURVE ( 'NONE', #6546, #6307, #2781, .T. ) ;
#7010 = DIRECTION ( 'NONE',  ( 0.0000000000000000000, 0.0000000000000000000, -1.000000000000000000 ) ) ;
#7011 = CIRCLE ( 'NONE', #4856, 0.08500000000161785100 ) ;
#7012 = CARTESIAN_POINT ( 'NONE',  ( -0.7340000000000001000, -0.2439999999999249200, -0.3025000000000749900 ) ) ;
#7013 = LINE ( 'NONE', #2320, #6795 ) ;
#7014 = CARTESIAN_POINT ( 'NONE',  ( -0.5144766042946667900, 0.05656874017987113800, -0.1131469294080978400 ) ) ;
#7015 = DIRECTION ( 'NONE',  ( -0.9723696848279153000, -0.0006960795149368694600, 0.2334453073012381600 ) ) ;
#7016 = EDGE_CURVE ( 'NONE', #5649, #4445, #2765, .T. ) ;
#7017 = LINE ( 'NONE', #5023, #4246 ) ;
#7018 = ORIENTED_EDGE ( 'NONE', *, *, #6979, .T. ) ;
#7019 = DIRECTION ( 'NONE',  ( -0.2334453638564998000, -1.045634390704763800E-013, -0.9723699203975340000 ) ) ;
#7020 = CARTESIAN_POINT ( 'NONE',  ( -0.5124085831405148500, 0.05667250659507347400, -0.1130950505333313300 ) ) ;
#7021 = CARTESIAN_POINT ( 'NONE',  ( -0.3905000000000000700, -0.2439999999999999700, -0.3075000000000000000 ) ) ;
#7022 = LINE ( 'NONE', #3214, #7037 ) ;
#7023 = DIRECTION ( 'NONE',  ( 0.0000000000000000000, 0.0000000000000000000, -1.000000000000000000 ) ) ;
#7024 = B_SPLINE_CURVE_WITH_KNOTS ( 'NONE', 3,
 ( #6607, #6588, #6655, #6676 ),
 .UNSPECIFIED., .F., .F.,
 ( 4, 4 ),
 ( 0.0000000000000000000, 1.000000000000000000 ),
 .UNSPECIFIED. ) ;
#7025 = LINE ( 'NONE', #5723, #6582 ) ;
#7026 = ORIENTED_EDGE ( 'NONE', *, *, #1759, .T. ) ;
#7027 = DIRECTION ( 'NONE',  ( 2.731847993696793700E-014, 0.0000000000000000000, -1.000000000000000000 ) ) ;
#7028 = EDGE_CURVE ( 'NONE', #4328, #6418, #4464, .T. ) ;
#7029 = ORIENTED_EDGE ( 'NONE', *, *, #3309, .T. ) ;
#7030 = EDGE_CURVE ( 'NONE', #1134, #85, #2665, .T. ) ;
#7031 = ADVANCED_FACE ( 'NONE', ( #2648 ), #612, .T. ) ;
#7032 = AXIS2_PLACEMENT_3D ( 'NONE', #3266, #3252, #3245 ) ;
#7033 = CARTESIAN_POINT ( 'NONE',  ( -0.5142132584986000000, 0.05758586934651999800, -0.1023658760367000000 ) ) ;
#7034 = CARTESIAN_POINT ( 'NONE',  ( -0.5103410302499374900, 0.05678409595196640800, -0.1130390851677281900 ) ) ;
#7035 = FACE_OUTER_BOUND ( 'NONE', #6200, .T. ) ;
#7036 = DIRECTION ( 'NONE',  ( -0.9781476007336862300, 0.2079116908183208700, 0.0000000000000000000 ) ) ;
#7037 = VECTOR ( 'NONE', #3147, 39.37007874015748900 ) ;
#7038 = VERTEX_POINT ( 'NONE', #514 ) ;
#7039 = EDGE_CURVE ( 'NONE', #2438, #3516, #4522, .T. ) ;
#7040 = LINE ( 'NONE', #1389, #6102 ) ;
#7041 = CARTESIAN_POINT ( 'NONE',  ( -0.3905000000000000700, 0.1960000000000000600, 0.3075000000000000000 ) ) ;
#7042 = ORIENTED_EDGE ( 'NONE', *, *, #1813, .T. ) ;
#7043 = VERTEX_POINT ( 'NONE', #801 ) ;
#7044 = DIRECTION ( 'NONE',  ( 1.000000000000000000, -0.0000000000000000000, -0.0000000000000000000 ) ) ;
#7045 = CARTESIAN_POINT ( 'NONE',  ( 0.1938783617540000000, 0.1729564074987000000, -0.06569283519200999600 ) ) ;
#7046 = LINE ( 'NONE', #3719, #6910 ) ;
#7047 = CARTESIAN_POINT ( 'NONE',  ( 0.2111797112505000000, -0.09040280924947999300, -0.1693712600511000100 ) ) ;
#7048 = VECTOR ( 'NONE', #3532, 39.37007874015748100 ) ;
#7049 = ORIENTED_EDGE ( 'NONE', *, *, #3909, .F. ) ;
#7050 = CARTESIAN_POINT ( 'NONE',  ( -0.5234352051906000500, 0.05591006801234999600, -0.1159825054288000000 ) ) ;
#7051 = EDGE_CURVE ( 'NONE', #3344, #85, #2625, .T. ) ;
#7052 = DIRECTION ( 'NONE',  ( -0.0000000000000000000, -1.000000000000000000, -0.0000000000000000000 ) ) ;
#7053 = LINE ( 'NONE', #1969, #5939 ) ;
#7054 = ADVANCED_FACE ( 'NONE', ( #2659 ), #744, .T. ) ;
#7055 = CARTESIAN_POINT ( 'NONE',  ( -0.7332644164052000100, -0.05995859807034000000, -0.1321979622479000100 ) ) ;
#7056 = VERTEX_POINT ( 'NONE', #967 ) ;
#7057 = ORIENTED_EDGE ( 'NONE', *, *, #2633, .T. ) ;
#7058 = CARTESIAN_POINT ( 'NONE',  ( 0.1906513384550200500, -0.1680963284722300500, -0.0009937145203673613200 ) ) ;
#7059 = CARTESIAN_POINT ( 'NONE',  ( -0.5082741868208136000, 0.05690500782507831900, -0.1129781841084673000 ) ) ;
#7060 = DIRECTION ( 'NONE',  ( 1.000000000000000000, 0.0000000000000000000, -0.0000000000000000000 ) ) ;
#7061 = EDGE_CURVE ( 'NONE', #3373, #4766, #6020, .T. ) ;
#7063 = EDGE_CURVE ( 'NONE', #1788, #381, #3485, .T. ) ;
#7062 = LINE ( 'NONE', #3970, #7075 ) ;
#7064 = CARTESIAN_POINT ( 'NONE',  ( -0.6020021425924999600, 0.02590542984165000000, 0.06893726084140000500 ) ) ;
#7065 = CARTESIAN_POINT ( 'NONE',  ( -0.3563752697340000200, 0.07578042810512999900, -0.1068951108918000000 ) ) ;
#7066 = ADVANCED_FACE ( 'NONE', ( #2722, #2639 ), #1370, .F. ) ;
#7067 = LINE ( 'NONE', #4420, #7074 ) ;
#7068 = ORIENTED_EDGE ( 'NONE', *, *, #2622, .T. ) ;
#7069 = DIRECTION ( 'NONE',  ( 4.360660245055357000E-016, 0.0000000000000000000, 1.000000000000000000 ) ) ;
#7070 = CARTESIAN_POINT ( 'NONE',  ( -0.5052776654665202000, 0.05708030654614351000, -0.1128898894065064100 ) ) ;
#7071 = DIRECTION ( 'NONE',  ( 0.0000000000000000000, 1.000000000000000000, 0.0000000000000000000 ) ) ;
#7072 = EDGE_CURVE ( 'NONE', #1111, #4011, #3443, .T. ) ;
#7073 = DIRECTION ( 'NONE',  ( 0.3907311284891195600, 0.9205048534525057700, -3.430780042039951100E-013 ) ) ;
#7074 = VECTOR ( 'NONE', #4584, 39.37007874015748100 ) ;
#7075 = VECTOR ( 'NONE', #3952, 39.37007874015748100 ) ;
#7076 = DIRECTION ( 'NONE',  ( -1.000000000000000000, 4.094932536742629700E-016, 4.360660245055356500E-016 ) ) ;
#7077 = DIRECTION ( 'NONE',  ( 0.0000000000000000000, 0.0000000000000000000, 1.000000000000000000 ) ) ;
#7078 = CARTESIAN_POINT ( 'NONE',  ( 0.1906733380689793800, -0.1680912528287716000, -0.001740927632198551300 ) ) ;
#7079 = CARTESIAN_POINT ( 'NONE',  ( -6.829619984160658000E-017, -5.640645680014677600E-014, 1.872367665934690800E-016 ) ) ;
#7080 = CARTESIAN_POINT ( 'NONE',  ( 0.3853461368341024000, 7.896685069038138800E-017, -1.420881095142174500E-014 ) ) ;
#7081 = EDGE_CURVE ( 'NONE', #2702, #2545, #2561, .T. ) ;
#7082 = ORIENTED_EDGE ( 'NONE', *, *, #4633, .T. ) ;
#7083 = AXIS2_PLACEMENT_3D ( 'NONE', #5883, #5841, #5929 ) ;
#7084 = LINE ( 'NONE', #4106, #6565 ) ;
#7085 = CARTESIAN_POINT ( 'NONE',  ( -0.6032384253657999700, 0.01888018234747999800, 0.06790654851508999600 ) ) ;
#7086 = DIRECTION ( 'NONE',  ( 0.7071067811865514600, -0.7071067811865433500, 0.0000000000000000000 ) ) ;
#7087 = CIRCLE ( 'NONE', #6594, 0.03270000000001866600 ) ;
#7088 = EDGE_CURVE ( 'NONE', #5640, #849, #2587, .T. ) ;
#7089 = VECTOR ( 'NONE', #4044, 39.37007874015748100 ) ;
#7090 = CARTESIAN_POINT ( 'NONE',  ( 0.3265899843067000000, -1.065782852480903200E-013, -0.1574100156934874200 ) ) ;
#7091 = DIRECTION ( 'NONE',  ( 0.0000000000000000000, -0.7071067811865475700, 0.7071067811865475700 ) ) ;
#7092 = EDGE_LOOP ( 'NONE', ( #1067, #5434, #921, #3727, #2158 ) ) ;
#7093 = CARTESIAN_POINT ( 'NONE',  ( -0.7339999999999999900, 0.2605000000000000600, -0.1949999999999999800 ) ) ;
#7094 = DIRECTION ( 'NONE',  ( 0.0000000000000000000, 0.0000000000000000000, -1.000000000000000000 ) ) ;
#7095 = ADVANCED_FACE ( 'NONE', ( #2513 ), #2476, .F. ) ;
#7096 = PLANE ( 'NONE',  #1679 ) ;
#7097 = CARTESIAN_POINT ( 'NONE',  ( -0.4992896571633581000, 0.05749477982875826600, -0.1126792251917238800 ) ) ;
#7098 = EDGE_CURVE ( 'NONE', #4263, #4599, #2550, .T. ) ;
#7099 = CIRCLE ( 'NONE', #948, 0.03899999999998383900 ) ;
#7100 = VECTOR ( 'NONE', #3715, 39.37007874015748100 ) ;
#7101 = CARTESIAN_POINT ( 'NONE',  ( 0.1907249058919691400, -0.1680676424660452500, -0.003492194635532431000 ) ) ;
#7102 = CARTESIAN_POINT ( 'NONE',  ( 0.1921241712003000100, 0.1396172646723999900, -0.1213939489048000000 ) ) ;
#7103 = CARTESIAN_POINT ( 'NONE',  ( -0.6089864268325999600, 0.005409089432889999600, 0.06587003288463999500 ) ) ;
#7104 = DIRECTION ( 'NONE',  ( 0.0000000000000000000, 0.0000000000000000000, -1.000000000000000000 ) ) ;
#7105 = ORIENTED_EDGE ( 'NONE', *, *, #4643, .T. ) ;
#7106 = ADVANCED_FACE ( 'NONE', ( #2610 ), #1926, .T. ) ;
#7107 = CIRCLE ( 'NONE', #5645, 0.07999999999999286800 ) ;
#7108 = DIRECTION ( 'NONE',  ( 1.000000000000000000, 0.0000000000000000000, 0.0000000000000000000 ) ) ;
#7109 = ORIENTED_EDGE ( 'NONE', *, *, #4994, .F. ) ;
#7110 = EDGE_CURVE ( 'NONE', #4996, #2022, #2466, .T. ) ;
#7111 = EDGE_CURVE ( 'NONE', #4777, #4884, #2428, .T. ) ;
#7112 = AXIS2_PLACEMENT_3D ( 'NONE', #4235, #4228, #4221 ) ;
#7113 = ORIENTED_EDGE ( 'NONE', *, *, #5111, .F. ) ;
#7114 = LINE ( 'NONE', #3268, #6973 ) ;
#7115 = ORIENTED_EDGE ( 'NONE', *, *, #2489, .F. ) ;
#7116 = CARTESIAN_POINT ( 'NONE',  ( -0.5022824649799952900, 0.05727519785325924100, -0.1127912340677875900 ) ) ;
#7117 = DIRECTION ( 'NONE',  ( -0.7071067811859973500, 8.659560562361670200E-017, -0.7071067811870976900 ) ) ;
#7118 = CARTESIAN_POINT ( 'NONE',  ( -0.6108303911721044700, 0.02609935574894322500, -0.02469962240224524800 ) ) ;
#7119 = VERTEX_POINT ( 'NONE', #2197 ) ;
#7120 = ORIENTED_EDGE ( 'NONE', *, *, #129, .T. ) ;
#7121 = AXIS2_PLACEMENT_3D ( 'NONE', #446, #434, #432 ) ;
#7122 = ADVANCED_FACE ( 'NONE', ( #2384 ), #2076, .F. ) ;
#7123 = DIRECTION ( 'NONE',  ( -1.000000000000000000, 4.268512490100835400E-016, 0.0000000000000000000 ) ) ;
#7124 = DIRECTION ( 'NONE',  ( 1.000000000000000000, 0.0000000000000000000, 0.0000000000000000000 ) ) ;
#7125 = CARTESIAN_POINT ( 'NONE',  ( -0.6256654367802999600, -0.008904296758827999500, 0.06285262297221000400 ) ) ;
#7126 = CARTESIAN_POINT ( 'NONE',  ( 0.04900000000000000200, -6.430407353524017400E-014, 6.189280072995864100E-017 ) ) ;
#7127 = LINE ( 'NONE', #3084, #1936 ) ;
#7128 = VECTOR ( 'NONE', #3366, 39.37007874015748100 ) ;
#7129 = ORIENTED_EDGE ( 'NONE', *, *, #5384, .F. ) ;
#7130 = DIRECTION ( 'NONE',  ( -0.0000000000000000000, -0.0000000000000000000, 1.000000000000000000 ) ) ;
#7131 = AXIS2_PLACEMENT_3D ( 'NONE', #4257, #4277, #4232 ) ;
#7132 = DIRECTION ( 'NONE',  ( 0.0000000000000000000, -0.7071067811836759800, -0.7071067811894191600 ) ) ;
#7133 = ADVANCED_FACE ( 'NONE', ( #2491 ), #2337, .T. ) ;
#7134 = ORIENTED_EDGE ( 'NONE', *, *, #3939, .F. ) ;
#7135 = ORIENTED_EDGE ( 'NONE', *, *, #7110, .T. ) ;
#7136 = PLANE ( 'NONE',  #4916 ) ;
#7137 = CARTESIAN_POINT ( 'NONE',  ( -0.6469569634276000100, -0.01435712081023000000, 0.05983521305978999800 ) ) ;
#7138 = LINE ( 'NONE', #4090, #7089 ) ;
#7139 = CARTESIAN_POINT ( 'NONE',  ( 0.1980147160865012000, -0.01406981303824536200, -0.1680962567026156600 ) ) ;
#7140 = VECTOR ( 'NONE', #3972, 39.37007874015748900 ) ;
#7141 = ADVANCED_FACE ( 'NONE', ( #2377 ), #2443, .F. ) ;
#7142 = ORIENTED_EDGE ( 'NONE', *, *, #3307, .T. ) ;
#7143 = CARTESIAN_POINT ( 'NONE',  ( -0.8011904906812996600, 0.05734830747831760900, -0.2524999999999999500 ) ) ;
#7144 = CIRCLE ( 'NONE', #6143, 0.2499999999999559500 ) ;
#7145 = CARTESIAN_POINT ( 'NONE',  ( -0.8940000000000001300, -0.2368807716974884700, 0.1166726188957884900 ) ) ;
#7146 = CARTESIAN_POINT ( 'NONE',  ( 0.1903699806466999900, 0.08908930935674999600, -0.1621498390768000000 ) ) ;
#7147 = CARTESIAN_POINT ( 'NONE',  ( -0.6612887549247999900, -0.01133890649462000000, 0.05779869742933999000 ) ) ;
#7148 = ORIENTED_EDGE ( 'NONE', *, *, #6843, .F. ) ;
#7149 = CARTESIAN_POINT ( 'NONE',  ( -0.3669558286001999800, 0.07405694319743000300, -0.09547211813559999800 ) ) ;
#7150 = AXIS2_PLACEMENT_3D ( 'NONE', #3855, #3926, #3935 ) ;
#7151 = CIRCLE ( 'NONE', #6236, 0.1264999999999961200 ) ;
#7152 = CIRCLE ( 'NONE', #5726, 0.1264999999999961200 ) ;
#7153 = LINE ( 'NONE', #4159, #6711 ) ;
#7154 = CARTESIAN_POINT ( 'NONE',  ( 0.2705068149611626900, 0.1581015299334782600, 0.05823134007703700100 ) ) ;
#7155 = LINE ( 'NONE', #3640, #2073 ) ;
#7156 = ORIENTED_EDGE ( 'NONE', *, *, #3750, .F. ) ;
#7157 = CARTESIAN_POINT ( 'NONE',  ( -0.8939999999999997900, 0.01700000000000000100, -0.2444999999999999400 ) ) ;
#7158 = CARTESIAN_POINT ( 'NONE',  ( -0.6677526034387000200, -0.008322093633495000400, 0.05676798510303000100 ) ) ;
#7159 = CARTESIAN_POINT ( 'NONE',  ( -0.3800617336486006900, 0.07200721000475579500, -0.08167840645256337100 ) ) ;
#7160 = AXIS2_PLACEMENT_3D ( 'NONE', #3986, #3947, #3696 ) ;
#7161 = FACE_OUTER_BOUND ( 'NONE', #1915, .T. ) ;
#7162 = ADVANCED_FACE ( 'NONE', ( #2473 ), #2331, .T. ) ;
#7163 = VECTOR ( 'NONE', #4285, 39.37007874015748100 ) ;
#7164 = DIRECTION ( 'NONE',  ( -1.000000000000000000, 0.0000000000000000000, 0.0000000000000000000 ) ) ;
#7165 = CARTESIAN_POINT ( 'NONE',  ( -1.047535326960999900, -0.2038555922722999900, 0.1487012633397999900 ) ) ;
#7166 = CARTESIAN_POINT ( 'NONE',  ( -0.6077167779737000500, 0.02691487398017000000, 0.06890630853680999900 ) ) ;
#7167 = FACE_OUTER_BOUND ( 'NONE', #3620, .T. ) ;
#7168 = CARTESIAN_POINT ( 'NONE',  ( -0.7340000000000001000, -0.3025000000000749900, -0.1959999999999249000 ) ) ;
#7169 = EDGE_CURVE ( 'NONE', #5190, #2387, #4408, .T. ) ;
#7170 = ORIENTED_EDGE ( 'NONE', *, *, #3368, .F. ) ;
#7171 = ADVANCED_FACE ( 'NONE', ( #2363 ), #2685, .T. ) ;
#7172 = CARTESIAN_POINT ( 'NONE',  ( -0.3296429279818061700, 0.02744024250786275200, -0.1265000000000640300 ) ) ;
#7173 = CIRCLE ( 'NONE', #5754, 0.1272500000000276700 ) ;
#7174 = CARTESIAN_POINT ( 'NONE',  ( 0.1886157900931000100, 0.02759320365422999700, -0.1829428719271999900 ) ) ;
#7175 = LINE ( 'NONE', #3761, #7100 ) ;
#7176 = EDGE_CURVE ( 'NONE', #1105, #1066, #2273, .T. ) ;
#7177 = ADVANCED_FACE ( 'NONE', ( #2262 ), #2800, .T. ) ;
#7178 = DIRECTION ( 'NONE',  ( 0.0000000000000000000, 0.0000000000000000000, 1.000000000000000000 ) ) ;
#7179 = CARTESIAN_POINT ( 'NONE',  ( -0.6088018616868999800, 0.02074552655783000100, 0.06801751151552000400 ) ) ;
#7180 = CARTESIAN_POINT ( 'NONE',  ( 0.1908289830996192600, -0.1679725643104041900, -0.007025377880533472700 ) ) ;
#7181 = CIRCLE ( 'NONE', #5861, 0.1416837567297257200 ) ;
#7182 = ORIENTED_EDGE ( 'NONE', *, *, #6444, .F. ) ;
#7183 = CARTESIAN_POINT ( 'NONE',  ( 0.3025051466216365800, -0.01717116031783913100, -0.1814908581793938400 ) ) ;
#7184 = EDGE_CURVE ( 'NONE', #3452, #849, #4456, .T. ) ;
#7185 = VECTOR ( 'NONE', #3983, 39.37007874015748100 ) ;
#7186 = DIRECTION ( 'NONE',  ( -0.9205048534525056600, 0.3907311284891197300, 0.0000000000000000000 ) ) ;
#7187 = EDGE_CURVE ( 'NONE', #5848, #4270, #2255, .T. ) ;
#7188 = LINE ( 'NONE', #3824, #6942 ) ;
#7189 = ORIENTED_EDGE ( 'NONE', *, *, #3892, .T. ) ;
#7190 = CARTESIAN_POINT ( 'NONE',  ( -0.3669127094223987900, 0.07366796666558936300, -0.09016627204594084000 ) ) ;
#7191 = ORIENTED_EDGE ( 'NONE', *, *, #4540, .T. ) ;
#7192 = CIRCLE ( 'NONE', #1070, 0.3057568851450932500 ) ;
ENDSEC;
END-ISO-10303-21;
